convention,photo_id,tiepoint_position_x,tiepoint_position_y,tiepoint_position_z,measurement_x,measurement_y,projected_x,projected_y,depth,error_px
R_xml,742,542464.7014751395,3363865.3167513665,23.75293079038238,4744.0,2886.0,4745.094005084955,2886.481152610616,409.922805360848,1.1951380508584528
R_xml,214,542464.7014751395,3363865.3167513665,23.75293079038238,4362.0,1799.0,4362.577057222516,1798.6938382447777,535.1548103149161,0.6532457871415661
R_xml,773,542464.7014751395,3363865.3167513665,23.75293079038238,463.0,1743.0,464.3827012600823,1741.4385436731254,545.7123032473812,2.085667431631847
R_xml,139,542464.7014751395,3363865.3167513665,23.75293079038238,422.0,2396.0,424.1581229240778,2394.9214243694637,597.1129722585803,2.412637549698871
R_xml,755,542464.7014751395,3363865.3167513665,23.75293079038238,4311.0,1673.0,4313.018840605094,1672.560877168432,488.2762091564661,2.0660460425605147
R_xml,142,542464.7014751395,3363865.3167513665,23.75293079038238,594.0,2656.0,595.691306982068,2654.809600794459,653.1032313212243,2.068228608288818
R_xml,367,542464.7014751395,3363865.3167513665,23.75293079038238,3036.0,2413.0,3036.7199041632307,2413.4932746173336,601.7523106741692,0.8726865716524179
R_xml,756,542464.7014751395,3363865.3167513665,23.75293079038238,4120.0,2069.0,4120.63051760401,2069.452711911986,544.553352009983,0.7762090724928173
R_xml,757,542464.7014751395,3363865.3167513665,23.75293079038238,3956.0,2394.0,3956.1914786926736,2394.574128235427,601.1092319086657,0.6052167549419949
R_xml,323,542464.7014751395,3363865.3167513665,23.75293079038238,2926.0,1059.0,2925.918081313331,1057.5739602079836,669.5306112144508,1.4283907587350144
R_xml,251,542464.7014751395,3363865.3167513665,23.75293079038238,1630.0,2283.0,1630.8993667738928,2282.403003301616,573.8579012836209,1.0794747110810916
R_xml,716,542464.7014751395,3363865.3167513665,23.75293079038238,1302.0,420.0,1302.2127272385237,418.13205307107023,365.91048212773876,1.8800209060827167
R_xml,211,542464.7014751395,3363865.3167513665,23.75293079038238,4228.0,1480.0,4228.573842319719,1480.2393184129128,587.8361504962129,0.6217461786449369
R_xml,825,542464.7014751395,3363865.3167513665,23.75293079038238,4941.0,2661.0,4943.183922391115,2660.640744130091,667.1880291951696,2.2132739980572134
R_xml,774,542464.7014751395,3363865.3167513665,23.75293079038238,232.0,2125.0,234.92276532065807,2125.1522852842977,490.9657622987837,2.9267299033998877
R_xml,495,542464.7014751395,3363865.3167513665,23.75293079038238,3722.0,3342.0,3722.5495805782502,3342.479174610312,857.588440809465,0.7291413574592109
R_xml,455,542464.7014751395,3363865.3167513665,23.75293079038238,963.0,354.0,963.8027449235205,353.44849980010076,365.3736465579759,0.9739362826832728
R_xml,744,542464.7014751395,3363865.3167513665,23.75293079038238,4990.0,3521.0,4991.415760766057,3520.855430272255,355.22196104774014,1.4231229577542677
R_xml,640,543330.6037496674,3363648.4214797914,22.730366111517924,2922.0,933.0,2922.9167804241474,932.8402891276812,706.4753575910851,0.9305879371863508
R_xml,636,543330.6037496674,3363648.4214797914,22.730366111517924,2895.0,284.0,2895.2773273948924,282.98532245595334,921.4065522763875,1.0518940071843559
R_xml,628,543330.6037496674,3363648.4214797914,22.730366111517924,1811.0,3157.0,1812.660983205893,3155.814989962404,790.3235884682941,2.040371044555784
R_xml,632,543330.6037496674,3363648.4214797914,22.730366111517924,1913.0,3509.0,1914.8702241022713,3508.1561187639018,932.138066464504,2.0517976833389953
R_xml,634,543330.6037496674,3363648.4214797914,22.730366111517924,1966.0,3709.0,1967.1188671218733,3707.3298090935464,1044.3709335336252,2.0103236805075717
R_xml,622,543330.6037496674,3363648.4214797914,22.730366111517924,1635.0,2603.0,1635.6942663540374,2602.145313313303,640.9615984185135,1.1011335535552225
R_xml,516,543330.6037496674,3363648.4214797914,22.730366111517924,1028.0,3421.0,1030.040845567282,3419.2299779367304,896.3137483242602,2.7014863934427096
R_xml,630,543330.6037496674,3363648.4214797914,22.730366111517924,1852.0,3296.0,1853.7692407265201,3294.7632079091,841.2000123786761,2.158672607064451
R_xml,518,543330.6037496674,3363648.4214797914,22.730366111517924,1159.0,3645.0,1161.2102749184774,3643.4608808891126,1005.5348997524778,2.693362740655075
R_xml,639,543330.6037496674,3363648.4214797914,22.730366111517924,2881.0,742.0,2881.012922939526,740.7251666104785,761.1948326835594,1.2748988875220335
R_xml,524,543330.6037496674,3363648.4214797914,22.730366111517924,3592.0,222.0,3592.9870521376306,218.98193075046083,972.9551402642219,3.175376185181064
R_xml,624,543330.6037496674,3363648.4214797914,22.730366111517924,1705.0,2825.0,1705.6629306931827,2824.6181989292813,690.9143630551708,0.7650157917099724
R_xml,626,543330.6037496674,3363648.4214797914,22.730366111517924,1772.0,3011.0,1773.684942236433,3010.339842427637,743.1603112361913,1.8096514472306848
R_xml,635,543330.6037496674,3363648.4214797914,22.730366111517924,1995.0,3792.0,1996.3735318895588,3790.15821841885,1101.1707782364624,2.297552881719581
R_xml,526,543330.6037496674,3363648.4214797914,22.730366111517924,3761.0,462.0,3762.4612279136854,460.25514088011323,861.3418719562468,2.2758999020136
R_xml,637,543330.6037496674,3363648.4214797914,22.730366111517924,2872.0,420.0,2872.271414000942,418.94100458095204,869.3808469056733,1.0932231508122854
R_xml,638,543330.6037496674,3363648.4214797914,22.730366111517924,2884.0,573.0,2884.3777459695402,572.2560174030807,815.4953123201357,0.8343872734064596
R_xml,633,543330.6037496674,3363648.4214797914,22.730366111517924,1956.0,3619.0,1957.8781863576464,3617.7658815209797,988.5512463189938,2.2473612113562025
R_xml,523,543330.6037496674,3363648.4214797914,22.730366111517924,3530.0,117.0,3531.7074850311,114.11029390423869,1027.2541306686992,3.356472322440767
R_xml,156,542735.127118837,3362616.8518754607,22.733291608871355,2997.0,2413.0,2996.938270150137,2412.969942686993,460.49364711178873,0.06865869521982183
R_xml,355,542735.127118837,3362616.8518754607,22.733291608871355,4281.0,175.0,4283.812448409784,173.3661985842989,1023.9132738957732,3.252564084479408
R_xml,132,542735.127118837,3362616.8518754607,22.733291608871355,2952.0,409.0,2951.551297889202,408.6100387217441,883.7501461170707,0.5944774030806584
R_xml,241,542735.127118837,3362616.8518754607,22.733291608871355,3644.0,178.0,3645.6264986373535,176.98093373679308,1001.3841398384151,1.9193733003559617
R_xml,227,542735.127118837,3362616.8518754607,22.733291608871355,2046.0,3844.0,2046.8010840577663,3841.373425419709,1146.36525204273,2.746020701567812
R_xml,336,542735.127118837,3362616.8518754607,22.733291608871355,1192.0,3514.0,1194.554057516144,3512.152738607457,964.8312899253416,3.1520762123005155
R_xml,128,542735.127118837,3362616.8518754607,22.733291608871355,2946.0,201.0,2947.3476663749034,199.73125704208064,979.3952139369773,1.850922297481768
R_xml,126,542735.127118837,3362616.8518754607,22.733291608871355,2940.0,126.0,2941.3441723925625,124.75338365410744,1021.9111602826501,1.8332625929674748
R_xml,243,542735.127118837,3362616.8518754607,22.733291608871355,3687.0,267.0,3687.1585915543474,265.49903949592,953.1939059719712,1.5093156448928895
R_xml,226,542735.127118837,3362616.8518754607,22.733291608871355,2035.0,3792.0,2036.089286089309,3789.5482097890986,1110.141039000824,2.682875215628639
R_xml,124,542735.127118837,3362616.8518754607,22.733291608871355,2919.0,50.0,2920.117816240693,48.219207932714426,1070.1448836928048,2.102554050402664
R_xml,456,542735.127118837,3362616.8518754607,22.733291608871355,540.0,3602.0,543.3160622816372,3598.2442272707694,1007.6705621732585,5.010199382193165
R_xml,338,542735.127118837,3362616.8518754607,22.733291608871355,1246.0,3598.0,1248.6345561474106,3595.749506699972,1014.5968006031037,3.4649107040919693
R_xml,684,542058.6284545857,3363861.4592073187,24.278317348189944,4075.0,1531.0,4076.3568630511286,1530.9067825892766,572.2491072484752,1.3600613314038228
R_xml,683,542058.6284545857,3363861.4592073187,24.278317348189944,3971.0,1248.0,3972.0368756206153,1248.4511774196649,625.6935623527058,1.1307838505399062
R_xml,214,542058.6284545857,3363861.4592073187,24.278317348189944,2112.0,1031.0,2112.424709823305,1029.959323214031,677.3297650590553,1.1240047183471062
R_xml,716,542058.6284545857,3363861.4592073187,24.278317348189944,677.0,2472.0,678.9444704846076,2470.9312701784384,618.6333296836646,2.2188170039471853
R_xml,211,542058.6284545857,3363861.4592073187,24.278317348189944,2168.0,828.0,2168.046612270654,827.4842429991811,730.4843401567541,0.5178590422781211
R_xml,714,542058.6284545857,3363861.4592073187,24.278317348189944,497.0,2193.0,499.0698387559278,2192.6788610124336,562.8411864041491,2.0946032380562754
R_xml,208,542058.6284545857,3363861.4592073187,24.278317348189944,2197.0,645.0,2196.3765322493887,644.824307136882,782.3014778655546,0.6477499658069826
R_xml,685,542058.6284545857,3363861.4592073187,24.278317348189944,4233.0,1891.0,4234.299953333335,1890.619131684801,517.2080275246193,1.3545993290900789
R_xml,251,542058.6284545857,3363861.4592073187,24.278317348189944,3602.0,2952.0,3602.428566825267,2952.6693210122457,725.909294415204,0.7947704958999283
R_xml,748,542435.7218192273,3363267.2657910245,18.953850607746176,706.0,2223.0,708.413528620104,2222.143876865736,483.9193505508331,2.560872355484238
R_xml,226,542435.7218192273,3363267.2657910245,18.953850607746176,2033.0,2365.0,2033.8317055129567,2365.082831929756,602.5303977385923,0.8358200696738661
R_xml,752,542435.7218192273,3363267.2657910245,18.953850607746176,238.0,3286.0,242.16345214368266,3283.216658516895,378.6555656688973,5.0081257536435375
R_xml,224,542435.7218192273,3363267.2657910245,18.953850607746176,2021.0,2073.0,2021.2465838624416,2072.5584821572124,553.1835875974513,0.5057090138769719
R_xml,750,542435.7218192273,3363267.2657910245,18.953850607746176,485.0,2706.0,487.7408906685405,2704.972287916602,431.0174720245598,2.927229711391741
R_xml,60,542624.3232710499,3363097.1841630386,21.30808048242062,3521.0,339.0,3521.4097817148586,338.3477177719449,901.1892548412771,0.7703201664691133
R_xml,904,542624.3232710499,3363097.1841630386,21.30808048242062,2512.0,2667.0,2511.8240644290504,2667.8072016359497,436.9091836529227,0.8261524110024906
R_xml,728,542624.3232710499,3363097.1841630386,21.30808048242062,4532.0,3693.0,4533.079864125263,3692.482408420833,1087.6013391815873,1.1975005519225852
R_xml,725,542624.3232710499,3363097.1841630386,21.30808048242062,4918.0,3372.0,4920.071341998979,3372.361846119265,915.9358863121153,2.102710225104909
R_xml,733,542624.3232710499,3363097.1841630386,21.30808048242062,1055.0,108.0,1054.8292241767238,107.00822151355851,1079.907735425823,1.0063741590401907
R_xml,737,542624.3232710499,3363097.1841630386,21.30808048242062,634.0,547.0,634.5100206927852,545.5536711182715,860.9461738631389,1.533619359942737
R_xml,738,542624.3232710499,3363097.1841630386,21.30808048242062,502.0,663.0,504.5852308375406,661.9480431993904,805.1154127770195,2.7910628071972297
R_xml,739,542624.3232710499,3363097.1841630386,21.30808048242062,329.0,819.0,331.19294605735104,818.504935136476,748.0791284139317,2.248132920791721
R_xml,874,542624.3232710499,3363097.1841630386,21.30808048242062,2155.0,1344.0,2156.1452441650968,1343.8361386354052,616.2902088264685,1.1569074053246622
R_xml,726,542624.3232710499,3363097.1841630386,21.30808048242062,4785.0,3499.0,4787.041583681757,3498.852597664547,971.5366539598003,2.0468979891814665
R_xml,727,542624.3232710499,3363097.1841630386,21.30808048242062,4643.0,3611.0,4644.8248645229505,3610.359533045541,1029.9759908395004,1.9339928766356589
R_xml,989,542624.3232710499,3363097.1841630386,21.30808048242062,1423.0,2879.0,1423.0954536027082,2877.7610101204873,694.5523574336191,1.2426613825998085
R_xml,1067,542624.3232710499,3363097.1841630386,21.30808048242062,4722.0,408.0,4724.965772580195,404.27387929331144,913.7827064102418,4.762329526424201
R_xml,1055,542624.3232710499,3363097.1841630386,21.30808048242062,487.0,2973.0,489.0379639124435,2971.901112721218,734.585042268039,2.3153509798497205
R_xml,893,542624.3232710499,3363097.1841630386,21.30808048242062,2058.0,2445.0,2058.7187650939954,2445.298077246271,613.705768040424,0.7781216518583888
R_xml,892,542624.3232710499,3363097.1841630386,21.30808048242062,2015.0,2134.0,2015.8034833908564,2133.8276211315006,557.6074050334465,0.8217664106589194
R_xml,736,542624.3232710499,3363097.1841630386,21.30808048242062,758.0,438.0,758.094062627818,436.8125131184561,917.570728993358,1.191206477396307
R_xml,1066,542624.3232710499,3363097.1841630386,21.30808048242062,4609.0,279.0,4612.145189399376,275.32749035992106,967.2787633968799,4.835239747357053
R_xml,1007,542624.3232710499,3363097.1841630386,21.30808048242062,4500.0,1257.0,4502.1476798184285,1255.129671118953,650.32640595071,2.847921825781709
R_xml,735,542624.3232710499,3363097.1841630386,21.30808048242062,865.0,329.0,864.9953311252182,327.80058832698387,973.200425101151,1.1994207601000906
R_xml,834,542624.3232710499,3363097.1841630386,21.30808048242062,3759.0,1183.0,3758.8041763164856,1182.6025721613205,654.2103726281184,0.44305282075911323
R_xml,969,542624.3232710499,3363097.1841630386,21.30808048242062,1010.0,2124.0,1011.3072989087143,2123.9801608707794,493.5845507220844,1.3074494360294915
R_xml,831,541919.0938999769,3363237.4430718985,25.34302251968404,468.0,2659.0,469.7411141696002,2658.051932390427,430.42295708191,1.9825011333929832
R_xml,696,541919.0938999769,3363237.4430718985,25.34302251968404,4033.0,2775.0,4033.353784127641,2774.582744560191,420.4880566534764,0.54705147017548
R_xml,763,541919.0938999769,3363237.4430718985,25.34302251968404,2092.0,403.0,2091.5013833910225,402.5059555411958,364.90006751956423,0.7019248179280589
R_xml,830,541919.0938999769,3363237.4430718985,25.34302251968404,4151.0,622.0,4152.405120034811,619.5561635844692,380.16627679984265,2.8189889567187514
R_xml,766,541919.0938999769,3363237.4430718985,25.34302251968404,2084.0,3319.0,2084.7695417022037,3317.6238686897586,376.09360724662815,1.5766838029412147
R_xml,764,541919.0938999769,3363237.4430718985,25.34302251968404,2117.0,1073.0,2117.5962000790023,1072.010484098579,421.0267586541525,1.1552472693616562
R_xml,80,542215.6486622745,3363669.830994471,20.779974317044548,3396.0,623.0,3396.459621610937,621.3168563188531,805.7787012181407,1.7447706659115039
R_xml,139,542215.6486622745,3363669.830994471,20.779974317044548,2269.0,2255.0,2269.434193253195,2254.2320420920414,577.3003447492043,0.8822035646699434
R_xml,145,542215.6486622745,3363669.830994471,20.779974317044548,2292.0,2784.0,2293.086287489878,2784.015333784945,685.9158607304508,1.0863957085824019
R_xml,779,542215.6486622745,3363669.830994471,20.779974317044548,214.0,1138.0,215.62585956855582,1136.4626860449591,426.03027764697885,2.2375776038001325
R_xml,74,542215.6486622745,3363669.830994471,20.779974317044548,3281.0,344.0,3281.991424476928,342.6140441585296,912.1603728235542,1.7040528418912613
R_xml,77,542215.6486622745,3363669.830994471,20.779974317044548,3338.0,481.0,3339.0254967734854,479.37940371863556,859.6897232994688,1.9178049795537822
R_xml,83,542215.6486622745,3363669.830994471,20.779974317044548,3474.0,797.0,3474.3436828630192,796.5376325442837,752.020245359037,0.576108995276626
R_xml,214,542215.6486622745,3363669.830994471,20.779974317044548,2198.0,2015.0,2198.2434005752275,2014.974179009629,509.27494578861405,0.2447663448368887
R_xml,154,542215.6486622745,3363669.830994471,20.779974317044548,2310.0,3309.0,2311.411236471272,3308.435859136509,848.0866764612064,1.5198168612396445
R_xml,148,542215.6486622745,3363669.830994471,20.779974317044548,2306.0,2985.0,2306.6653532175346,2985.0691734009442,739.2825888223247,0.668939357103375
R_xml,242,542215.6486622745,3363669.830994471,20.779974317044548,4249.0,3511.0,4248.539317316316,3510.258748179686,374.4517692088227,0.8727444048320295
R_xml,199,542215.6486622745,3363669.830994471,20.779974317044548,2387.0,705.0,2386.199439980365,703.7612300691078,772.0336813022064,1.474939756980267
R_xml,403,542881.9112572927,3362810.8146829125,20.086959335519623,3798.0,2613.0,3798.1048723253452,2613.5369613701296,649.9392430460508,0.5471066784775601
R_xml,1011,542881.9112572927,3362810.8146829125,20.086959335519623,2290.0,2790.0,2290.1693300200477,2790.1293657408205,427.44340336357095,0.21309188296928505
R_xml,302,542881.9112572927,3362810.8146829125,20.086959335519623,1414.0,1872.0,1413.8962577944521,1872.3083193649782,370.5607771228773,0.3253048970311862
R_xml,390,542881.9112572927,3362810.8146829125,20.086959335519623,4834.0,1621.0,4837.102820335176,1619.7567201117665,371.82583566361905,3.342639512850355
R_xml,593,543286.2259295434,3363774.420706937,26.70702661530254,907.0,1444.0,907.1862695347854,1443.7351910976931,363.0829990841006,0.32375931543377495
R_xml,661,543286.2259295434,3363774.420706937,26.70702661530254,3355.0,1601.0,3354.3926584030633,1601.1859956843805,363.99972776232323,0.635183603360356
R_xml,570,543286.2259295434,3363774.420706937,26.70702661530254,4674.0,1590.0,4676.366314996938,1588.1292936618222,474.2600544753258,3.0164530277184833
R_xml,568,543286.2259295434,3363774.420706937,26.70702661530254,4896.0,1144.0,4897.980624691956,1142.2006146068015,424.5505814304496,2.6759413229071787
R_xml,662,543286.2259295434,3363774.420706937,26.70702661530254,3352.0,1662.0,3351.8708342485133,1662.8088530207733,364.0684551420428,0.8191013371807087
R_xml,591,543286.2259295434,3363774.420706937,26.70702661530254,936.0,772.0,936.8372592297637,771.4527623969773,362.3816995128048,1.000235978150462
R_xml,19,542666.6137013257,3362611.8122823513,25.225180052278404,2174.0,535.0,2173.8633871728207,534.2014364896797,831.3443861680735,0.8101646404064702
R_xml,25,542666.6137013257,3362611.8122823513,25.225180052278404,2110.0,860.0,2110.1114569007514,858.9091934230762,726.120850896986,1.0964860368401002
R_xml,22,542666.6137013257,3362611.8122823513,25.225180052278404,2145.0,688.0,2144.705072593693,687.1290056257913,778.7527988648131,0.9195723869790446
R_xml,16,542666.6137013257,3362611.8122823513,25.225180052278404,2197.0,401.0,2196.385713579815,399.5945991320327,884.2001754428859,1.5337859712838326
R_xml,93,542666.6137013257,3362611.8122823513,25.225180052278404,2549.0,3002.0,2549.8098367013313,3002.2849306728885,743.6847161159274,0.8584992551981903
R_xml,141,542666.6137013257,3362611.8122823513,25.225180052278404,3280.0,948.0,3279.8798933774387,946.5046462043539,700.4680993987455,1.5001695154002765
R_xml,96,542666.6137013257,3362611.8122823513,25.225180052278404,2528.0,3165.0,2528.4241412080337,3164.980409595636,798.0129433599606,0.4245933917236818
R_xml,90,542666.6137013257,3362611.8122823513,25.225180052278404,2559.0,2816.0,2558.9707271742363,2814.8585552467653,689.6529052290363,1.1418200484381498
R_xml,84,542666.6137013257,3362611.8122823513,25.225180052278404,2613.0,2307.0,2612.419160283845,2306.8758001837837,580.4671265373537,0.5939700078380693
R_xml,968,542666.6137013257,3362611.8122823513,25.225180052278404,4588.0,2938.0,4589.0239090164705,2938.677970538876,404.3880924193325,1.228020246410099
R_xml,150,542666.6137013257,3362611.8122823513,25.225180052278404,3401.0,1764.0,3401.377284898048,1763.2313424698273,542.2532608528392,0.8562583097326958
R_xml,162,542666.6137013257,3362611.8122823513,25.225180052278404,3578.0,1436.0,3578.618077901148,1435.7930931495098,366.1936361741021,0.6517904085418652
R_xml,789,542747.4685832544,3363652.9762581172,27.717198711344395,2426.0,1013.0,2426.6187540738724,1012.3761913464278,412.4952270975372,0.8786318001331533
R_xml,445,542747.4685832544,3363652.9762581172,27.717198711344395,2347.0,3254.0,2346.592339076434,3252.8276177907405,378.8020523990189,1.2412362680773674
R_xml,447,542747.4685832544,3363652.9762581172,27.717198711344395,2305.0,828.0,2304.7657226668894,828.241862275961,362.58857157098106,0.3367242630736228
R_xml,741,542747.4685832544,3363652.9762581172,27.717198711344395,1815.0,3384.0,1815.1303111725615,3383.5966029533965,366.648877115331,0.42392237367559127
R_xml,563,542747.4685832544,3363652.9762581172,27.717198711344395,249.0,1024.0,250.0332261184949,1023.600217684708,361.0473892799243,1.1078727867224862
R_xml,466,542747.4685832544,3363652.9762581172,27.717198711344395,3626.0,1333.0,3626.224870288649,1333.143544282169,612.9195376009961,0.26678007358217537
R_xml,323,542747.4685832544,3363652.9762581172,27.717198711344395,4158.0,2542.0,4158.237609999303,2540.7512410478885,438.6365401791285,1.27116381015479
R_xml,578,542747.4685832544,3363652.9762581172,27.717198711344395,1200.0,2878.0,1202.2227143394232,2876.8420230881347,709.7963038951425,2.506266059916721
R_xml,661,543232.8932849836,3363763.9668185236,20.577156083454838,2830.0,1423.0,2830.814851472632,1422.782849740413,369.8343484647453,0.8432894862913752
R_xml,604,543232.8932849836,3363763.9668185236,20.577156083454838,1512.0,1090.0,1512.4716719304338,1089.7948153011155,425.6052258070482,0.5143687107663785
R_xml,501,543232.8932849836,3363763.9668185236,20.577156083454838,588.0,2488.0,591.0233341154694,2487.6491387438446,618.4774666758865,3.043624943193931
R_xml,658,543232.8932849836,3363763.9668185236,20.577156083454838,2839.0,676.0,2839.202602569141,675.1889474638792,368.75005985197384,0.8359748903947603
R_xml,208,542011.272410783,3363407.69871869,21.374769290162817,198.0,1859.0,200.08286836068282,1858.6228580044103,529.9330756806893,2.1167372753298697
R_xml,708,542011.272410783,3363407.69871869,21.374769290162817,2890.0,2344.0,2890.2154168793113,2344.4262883517686,596.1548213242263,0.47762557589159654
R_xml,106,542011.272410783,3363407.69871869,21.374769290162817,953.0,2485.0,954.2639654629897,2483.4450897259235,370.14860289431834,2.0038349862350433
R_xml,694,542011.272410783,3363407.69871869,21.374769290162817,1361.0,1357.0,1361.8948199354431,1356.685216126587,453.6498485256441,0.9485734572648421
R_xml,108,542011.272410783,3363407.69871869,21.374769290162817,920.0,3138.0,921.7813270153447,3136.335277179506,371.1234237710279,2.4381197683193636
R_xml,695,542011.272410783,3363407.69871869,21.374769290162817,1477.0,1944.0,1477.5715977924524,1943.2423496346323,511.0796196727362,0.9490827743027636
R_xml,693,542011.272410783,3363407.69871869,21.374769290162817,1222.0,794.0,1222.6647102849126,793.9877926922675,398.1062751400369,0.6648223681786926
R_xml,710,542011.272410783,3363407.69871869,21.374769290162817,2876.0,2606.0,2876.453129582678,2605.8039027907594,651.4069746547682,0.4937413636406205
R_xml,3,541889.643942309,3362914.162051272,32.535122922793164,4334.0,464.0,4336.563689371842,461.19647593904233,852.4141222799316,3.7989801731075254
R_xml,4,541889.643942309,3362914.162051272,32.535122922793164,4456.0,641.0,4458.855223414204,639.1071657295702,799.4636794194806,3.4256564801997462
R_xml,6,541889.643942309,3362914.162051272,32.535122922793164,4747.0,1020.0,4749.349456789725,1018.3773637920357,689.8410330356975,2.855327559174624
R_xml,153,542529.2221211332,3362184.0920340167,7.986258387417308,4909.0,1116.0,4911.647664312846,1115.1541370070831,704.0810248064989,2.77949824902011
R_xml,147,542529.2221211332,3362184.0920340167,7.986258387417308,4646.0,751.0,4648.412647105947,749.5086593810465,810.7876288450789,2.8363643806069163
R_xml,84,542529.2221211332,3362184.0920340167,7.986258387417308,1082.0,3078.0,1084.5870052293699,3076.341520085061,800.0138945619693,3.0729711493998004
R_xml,34,542529.2221211332,3362184.0920340167,7.986258387417308,3733.0,802.0,3733.91014657731,800.1824580406219,787.0896703967937,2.0326892448894682
R_xml,87,542529.2221211332,3362184.0920340167,7.986258387417308,1142.0,3222.0,1143.5147551946206,3220.970147808106,852.2011282034587,1.8316874287877318
R_xml,31,542529.2221211332,3362184.0920340167,7.986258387417308,3640.0,639.0,3640.6323451704698,637.3774031653807,842.1724975462456,1.7414594173661202
R_xml,37,542529.2221211332,3362184.0920340167,7.986258387417308,3802.0,975.0,3803.550930015642,973.3870963814779,733.9328819336919,2.237597371302606
R_xml,81,542529.2221211332,3362184.0920340167,7.986258387417308,1019.0,2909.0,1019.8162493838315,2908.6076414741465,748.5427740381203,0.9056535040595184
R_xml,99,542529.2221211332,3362184.0920340167,7.986258387417308,1406.0,3635.0,1406.6665538577745,3632.9002309007883,1072.2688031183122,2.2030261721818833
R_xml,103,542529.2221211332,3362184.0920340167,7.986258387417308,1469.0,3782.0,1470.5339606426155,3780.391880502233,1164.3952800522197,2.222404907345067
R_xml,203,542529.2221211332,3362184.0920340167,7.986258387417308,403.0,3144.0,406.40295840267345,3141.03969773034,842.5448941514991,4.510378633560686
R_xml,206,542529.2221211332,3362184.0920340167,7.986258387417308,516.0,3276.0,519.625940679327,3273.595877822814,895.2922654518981,4.350545856882203
R_xml,96,542529.2221211332,3362184.0920340167,7.986258387417308,1336.0,3549.0,1338.2739777978454,3547.501842793556,1016.1162785947066,2.723132394929367
R_xml,796,543061.7718150304,3364103.032201932,19.45175930790259,527.0,1343.0,528.5225294030488,1343.1459195102193,451.29515697181637,1.5295058962327523
R_xml,569,543061.7718150304,3364103.032201932,19.45175930790259,4982.0,924.0,4985.169120382909,921.1022098561489,371.33026291816833,4.294241693147679
R_xml,795,543061.7718150304,3364103.032201932,19.45175930790259,299.0,798.0,300.94145304000085,797.7257167885216,395.2958959973079,1.9607323087630948
R_xml,797,543061.7718150304,3364103.032201932,19.45175930790259,729.0,1789.0,731.517069867471,1788.7138648506548,507.6179320082145,2.5332812795703274
R_xml,571,543061.7718150304,3364103.032201932,19.45175930790259,4991.0,1564.0,4993.811163311134,1562.670791722126,371.52050370662926,3.1095713221976227
R_xml,768,542351.4044381395,3363253.1567104864,28.768957523307506,3602.0,1794.0,3601.6296675159947,1793.3452396155144,534.1683775124098,0.7522348767514483
R_xml,770,542351.4044381395,3363253.1567104864,28.768957523307506,3841.0,2724.0,3841.0261056997288,2723.8423822336736,423.86361600550356,0.15976503941746473
R_xml,766,542351.4044381395,3363253.1567104864,28.768957523307506,3466.0,1187.0,3467.0980456691677,1186.4232930327646,643.1230671784543,1.2402802980116467
R_xml,5,542057.1195866456,3363524.5152024184,26.76176962077915,2319.0,2676.0,2319.100902518903,2675.5017907319666,430.5360362346988,0.5083244958442484
R_xml,112,542057.1195866456,3363524.5152024184,26.76176962077915,1819.0,736.0,1819.737433348991,736.1995961509929,388.92173703140304,0.7639676483303365
R_xml,108,542057.1195866456,3363524.5152024184,26.76176962077915,1882.0,2470.0,1881.8482497187847,2470.718987987557,365.100839325985,0.7348277853347286
R_xml,111,542057.1195866456,3363524.5152024184,26.76176962077915,1792.0,269.0,1792.3619549470386,268.79124699269323,352.6423042669286,0.4178387269573561
R_xml,762,542057.1195866456,3363524.5152024184,26.76176962077915,3518.0,1795.0,3519.130619532697,1795.2713111910139,502.21342995823113,1.162716771223889
R_xml,769,542057.1195866456,3363524.5152024184,26.76176962077915,459.0,3018.0,462.16899951535197,3016.248484469379,392.81419189425526,3.62082374361242
R_xml,110,542057.1195866456,3363524.5152024184,26.76176962077915,1828.0,3153.0,1828.8881840330027,3153.0094974411477,366.0450001277372,0.8882348100977432
R_xml,761,542057.1195866456,3363524.5152024184,26.76176962077915,3656.0,1331.0,3655.797600282864,1330.8199006377918,446.1219377318546,0.2709269749665183
R_xml,11,542057.1195866456,3363524.5152024184,26.76176962077915,2255.0,2481.0,2254.9888880344206,2481.7554611092064,364.8785000888021,0.7555428269148042
R_xml,760,542057.1195866456,3363524.5152024184,26.76176962077915,3840.0,746.0,3841.1163202610355,744.2994205568336,389.74474196256796,2.034242209698353
R_xml,13,542057.1195866456,3363524.5152024184,26.76176962077915,2255.0,3169.0,2254.8220031810106,3168.952247663078,365.65818535665136,0.1842909472867385
R_xml,125,542057.1195866456,3363524.5152024184,26.76176962077915,4353.0,2142.0,4354.41086774713,2141.8330957439834,366.0288402528558,1.420705750874979
R_xml,15,542057.1195866456,3363524.5152024184,26.76176962077915,2250.0,3824.0,2250.494320141364,3823.314211589868,366.27429446406944,0.8453745593695312
R_xml,698,542057.1195866456,3363524.5152024184,26.76176962077915,2426.0,2031.0,2425.5164807425786,2031.836452311124,501.47808253948483,0.9661487158207849
R_xml,98,542057.1195866456,3363524.5152024184,26.76176962077915,2218.0,2379.0,2217.7934150434003,2378.6383093471777,456.68112617190747,0.41653027816993715
R_xml,113,542057.1195866456,3363524.5152024184,26.76176962077915,1838.0,1316.0,1838.333911338239,1315.0479201702963,443.94189946533453,1.0089364617919387
R_xml,767,542057.1195866456,3363524.5152024184,26.76176962077915,906.0,2010.0,907.0790269291815,2009.321114019918,502.9789754612091,1.2748275522009858
R_xml,482,543157.739044819,3363303.329318351,12.855455104821203,2437.0,2176.0,2436.1859803164916,2176.803457214573,502.94614917987883,1.1437532691924592
R_xml,446,543157.739044819,3363303.329318351,12.855455104821203,3615.0,1806.0,3614.7952574097017,1806.1066045780685,518.6253911696399,0.23083341254515496
R_xml,848,543157.739044819,3363303.329318351,12.855455104821203,4826.0,2559.0,4827.138008794353,2558.8153304070956,455.244279582853,1.1528949971993354
R_xml,844,543157.739044819,3363303.329318351,12.855455104821203,4468.0,1767.0,4468.882740721299,1765.2864013326407,562.0260000701212,1.9276025456031196
R_xml,443,543157.739044819,3363303.329318351,12.855455104821203,3747.0,1366.0,3746.8397041587223,1365.5833428879482,464.0544043949281,0.44642794015861603
R_xml,374,543157.739044819,3363303.329318351,12.855455104821203,304.0,481.0,305.52407053923935,480.0989097858085,373.47424960394477,1.7705238159056331
R_xml,369,543157.739044819,3363303.329318351,12.855455104821203,758.0,2373.0,759.9018656201704,2372.7726032618116,474.4107318487504,1.9154117347778803
R_xml,438,543157.739044819,3363303.329318351,12.855455104821203,4010.0,3570.0,4010.9117073587595,3569.6589040801327,380.5430637036892,0.973425258849537
R_xml,448,543157.739044819,3363303.329318351,12.855455104821203,3503.0,2108.0,3503.3488502976497,2107.956373723211,564.429379317454,0.3515676068649833
R_xml,684,542208.9508446864,3363988.7335705454,23.558445437468777,4762.0,2554.0,4763.743359835649,2554.7517517152764,439.1689644981038,1.8985347397337848
R_xml,720,542208.9508446864,3363988.7335705454,23.558445437468777,491.0,2528.0,494.25041228907685,2526.5957126422636,629.0690311416281,3.540791300271743
R_xml,761,542208.9508446864,3363988.7335705454,23.558445437468777,4789.0,2855.0,4790.28359546934,2855.4730203422046,719.1868119388138,1.3679786449538163
R_xml,680,542208.9508446864,3363988.7335705454,23.558445437468777,4106.0,1180.0,4106.332972650176,1179.0902900283445,652.9221882665965,0.9687326867070929
R_xml,116,542208.9508446864,3363988.7335705454,23.558445437468777,4982.0,883.0,4984.6885362935955,880.8953751617564,403.9899458017722,3.414333479865703
R_xml,760,542208.9508446864,3363988.7335705454,23.558445437468777,5007.0,2635.0,5008.924688792105,2634.848192509526,660.5563543615809,1.9306663255518812
R_xml,232,542208.9508446864,3363988.7335705454,23.558445437468777,2940.0,3367.0,2939.283996940198,3366.370766863409,374.35531263500167,0.9532023509361732
R_xml,751,543153.704287649,3363967.1256591664,23.526274609125267,2485.0,3163.0,2484.711457956113,3163.545548567454,797.2316472912113,0.6171545596861319
R_xml,776,543153.704287649,3363967.1256591664,23.526274609125267,2296.0,533.0,2296.584774066022,532.6142123803763,834.5526143771253,0.7005660538070326
R_xml,709,543153.704287649,3363967.1256591664,23.526274609125267,3216.0,668.0,3217.375373187208,666.8423509273091,775.4031859530494,1.7977215522968826
R_xml,784,543153.704287649,3363967.1256591664,23.526274609125267,2140.0,1314.0,2139.608151011031,1312.6631460234714,619.5599269822633,1.3930987706247373
R_xml,753,543153.704287649,3363967.1256591664,23.526274609125267,2481.0,3310.0,2481.983531150219,3309.587163475183,852.9355883570773,1.0666618581695861
R_xml,754,543153.704287649,3363967.1256591664,23.526274609125267,2478.0,3408.0,2478.0496930566965,3406.350098140173,891.9038994284031,1.6506500376955524
R_xml,755,543153.704287649,3363967.1256591664,23.526274609125267,2462.0,3536.0,2462.1097410331136,3534.2128593339594,947.1401255873355,1.7905068708510776
R_xml,780,543153.704287649,3363967.1256591664,23.526274609125267,2222.0,874.0,2222.8850172004704,872.7089965635917,727.3627458053812,1.565230116611188
R_xml,707,543153.704287649,3363967.1256591664,23.526274609125267,3207.0,525.0,3207.085912112808,524.0089950175636,828.9335476420988,0.9947219542871427
R_xml,103,542355.5872509163,3363314.1526506147,21.930225232971964,3338.0,822.0,3338.1719050700012,821.4370284278853,403.0667553106252,0.5886326053672855
R_xml,8,542355.5872509163,3363314.1526506147,21.930225232971964,1322.0,1861.0,1322.8707753638746,1859.688225197208,533.1594902561758,1.5744849531102667
R_xml,126,542355.5872509163,3363314.1526506147,21.930225232971964,2893.0,2348.0,2893.815346372043,2347.5784266963506,468.9499854076733,0.9178854812850823
R_xml,12,542355.5872509163,3363314.1526506147,21.930225232971964,1080.0,2540.0,1081.714052503355,2538.866452046899,446.8366562399214,2.0549712762559214
R_xml,105,542355.5872509163,3363314.1526506147,21.930225232971964,3204.0,1331.0,3204.625380851006,1330.627882630102,452.53158249827624,0.7277173529501161
R_xml,342,542355.5872509163,3363314.1526506147,21.930225232971964,306.0,2026.0,307.9263098447218,2024.871190820561,540.859189974405,2.2326844339175977
R_xml,833,542355.5872509163,3363314.1526506147,21.930225232971964,1913.0,1322.0,1913.1084034457674,1321.7161478573007,618.0017400027796,0.3038475702868537
R_xml,128,542355.5872509163,3363314.1526506147,21.930225232971964,2897.0,2760.0,2898.1631522978896,2759.520454463229,426.6644631077213,1.2581284473069683
R_xml,224,542355.5872509163,3363314.1526506147,21.930225232971964,1618.0,1677.0,1618.1003257884124,1677.4467598225244,492.02036509167345,0.4578860151201732
R_xml,222,542355.5872509163,3363314.1526506147,21.930225232971964,1540.0,1249.0,1539.5083375221968,1249.1562398812653,443.1334597562896,0.5158903881420366
R_xml,18,542355.5872509163,3363314.1526506147,21.930225232971964,755.0,1308.0,756.5734281517882,1307.6402951541263,368.1489276534632,1.6140209803421746
R_xml,239,542355.5872509163,3363314.1526506147,21.930225232971964,4392.0,2124.0,4393.854900287844,2122.9427021859474,497.6455121819954,2.135072304500668
R_xml,758,542355.5872509163,3363314.1526506147,21.930225232971964,783.0,655.0,784.6354671077854,654.9087913144976,383.16158143794337,1.6380084508204045
R_xml,771,542355.5872509163,3363314.1526506147,21.930225232971964,3459.0,3096.0,3458.8856438904686,3096.67560203879,397.22680197034987,0.685211963267306
R_xml,219,542355.5872509163,3363314.1526506147,21.930225232971964,1389.0,3617.0,1391.2355414510623,3615.7544129862927,372.002472663411,2.559127309872288
R_xml,838,542355.5872509163,3363314.1526506147,21.930225232971964,1393.0,3763.0,1394.9503520345513,3761.2459074386215,346.4423925564249,2.623111467811021
R_xml,961,542355.5872509163,3363314.1526506147,21.930225232971964,4937.0,2649.0,4939.3498337856945,2648.2449271650103,666.7744986103345,2.468168107429228
R_xml,510,543286.5567987699,3363061.188828832,12.566246494587915,2230.0,393.0,2230.0813271515776,392.27706985150985,375.88066101680187,0.7274902784090795
R_xml,626,543286.5567987699,3363061.188828832,12.566246494587915,4112.0,811.0,4113.251715027768,810.3511610915027,409.86222380201446,1.4098873855455532
R_xml,530,543286.5567987699,3363061.188828832,12.566246494587915,2070.0,3006.0,2071.031633916178,3004.7043315390847,414.1428616840713,1.6562081081856035
R_xml,535,543286.5567987699,3363061.188828832,12.566246494587915,1967.0,1815.0,1967.154531289571,1814.9446129145124,378.5737541775209,0.1641573900111667
R_xml,531,543286.5567987699,3363061.188828832,12.566246494587915,2004.0,473.0,2003.5567176838147,472.9260034948279,376.7714366428156,0.44941594833774634
R_xml,619,543286.5567987699,3363061.188828832,12.566246494587915,4317.0,1690.0,4318.993874188797,1689.8353410759246,379.42350754750197,2.0006616010783795
R_xml,614,543286.5567987699,3363061.188828832,12.566246494587915,4328.0,701.0,4330.181763245271,699.7049588951209,377.94433364025633,2.5371681697796418
R_xml,935,543286.5567987699,3363061.188828832,12.566246494587915,961.0,2222.0,962.6763130585045,2221.8010698785747,494.5937194149143,1.6880754317633888
R_xml,512,543286.5567987699,3363061.188828832,12.566246494587915,2236.0,976.0,2236.3592803387055,975.4598306463731,424.8711146114495,0.6487413139133513
R_xml,532,543286.5567987699,3363061.188828832,12.566246494587915,1992.0,3615.0,1992.7263627907796,3613.526218914097,366.15099346978354,1.6430561746313042
R_xml,936,543286.5567987699,3363061.188828832,12.566246494587915,764.0,2708.0,765.5239388486934,2707.7601307031155,439.70885354244103,1.5427011681284706
R_xml,538,543286.5567987699,3363061.188828832,12.566246494587915,1961.0,2562.0,1961.8610701209705,2562.037831359123,379.4724244509227,0.8619007860311866
R_xml,623,543286.5567987699,3363061.188828832,12.566246494587915,4247.0,3021.0,4248.277274949574,3021.2353436771245,381.0794413867016,1.298775555349213
R_xml,514,543286.5567987699,3363061.188828832,12.566246494587915,2260.0,1454.0,2260.3091221308237,1453.3011811027382,474.650002455349,0.7641363379235514
R_xml,991,543286.5567987699,3363061.188828832,12.566246494587915,3724.0,933.0,3723.868171638616,931.9713112026036,419.09181289817184,1.0371014216334251
R_xml,239,542462.1402337477,3363115.3983866097,18.400894558886193,4047.0,1206.0,4047.6687839115593,1205.207615906164,657.6707830539336,1.0368917361639047
R_xml,186,542462.1402337477,3363115.3983866097,18.400894558886193,1915.0,1375.0,1914.9690026968328,1375.7203229738839,613.5285763900507,0.7209896112348193
R_xml,397,542462.1402337477,3363115.3983866097,18.400894558886193,4640.0,2909.0,4640.085820569422,2908.4537670772634,746.6467585364338,0.5529336090502615
R_xml,400,542462.1402337477,3363115.3983866097,18.400894558886193,4415.0,3170.0,4415.8388048222605,3169.5053543721497,829.7271714547855,0.9737904430620158
R_xml,245,542462.1402337477,3363115.3983866097,18.400894558886193,4384.0,2039.0,4384.693288707505,2039.5684106052377,512.7431129030341,0.8965153920046066
R_xml,881,542462.1402337477,3363115.3983866097,18.400894558886193,2706.0,2167.0,2705.9719995787977,2166.348956798468,494.60437676092965,0.6516450520402972
R_xml,411,542462.1402337477,3363115.3983866097,18.400894558886193,322.0,663.0,324.2156001377766,662.5212794422118,818.908320898273,2.2667283346190352
R_xml,241,542462.1402337477,3363115.3983866097,18.400894558886193,4147.0,1437.0,4148.3093080813405,1436.1379809617692,608.2294036717514,1.5675983140255996
R_xml,243,542462.1402337477,3363115.3983866097,18.400894558886193,4253.0,1710.0,4253.750807304659,1709.7925351914494,560.5510303375087,0.7789436792969292
R_xml,847,542462.1402337477,3363115.3983866097,18.400894558886193,3293.0,1894.0,3293.161107079042,1895.0789038699907,525.5705955254685,1.0908661932602894
R_xml,399,542462.1402337477,3363115.3983866097,18.400894558886193,4507.0,3064.0,4507.806692307098,3064.282837914615,795.2813112407724,0.8548390282826599
R_xml,237,542462.1402337477,3363115.3983866097,18.400894558886193,3924.0,940.0,3924.642742539856,938.7346451278728,726.1274723320073,1.4192395586921376
R_xml,873,542462.1402337477,3363115.3983866097,18.400894558886193,2730.0,757.0,2730.083516748413,755.245018155706,764.4133964081974,1.756967933989393
R_xml,401,542462.1402337477,3363115.3983866097,18.400894558886193,4293.0,3325.0,4294.432566842027,3325.2105625725453,884.2313034781082,1.447958685126075
R_xml,303,542462.1402337477,3363115.3983866097,18.400894558886193,631.0,1493.0,633.3556585630024,1492.1719512480088,589.0518499668091,2.49695654770378
R_xml,779,542462.1402337477,3363115.3983866097,18.400894558886193,4936.0,1534.0,4938.217258021688,1532.372823745419,474.33949079509745,2.750261023650956
R_xml,342,542462.1402337477,3363115.3983866097,18.400894558886193,748.0,2790.0,749.2427820331184,2789.62654358092,705.5393325456737,1.2976813471703534
R_xml,343,542462.1402337477,3363115.3983866097,18.400894558886193,810.0,2921.0,811.9843265855789,2920.5055662287823,740.9435707212581,2.044997983460032
R_xml,278,542462.1402337477,3363115.3983866097,18.400894558886193,3790.0,2593.0,3791.070511348514,2592.934146763438,649.703017046115,1.0725349393205394
R_xml,305,542462.1402337477,3363115.3983866097,18.400894558886193,476.0,1783.0,478.5821491169927,1783.3290642516383,542.5107690568187,2.6030323363516734
R_xml,301,542462.1402337477,3363115.3983866097,18.400894558886193,775.0,1253.0,776.963755499909,1252.1023805616232,635.9158637474012,2.1591795477853566
R_xml,1055,542462.1402337477,3363115.3983866097,18.400894558886193,354.0,3227.0,358.45628177663775,3224.9926973498464,829.6511627312914,4.8875056216957455
R_xml,236,542462.1402337477,3363115.3983866097,18.400894558886193,3836.0,751.0,3836.597192119293,748.9601973911479,781.1077965773142,2.125425395168185
R_xml,516,542462.1402337477,3363115.3983866097,18.400894558886193,4976.0,3354.0,4978.120201029786,3353.2376196617442,909.8736591469027,2.2531036786759717
R_xml,883,542462.1402337477,3363115.3983866097,18.400894558886193,2709.0,2652.0,2709.192370938357,2652.6714470797333,441.1079845053371,0.6984609930458935
R_xml,444,542861.7218184014,3363573.4676350947,19.431576333996702,2899.0,1360.0,2899.036169397861,1360.6993244421756,371.36957119574873,0.7002591668559618
R_xml,449,542861.7218184014,3363573.4676350947,19.431576333996702,2834.0,2800.0,2834.032551280332,2800.573480458017,372.960871137203,0.5744035354858473
R_xml,476,542861.7218184014,3363573.4676350947,19.431576333996702,3511.0,901.0,3510.9236244407784,900.8788583723256,371.60134214504126,0.143207960679625
R_xml,474,542861.7218184014,3363573.4676350947,19.431576333996702,3510.0,250.0,3510.3298659098205,248.39144921513366,371.63680057206983,1.6420253183053513
R_xml,563,542861.7218184014,3363573.4676350947,19.431576333996702,788.0,2254.0,789.7407609770421,2253.0755587307385,371.61456984989724,1.9709998578148966
R_xml,565,542861.7218184014,3363573.4676350947,19.431576333996702,782.0,2906.0,784.1275341307717,2903.6150365879066,372.70238948308554,3.1960056249359856
R_xml,365,542861.7218184014,3363573.4676350947,19.431576333996702,1363.0,1904.0,1363.9473815880406,1903.732852228633,371.25855056163334,0.9843270823789457
R_xml,559,542861.7218184014,3363573.4676350947,19.431576333996702,824.0,1324.0,824.3624505641465,1324.214945103808,370.662184112274,0.42139270176540744
R_xml,362,542861.7218184014,3363573.4676350947,19.431576333996702,1400.0,1196.0,1400.8570835714504,1195.7762026757382,371.0977663296441,0.8858202361635892
R_xml,364,542861.7218184014,3363573.4676350947,19.431576333996702,1365.0,1870.0,1365.73109754123,1870.796700120689,371.27090738169034,1.0813115633794785
R_xml,450,542861.7218184014,3363573.4676350947,19.431576333996702,2816.0,112.0,2816.7341865403578,110.51704014179381,349.4241829827036,1.6547506812488162
R_xml,782,542861.7218184014,3363573.4676350947,19.431576333996702,3723.0,3588.0,3722.9298236611285,3588.342889738641,361.3194218326996,0.34999727342194714
R_xml,814,542861.7218184014,3363573.4676350947,19.431576333996702,2620.0,505.0,2620.9554647333775,504.26103919077855,379.01208687788466,1.2078807616207143
R_xml,631,543701.038547317,3363500.1560046403,23.021036643950822,341.0,2615.0,343.81871696474127,2613.4769054667286,647.0788721374515,3.20390110406073
R_xml,632,543701.038547317,3363500.1560046403,23.021036643950822,496.0,2839.0,497.9222941752746,2838.2056613768736,702.5010328828856,2.079949216804325
R_xml,633,543701.038547317,3363500.1560046403,23.021036643950822,647.0,3037.0,648.5875581235393,3034.712367798201,759.3269528184653,2.7845290241482963
R_xml,635,543701.038547317,3363500.1560046403,23.021036643950822,858.0,3342.0,860.4658256274943,3341.310567800291,869.7760576182772,2.560393091539423
R_xml,784,542882.6094354122,3363851.18628703,28.210534759884524,1560.0,2828.0,1560.288760895016,2827.794934006718,411.92605485955767,0.35416792075387915
R_xml,743,542882.6094354122,3363851.18628703,28.210534759884524,2802.0,438.0,2801.6610657730166,437.18171209070306,365.0160580389931,0.8857039644951258
R_xml,451,542882.6094354122,3363851.18628703,28.210534759884524,4424.0,1248.0,4424.9795333816655,1246.05186286938,363.01587727629413,2.18053294529045
R_xml,476,542882.6094354122,3363851.18628703,28.210534759884524,1879.0,3147.0,1879.0546020291163,3146.834744099145,363.76867456366904,0.17404279459650185
R_xml,745,542882.6094354122,3363851.18628703,28.210534759884524,2776.0,1083.0,2775.6122843234166,1081.7233645335614,419.2855098703823,1.3342119621849764
R_xml,782,542882.6094354122,3363851.18628703,28.210534759884524,1688.0,2305.0,1687.4402121433418,2304.465817990285,465.22566189396224,0.7737653804385698
R_xml,470,542882.6094354122,3363851.18628703,28.210534759884524,1955.0,1063.0,1956.1160388252454,1062.9619005440863,362.87781010068926,1.1166889575866588
R_xml,584,542882.6094354122,3363851.18628703,28.210534759884524,4088.0,3541.0,4088.1199570116014,3540.410137256328,354.78471109343553,0.6019366586314243
R_xml,582,542882.6094354122,3363851.18628703,28.210534759884524,3821.0,2308.0,3821.7968872142765,2307.546349022188,463.42562050713013,0.9169669797473015
R_xml,567,542882.6094354122,3363851.18628703,28.210534759884524,2298.0,1366.0,2298.463198264016,1365.0766942348337,362.14714234618054,1.0329792678348455
R_xml,676,542882.6094354122,3363851.18628703,28.210534759884524,573.0,1364.0,574.1983994720772,1363.615080019777,444.2126613571508,1.258699601116083
R_xml,738,542882.6094354122,3363851.18628703,28.210534759884524,2889.0,3245.0,2888.8538668660112,3245.647098410811,378.51656841391434,0.6633937338590291
R_xml,581,542882.6094354122,3363851.18628703,28.210534759884524,3706.0,1876.0,3706.353836904277,1874.7461743876422,518.2060665301669,1.302796692133052
R_xml,472,542882.6094354122,3363851.18628703,28.210534759884524,1922.0,1763.0,1921.58058219937,1763.2516251843701,362.9589576132027,0.48910788676392675
R_xml,460,542882.6094354122,3363851.18628703,28.210534759884524,3913.0,1476.0,3913.017618372859,1475.4212370030814,459.04067833775684,0.579031099047723
R_xml,474,542882.6094354122,3363851.18628703,28.210534759884524,1894.0,2465.0,1893.4627697012215,2465.519536019505,363.17017256578464,0.7473513694966423
R_xml,458,542882.6094354122,3363851.18628703,28.210534759884524,4283.0,486.0,4284.7577360931755,483.0315649532738,365.71350054755146,3.449817792273119
R_xml,353,542882.6094354122,3363851.18628703,28.210534759884524,218.0,2896.0,222.2250248575774,2893.5310859516594,401.5429341608999,4.8935030014541265
R_xml,957,542742.9796844309,3363236.2744343523,28.017359310083464,3631.0,2665.0,3630.3203904986635,2665.0672299072903,650.4169949284786,0.6829267418552828
R_xml,267,542742.9796844309,3363236.2744343523,28.017359310083464,1836.0,3807.0,1837.4159057775264,3804.599400045141,364.53997379746454,2.7870538771436832
R_xml,970,542742.9796844309,3363236.2744343523,28.017359310083464,801.0,1633.0,801.7477653372434,1631.9213242862456,554.6329704973194,1.312514493263323
R_xml,955,542742.9796844309,3363236.2744343523,28.017359310083464,3864.0,2070.0,3864.029786171868,2070.3340864934303,537.469157551991,0.335411689013814
R_xml,266,542742.9796844309,3363236.2744343523,28.017359310083464,1838.0,330.0,1839.0060323402913,329.5524231816048,354.99805931038395,1.101102210549401
R_xml,906,542742.9796844309,3363236.2744343523,28.017359310083464,1999.0,2542.0,1998.982962135227,2541.682114088393,442.30562871719553,0.3183421769640324
R_xml,888,542742.9796844309,3363236.2744343523,28.017359310083464,2396.0,1412.0,2396.0799021031617,1411.2135958711237,452.22443017026075,0.7904529081503086
R_xml,837,542742.9796844309,3363236.2744343523,28.017359310083464,3487.0,1369.0,3486.738093830321,1369.4503034787847,604.7760984235689,0.5209299998287656
R_xml,314,542742.9796844309,3363236.2744343523,28.017359310083464,2315.0,3626.0,2314.3977507606573,3624.7639597351917,350.6282173431912,1.3749544292506795
R_xml,953,542742.9796844309,3363236.2744343523,28.017359310083464,4201.0,1178.0,4202.7584905091935,1176.9830074476756,424.88784498367664,2.031394280391402
R_xml,956,542742.9796844309,3363236.2744343523,28.017359310083464,3732.0,2394.0,3732.2969490487776,2394.679663302392,594.2749186157837,0.7417013834341631
R_xml,838,542742.9796844309,3363236.2744343523,28.017359310083464,3577.0,1675.0,3577.233631011425,1675.5167463330422,549.5699172294455,0.5671068878192915
R_xml,420,543126.0135728632,3362676.5969127,11.931939260329216,929.0,3679.0,932.1022241820071,3677.1943404247754,382.0173447677792,3.5894569752303953
R_xml,414,543126.0135728632,3362676.5969127,11.931939260329216,866.0,2337.0,868.3113703909032,2336.2975715393027,379.42461216260085,2.4157480883448326
R_xml,412,543126.0135728632,3362676.5969127,11.931939260329216,866.0,1940.0,867.9301567033949,1939.9470645334698,379.4932111651779,1.9308824571363987
R_xml,846,543103.3885675044,3363567.4555493733,16.185868677877693,2805.0,1687.0,2805.6255320564123,1687.595695390743,565.5128799441587,0.8637958972766134
R_xml,595,543103.3885675044,3363567.4555493733,16.185868677877693,3502.0,1312.0,3501.7249043213833,1312.048594107675,375.01701035463344,0.27935464859978826
R_xml,814,543103.3885675044,3363567.4555493733,16.185868677877693,1750.0,1894.0,1750.0544844337874,1893.85943706919,529.4093220117854,0.1507530797131402
R_xml,848,543103.3885675044,3363567.4555493733,16.185868677877693,2819.0,2045.0,2818.418738433382,2045.1771336384963,511.9831959265894,0.6076523140039806
R_xml,812,543103.3885675044,3363567.4555493733,16.185868677877693,1650.0,1476.0,1650.428335341905,1475.9389761763036,474.2135756901139,0.4326604583081655
R_xml,661,543103.3885675044,3363567.4555493733,16.185868677877693,792.0,2436.0,793.9871711883063,2435.059862448517,375.97026425660425,2.1983420906090445
R_xml,882,543103.3885675044,3363567.4555493733,16.185868677877693,3181.0,2320.0,3181.5912556979765,2320.031815148035,596.5662604899704,0.5921110571794774
R_xml,559,543103.3885675044,3363567.4555493733,16.185868677877693,2812.0,2590.0,2812.3247895099885,2589.7884174022875,376.2958990385181,0.38762794204410206
R_xml,596,543103.3885675044,3363567.4555493733,16.185868677877693,3503.0,1373.0,3503.3129928769963,1372.5674150050017,375.02545224732813,0.5339422430825835
R_xml,561,543103.3885675044,3363567.4555493733,16.185868677877693,2799.0,2856.0,2798.278174446499,2855.770217932878,376.67873075995067,0.7575169490233256
R_xml,665,543103.3885675044,3363567.4555493733,16.185868677877693,774.0,327.0,774.8305799133166,327.19255034254775,364.7481257912605,0.8526069591671267
R_xml,662,543103.3885675044,3363567.4555493733,16.185868677877693,794.0,2501.0,795.3154108506781,2499.9409502206227,376.0447991196425,1.68875461251207
R_xml,602,543187.2196243902,3363275.863252035,12.150323197821365,4148.0,86.0,4151.239217251783,83.53714581416898,377.9334272179697,4.069174258361741
R_xml,869,543187.2196243902,3363275.863252035,12.150323197821365,1165.0,2237.0,1165.4870462898793,2236.592094039464,493.88507280098094,0.6352962782246199
R_xml,870,543187.2196243902,3363275.863252035,12.150323197821365,983.0,2733.0,983.8977376826363,2732.7090201512683,439.0904261238119,0.9437172347652898
R_xml,481,542774.563238447,3363376.3062998573,21.878150067347292,5078.0,1132.0,5080.8915070936655,1129.8977668350485,369.9347170848747,3.5749402166385695
R_xml,484,542774.563238447,3363376.3062998573,21.878150067347292,5095.0,1861.0,5098.179625848628,1859.6778708480335,369.2170858234292,3.443551369116643
R_xml,939,542774.563238447,3363376.3062998573,21.878150067347292,4882.0,2310.0,4882.914387912353,2309.97628150731,470.0799279376395,0.9146954800111649
R_xml,490,542774.563238447,3363376.3062998573,21.878150067347292,4981.0,3285.0,4983.057649993905,3285.2906596104804,371.11619247408703,2.0780775987875737
R_xml,438,542774.563238447,3363376.3062998573,21.878150067347292,1195.0,1101.0,1194.5493737132824,1100.597944058733,368.61888021498044,0.6039147540745912
R_xml,920,542774.563238447,3363376.3062998573,21.878150067347292,1051.0,1191.0,1051.7706700752403,1190.5652223321704,434.0850048884299,0.8848525217878421
R_xml,498,542774.563238447,3363376.3062998573,21.878150067347292,4387.0,1769.0,4388.096329372067,1767.6804867578237,502.02677898993153,1.7155329458612496
R_xml,436,542774.563238447,3363376.3062998573,21.878150067347292,1222.0,3469.0,1223.0325435141763,3466.7721986702254,366.2586040480399,2.4554520711292493
R_xml,875,542774.563238447,3363376.3062998573,21.878150067347292,3454.0,3397.0,3454.2296181192114,3395.902790357017,373.0165053699971,1.1209788050295784
R_xml,480,542774.563238447,3363376.3062998573,21.878150067347292,5088.0,1109.0,5090.509923001494,1106.9990160831373,370.07540302413395,3.209929922750842
R_xml,414,543335.4351942211,3362673.788937416,15.57168592804112,2617.0,3326.0,2616.4537141695264,3325.878413008733,377.60827130209566,0.5596531113302509
R_xml,1071,543335.4351942211,3362673.788937416,15.57168592804112,1124.0,2996.0,1125.9957912511293,2995.498674235794,410.23766316585477,2.057792564847274
R_xml,1072,543335.4351942211,3362673.788937416,15.57168592804112,945.0,3679.0,946.5562598156428,3677.034784481595,356.19576420038607,2.506794097560425
R_xml,511,543335.4351942211,3362673.788937416,15.57168592804112,3776.0,534.0,3776.4817022533216,532.4085301046225,374.7779011398162,1.662772831371722
R_xml,1056,543335.4351942211,3362673.788937416,15.57168592804112,4549.0,1762.0,4550.628776940932,1761.4196709570276,511.57844400702663,1.7290737755887042
R_xml,529,543335.4351942211,3362673.788937416,15.57168592804112,601.0,3239.0,603.6489836671897,3237.283888092701,377.39281314984095,3.156288096389606
R_xml,416,543335.4351942211,3362673.788937416,15.57168592804112,2577.0,3533.0,2576.673850993916,3532.7217052079113,378.065757956606,0.428743706045106
R_xml,276,542476.8438820106,3363029.265897704,14.364065276119618,4250.0,1983.0,4251.723809482504,1981.8151749861127,545.5102070356065,2.0917288173912207
R_xml,278,542476.8438820106,3363029.265897704,14.364065276119618,4097.0,2283.0,4097.351755985612,2281.8334625583248,595.1877595870361,1.218417775741953
R_xml,274,542476.8438820106,3363029.265897704,14.364065276119618,4433.0,1631.0,4434.8039426995,1629.4483093937247,495.22924709771183,2.379485868981534
R_xml,299,542476.8438820106,3363029.265897704,14.364065276119618,590.0,1327.0,590.690176030414,1326.0998734161672,629.9902896749925,1.134271052209587
R_xml,301,542476.8438820106,3363029.265897704,14.364065276119618,436.0,1572.0,436.69090408949296,1571.425517119365,582.0497304634468,0.8985427318836053
R_xml,72,542476.8438820106,3363029.265897704,14.364065276119618,3083.0,2251.0,3083.869081699038,2250.508549766256,487.9779248112741,0.9984119049019095
R_xml,1051,542476.8438820106,3363029.265897704,14.364065276119618,175.0,2576.0,178.9652995720803,2574.078167131275,648.712653130836,4.406477308650439
R_xml,74,542476.8438820106,3363029.265897704,14.364065276119618,3130.0,2708.0,3129.8544239199086,2708.0833789765743,439.76353938620866,0.16776307349754516
R_xml,184,542476.8438820106,3363029.265897704,14.364065276119618,1709.0,1444.0,1710.0801409056994,1443.4330842775519,606.4791640460884,1.219876146387011
R_xml,945,542476.8438820106,3363029.265897704,14.364065276119618,3559.0,1738.0,3560.3819499668025,1738.0434177621728,559.7065401664789,1.3826318428336262
R_xml,155,542476.8438820106,3363029.265897704,14.364065276119618,3029.0,3745.0,3028.37565223221,3744.0842229465047,379.5661612876602,1.10835813113485
R_xml,161,542476.8438820106,3363029.265897704,14.364065276119618,2862.0,1779.0,2862.0868929550106,1777.8842626199084,513.9240293250083,1.1191158505552743
R_xml,186,542476.8438820106,3363029.265897704,14.364065276119618,1643.0,1726.0,1643.163827162321,1725.7787239004333,559.3379790641623,0.2753224497813519
R_xml,188,542476.8438820106,3363029.265897704,14.364065276119618,1549.0,2064.0,1549.6619011114176,2063.977803461893,511.1816175443065,0.6622731820025466
R_xml,154,542476.8438820106,3363029.265897704,14.364065276119618,3066.0,278.0,3066.3411960528474,276.3172491722539,366.13699000719464,1.7169930386459804
R_xml,1008,542476.8438820106,3363029.265897704,14.364065276119618,4414.0,1049.0,4414.982227867155,1047.0952538565107,713.1364229694842,2.14308876487982
R_xml,983,542476.8438820106,3363029.265897704,14.364065276119618,1167.0,2323.0,1168.5700283830315,2322.4125479417266,597.1022688055348,1.6763320208998427
R_xml,269,542476.8438820106,3363029.265897704,14.364065276119618,4859.0,692.0,4861.7768421933015,689.2557020449065,396.26367115931106,3.90410346082555
R_xml,1011,542476.8438820106,3363029.265897704,14.364065276119618,4736.0,1557.0,4738.377995649715,1556.2247404317736,601.9103518210517,2.5011778641648696
R_xml,1009,542476.8438820106,3363029.265897704,14.364065276119618,4554.0,1280.0,4555.918028443316,1278.532513222914,658.0207044155453,2.4150259937091945
R_xml,280,542476.8438820106,3363029.265897704,14.364065276119618,3962.0,2539.0,3961.804326245615,2538.3913102611614,644.5159907212147,0.6393679819341814
R_xml,1013,542476.8438820106,3363029.265897704,14.364065276119618,4912.0,1875.0,4913.361733698624,1873.5457536994368,548.3059479677987,1.9922728148201116
R_xml,979,542476.8438820106,3363029.265897704,14.364065276119618,896.0,1792.0,896.5008056298541,1791.1648967987603,509.96694492801964,0.9737574829567806
R_xml,395,542476.8438820106,3363029.265897704,14.364065276119618,5110.0,2470.0,5111.758249587885,2469.3493243580024,643.2656689443195,1.8747854288923453
R_xml,1054,542476.8438820106,3363029.265897704,14.364065276119618,593.0,3126.0,596.5996458031586,3124.8249026245144,798.6501577481713,3.786595271490047
R_xml,977,542476.8438820106,3363029.265897704,14.364065276119618,843.0,1592.0,844.2544878041258,1592.3057582163326,488.3251468354061,1.2912117322713856
R_xml,71,542556.9661598591,3362902.7673413735,21.67523280012813,3255.0,163.0,3256.436807831795,162.02422630897422,366.9056244042169,1.7368221099482042
R_xml,159,542556.9661598591,3362902.7673413735,21.67523280012813,3012.0,183.0,3013.1286995925725,182.16519257209006,352.5091057644574,1.4038754260855684
R_xml,72,542556.9661598591,3362902.7673413735,21.67523280012813,3249.0,3319.0,3249.851315781515,3318.931937132961,378.8072807190558,0.854032267379936
R_xml,232,542538.7855674662,3364048.887027707,25.97883349204085,416.0,2425.0,417.59913112874347,2424.3144840695113,453.5886038710333,1.739871391186753
R_xml,348,542538.7855674662,3364048.887027707,25.97883349204085,1997.0,2671.0,1997.3547442990816,2670.6186381729035,430.0099549792447,0.5208458129785597
R_xml,233,542538.7855674662,3364048.887027707,25.97883349204085,224.0,2885.0,226.79063054333255,2883.5178146762973,407.4000585331147,3.159824704501831
R_xml,347,542538.7855674662,3364048.887027707,25.97883349204085,4095.0,1131.0,4096.1044621662,1129.6712180423842,426.1071305690426,1.7278594177343456
R_xml,341,542538.7855674662,3364048.887027707,25.97883349204085,4510.0,533.0,4512.434483471001,531.5614936776767,363.46905863569697,2.8277217348849626
R_xml,464,542538.7855674662,3364048.887027707,25.97883349204085,3891.0,2937.0,3891.739069213465,2936.4930376595744,405.49955016440254,0.8962332937921642
R_xml,578,542538.7855674662,3364048.887027707,25.97883349204085,414.0,778.0,416.4015919175031,777.4408093707627,389.4015129015488,2.465834118111537
R_xml,965,542518.0497435101,3362811.0403825706,16.12566756589098,2458.0,1751.0,2458.860947369374,1751.7559083069023,553.0158172314627,1.1456996732460243
R_xml,192,542518.0497435101,3362811.0403825706,16.12566756589098,464.0,1849.0,466.32098222900004,1847.5783123358551,374.45893471003035,2.7217924832205185
R_xml,79,542518.0497435101,3362811.0403825706,16.12566756589098,2442.0,2928.0,2442.0268526972463,2928.3554254895985,376.59967188821923,0.35643841825162265
R_xml,36,542518.0497435101,3362811.0403825706,16.12566756589098,1822.0,688.0,1821.9574587565921,687.5233714377928,374.3711413187027,0.47852329483778916
R_xml,189,542518.0497435101,3362811.0403825706,16.12566756589098,478.0,1146.0,479.1189924704595,1146.516077974191,373.2568944246694,1.2322664583563228
R_xml,28,542518.0497435101,3362811.0403825706,16.12566756589098,2047.0,2111.0,2047.682738219583,2110.2460948907296,506.62423004872335,1.0171058894054286
R_xml,158,542518.0497435101,3362811.0403825706,16.12566756589098,3806.0,2511.0,3805.9936266405357,2509.92861080376,376.5203821209599,1.071408152634059
R_xml,612,543688.5564845344,3363141.2887094314,21.516052730886997,1131.0,2116.0,1131.6330508191727,2114.5976608454807,494.06187647264113,1.5386060067324043
R_xml,619,543688.5564845344,3363141.2887094314,21.516052730886997,639.0,350.0,640.3834165300716,349.8985815801,366.23741280252494,1.3871290464734574
R_xml,998,543688.5564845344,3363141.2887094314,21.516052730886997,1519.0,2338.0,1519.6357460164193,2337.120377971615,473.4881119561987,1.0853146595401504
R_xml,1000,543688.5564845344,3363141.2887094314,21.516052730886997,1243.0,3448.0,1243.9562427177232,3445.3138450514543,369.492581500782,2.8512854193845545
R_xml,642,543688.5564845344,3363141.2887094314,21.516052730886997,3687.0,3334.0,3687.0481625945704,3334.1209652457433,371.9595426868293,0.13020071502675995
R_xml,1061,543116.8580377251,3362198.8522363715,8.577474129188147,4456.0,3687.0,4456.040637292343,3685.589165259998,1101.061835835505,1.4114198713088086
R_xml,1062,543116.8580377251,3362198.8522363715,8.577474129188147,4368.0,3765.0,4369.047974167864,3764.4488778118193,1156.987142576366,1.1840546958711977
R_xml,999,543116.8580377251,3362198.8522363715,8.577474129188147,532.0,168.0,533.5839102211021,166.08740704438537,1110.1480279500274,2.4833009085445847
R_xml,1000,543116.8580377251,3362198.8522363715,8.577474129188147,418.0,266.0,419.337195077238,264.341604828669,1054.5128912139803,2.130343920329176
R_xml,1001,543116.8580377251,3362198.8522363715,8.577474129188147,292.0,358.0,294.04820951117654,356.04749797812633,997.3464148652109,2.8297396253179903
R_xml,906,542872.4283929644,3363262.124486918,22.259997593262426,2393.0,1852.0,2392.8674245216807,1851.7807715787942,534.6570552999361,0.25619788858608816
R_xml,247,542872.4283929644,3363262.124486918,22.259997593262426,1360.0,1903.0,1360.8097665288508,1901.8153141194293,522.2767509859118,1.4349921487139061
R_xml,250,542872.4283929644,3363262.124486918,22.259997593262426,1200.0,2321.0,1200.9309540182564,2321.709091455462,469.71872686122583,1.170250433162465
R_xml,886,542872.4283929644,3363262.124486918,22.259997593262426,2073.0,1336.0,2072.6782995897865,1334.762338302838,450.2042527636963,1.278787562714467
R_xml,884,542872.4283929644,3363262.124486918,22.259997593262426,2017.0,761.0,2016.8989407690542,759.9822973419575,395.68618696199263,1.0227080073736032
R_xml,383,542872.4283929644,3363262.124486918,22.259997593262426,2735.0,3696.0,2735.0247369778417,3694.3745129238678,372.2221867522384,1.6256752913007106
R_xml,820,542872.4283929644,3363262.124486918,22.259997593262426,381.0,1235.0,383.4354242835161,1235.0787060976663,437.823563275954,2.436695732041618
R_xml,908,542872.4283929644,3363262.124486918,22.259997593262426,2314.0,2778.0,2314.337318233342,2778.884020655221,425.00827173181915,0.9461903135216327
R_xml,683,542354.7847054871,3363940.8625649777,22.676829875873864,3937.0,2769.0,3936.8917961350962,2768.717839345301,421.5791416881478,0.3021964782063369
R_xml,684,542354.7847054871,3363940.8625649777,22.676829875873864,4081.0,3410.0,4081.697893953958,3408.950844920845,368.28106390737844,1.260072359464994
R_xml,718,542354.7847054871,3363940.8625649777,22.676829875873864,639.0,1472.0,640.397455257257,1472.420716255544,463.3846345576224,1.4594119924524838
R_xml,720,542354.7847054871,3363940.8625649777,22.676829875873864,920.0,2145.0,920.4374544192558,2144.6593669065405,557.5182610377833,0.5544341920248066
R_xml,125,542368.6414965913,3363625.4237848446,23.294440452821675,1197.0,1345.0,1197.4409592032234,1344.2170807797672,366.488769294121,0.8985585814610698
R_xml,221,542368.6414965913,3363625.4237848446,23.294440452821675,3054.0,1767.0,3054.768305242426,1766.2376338513611,367.88005262849975,1.0823562676538365
R_xml,228,542368.6414965913,3363625.4237848446,23.294440452821675,2857.0,1309.0,2857.0818531927102,1309.2623218261958,448.7030438632978,0.2747957162249352
R_xml,106,542368.6414965913,3363625.4237848446,23.294440452821675,4981.0,2629.0,4983.16159400237,2629.088372370532,370.5788014178311,2.163399710399504
R_xml,227,542368.6414965913,3363625.4237848446,23.294440452821675,2922.0,722.0,2922.380574938566,720.4419264770966,392.73539934136153,1.603879791828954
R_xml,223,542368.6414965913,3363625.4237848446,23.294440452821675,3023.0,2461.0,3022.704067390774,2461.67682973078,369.24260639603557,0.7386979042009382
R_xml,236,542368.6414965913,3363625.4237848446,23.294440452821675,3256.0,2651.0,3256.8348180873086,2651.6252699688343,436.7632027466305,1.0430166694850345
R_xml,704,542368.6414965913,3363625.4237848446,23.294440452821675,2941.0,3037.0,2940.0435747341253,3036.3617301568984,400.2918330127634,1.149842459564131
R_xml,776,543148.9486896378,3363620.5336053036,17.412919992399452,3757.0,969.0,3757.5345630111487,968.06953766133,714.2261101903514,1.0730879631100905
R_xml,840,543148.9486896378,3363620.5336053036,17.412919992399452,2679.0,581.0,2680.10222359201,579.9208918681013,827.3290623046347,1.5425210556466527
R_xml,839,543148.9486896378,3363620.5336053036,17.412919992399452,2679.0,434.0,2678.9285570281136,433.1868737800887,881.7045730513108,0.8162587504824534
R_xml,756,543148.9486896378,3363620.5336053036,17.412919992399452,1219.0,3330.0,1220.848651689176,3328.055813647148,873.1447665303473,2.6827921355387483
R_xml,758,543148.9486896378,3363620.5336053036,17.412919992399452,1356.0,3565.0,1357.6499298373203,3563.318900891105,984.8107123010549,2.355496270854113
R_xml,836,543148.9486896378,3363620.5336053036,17.412919992399452,2659.0,120.0,2658.4488343326275,117.88279347700654,1047.1466791334533,2.1877721668163326
R_xml,778,543148.9486896378,3363620.5336053036,17.412919992399452,3844.0,1196.0,3845.007859617332,1195.2293306179154,660.3978649766392,1.2687443811625307
R_xml,953,543148.9486896378,3363620.5336053036,17.412919992399452,4032.0,3203.0,4032.5128943880845,3203.7667067113016,819.469463920452,0.9224423204100699
R_xml,818,543148.9486896378,3363620.5336053036,17.412919992399452,2074.0,2737.0,2074.830641366335,2737.37814658957,686.6209419872453,0.9126663808151065
R_xml,753,543148.9486896378,3363620.5336053036,17.412919992399452,992.0,2866.0,993.0208291276531,2864.379657861982,725.3957950866248,1.9150981050852387
R_xml,718,542377.2336577125,3363624.1519720363,21.07996376064125,2815.0,2163.0,2815.511325513197,2163.294667175241,567.1217283525547,0.590154661602044
R_xml,720,542377.2336577125,3363624.1519720363,21.07996376064125,2753.0,2647.0,2752.9352198944944,2647.025477463335,663.0028177787384,0.06961007978234228
R_xml,208,542377.2336577125,3363624.1519720363,21.07996376064125,3046.0,1855.0,3045.1589162361547,1855.0998778445426,529.7670882947438,0.8469932004654042
R_xml,205,542377.2336577125,3363624.1519720363,21.07996376064125,3005.0,1519.0,3004.223918537319,1518.1329618788554,582.5833333441025,1.1636397811327766
R_xml,257,542377.2336577125,3363624.1519720363,21.07996376064125,2881.0,2243.0,2881.5706305819385,2242.2604607157564,571.43928590381,0.9340972186999976
R_xml,385,542377.2336577125,3363624.1519720363,21.07996376064125,3767.0,3177.0,3766.9214039342705,3177.007656150553,814.343948038857,0.07896808335929857
R_xml,308,542377.2336577125,3363624.1519720363,21.07996376064125,2012.0,551.0,2011.48596484932,550.1835651322715,823.0926625671755,0.964778746333827
R_xml,314,542377.2336577125,3363624.1519720363,21.07996376064125,1902.0,894.0,1901.8652331594194,893.1176066690098,718.0275295951578,0.8926253928138624
R_xml,721,542377.2336577125,3363624.1519720363,21.07996376064125,2684.0,3121.0,2683.8269832656133,3119.597194379322,678.0142117794786,1.4134349648228073
R_xml,723,542377.2336577125,3363624.1519720363,21.07996376064125,2761.0,3067.0,2761.3449033519983,3066.2141918425805,765.3285923143753,0.8581682716616243
R_xml,719,542377.2336577125,3363624.1519720363,21.07996376064125,2768.0,2381.0,2768.978786642481,2380.507819736922,606.4068133088794,1.0955659281222285
R_xml,317,542377.2336577125,3363624.1519720363,21.07996376064125,1829.0,1109.0,1828.4089739067497,1108.1625067025684,664.5888198360071,1.0250399339272487
R_xml,724,542377.2336577125,3363624.1519720363,21.07996376064125,2748.0,3235.0,2747.2009139277006,3234.750216286874,821.3135279909545,0.8372158946686237
R_xml,722,542377.2336577125,3363624.1519720363,21.07996376064125,2771.0,2922.0,2771.1545066491094,2921.0306886964468,713.470993866843,0.9815481179316172
R_xml,125,542379.8291162218,3363814.2988496004,24.996583488774206,207.0,2840.0,211.09478361313677,2838.917306312763,365.9192088095765,4.23550214954458
R_xml,127,542379.8291162218,3363814.2988496004,24.996583488774206,235.0,3458.0,238.41253087884752,3455.2324287360398,367.3181159350884,4.3937248093373205
R_xml,223,542379.8291162218,3363814.2988496004,24.996583488774206,4090.0,914.0,4091.5091261538873,912.3399818459618,365.1205732084993,2.2434620612087857
R_xml,225,542379.8291162218,3363814.2988496004,24.996583488774206,4068.0,1612.0,4068.5343037576904,1612.0844284702628,366.63912661844006,0.5409331493567271
R_xml,6,541829.2780581648,3363371.9882600503,23.09711199524986,4756.0,3102.0,4756.235222106215,3101.2346399079993,394.39574055613326,0.800690645430193
R_xml,3,541829.2780581648,3363371.9882600503,23.09711199524986,4180.0,1667.0,4181.677176751193,1666.35532755427,558.953764256332,1.7968095105004982
R_xml,7,541829.2780581648,3363371.9882600503,23.09711199524986,4893.0,952.0,4896.1153914847455,951.1753463009507,369.0567987750032,3.222687981573839
R_xml,699,541973.1668111797,3363364.8746347604,28.305004006854404,3343.0,3785.0,3343.3759556771,3784.7671738508916,339.86480109090286,0.44221113379524013
R_xml,18,541973.1668111797,3363364.8746347604,28.305004006854404,3749.0,3627.0,3749.33443115292,3626.8431469879924,365.13680839069815,0.3693874164332066
R_xml,698,541973.1668111797,3363364.8746347604,28.305004006854404,3275.0,3052.0,3275.4114738260314,3051.9260415601148,394.2700072043457,0.41806765043372573
R_xml,389,542841.8885041014,3363121.6626183065,18.45663025139362,3589.0,826.0,3589.712782540099,824.1551140091428,405.6939529597264,1.9777925241872374
R_xml,264,542841.8885041014,3363121.6626183065,18.45663025139362,1643.0,1586.0,1642.656281235336,1586.496228232437,372.03917870795436,0.603643146113375
R_xml,203,542841.8885041014,3363121.6626183065,18.45663025139362,4584.0,400.0,4586.851177804369,398.29586403696976,368.30216998448566,3.321640295489822
R_xml,388,542841.8885041014,3363121.6626183065,18.45663025139362,3658.0,3689.0,3659.0016064922193,3688.7050791405627,375.78510608366577,1.0441234977659444
R_xml,308,542841.8885041014,3363121.6626183065,18.45663025139362,2625.0,3634.0,2625.032787170136,3632.7041441593756,359.395970569306,1.2962705574863496
R_xml,204,542841.8885041014,3363121.6626183065,18.45663025139362,4519.0,3764.0,4520.5011563890785,3762.3286820177614,376.8618978146868,2.246502682443379
R_xml,307,542841.8885041014,3363121.6626183065,18.45663025139362,2625.0,471.0,2625.1475192576427,470.9591605078899,370.58331010703176,0.15306794403549692
R_xml,386,542841.8885041014,3363121.6626183065,18.45663025139362,3668.0,3404.0,3668.4769215372853,3402.6382907457673,375.55345626697033,1.44281192322127
R_xml,703,542368.2604482281,3363880.8245393657,22.665127392001295,1370.0,1763.0,1370.9005054947413,1762.0922046597823,542.7119316468913,1.2786721729123116
R_xml,757,542368.2604482281,3363880.8245393657,22.665127392001295,4480.0,2082.0,4481.301209598374,2081.737991605701,549.186838225838,1.3273261911014187
R_xml,694,542368.2604482281,3363880.8245393657,22.665127392001295,2942.0,3293.0,2943.0016385282456,3293.103943380589,845.6429264807314,1.007017362131524
R_xml,695,542368.2604482281,3363880.8245393657,22.665127392001295,2913.0,3560.0,2912.3690945586286,3559.4179979822384,891.5309299727701,0.8583519235317404
R_xml,349,542368.2604482281,3363880.8245393657,22.665127392001295,4004.0,2742.0,4004.242248546985,2742.1933125495325,424.48768343330283,0.30992595942121925
R_xml,229,542368.2604482281,3363880.8245393657,22.665127392001295,4227.0,190.0,4228.095320755098,187.30064172962238,350.5647855125197,2.913119054965863
R_xml,702,542368.2604482281,3363880.8245393657,22.665127392001295,1482.0,1441.0,1482.7489718020238,1440.7535513401813,597.0461962054852,0.7884768241065854
R_xml,699,542368.2604482281,3363880.8245393657,22.665127392001295,1738.0,751.0,1738.5239639048705,750.236552654168,760.7955969065554,0.9259535752212548
R_xml,688,542368.2604482281,3363880.8245393657,22.665127392001295,3242.0,1824.0,3242.02876606514,1823.7918139062022,509.11877985730143,0.21016406960861891
R_xml,759,542368.2604482281,3363880.8245393657,22.665127392001295,4141.0,2657.0,4141.859474065422,2656.7044968216464,661.029344359712,0.9088552126436031
R_xml,463,542368.2604482281,3363880.8245393657,22.665127392001295,320.0,1004.0,322.0782222812577,1002.5503843883323,411.2536217913681,2.5338494966960146
R_xml,689,542368.2604482281,3363880.8245393657,22.665127392001295,3187.0,2197.0,3187.6120581435425,2197.536640285087,564.3090534970848,0.8140012080180232
R_xml,700,542368.2604482281,3363880.8245393657,22.665127392001295,1657.0,941.0,1656.698975597602,939.9398584749928,705.8497815724895,1.1020506993254713
R_xml,693,542368.2604482281,3363880.8245393657,22.665127392001295,2989.0,3139.0,2989.199296118006,3139.4497823569645,789.2499240291461,0.49195844467673744
R_xml,683,542368.2604482281,3363880.8245393657,22.665127392001295,3413.0,2643.0,3412.5301328020496,2643.0784428621046,434.079740539897,0.4763700938607744
R_xml,756,542368.2604482281,3363880.8245393657,22.665127392001295,4707.0,1695.0,4707.787854094707,1694.0745018046316,492.47285307741646,1.2154262561654379
R_xml,21,542107.0367049538,3362950.0283482787,21.144350966939783,4580.0,256.0,4582.594438887334,253.6530912870785,369.24333682129816,3.4984416026136467
R_xml,27,542107.0367049538,3362950.0283482787,21.144350966939783,4602.0,1684.0,4603.692585923632,1683.9027063419298,370.82695967314646,1.6953799470256634
R_xml,30,542107.0367049538,3362950.0283482787,21.144350966939783,4583.0,2430.0,4584.724747044314,2429.1184449630664,371.210442557676,1.9369800334578466
R_xml,33,542107.0367049538,3362950.0283482787,21.144350966939783,4534.0,3168.0,4535.499973503146,3167.375224446452,371.60504451438976,1.624889227747925
R_xml,35,542107.0367049538,3362950.0283482787,21.144350966939783,4515.0,482.0,4517.122042154295,479.0708249371248,370.82523645387056,3.61706088607505
R_xml,647,543083.968728912,3364209.9686932564,21.496550463909614,3128.0,339.0,3129.1018543532664,336.86715492023495,913.6674781176828,2.4006480687701948
R_xml,649,543083.968728912,3364209.9686932564,21.496550463909614,3163.0,451.0,3163.8830315954306,449.62449552250496,864.6683823572997,1.6345511206865204
R_xml,651,543083.968728912,3364209.9686932564,21.496550463909614,3188.0,576.0,3188.569747476754,574.7529796098152,816.4268357924803,1.3710113204508005
R_xml,653,543083.968728912,3364209.9686932564,21.496550463909614,3215.0,720.0,3216.017276159061,718.8122398577102,768.2748954512535,1.563849397930117
R_xml,616,543083.968728912,3364209.9686932564,21.496550463909614,1750.0,3552.0,1750.1312225250335,3551.39372734253,965.6347390730365,0.6203111205451665
R_xml,548,543083.968728912,3364209.9686932564,21.496550463909614,4130.0,624.0,4130.942046525746,622.4431148533977,813.1177109668861,1.8197095967163421
R_xml,536,543083.968728912,3364209.9686932564,21.496550463909614,3831.0,155.0,3832.4165775567385,152.45632715122224,1026.0659443329532,2.9115225459996683
R_xml,539,543083.968728912,3364209.9686932564,21.496550463909614,3890.0,256.0,3891.9936948886248,253.32912608004085,974.097476870471,3.332924662401843
R_xml,613,543083.968728912,3364209.9686932564,21.496550463909614,1692.0,3436.0,1692.1504819140973,3434.8950676623163,910.6458716957034,1.1151324034973022
R_xml,1076,542524.7120321979,3361904.2419812907,11.720094639746208,1027.0,343.0,1027.861352782809,342.01149239239703,954.995535389554,1.3111353502754073
R_xml,1011,542524.7120321979,3361904.2419812907,11.720094639746208,364.0,382.0,366.6048738076224,381.7413089709696,969.9395205292009,2.6176876441122903
R_xml,1073,542524.7120321979,3361904.2419812907,11.720094639746208,1176.0,144.0,1175.671854873939,142.80390427396742,1061.2198603934698,1.2402919856190893
R_xml,1074,542524.7120321979,3361904.2419812907,11.720094639746208,1128.0,231.0,1128.189999674611,230.16285042708546,1008.9064814912986,0.8584400292293579
R_xml,1080,542524.7120321979,3361904.2419812907,11.720094639746208,801.0,612.0,801.1619354625295,611.6786883802349,845.8030170516639,0.35981141035369274
R_xml,1054,542524.7120321979,3361904.2419812907,11.720094639746208,4245.0,3794.0,4245.490461950021,3793.7113918378345,1180.957854557041,0.5690760895408714
R_xml,1047,542524.7120321979,3361904.2419812907,11.720094639746208,4741.0,3340.0,4742.245670541213,3339.8363723515313,915.4365724886005,1.2563714039208045
R_xml,891,542597.1659099222,3363474.6541614574,21.648467408487647,4104.0,2475.0,4103.725701287637,2474.225348235451,618.8889369711877,0.821781686290878
R_xml,771,542597.1659099222,3363474.6541614574,21.648467408487647,3081.0,1446.0,3080.0689985738345,1445.267759654606,599.9329819547384,1.1844575040688536
R_xml,772,542597.1659099222,3363474.6541614574,21.648467408487647,3125.0,1763.0,3125.5126523933527,1762.2534508126585,544.856353060639,0.9056203208467551
R_xml,892,542597.1659099222,3363474.6541614574,21.648467408487647,3978.0,2724.0,3978.208975516755,2722.827631490077,674.9328638962018,1.1908478868699217
R_xml,653,543441.7362827092,3363778.710157612,25.112965281127117,4589.0,3214.0,4590.218303694103,3213.5597640073815,380.7920487800003,1.2954040374579776
R_xml,655,543441.7362827092,3363778.710157612,25.112965281127117,4657.0,884.0,4659.887871600902,882.3926569709927,365.75466818417493,3.305049772120771
R_xml,658,543441.7362827092,3363778.710157612,25.112965281127117,4675.0,1609.0,4676.340405499862,1608.151167327962,365.86968431023615,1.5865698248671964
R_xml,662,543441.7362827092,3363778.710157612,25.112965281127117,4656.0,2409.0,4657.573090076274,2408.588294138004,366.9195667602647,1.6260732163321086
R_xml,140,542583.8252260761,3363322.396167919,19.62762196341771,812.0,1961.0,813.1843774297079,1960.3881101315455,370.6263186885304,1.3331013116483756
R_xml,207,542583.8252260761,3363322.396167919,19.62762196341771,3449.0,1625.0,3448.463175640967,1624.0040602300378,371.3368400828925,1.1314046216289668
R_xml,143,542583.8252260761,3363322.396167919,19.62762196341771,796.0,2706.0,797.4929856157378,2705.4270868715,371.66811372005685,1.5991358608973187
R_xml,210,542583.8252260761,3363322.396167919,19.62762196341771,3430.0,2388.0,3429.18565478205,2388.229900068539,372.51222371064165,0.84617502652377
R_xml,824,542583.8252260761,3363322.396167919,19.62762196341771,1950.0,1623.0,1950.4432062045275,1622.0383319328705,488.9430414843946,1.0588848903767996
R_xml,823,542583.8252260761,3363322.396167919,19.62762196341771,1884.0,1125.0,1884.0784101281022,1123.5952188177805,432.92907176985784,1.4069677743669187
R_xml,249,542583.8252260761,3363322.396167919,19.62762196341771,2924.0,868.0,2923.8289784725303,867.2998037684515,370.9870436167385,0.7207795262996797
R_xml,128,542583.8252260761,3363322.396167919,19.62762196341771,1428.0,2040.0,1428.322726875589,2040.2349716713293,508.1515526197612,0.3992046123916355
R_xml,261,542583.8252260761,3363322.396167919,19.62762196341771,2798.0,3839.0,2797.297244274149,3838.2795545295276,373.4188845608312,1.0064329516370332
R_xml,314,542583.8252260761,3363322.396167919,19.62762196341771,1661.0,2392.0,1662.1752261557617,2392.0864333595796,464.9138504998229,1.1784002897295491
R_xml,317,542583.8252260761,3363322.396167919,19.62762196341771,1520.0,2931.0,1521.121503767101,2930.657007426705,411.40116789613535,1.1727807147789346
R_xml,245,542583.8252260761,3363322.396167919,19.62762196341771,2928.0,2728.0,2929.054106954732,2727.385095185792,432.2345688535294,1.2203480661477755
R_xml,379,542583.8252260761,3363322.396167919,19.62762196341771,4492.0,1267.0,4493.927126970431,1266.5801967763286,447.4995133240228,1.97232175538596
R_xml,172,542826.3440159846,3363254.676548321,23.751191235218016,854.0,3314.0,856.0337252804402,3311.1044253587534,845.4753311221839,3.53841645645791
R_xml,64,542826.3440159846,3363254.676548321,23.751191235218016,4950.0,972.0,4951.9485069104885,970.105457733115,713.2153238411807,2.7177140359565226
R_xml,966,542826.3440159846,3363254.676548321,23.751191235218016,1504.0,514.0,1504.4811427801912,512.1192290153447,829.6421546531293,1.9413391954142214
R_xml,967,542826.3440159846,3363254.676548321,23.751191235218016,1430.0,674.0,1430.7344205762058,673.2715793713387,775.739156460162,1.0343936363946797
R_xml,404,542826.3440159846,3363254.676548321,23.751191235218016,2715.0,3644.0,2714.4731801927974,3642.658132946478,992.1054553170683,1.4415777116024402
R_xml,1091,542826.3440159846,3363254.676548321,23.751191235218016,4961.0,3199.0,4962.850806111371,3199.3905176625503,841.4407003282556,1.8915568473220734
R_xml,972,542826.3440159846,3363254.676548321,23.751191235218016,786.0,2010.0,787.3623066623395,2009.9252365116338,505.1875106785399,1.3643566327933805
R_xml,957,542826.3440159846,3363254.676548321,23.751191235218016,3412.0,2881.0,3411.994945287295,2882.0337528235877,711.660688129038,1.0337651814586173
R_xml,974,542826.3440159846,3363254.676548321,23.751191235218016,326.0,3020.0,328.9820084890671,3019.4031689469857,395.8100506687398,3.0411481277159607
R_xml,968,542826.3440159846,3363254.676548321,23.751191235218016,1349.0,860.0,1350.120865384895,859.2333588555425,722.4911549833121,1.3579682821888908
R_xml,61,542826.3440159846,3363254.676548321,23.751191235218016,4527.0,443.0,4528.654914414045,441.3932438999318,874.563818428579,2.3066007203071623
R_xml,1024,542826.3440159846,3363254.676548321,23.751191235218016,4535.0,2713.0,4535.779102817853,2712.3200734376055,670.6652945175055,1.0340702737413305
R_xml,1037,542826.3440159846,3363254.676548321,23.751191235218016,190.0,1117.0,193.12330114502765,1115.8558138137596,669.7212524785509,3.3262850255674734
R_xml,1025,542826.3440159846,3363254.676548321,23.751191235218016,4393.0,2915.0,4393.649727914459,2915.1977084420023,726.3213651553275,0.6791428353931427
R_xml,58,542826.3440159846,3363254.676548321,23.751191235218016,269.0,3500.0,272.1504595558931,3496.2977321223434,941.8636435087585,4.861294359658357
R_xml,60,542826.3440159846,3363254.676548321,23.751191235218016,4439.0,313.0,4441.641336828515,311.7299444382022,925.8508635366318,2.9308192321810123
R_xml,173,542826.3440159846,3363254.676548321,23.751191235218016,947.0,3443.0,949.6555475747298,3440.5454397540407,901.4110748122362,3.616185686976975
R_xml,267,542826.3440159846,3363254.676548321,23.751191235218016,1070.0,3498.0,1071.2377941775885,3495.7405049581994,367.86624391829304,2.576325342419626
R_xml,953,542826.3440159846,3363254.676548321,23.751191235218016,3833.0,1676.0,3832.7210452405616,1675.9406753606067,485.97426217508905,0.28519321635075134
R_xml,958,542826.3440159846,3363254.676548321,23.751191235218016,3366.0,3074.0,3365.673371454855,3073.959600219233,767.2493015365318,0.3291175303589518
R_xml,406,542826.3440159846,3363254.676548321,23.751191235218016,2103.0,90.0,2104.341640753147,88.76279648470245,1042.3943063409608,1.8250129996167186
R_xml,401,542826.3440159846,3363254.676548321,23.751191235218016,2753.0,3265.0,2753.352259258119,3263.971482602453,825.8330236954188,1.0871681663788955
R_xml,402,542826.3440159846,3363254.676548321,23.751191235218016,2728.0,3409.0,2728.0737355021884,3407.9159402253654,881.332648694521,1.0865645490553437
R_xml,403,542826.3440159846,3363254.676548321,23.751191235218016,2718.0,3537.0,2717.6903404387904,3535.5201527275667,936.6524702110507,1.5118984733032792
R_xml,970,542826.3440159846,3363254.676548321,23.751191235218016,1119.0,1332.0,1120.022497634224,1332.2850839865473,614.3003663613375,1.0614962512319115
R_xml,767,542826.3440159846,3363254.676548321,23.751191235218016,4159.0,463.0,4159.996841589722,460.36500710796486,883.3577456315155,2.8172470065784285
R_xml,1032,542826.3440159846,3363254.676548321,23.751191235218016,893.0,330.0,894.3718169060412,329.6187057284985,945.8518524680914,1.423821247622152
R_xml,193,542826.3440159846,3363254.676548321,23.751191235218016,4891.0,2870.0,4892.329990866234,2870.016840633508,410.6591609867966,1.3300974818420002
R_xml,274,542826.3440159846,3363254.676548321,23.751191235218016,1359.0,1717.0,1360.1771362844806,1717.320406507672,489.30064392956933,1.2199631807556621
R_xml,971,542826.3440159846,3363254.676548321,23.751191235218016,966.0,1639.0,967.3829269888793,1638.4054314965922,559.6221814997994,1.5053234741460901
R_xml,952,542826.3440159846,3363254.676548321,23.751191235218016,3981.0,1180.0,3981.420185386977,1179.8425641173335,430.99595175549433,0.44871128421309914
R_xml,1036,542826.3440159846,3363254.676548321,23.751191235218016,355.0,913.0,357.4582347624346,912.5601692291127,723.4736135703096,2.4972723628513425
R_xml,1026,542826.3440159846,3363254.676548321,23.751191235218016,4248.0,3092.0,4248.776758653311,3091.4627347548094,783.8254721206698,0.9444617245728619
R_xml,305,542826.3440159846,3363254.676548321,23.751191235218016,3058.0,2103.0,3057.789445097434,2102.2473551375133,493.06831734272964,0.7815418453430277
R_xml,405,542826.3440159846,3363254.676548321,23.751191235218016,2689.0,3737.0,2688.7285961936727,3735.93383184038,1048.0824421311597,1.1001702462237315
R_xml,950,542826.3440159846,3363254.676548321,23.751191235218016,4144.0,559.0,4146.698859776796,557.3942272170495,376.1736713237176,3.140437919346775
R_xml,4,541883.9160537352,3363312.5681297733,24.616807040946128,4068.0,1685.0,4068.0534556925727,1684.5257442382406,558.3280122828642,0.4772588800959468
R_xml,5,541883.9160537352,3363312.5681297733,24.616807040946128,4219.0,2069.0,4219.288613809341,2068.3804670079185,503.4542786426764,0.6834610882996457
R_xml,6,541883.9160537352,3363312.5681297733,24.616807040946128,4399.0,2528.0,4399.204678797362,2528.0809321190777,448.5228718630871,0.22009865512552756
R_xml,830,541883.9160537352,3363312.5681297733,24.616807040946128,4837.0,720.0,4840.689141097564,716.9747649633894,386.54961876207307,4.770933772803049
R_xml,430,542911.3902041663,3363247.8796877563,19.068143790731142,1704.0,3780.0,1705.3969679468619,3778.3850615150113,348.15430039269813,2.1353092878683855
R_xml,842,542911.3902041663,3363247.8796877563,19.068143790731142,4349.0,2627.0,4348.829879790825,2627.4668001561713,442.7155739577768,0.4968332430216629
R_xml,440,542911.3902041663,3363247.8796877563,19.068143790731142,1649.0,104.0,1649.295516841691,103.90507449282154,348.07414431471227,0.31038855590399633
R_xml,874,542911.3902041663,3363247.8796877563,19.068143790731142,1753.0,3181.0,1753.5829228153318,3179.7910073292805,391.86315003021065,1.3421856378637507
R_xml,322,542911.3902041663,3363247.8796877563,19.068143790731142,3720.0,3470.0,3721.3178550783905,3469.27887743295,375.50444232398524,1.5022515649345136
R_xml,884,542911.3902041663,3363247.8796877563,19.068143790731142,1771.0,967.0,1771.3424309596055,966.3960276497837,417.1331306901566,0.6942921301024
R_xml,327,542911.3902041663,3363247.8796877563,19.068143790731142,3519.0,1277.0,3519.539723340652,1275.416967829997,450.39866017043096,1.6725107281296931
R_xml,482,542911.3902041663,3363247.8796877563,19.068143790731142,4370.0,2646.0,4371.576675550727,2645.0959571377607,440.81932823476467,1.8174705744591217
R_xml,910,542911.3902041663,3363247.8796877563,19.068143790731142,2572.0,3191.0,2572.9263834244557,3191.0263548777884,392.5886158735774,0.9267582363753379
R_xml,490,542911.3902041663,3363247.8796877563,19.068143790731142,4581.0,1583.0,4582.459832178883,1581.0803113082789,372.7731216806445,2.411703684871588
R_xml,438,542911.3902041663,3363247.8796877563,19.068143790731142,1711.0,2875.0,1711.7768096259647,2874.209725839268,373.6585674792037,1.1081364735953871
R_xml,920,542911.3902041663,3363247.8796877563,19.068143790731142,2537.0,727.0,2537.944365666109,725.4946376978983,397.4808649227975,1.7770599798304239
R_xml,441,542911.3902041663,3363247.8796877563,19.068143790731142,1700.0,3583.0,1701.0870474882558,3582.6295726103854,374.2124910583915,1.148428793047292
R_xml,429,542911.3902041663,3363247.8796877563,19.068143790731142,1750.0,637.0,1750.6109792523457,635.7962960825705,370.8069112767661,1.3498884278458114
R_xml,432,542911.3902041663,3363247.8796877563,19.068143790731142,1724.0,1369.0,1724.7760653914393,1368.3442920327273,371.45559113679946,1.0159874163269593
R_xml,319,542911.3902041663,3363247.8796877563,19.068143790731142,3760.0,2750.0,3761.084630967958,2749.887755270697,374.2464467128689,1.0904234112995934
R_xml,369,542911.3902041663,3363247.8796877563,19.068143790731142,2574.0,2911.0,2573.474434709887,2910.8080731971477,416.24688912770046,0.5595129773512629
R_xml,448,542911.3902041663,3363247.8796877563,19.068143790731142,1849.0,1738.0,1848.2034464302246,1737.5548987253921,500.8460369535303,0.9124761554032068
R_xml,443,542911.3902041663,3363247.8796877563,19.068143790731142,1734.0,796.0,1734.8070313479639,796.227091853289,401.7310999501898,0.8383736079019967
R_xml,383,542911.3902041663,3363247.8796877563,19.068143790731142,2480.0,3383.0,2479.466497131601,3382.060656164669,374.761072381972,1.080274109457423
R_xml,435,542911.3902041663,3363247.8796877563,19.068143790731142,1704.0,2119.0,1704.9334452107191,2118.970453546124,372.27960961522405,0.9339127123832895
R_xml,919,542911.3902041663,3363247.8796877563,19.068143790731142,2532.0,223.0,2532.406498112235,221.62441074188564,358.1123201941837,1.4343941307361534
R_xml,366,542911.3902041663,3363247.8796877563,19.068143790731142,2603.0,2376.0,2602.593201390193,2376.510155814252,469.5297414821485,0.6524906618151689
R_xml,310,542911.3902041663,3363247.8796877563,19.068143790731142,3821.0,512.0,3822.4786946779973,511.2902156106227,370.3601238737631,1.6402231037700998
R_xml,372,542911.3902041663,3363247.8796877563,19.068143790731142,2546.0,3572.0,2546.5831929293618,3569.9682779963105,363.6664343772142,2.1137663761952927
R_xml,380,542911.3902041663,3363247.8796877563,19.068143790731142,2500.0,2654.0,2499.2088680398824,2654.515443094278,373.49365560173595,0.9442305659945373
R_xml,948,542911.3902041663,3363247.8796877563,19.068143790731142,3694.0,477.0,3694.2783026837915,474.58517284119944,375.96578345751095,2.4308110972855004
R_xml,371,542911.3902041663,3363247.8796877563,19.068143790731142,2544.0,416.0,2543.966369167547,415.5128564022102,370.5683649117135,0.4883031002963866
R_xml,256,542911.3902041663,3363247.8796877563,19.068143790731142,675.0,3184.0,677.2883912485115,3183.3388339721737,389.39186209432376,2.381989719250635
R_xml,324,542911.3902041663,3363247.8796877563,19.068143790731142,3664.0,704.0,3665.2885981947525,702.0326766674959,395.3856318056215,2.3517751597748924
R_xml,258,542911.3902041663,3363247.8796877563,19.068143790731142,545.0,839.0,547.3657586591494,837.8505133176318,370.3152488611763,2.6302345268591787
R_xml,313,542911.3902041663,3363247.8796877563,19.068143790731142,3814.0,1250.0,3815.1385423957304,1250.2769488619083,371.7660447926955,1.1717420616278054
R_xml,264,542911.3902041663,3363247.8796877563,19.068143790731142,467.0,2281.0,469.8344202271901,2279.5187022775326,371.22254758827404,3.19815274289572
R_xml,493,542911.3902041663,3363247.8796877563,19.068143790731142,4548.0,2315.0,4549.32970593803,2314.443632523364,373.4966324158445,1.441409952335182
R_xml,487,542911.3902041663,3363247.8796877563,19.068143790731142,4597.0,859.0,4599.811998293281,856.323149675588,371.7447356488339,3.882378402567365
R_xml,479,542911.3902041663,3363247.8796877563,19.068143790731142,4218.0,2189.0,4219.33649361892,2188.951845990474,494.13630906043795,1.3373608346468808
R_xml,882,542911.3902041663,3363247.8796877563,19.068143790731142,1667.0,307.0,1667.2552092759008,305.63400692388564,362.6398199408922,1.3896290362892558
R_xml,963,542303.6063345459,3362722.0401523686,19.710272860340694,2301.0,2161.0,2300.6744780942463,2161.984294373093,493.77908407079104,1.0367255779750162
R_xml,961,542303.6063345459,3362722.0401523686,19.710272860340694,2171.0,1018.0,2171.324990785027,1017.4817435538461,423.01745468283684,0.6117260451643685
R_xml,1031,542303.6063345459,3362722.0401523686,19.710272860340694,750.0,2148.0,751.6097459004109,2147.785686841975,495.9817063379352,1.6239495046313173
R_xml,270,542803.9953729592,3363134.92473399,18.98001071525914,1815.0,3369.0,1815.359747472999,3367.6432150667642,372.89724633348646,1.4036679092238202
R_xml,261,542803.9953729592,3363134.92473399,18.98001071525914,1919.0,1155.0,1919.1534032686625,1154.4541521453161,371.3418820049141,0.5669942180475204
R_xml,841,542803.9953729592,3363134.92473399,18.98001071525914,4903.0,3134.0,4904.167399748367,3134.0401854729917,392.98223812424425,1.1680911970930505
R_xml,531,543410.6376040601,3362752.754679797,15.331830083091347,1548.0,3625.0,1548.7207079962714,3623.0298689339584,378.4072986778494,2.0978170638241576
R_xml,1059,543410.6376040601,3362752.754679797,15.331830083091347,4079.0,2341.0,4080.7705386772213,2341.1218867657813,604.39505768803,1.7747291599591477
R_xml,1066,543410.6376040601,3362752.754679797,15.331830083091347,1805.0,1423.0,1804.916896906217,1423.864491942461,611.1152409547875,0.8684770824703674
R_xml,518,543410.6376040601,3362752.754679797,15.331830083091347,2585.0,1198.0,2584.1366095208214,1198.374196279568,443.0036897892346,0.9409920165329883
R_xml,1057,543410.6376040601,3362752.754679797,15.331830083091347,4399.0,1623.0,4401.136953348461,1621.7300818616766,492.74471478679055,2.485812078887412
R_xml,394,543291.4251055385,3362751.7927863826,10.401347634645958,1711.0,415.0,1710.6812919388638,414.07986879471036,377.90899807898194,0.9737639668733817
R_xml,1069,543291.4251055385,3362751.7927863826,10.401347634645958,2045.0,2025.0,2045.3020022884984,2024.6869371981722,523.0873906379783,0.4349870114687802
R_xml,1070,543291.4251055385,3362751.7927863826,10.401347634645958,1978.0,2477.0,1978.3856608157644,2476.1512190356707,468.29012385634655,0.9322893275286523
R_xml,1057,543291.4251055385,3362751.7927863826,10.401347634645958,3808.0,2112.0,3807.805835464032,2112.642658935001,569.7243990676101,0.6713496657956947
R_xml,1056,543291.4251055385,3362751.7927863826,10.401347634645958,3935.0,1733.0,3934.961581885087,1732.5604635073078,513.8163973244999,0.4412122844636803
R_xml,294,543291.4251055385,3362751.7927863826,10.401347634645958,4684.0,3796.0,4684.407638622483,3794.5286295662772,351.0312739971832,1.5267940921334562
R_xml,1058,543291.4251055385,3362751.7927863826,10.401347634645958,3699.0,2423.0,3699.1667293894607,2423.619407918345,625.5561296340024,0.6414552662645913
R_xml,527,543291.4251055385,3362751.7927863826,10.401347634645958,609.0,1760.0,609.7648094236536,1759.7241191766595,380.747734881282,0.813045929327673
R_xml,1068,543291.4251055385,3362751.7927863826,10.401347634645958,2109.0,1661.0,2109.496026368733,1659.9824550695128,578.0296786998344,1.1320069982287202
R_xml,431,543291.4251055385,3362751.7927863826,10.401347634645958,2548.0,2479.0,2548.7545250239305,2479.5424037410344,635.8768182089036,0.9292522962174167
R_xml,298,543291.4251055385,3362751.7927863826,10.401347634645958,4543.0,2992.0,4544.227579459234,2990.684405484948,383.68080696476534,1.799372184059953
R_xml,1067,543291.4251055385,3362751.7927863826,10.401347634645958,2162.0,1358.0,2161.8952718393125,1356.9991874679617,632.6054616218444,1.0062771546277927
R_xml,500,543291.4251055385,3362751.7927863826,10.401347634645958,3512.0,1848.0,3511.653030985214,1847.3875820803128,552.3629020412757,0.7038772659885277
R_xml,1071,543291.4251055385,3362751.7927863826,10.401347634645958,1909.0,3036.0,1910.3051493428343,3035.042351838095,413.9696504093602,1.6187973341654076
R_xml,904,542645.2773934451,3362974.602769411,27.424687528359186,3567.0,2949.0,3566.8560244338832,2949.615930711135,403.91024838964955,0.632534271449508
R_xml,889,542645.2773934451,3362974.602769411,27.424687528359186,583.0,364.0,584.9496052277073,363.3397824880485,354.4618238101727,2.058360441465697
R_xml,85,542645.2773934451,3362974.602769411,27.424687528359186,4234.0,3672.0,4234.925150314041,3671.573708868118,367.7350337852343,1.018639893530519
R_xml,575,543314.7550544671,3363679.1133512734,26.00914153635688,3759.0,2998.0,3758.9960778137406,2997.412255249829,744.2008816924485,0.5877578369522797
R_xml,459,543314.7550544671,3363679.1133512734,26.00914153635688,4936.0,2719.0,4936.957201000587,2718.5044181845415,674.3896873871881,1.0778845445304126
R_xml,848,543314.7550544671,3363679.1133512734,26.00914153635688,2833.0,1044.0,2833.4466441547875,1043.9324734258144,671.303067839048,0.4517198680897907
R_xml,754,543314.7550544671,3363679.1133512734,26.00914153635688,1137.0,3371.0,1139.2274442676223,3368.925735008621,881.6891558073487,3.043695651642014
R_xml,846,543314.7550544671,3363679.1133512734,26.00914153635688,2819.0,847.0,2819.838327608405,847.2222490923359,725.3949315426028,0.8672876328290821
R_xml,468,543314.7550544671,3363679.1133512734,26.00914153635688,892.0,1020.0,893.5892004384045,1019.5005574796131,697.4541666578789,1.665833384404201
R_xml,257,542434.723215843,3363495.372033668,21.899137165630407,3083.0,1532.0,3082.7854633141687,1532.4480182215016,471.54247998370784,0.49673566045220874
R_xml,781,542434.723215843,3363495.372033668,21.899137165630407,2308.0,898.0,2308.990803501561,896.6184544195694,407.4978330252376,1.7001058112696692
R_xml,251,542434.723215843,3363495.372033668,21.899137165630407,3270.0,344.0,3270.688573675779,343.7917262512592,363.5236447907185,0.719382833677856
R_xml,249,542434.723215843,3363495.372033668,21.899137165630407,3277.0,3104.0,3277.103879282691,3103.6556780040946,371.3138620352668,0.359650583534489
R_xml,333,542434.723215843,3363495.372033668,21.899137165630407,886.0,1887.0,886.7510848592856,1886.12420441185,368.37048865244316,1.1537531703405617
R_xml,244,542434.723215843,3363495.372033668,21.899137165630407,3338.0,1656.0,3338.4689585292545,1655.0397522466044,369.88754047512623,1.0686429946721245
R_xml,248,542434.723215843,3363495.372033668,21.899137165630407,3281.0,3040.0,3280.9607795763886,3039.655685248631,371.2461580368289,0.3465413245754974
R_xml,681,542434.723215843,3363495.372033668,21.899137165630407,1048.0,1257.0,1047.9367350931348,1256.4350873444105,634.6672480503612,0.5684441545885361
R_xml,746,542434.723215843,3363495.372033668,21.899137165630407,2143.0,2473.0,2143.1873689851427,2471.717318707973,453.9537593580301,1.29629411535717
R_xml,254,542434.723215843,3363495.372033668,21.899137165630407,3170.0,1011.0,3170.7103134849403,1010.6872513386386,417.8136268054865,0.7761165969565719
R_xml,638,543456.6711332167,3363148.048534578,17.02672915875155,1956.0,2353.0,1956.1596159919131,2353.416145297935,472.82402110647115,0.4457063762926744
R_xml,637,543456.6711332167,3363148.048534578,17.02672915875155,2027.0,1907.0,2027.008932966237,1906.9322839298375,527.3976597345253,0.06830273818849868
R_xml,639,543456.6711332167,3363148.048534578,17.02672915875155,1860.0,2906.0,1861.645741983631,2905.0947769894383,417.92949147062774,1.8782692500108542
R_xml,105,542530.4253435606,3363166.288593447,18.580535971914117,3452.0,2401.0,3452.7450835699096,2400.7207181433505,612.9270321481824,0.7957059014503323
R_xml,74,542530.4253435606,3363166.288593447,18.580535971914117,3920.0,2118.0,3920.6907610698872,2117.7209655567353,500.3897055825845,0.7449906551090234
R_xml,132,542530.4253435606,3363166.288593447,18.580535971914117,2285.0,2244.0,2284.15294471236,2243.491240379612,485.1890387110834,0.9880986851810333
R_xml,93,542530.4253435606,3363166.288593447,18.580535971914117,4222.0,260.0,4224.117682655062,257.6053463399528,359.45137576898134,3.196708616550315
R_xml,19,542530.4253435606,3363166.288593447,18.580535971914117,519.0,2520.0,521.3351048886316,2519.153069416077,452.20809015668345,2.483949728737542
R_xml,96,542530.4253435606,3363166.288593447,18.580535971914117,4016.0,908.0,4016.5125944483557,906.8139867151199,413.620841582245,1.2920451154650903
R_xml,99,542530.4253435606,3363166.288593447,18.580535971914117,3854.0,1426.0,3854.2868945893733,1425.4396550077495,467.27519044355387,0.6295196706632201
R_xml,101,542530.4253435606,3363166.288593447,18.580535971914117,3731.0,1780.0,3731.1665768707676,1779.5000643640246,511.3852020097596,0.5269568236514358
R_xml,82,542530.4253435606,3363166.288593447,18.580535971914117,4303.0,795.0,4305.197806933695,792.873775710887,372.14944294567283,3.0579707397897735
R_xml,72,542530.4253435606,3363166.288593447,18.580535971914117,3808.0,1761.0,3808.5059598312187,1761.00386609121,548.8306326801124,0.5059746016037369
R_xml,245,542530.4253435606,3363166.288593447,18.580535971914117,3812.0,2075.0,3812.745798380194,2075.899299547723,506.8795980278074,1.1683128435632395
R_xml,80,542530.4253435606,3363166.288593447,18.580535971914117,4231.0,3167.0,4231.246042803103,3166.034787141291,393.14513110449536,0.9960787737804161
R_xml,137,542530.4253435606,3363166.288593447,18.580535971914117,2102.0,213.0,2101.373410873552,211.2466265610742,370.3424393139458,1.8619700184786085
R_xml,130,542530.4253435606,3363166.288593447,18.580535971914117,2346.0,1874.0,2344.934886601105,1874.1452088001324,532.9449172232383,1.074966114880568
R_xml,107,542530.4253435606,3363166.288593447,18.580535971914117,3337.0,2642.0,3336.959561897093,2642.052163623028,664.7400331066933,0.06600214946581853
R_xml,103,542530.4253435606,3363166.288593447,18.580535971914117,3593.0,2120.0,3593.56316001976,2119.71130598441,562.8692069801177,0.6328455123435337
R_xml,815,542530.4253435606,3363166.288593447,18.580535971914117,1117.0,2559.0,1118.8971535001785,2557.5324726747153,448.5748845393989,2.3985053374334755
R_xml,330,542530.4253435606,3363166.288593447,18.580535971914117,371.0,944.0,372.7441569000489,943.6622201746435,410.22397893795284,1.7765636781174028
R_xml,999,542699.5735648932,3363152.968584105,21.665736128901585,3880.0,159.0,3882.677100131714,157.28707505050807,1021.9040912998031,3.1782034229756393
R_xml,319,542699.5735648932,3363152.968584105,21.665736128901585,1486.0,2488.0,1486.8670412016195,2488.1321839952107,370.05547985636014,0.8770593217654163
R_xml,938,542699.5735648932,3363152.968584105,21.665736128901585,3430.0,1191.0,3429.6059725861005,1191.1327059412442,648.3216692080928,0.41577454196456337
R_xml,801,542699.5735648932,3363152.968584105,21.665736128901585,1594.0,306.0,1594.9849977144067,304.5122530231142,945.7184181584506,1.7842677950967087
R_xml,204,542699.5735648932,3363152.968584105,21.665736128901585,3589.0,2904.0,3588.778497376104,2903.987415566607,371.7366512219822,0.22185982141121313
R_xml,1001,542699.5735648932,3363152.968584105,21.665736128901585,4016.0,388.0,4017.631743948383,386.2276458801364,914.2290373237412,2.4091134135364847
R_xml,62,542699.5735648932,3363152.968584105,21.665736128901585,4037.0,637.0,4038.4515734989227,636.2604219208936,802.9204766214978,1.6291228799171136
R_xml,1000,542699.5735648932,3363152.968584105,21.665736128901585,3944.0,266.0,3946.6370133304304,264.3029282436014,967.650937873761,3.1359036737810153
R_xml,997,542699.5735648932,3363152.968584105,21.665736128901585,1805.0,3783.0,1806.063862266419,3780.6518754239155,1075.7283036908975,2.577885169421256
R_xml,921,542699.5735648932,3363152.968584105,21.665736128901585,2434.0,2462.0,2434.710376058922,2461.8349020518376,617.91531306769,0.7293089040845964
R_xml,917,542699.5735648932,3363152.968584105,21.665736128901585,2384.0,1474.0,2384.1844542549557,1474.2604272361173,467.0931889259241,0.3191327583983248
R_xml,182,542699.5735648932,3363152.968584105,21.665736128901585,3221.0,1182.0,3220.56971131826,1180.9130058441665,647.5270158831402,1.1690614374145272
R_xml,919,542699.5735648932,3363152.968584105,21.665736128901585,2408.0,1897.0,2408.3823819870518,1897.0643530117857,522.2053297404234,0.3877593250297632
R_xml,939,542699.5735648932,3363152.968584105,21.665736128901585,3509.0,1471.0,3508.946900931794,1469.6544359351988,593.1387652145801,1.3466113632109185
R_xml,929,542699.5735648932,3363152.968584105,21.665736128901585,2489.0,3749.0,2490.6344915960076,3747.812110941922,1065.8739658577024,2.020555169185088
R_xml,940,542699.5735648932,3363152.968584105,21.665736128901585,3595.0,1802.0,3595.7193016754463,1801.1691073464483,538.4152457419681,1.0989893093320269
R_xml,206,542699.5735648932,3363152.968584105,21.665736128901585,3614.0,132.0,3615.457552268788,130.61705767922058,348.8511373933313,2.0092257411379384
R_xml,920,542699.5735648932,3363152.968584105,21.665736128901585,2420.0,2152.0,2419.6735602766607,2152.6536747106866,561.6085308522308,0.7306528042545172
R_xml,593,542988.7874587562,3363599.970686511,18.147460660643617,4301.0,1484.0,4302.02611364531,1482.7031286603606,373.65492564601465,1.65371838130609
R_xml,561,542988.7874587562,3363599.970686511,18.147460660643617,1988.0,2007.0,1988.0969258853127,2006.243813514295,373.13601110478993,0.7623730244483767
R_xml,602,542988.7874587562,3363599.970686511,18.147460660643617,4185.0,3652.0,4185.87269885891,3651.6659318070706,376.33141627524196,0.9344543091394646
R_xml,858,542988.7874587562,3363599.970686511,18.147460660643617,2045.0,1301.0,2044.4503226572997,1300.5873616847646,451.9804416859999,0.6873249306393602
R_xml,601,542988.7874587562,3363599.970686511,18.147460660643617,4276.0,240.0,4278.305572340979,236.61626175866127,357.39077677699197,4.094551050528608
R_xml,595,542988.7874587562,3363599.970686511,18.147460660643617,4284.0,2165.0,4284.34194146098,2164.2199087901126,374.4817631391519,0.8517430706970983
R_xml,563,542988.7874587562,3363599.970686511,18.147460660643617,1969.0,2682.0,1969.2588616225116,2681.226663928042,374.15937084169764,0.8155108949614773
R_xml,599,542988.7874587562,3363599.970686511,18.147460660643617,4249.0,2957.0,4248.836007299016,2956.064102079591,375.31896589470836,0.9501571045893962
R_xml,607,542988.7874587562,3363599.970686511,18.147460660643617,3896.0,1417.0,3896.165783079635,1416.4040378996524,466.3535950480596,0.618591023652894
R_xml,857,542988.7874587562,3363599.970686511,18.147460660643617,1978.0,710.0,1978.222920987464,708.9767073222522,395.8241285801843,1.0472925431722533
R_xml,870,542988.7874587562,3363599.970686511,18.147460660643617,4117.0,2632.0,4117.437457039846,2631.13017188794,440.520329078326,0.9736373073381618
R_xml,81,542454.1967782555,3362505.5405596965,11.428897673912786,1003.0,1818.0,1004.2954926444736,1817.3141861715967,521.6202776507006,1.4658246140362026
R_xml,222,542454.1967782555,3362505.5405596965,11.428897673912786,948.0,3483.0,950.1541945127224,3481.4795104225223,984.2251896545089,2.6367484813424324
R_xml,34,542454.1967782555,3362505.5405596965,11.428897673912786,3506.0,1766.0,3507.0687771065827,1764.9789813068396,564.098191724956,1.4780946097385959
R_xml,130,542454.1967782555,3362505.5405596965,11.428897673912786,4136.0,463.0,4138.715041476602,460.737463416556,900.5175280297635,3.5341932617064775
R_xml,96,542454.1967782555,3362505.5405596965,11.428897673912786,1436.0,3046.0,1438.231116221786,3045.310453426985,789.727976794435,2.3352417586778453
R_xml,22,542454.1967782555,3362505.5405596965,11.428897673912786,3262.0,785.0,3262.389988334099,784.3013844758136,777.8001550498625,0.8000965887739027
R_xml,99,542454.1967782555,3362505.5405596965,11.428897673912786,1513.0,3194.0,1514.4484413519547,3192.9909425435053,845.234128618373,1.765270319401488
R_xml,132,542454.1967782555,3362505.5405596965,11.428897673912786,4203.0,589.0,4205.284621356658,586.4672185768272,853.6627445413692,3.410934839727595
R_xml,141,542454.1967782555,3362505.5405596965,11.428897673912786,4490.0,1107.0,4491.540630940529,1105.270414063914,695.3242381623511,2.3162493832102315
R_xml,25,542454.1967782555,3362505.5405596965,11.428897673912786,3312.0,970.0,3312.118053490373,969.679976319617,724.7914104067968,0.3411037710068278
R_xml,218,542454.1967782555,3362505.5405596965,11.428897673912786,782.0,3287.0,784.7098100830931,3285.4346619980715,883.9640117552918,3.1294334545911626
R_xml,227,542454.1967782555,3362505.5405596965,11.428897673912786,1093.0,3727.0,1094.5311976319397,3724.767562602593,1113.7019703622448,2.70709122886523
R_xml,224,542454.1967782555,3362505.5405596965,11.428897673912786,1013.0,3582.0,1014.8744853339929,3579.27097903487,1031.6201426710747,3.310777959252762
R_xml,87,542454.1967782555,3362505.5405596965,11.428897673912786,1192.0,2441.0,1193.8078042557145,2440.0844816528092,626.4720171953575,2.0264081698962455
R_xml,84,542454.1967782555,3362505.5405596965,11.428897673912786,1106.0,2158.0,1107.1288675188734,2157.3365953966486,573.8345884288864,1.3093691392862965
R_xml,144,542454.1967782555,3362505.5405596965,11.428897673912786,4614.0,1341.0,4615.288121647476,1339.1021200810087,642.8226158194351,2.2937317989701973
R_xml,150,542454.1967782555,3362505.5405596965,11.428897673912786,4942.0,1952.0,4943.911207963349,1952.2454420767438,536.3028526202886,1.926903654105164
R_xml,226,542454.1967782555,3362505.5405596965,11.428897673912786,1050.0,3669.0,1051.6691738833656,3666.2704198006186,1077.807896378461,3.1994920718396687
R_xml,803,543169.6003502595,3363716.636324672,18.922069239705763,2430.0,3677.0,2430.351150827723,3675.9256486566537,356.41863558923285,1.1302821385656043
R_xml,860,543169.6003502595,3363716.636324672,18.922069239705763,1879.0,877.0,1878.4051246141348,876.4076488407047,409.5304918980863,0.8394978383692864
R_xml,666,543169.6003502595,3363716.636324672,18.922069239705763,2031.0,2943.0,2031.5354243460893,2942.859413505735,374.34538224260814,0.5535736561242762
R_xml,959,542530.5107017211,3363338.2016787673,22.85448337898805,4642.0,2696.0,4643.0334660946155,2696.001344580012,668.0958476872986,1.033466969290859
R_xml,964,542530.5107017211,3363338.2016787673,22.85448337898805,543.0,678.0,544.6646698539062,677.3320241604081,791.8507242823133,1.793688223962707
R_xml,960,542530.5107017211,3363338.2016787673,22.85448337898805,4481.0,2907.0,4481.446039857491,2906.4923553693916,724.9777764868851,0.6757622551283986
R_xml,961,542530.5107017211,3363338.2016787673,22.85448337898805,4326.0,3080.0,4326.719946331859,3080.3096046921573,783.7173672859085,0.7836949573421582
R_xml,91,542530.5107017211,3363338.2016787673,22.85448337898805,5061.0,1597.0,5063.454759688817,1595.5950309094899,369.1559859247761,2.828388812580297
R_xml,839,542530.5107017211,3363338.2016787673,22.85448337898805,2132.0,2980.0,2133.3023793853613,2979.1201867332543,405.5668328085143,1.5717071762118477
R_xml,217,542530.5107017211,3363338.2016787673,22.85448337898805,2989.0,3665.0,2988.7070861609964,3663.282325917349,371.1755849468637,1.7424703071473049
R_xml,218,542530.5107017211,3363338.2016787673,22.85448337898805,2964.0,746.0,2963.9153175868414,744.9617975903545,394.82132679763214,1.0416503033609745
R_xml,963,542530.5107017211,3363338.2016787673,22.85448337898805,710.0,558.0,710.641084530216,557.1949380690012,846.0216751068286,1.029132687084493
R_xml,216,542530.5107017211,3363338.2016787673,22.85448337898805,3037.0,97.0,3037.718433361228,95.53686846103938,345.5583331340078,1.6300001211125115
R_xml,965,542530.5107017211,3363338.2016787673,22.85448337898805,353.0,850.0,355.1615158820882,849.1572501339192,732.9935067666198,2.3199953114820797
R_xml,1029,542530.5107017211,3363338.2016787673,22.85448337898805,5106.0,3079.0,5107.560554677246,3077.8284821858633,800.4403285398282,1.9513546293570985
R_xml,962,542530.5107017211,3363338.2016787673,22.85448337898805,4200.0,3239.0,4200.680213434804,3239.847619605239,840.6395666520094,1.0868069341297626
R_xml,174,542946.029178069,3362350.016205287,14.899682349256977,2270.0,469.0,2270.5454136860308,468.62508370915793,379.3131351126728,0.6618446298403
R_xml,58,542946.029178069,3362350.016205287,14.899682349256977,315.0,444.0,316.8232556934272,443.2747022329602,368.75274772943163,1.9622227637268017
R_xml,289,542946.029178069,3362350.016205287,14.899682349256977,4082.0,1016.0,4083.1338007209197,1014.1601160909586,427.94807741989996,2.161174882675513
R_xml,175,542946.029178069,3362350.016205287,14.899682349256977,1955.0,2976.0,1955.7155304100559,2974.8106351381984,414.5723892738129,1.388010281735309
R_xml,73,542769.7634683661,3362926.5330555197,29.248653730156093,5131.0,1721.0,5134.289884923635,1720.6820213896196,363.6506708451623,3.305216060626361
R_xml,81,542769.7634683661,3362926.5330555197,29.248653730156093,5005.0,586.0,5008.546378085554,582.4219339012545,369.88654174100174,5.037792625018596
R_xml,68,542769.7634683661,3362926.5330555197,29.248653730156093,4847.0,2790.0,4848.146707926588,2790.714664633677,413.3144888944604,1.3511789694660694
R_xml,307,542769.7634683661,3362926.5330555197,29.248653730156093,995.0,1760.0,995.6501711091873,1759.3962640788266,361.34774425672106,0.8872539285554258
R_xml,144,542769.7634683661,3362926.5330555197,29.248653730156093,1613.0,2031.0,1614.1478052239627,2031.4770040839883,496.0049222360142,1.242976157574033
R_xml,76,542769.7634683661,3362926.5330555197,29.248653730156093,5111.0,2472.0,5112.664927374832,2471.5735532514163,364.4348073657583,1.7186739053239488
R_xml,192,542769.7634683661,3362926.5330555197,29.248653730156093,3126.0,2122.0,3126.067206554829,2122.624683480938,362.6086408396157,0.6282882876267258
R_xml,191,542769.7634683661,3362926.5330555197,29.248653730156093,3125.0,2060.0,3126.2077048149395,2060.2433011646,362.54952245228804,1.2319684966441358
R_xml,147,542769.7634683661,3362926.5330555197,29.248653730156093,1471.0,2486.0,1472.112814315054,2486.3832174268355,443.62749708450104,1.1769499972469468
R_xml,163,542769.7634683661,3362926.5330555197,29.248653730156093,1064.0,666.0,1064.4916432085397,665.282265292024,377.2279336282518,0.8699748016675961
R_xml,75,542769.7634683661,3362926.5330555197,29.248653730156093,5113.0,2406.0,5115.030920892169,2405.047667882174,364.4995314567832,2.2431175031395467
R_xml,79,542769.7634683661,3362926.5330555197,29.248653730156093,5062.0,3196.0,5063.40853281945,3195.0718338368065,364.6970819829206,1.6868482830308518
R_xml,158,542769.7634683661,3362926.5330555197,29.248653730156093,1078.0,2153.0,1078.663132206272,2152.72450386479,362.0013040592334,0.7180824768162873
R_xml,152,542769.7634683661,3362926.5330555197,29.248653730156093,1161.0,653.0,1161.6568889223488,651.6063681995929,360.1309432361536,1.5406857730927745
R_xml,155,542769.7634683661,3362926.5330555197,29.248653730156093,1110.0,1389.0,1111.2004620341072,1388.9629538687095,360.78614736665753,1.2010335179237912
R_xml,905,542769.7634683661,3362926.5330555197,29.248653730156093,4456.0,2873.0,4456.638951102182,2872.29054226047,407.01293650196084,0.9547715931877419
R_xml,906,542769.7634683661,3362926.5330555197,29.248653730156093,4688.0,3553.0,4688.921641843039,3551.76208875639,351.35374417043573,1.5433236646589263
R_xml,1039,542769.7634683661,3362926.5330555197,29.248653730156093,758.0,2821.0,759.7645897206849,2820.310614288947,409.25944355809133,1.894473420492044
R_xml,864,542929.5447201978,3363592.665511931,17.052752823184164,3561.0,656.0,3561.5878296619076,655.3254527094725,803.0450668811878,0.894738933195774
R_xml,867,542929.5447201978,3363592.665511931,17.052752823184164,3818.0,1241.0,3819.294866849684,1240.477343976201,642.733065226889,1.3963701076804345
R_xml,866,542929.5447201978,3363592.665511931,17.052752823184164,3723.0,993.0,3723.50722417827,991.5807017818939,697.1200884992592,1.5072106020529228
R_xml,733,542929.5447201978,3363592.665511931,17.052752823184164,1567.0,948.0,1566.243490497955,947.4376244196375,722.9868806699352,0.94264145891874
R_xml,732,542929.5447201978,3363592.665511931,17.052752823184164,1651.0,744.0,1650.4354531300198,742.7700004206984,776.8543105351179,1.353370656356434
R_xml,729,542929.5447201978,3363592.665511931,17.052752823184164,4083.0,3042.0,4083.752004070476,3041.810647098352,778.8055846336547,0.7754770424549139
R_xml,930,542929.5447201978,3363592.665511931,17.052752823184164,4469.0,701.0,4470.866894370338,698.7159892087909,794.2774831752222,2.9499152334191976
R_xml,928,542929.5447201978,3363592.665511931,17.052752823184164,1064.0,2863.0,1064.768901089833,2861.4401662480377,711.861375251562,1.7390486536342478
R_xml,731,542929.5447201978,3363592.665511931,17.052752823184164,1701.0,614.0,1701.3284880029528,613.6791416571023,826.1659396152658,0.45918889826626663
R_xml,929,542929.5447201978,3363592.665511931,17.052752823184164,1174.0,3054.0,1175.2050669527193,3052.003914716731,767.9733576402655,2.3316395130079637
R_xml,734,542929.5447201978,3363592.665511931,17.052752823184164,1468.0,1180.0,1467.74143338968,1179.863677428806,668.5691709772403,0.29230213031947455
R_xml,792,542929.5447201978,3363592.665511931,17.052752823184164,3479.0,1680.0,3479.258377016775,1679.7293702391776,498.0236509725999,0.3741646031364626
R_xml,11,542034.2987739994,3363411.431684279,21.71604750679768,3027.0,1607.0,3027.0555067960368,1606.2414701204884,369.54405460809147,0.7605580730740442
R_xml,768,542034.2987739994,3363411.431684279,21.71604750679768,1231.0,3057.0,1232.26545729182,3056.772775218312,398.6225965159854,1.2856956322682302
R_xml,18,542034.2987739994,3363411.431684279,21.71604750679768,2993.0,3704.0,2994.2311841689643,3703.7738360197177,371.54193522716304,1.2517845676814747
R_xml,829,542034.2987739994,3363411.431684279,21.71604750679768,4608.0,1432.0,4610.034884717567,1431.2350352672352,461.8308754232149,2.1739196986464786
R_xml,9,542034.2987739994,3363411.431684279,21.71604750679768,3027.0,924.0,3027.1834776653614,924.5135987489987,369.1396496212732,0.5453876865675056
R_xml,20,542034.2987739994,3363411.431684279,21.71604750679768,2962.0,893.0,2962.7266724310202,892.7058752162714,407.76021001092107,0.7839401829274222
R_xml,13,542034.2987739994,3363411.431684279,21.71604750679768,3020.0,2298.0,3020.103509922753,2297.696047688109,370.2631145196288,0.3210939302013737
R_xml,15,542034.2987739994,3363411.431684279,21.71604750679768,3004.0,2979.0,3004.676887844517,2978.588830339453,370.9752944546305,0.7919833608156726
R_xml,17,542034.2987739994,3363411.431684279,21.71604750679768,2995.0,3643.0,2996.0476235626243,3642.904597912529,371.4463473432355,1.0519585007306091
R_xml,769,542034.2987739994,3363411.431684279,21.71604750679768,1037.0,3764.0,1039.678238936266,3762.6805651343325,343.83035633608466,2.9856108528190375
R_xml,95,542034.2987739994,3363411.431684279,21.71604750679768,1595.0,2459.0,1595.4964662325747,2458.4826219392753,454.4102405604899,0.7170486579069364
R_xml,831,542034.2987739994,3363411.431684279,21.71604750679768,395.0,1669.0,397.1079193207379,1668.804785214955,563.6439006664903,2.116939459465068
R_xml,828,542034.2987739994,3363411.431684279,21.71604750679768,4850.0,895.0,4852.107711956754,893.0350844816953,405.6744065184699,2.8815521315291397
R_xml,153,542783.8869026582,3361863.3153729155,9.419568653278475,4117.0,299.0,4119.818557538575,297.3692453192655,987.790303769049,3.2563211492412676
R_xml,81,542783.8869026582,3361863.3153729155,9.419568653278475,1657.0,3630.0,1658.6624843523618,3628.86152164494,1038.8277289554135,2.0149409884134553
R_xml,84,542783.8869026582,3361863.3153729155,9.419568653278475,1666.0,3716.0,1666.4337652434806,3713.8477204335036,1090.7174133057138,2.195554512830366
R_xml,150,542783.8869026582,3361863.3153729155,9.419568653278475,4055.0,210.0,4057.4342238174954,206.7382470708485,1041.4227473826243,4.069948127985215
R_xml,197,542783.8869026582,3361863.3153729155,9.419568653278475,987.0,3564.0,990.1347639828059,3562.4727077106945,1024.3907028791011,3.487028386014247
R_xml,752,542415.784251377,3363398.2143277368,28.39926047674868,1153.0,3803.0,1155.093401116846,3801.680046999733,336.17009999657046,2.4747937608872452
R_xml,137,542415.784251377,3363398.2143277368,28.39926047674868,1817.0,2758.0,1818.1411112329142,2757.0105453106753,363.59525817213404,1.5103494390735115
R_xml,140,542415.784251377,3363398.2143277368,28.39926047674868,1791.0,3491.0,1793.0707559561156,3490.101752266942,364.6042046839644,2.2571839135816325
R_xml,207,542415.784251377,3363398.2143277368,28.39926047674868,2391.0,108.0,2391.810229779942,106.03852785588083,359.910616691544,2.1222264884927204
R_xml,32,542415.784251377,3363398.2143277368,28.39926047674868,412.0,1638.0,414.4848746880971,1637.33962310651,471.06104425738874,2.571128129246176
R_xml,83,542415.784251377,3363398.2143277368,28.39926047674868,4050.0,1938.0,4050.3690967400976,1937.58712262418,511.9612305549843,0.5538051381259299
R_xml,205,542415.784251377,3363398.2143277368,28.39926047674868,2428.0,2648.0,2427.71572588097,2648.514124494799,428.2406874188039,0.5874825707225426
R_xml,94,542415.784251377,3363398.2143277368,28.39926047674868,4486.0,1220.0,4487.835589044237,1218.2572647338964,362.2222848716173,2.5311091140140185
R_xml,824,542415.784251377,3363398.2143277368,28.39926047674868,3174.0,938.0,3174.5933275559337,937.8990362906757,406.2980517798793,0.6018565104996095
R_xml,612,543696.2069114293,3362230.0839883555,22.0821275401766,3545.0,100.0,3546.2425326084112,97.47005248045252,1040.7056981838691,2.818602798307996
R_xml,309,543696.2069114293,3362230.0839883555,22.0821275401766,3609.0,3662.0,3609.22044066362,3661.089644273595,1037.23371613722,0.9366651668424807
R_xml,543,543696.2069114293,3362230.0839883555,22.0821275401766,2167.0,3709.0,2167.3786431727817,3706.7524462401702,1038.5280022191785,2.2792254288725253
R_xml,81,542817.0530879422,3362646.8923951914,15.644284698208764,3611.0,2139.0,3612.2019486205336,2139.2849338111273,567.9736046249525,1.2352602005756188
R_xml,84,542817.0530879422,3362646.8923951914,15.644284698208764,3484.0,2439.0,3483.980465684581,2438.3729888400035,623.0678354268251,0.627315378608787
R_xml,65,542817.0530879422,3362646.8923951914,15.644284698208764,4188.0,1577.0,4189.016216688653,1576.3448417748775,377.10350852757085,1.209102418425548
R_xml,156,542817.0530879422,3362646.8923951914,15.644284698208764,2321.0,2330.0,2321.9668385157047,2329.9362488972833,478.41107887078414,0.9689380364851228
R_xml,1087,542817.0530879422,3362646.8923951914,15.644284698208764,3103.0,619.0,3103.9435545557244,617.5637282081295,392.1784109291119,1.7184795197357114
R_xml,1015,542622.2093428107,3362899.6515735965,28.145944907167006,3984.0,2547.0,3984.2083525525604,2547.293930539845,442.08115037157955,0.3602859259143905
R_xml,71,542622.2093428107,3362899.6515735965,28.145944907167006,3813.0,493.0,3814.41249041444,490.7551608981048,361.59464491849815,2.6522503208186654
R_xml,73,542622.2093428107,3362899.6515735965,28.145944907167006,3823.0,1190.0,3823.5491867397677,1189.212311308061,362.91393483382177,0.9602393194121607
R_xml,192,542622.2093428107,3362899.6515735965,28.145944907167006,1688.0,1598.0,1687.9314643117216,1598.7387262080883,362.5166090233008,0.7418986124022404
R_xml,191,542622.2093428107,3362899.6515735965,28.145944907167006,1687.0,1539.0,1686.9818028980324,1539.4839289514232,362.3987526681572,0.48427096190621827
R_xml,75,542622.2093428107,3362899.6515735965,28.145944907167006,3814.0,1901.0,3815.2774457985997,1900.4816407326955,363.9909714773845,1.3786094800053281
R_xml,951,542622.2093428107,3362899.6515735965,28.145944907167006,2135.0,3713.0,2135.9166138196715,3711.1716435920525,345.17812493157413,2.0452550082802294
R_xml,147,542622.2093428107,3362899.6515735965,28.145944907167006,2622.0,2914.0,2621.9920865380145,2914.549728726348,405.8966029099913,0.5497856813820029
R_xml,274,542622.2093428107,3362899.6515735965,28.145944907167006,4544.0,305.0,4545.713242160002,301.7846116739979,351.7499490557442,3.643339235618606
R_xml,76,542622.2093428107,3362899.6515735965,28.145944907167006,3815.0,1967.0,3815.3311068315743,1966.7950652625611,364.01546579001655,0.3893969446776638
R_xml,149,542622.2093428107,3362899.6515735965,28.145944907167006,2586.0,445.0,2587.049094210181,444.3948680411793,361.8209786101662,1.211108314487817
R_xml,152,542622.2093428107,3362899.6515735965,28.145944907167006,2550.0,1196.0,2550.0878401500154,1195.1552988647918,362.50535298338644,0.8492560860993237
R_xml,155,542622.2093428107,3362899.6515735965,28.145944907167006,2512.0,1958.0,2511.6304973781766,1958.40682311455,363.25367258386,0.5495791426778142
R_xml,43,542622.2093428107,3362899.6515735965,28.145944907167006,427.0,2539.0,429.13334523808226,2538.0151183739863,363.04303540063967,2.3497135404358622
R_xml,72,542622.2093428107,3362899.6515735965,28.145944907167006,3850.0,3626.0,3850.2548266057365,3625.8330368150864,349.65549920899696,0.3046527598885101
R_xml,158,542622.2093428107,3362899.6515735965,28.145944907167006,2478.0,2728.0,2477.3018755295816,2727.6726372595404,364.32074897489593,0.7710668842832192
R_xml,161,542622.2093428107,3362899.6515735965,28.145944907167006,2422.0,514.0,2422.108901825506,513.1000002341148,369.90469586426786,0.9065644964325766
R_xml,195,542622.2093428107,3362899.6515735965,28.145944907167006,1682.0,2461.0,1681.7818213816067,2460.8923948783304,363.95774521201105,0.24327098415867224
R_xml,187,542622.2093428107,3362899.6515735965,28.145944907167006,1722.0,170.0,1722.7639317670912,169.56599642578976,360.22098685959827,0.8786073339088153
R_xml,198,542622.2093428107,3362899.6515735965,28.145944907167006,1672.0,3207.0,1672.0308806584335,3205.6578474178523,364.9604481591601,1.3425077909759313
R_xml,150,542622.2093428107,3362899.6515735965,28.145944907167006,2581.0,3605.0,2581.90978390423,3603.144308083577,352.8062063079613,2.0667121814790437
R_xml,203,542622.2093428107,3362899.6515735965,28.145944907167006,1783.0,1085.0,1782.8590971046583,1085.9038054926405,419.09610700921127,0.9147229058259855
R_xml,955,542622.2093428107,3362899.6515735965,28.145944907167006,2083.0,124.0,2083.4561201950974,122.89662256660495,341.7168196216831,1.1939377675997627
R_xml,970,542622.2093428107,3362899.6515735965,28.145944907167006,2129.0,3411.0,2130.557102157622,3409.58382518747,365.2974667414898,2.104784603923857
R_xml,273,542622.2093428107,3362899.6515735965,28.145944907167006,4514.0,3120.0,4515.31966301154,3119.1610350979745,365.8032118702639,1.5637687075962345
R_xml,977,542622.2093428107,3362899.6515735965,28.145944907167006,2147.0,1253.0,2147.829638118421,1253.4071834420445,435.20599257022224,0.9241740977825451
R_xml,964,542743.2628039968,3362572.511361133,17.685863387733207,4269.0,1179.0,4269.571864036376,1177.8472581208907,661.7250921210617,1.2867953667744854
R_xml,164,542743.2628039968,3362572.511361133,17.685863387733207,3088.0,1390.0,3089.1083800267565,1390.3106956455958,373.55634596900035,1.1511029788446672
R_xml,277,542743.2628039968,3362572.511361133,17.685863387733207,5041.0,1174.0,5043.538891702472,1172.4965425748583,375.2365379753016,2.9506533693565435
R_xml,1027,542743.2628039968,3362572.511361133,17.685863387733207,1300.0,2009.0,1301.6167932968401,2009.118373629071,540.8603074972622,1.621120871732439
R_xml,1090,542743.2628039968,3362572.511361133,17.685863387733207,2761.0,1598.0,2760.0705846639416,1597.8377175576447,487.2985683636968,0.9434767925059176
R_xml,49,542743.2628039968,3362572.511361133,17.685863387733207,1036.0,1201.0,1036.1502663712213,1201.3474335981928,372.1019653751434,0.3785367716261958
R_xml,168,542743.2628039968,3362572.511361133,17.685863387733207,2988.0,2752.0,2988.041452555304,2751.3382766813256,375.01870712819795,0.6630204105596433
R_xml,1019,542743.2628039968,3362572.511361133,17.685863387733207,943.0,3302.0,945.2086303690353,3300.232883243926,382.2937908195619,2.828559657603481
R_xml,1034,542743.2628039968,3362572.511361133,17.685863387733207,3183.0,1763.0,3183.5901721703876,1763.7560962595,554.7967344644607,0.9591583520618595
R_xml,1091,542743.2628039968,3362572.511361133,17.685863387733207,2741.0,2009.0,2740.0026750798042,2009.3722328726549,543.2832555099202,1.0645253909270382
R_xml,1092,542743.2628039968,3362572.511361133,17.685863387733207,2724.0,2350.0,2722.8189365863773,2350.015560844412,599.5536142910928,1.1811659184369379
R_xml,1036,542743.2628039968,3362572.511361133,17.685863387733207,3312.0,2632.0,3311.3527837886763,2631.3388565964406,444.67004799524886,0.9252023693605176
R_xml,1033,542743.2628039968,3362572.511361133,17.685863387733207,3149.0,1453.0,3150.1208380759817,1452.9379564949638,610.0546484736414,1.1225539582076296
R_xml,962,542743.2628039968,3362572.511361133,17.685863387733207,578.0,2772.0,580.6533541207527,2770.3421645741428,699.4784169820907,3.128690842723639
R_xml,271,542743.2628039968,3362572.511361133,17.685863387733207,4693.0,2443.0,4695.522815469553,2442.31949107112,465.79027523317626,2.612984939815536
R_xml,315,542743.2628039968,3362572.511361133,17.685863387733207,379.0,2264.0,381.2302017632942,2263.659963474759,585.0567930057612,2.2559753419526705
R_xml,975,542743.2628039968,3362572.511361133,17.685863387733207,4989.0,1100.0,4992.032121140284,1097.9092686416957,429.4040089057288,3.6830579987227847
R_xml,1029,542743.2628039968,3362572.511361133,17.685863387733207,1526.0,2618.0,1526.9184638622175,2616.5091382187693,653.8303173224762,1.751069592258963
R_xml,275,542743.2628039968,3362572.511361133,17.685863387733207,5038.0,548.0,5040.8554105449875,544.6548485874384,374.4417410912606,4.398114067800952
R_xml,963,542743.2628039968,3362572.511361133,17.685863387733207,4203.0,986.0,4204.38136705117,984.1936928427778,707.3349179522631,2.2739658036765364
R_xml,1030,542743.2628039968,3362572.511361133,17.685863387733207,1583.0,2848.0,1583.0813989351493,2847.3924999703327,708.673577177825,0.6129290927091441
R_xml,3,542223.7431916683,3363662.9506711382,19.48302082896663,884.0,1978.0,885.3352203257443,1978.308740041675,517.3171998560141,1.3704501930439865
R_xml,11,542223.7431916683,3363662.9506711382,19.48302082896663,264.0,2789.0,267.986089746727,2786.9434173460436,371.402960447655,4.485358813017785
R_xml,115,542223.7431916683,3363662.9506711382,19.48302082896663,3352.0,2024.0,3353.32848496388,2024.1975175760488,548.4624255249568,1.3430880433177448
R_xml,4,542223.7431916683,3363662.9506711382,19.48302082896663,692.0,2424.0,693.9145131734572,2423.7475674499487,462.3168531366691,1.9310833445676194
R_xml,5,542223.7431916683,3363662.9506711382,19.48302082896663,466.0,2958.0,469.4021426665727,2956.181706481707,407.3158738602455,3.8575595967374143
R_xml,700,542223.7431916683,3363662.9506711382,19.48302082896663,2158.0,1774.0,2157.4491845172047,1773.56211456219,546.0744514540899,0.7036628118162755
R_xml,761,542223.7431916683,3363662.9506711382,19.48302082896663,3566.0,2373.0,3566.970864049492,2373.1006305867904,605.5807471254872,0.9760653244499212
R_xml,696,542223.7431916683,3363662.9506711382,19.48302082896663,2397.0,795.0,2396.8594891849575,794.6313860361331,761.7819220562506,0.39448643006010614
R_xml,759,542223.7431916683,3363662.9506711382,19.48302082896663,3854.0,1656.0,3853.5793788570136,1655.4230194980069,492.6791261032849,0.7140228607036804
R_xml,697,542223.7431916683,3363662.9506711382,19.48302082896663,2334.0,960.0,2333.4718216294386,959.2403039588643,711.8824082906442,0.925262376867314
R_xml,692,542223.7431916683,3363662.9506711382,19.48302082896663,2383.0,2182.0,2382.625234133741,2181.979747168919,567.245034615317,0.37531271185477033
R_xml,693,542223.7431916683,3363662.9506711382,19.48302082896663,2394.0,2482.0,2393.58421278407,2481.778927720888,623.2432954002119,0.4709054698370471
R_xml,694,542223.7431916683,3363662.9506711382,19.48302082896663,2392.0,2732.0,2393.2168440554765,2731.5211829393647,679.2195796436806,1.3076602130920156
R_xml,699,542223.7431916683,3363662.9506711382,19.48302082896663,2211.0,1450.0,2210.926910782527,1448.895285874895,600.6634491314319,1.1071293203222146
R_xml,698,542223.7431916683,3363662.9506711382,19.48302082896663,2265.0,1186.0,2264.305674501011,1185.0861026531811,655.9867119229509,1.147735273950052
R_xml,762,542223.7431916683,3363662.9506711382,19.48302082896663,3466.0,2637.0,3466.9525638514615,2637.0320508120208,661.8123157402108,0.9531029040257618
R_xml,832,542223.7431916683,3363662.9506711382,19.48302082896663,257.0,960.0,258.18161245811416,959.6940778086199,713.4937441476787,1.2205721561421035
R_xml,766,542223.7431916683,3363662.9506711382,19.48302082896663,1244.0,967.0,1243.6860822383505,965.8871921272448,713.5439190814797,1.1562377449058332
R_xml,764,542223.7431916683,3363662.9506711382,19.48302082896663,3289.0,3060.0,3289.3554058022487,3059.9277981768773,774.1579835665713,0.36266566908693887
R_xml,768,542223.7431916683,3363662.9506711382,19.48302082896663,953.0,1455.0,952.9204708641068,1454.8121150717764,602.0729455770783,0.20402360086400198
R_xml,760,542223.7431916683,3363662.9506711382,19.48302082896663,3710.0,2053.0,3710.3357149003605,2052.785698071748,548.802812560425,0.3982835808523984
R_xml,765,542223.7431916683,3363662.9506711382,19.48302082896663,1367.0,807.0,1367.651149765147,806.3976831961243,765.2889853723099,0.8870070737497481
R_xml,171,541765.9062470909,3362951.9920611638,26.72912066730953,4777.0,3608.0,4777.62421706243,3607.656497062325,1031.7159198729955,0.712489444988635
R_xml,64,541765.9062470909,3362951.9920611638,26.72912066730953,298.0,434.0,298.6915099886314,433.51605047319254,884.4412633214114,0.8440338908327084
R_xml,169,541765.9062470909,3362951.9920611638,26.72912066730953,5008.0,3423.0,5009.233519842675,3421.9809023805547,939.9003185733526,1.6000409870478511
R_xml,170,541765.9062470909,3362951.9920611638,26.72912066730953,4912.0,3500.0,4913.02874887892,3499.691548341629,976.1740994464324,1.0739956617373934
R_xml,62,541765.9062470909,3362951.9920611638,26.72912066730953,552.0,204.0,553.4946729871745,202.82338741004423,993.8232742594191,1.9022262024878696
R_xml,172,541765.9062470909,3362951.9920611638,26.72912066730953,4651.0,3707.0,4651.629079057104,3705.738486865081,1087.531963286297,1.4096651551554942
R_xml,173,541765.9062470909,3362951.9920611638,26.72912066730953,4544.0,3791.0,4544.4807601704015,3790.0339697530044,1142.483453313159,1.0790480895469259
R_xml,236,542197.47092741,3363643.3901876304,16.788175105316157,4639.0,3487.0,4639.638479518628,3485.8861936631465,368.86733712932573,1.2838304606614006
R_xml,235,542197.47092741,3363643.3901876304,16.788175105316157,4453.0,2843.0,4454.815766827817,2842.937893918369,423.5065221071441,1.816828648600924
R_xml,229,542197.47092741,3363643.3901876304,16.788175105316157,1672.0,1088.0,1671.5509590020445,1087.781010784734,431.89180957100814,0.4995939293543488
R_xml,113,542197.47092741,3363643.3901876304,16.788175105316157,3366.0,1126.0,3366.2389110823065,1124.9492128878737,438.9570331005007,1.0776047792486423
R_xml,114,542197.47092741,3363643.3901876304,16.788175105316157,3227.0,1621.0,3227.7927290095167,1621.8634634311863,495.2462977680031,1.172172504167147
R_xml,680,542197.47092741,3363643.3901876304,16.788175105316157,2491.0,716.0,2491.4724570043854,716.0609045646793,782.6628641259236,0.4763664419243121
R_xml,120,542197.47092741,3363643.3901876304,16.788175105316157,2683.0,2599.0,2683.1703196601734,2599.8755802768437,448.80892210435576,0.8919919326088693
R_xml,6,542197.47092741,3363643.3901876304,16.788175105316157,524.0,3602.0,527.0778460405918,3598.2724610969317,357.79088798704475,4.834013086812473
R_xml,110,542197.47092741,3363643.3901876304,16.788175105316157,3629.0,2923.0,3628.9265009688743,2922.8586173628446,377.0578104571007,0.15934603121959393
R_xml,112,542197.47092741,3363643.3901876304,16.788175105316157,3546.0,507.0,3547.4032855388446,506.5879066817315,382.5712234987821,1.4625427195442164
R_xml,682,542197.47092741,3363643.3901876304,16.788175105316157,2460.0,1076.0,2460.573787727323,1075.9677972167453,677.1715788474282,0.5746906779094693
R_xml,228,542197.47092741,3363643.3901876304,16.788175105316157,1584.0,460.0,1584.6746701174234,458.8329649915911,376.17161816117124,1.348017239576719
R_xml,684,542197.47092741,3363643.3901876304,16.788175105316157,2421.0,1618.0,2421.5136909086777,1618.8277720306287,568.0445470191249,0.9742098769512239
R_xml,723,542197.47092741,3363643.3901876304,16.788175105316157,2299.0,3342.0,2300.2847130858254,3341.815404625988,872.300556466184,1.2979072251118988
R_xml,346,542197.47092741,3363643.3901876304,16.788175105316157,229.0,1625.0,231.4779455382909,1624.7917414938786,485.8594008228358,2.4866816636046685
R_xml,683,542197.47092741,3363643.3901876304,16.788175105316157,2459.0,1319.0,2459.833969005329,1319.6212476068836,622.4323394738607,1.0399292720699687
R_xml,681,542197.47092741,3363643.3901876304,16.788175105316157,2472.0,870.0,2472.4409561829407,870.5079165231996,731.9911788109797,0.6726228882611475
R_xml,724,542197.47092741,3363643.3901876304,16.788175105316157,2316.0,3474.0,2317.3063521319928,3472.927419479638,928.1563761755606,1.6902617742296397
R_xml,901,542510.2484047242,3363164.325618576,19.824518593201446,1768.0,1712.0,1768.4394575250935,1711.521694699543,554.3453148434552,0.6495374329524759
R_xml,900,542510.2484047242,3363164.325618576,19.824518593201446,1843.0,1392.0,1842.5574074749024,1391.561364213769,608.7489861311958,0.6231287958638992
R_xml,904,542510.2484047242,3363164.325618576,19.824518593201446,1437.0,3187.0,1438.4794166121267,3185.9475764839626,390.72770015970707,1.8155629345590951
R_xml,722,542015.0740724943,3364059.72029794,28.634965009506857,248.0,3127.0,251.44160737275934,3124.961926050818,773.4594811934538,3.999800836362465
R_xml,727,542015.0740724943,3364059.72029794,28.634965009506857,806.0,3732.0,808.807902045595,3729.5754830554915,1043.0641875567428,3.709797341077465
R_xml,726,542015.0740724943,3364059.72029794,28.634965009506857,735.0,3636.0,737.8392168398559,3633.763821546134,990.299582408243,3.614089974150701
R_xml,728,542015.0740724943,3364059.72029794,28.634965009506857,890.0,3808.0,892.8695916569845,3805.1565786306846,1099.349055400374,4.039752636154167
R_xml,724,542015.0740724943,3364059.72029794,28.634965009506857,522.0,3394.0,525.2809930500493,3391.875620347748,881.5324887442763,3.90869598477231
R_xml,734,542015.0740724943,3364059.72029794,28.634965009506857,4767.0,161.0,4770.180798601537,158.47048498570143,1050.0708213711757,4.063979078576081
R_xml,736,542015.0740724943,3364059.72029794,28.634965009506857,5002.0,364.0,5005.684370481245,360.1856416614628,938.5568712313943,5.303198598755371
R_xml,723,542015.0740724943,3364059.72029794,28.634965009506857,389.0,3248.0,393.13949159625145,3246.929443749201,825.974029216427,4.275684899704559
R_xml,725,542015.0740724943,3364059.72029794,28.634965009506857,634.0,3522.0,637.2590766850556,3519.8315361247046,936.0817602016574,3.914564652363516
R_xml,982,543046.950475937,3363302.997740004,20.094563553476632,814.0,3186.0,815.9775386843803,3184.342547388286,388.1168237594708,2.5802729329079552
R_xml,1018,543046.950475937,3363302.997740004,20.094563553476632,4585.0,2060.0,4585.952472777593,2059.7811560589334,547.8457115616424,0.9772906745681885
R_xml,426,543046.950475937,3363302.997740004,20.094563553476632,3156.0,120.0,3156.095168464659,117.48432509975078,369.79067327397615,2.5174743773094224
R_xml,499,543046.950475937,3363302.997740004,20.094563553476632,3078.0,3716.0,3077.724562261792,3715.533502866894,373.00935177799414,0.5417430413259261
R_xml,427,543046.950475937,3363302.997740004,20.094563553476632,3153.0,3273.0,3153.1979743386464,3271.616233011566,385.26763685236955,1.3978572591802034
R_xml,313,543046.950475937,3363302.997740004,20.094563553476632,5128.0,1491.0,5131.007906922343,1488.8149244415897,371.5612870839692,3.717803013802736
R_xml,1005,543046.950475937,3363302.997740004,20.094563553476632,5121.0,2704.0,5123.3751584244055,2703.6090078373513,431.93991076789604,2.4071253420371006
R_xml,301,543046.950475937,3363302.997740004,20.094563553476632,4437.0,1776.0,4438.197335739643,1774.430538742092,543.9484239610041,1.9740368571786926
R_xml,1003,543046.950475937,3363302.997740004,20.094563553476632,4666.0,1817.0,4668.432097316339,1816.0889531117234,542.797595716496,2.5971337641299637
R_xml,872,543046.950475937,3363302.997740004,20.094563553476632,1628.0,3080.0,1629.0960661675317,3079.829006802807,399.4446920242763,1.1093239910386925
R_xml,948,543046.950475937,3363302.997740004,20.094563553476632,3338.0,1559.0,3338.3637268541456,1558.2514961082347,478.87074336216574,0.8321990749901275
R_xml,490,543046.950475937,3363302.997740004,20.094563553476632,3204.0,1332.0,3204.3557142323125,1331.4823093691955,371.1761465920454,0.6281211700718556
R_xml,856,543046.950475937,3363302.997740004,20.094563553476632,4524.0,911.0,4527.007504116977,909.1402067998827,410.4623850609634,3.536087069181709
R_xml,1064,543046.950475937,3363302.997740004,20.094563553476632,5024.0,819.0,5026.462898042764,817.1323632290444,751.9484151662849,3.090943848936339
R_xml,1000,543046.950475937,3363302.997740004,20.094563553476632,4243.0,991.0,4243.860949742896,989.0963535803818,705.0528456859059,2.089283166714859
R_xml,432,543046.950475937,3363302.997740004,20.094563553476632,3164.0,1582.0,3164.443057860809,1581.4214551791988,370.9969160947845,0.7287073333653868
R_xml,620,543046.950475937,3363302.997740004,20.094563553476632,4507.0,1641.0,4507.5873106725285,1640.3183058658942,490.5644549796849,0.899800377050422
R_xml,496,543046.950475937,3363302.997740004,20.094563553476632,3130.0,2984.0,3129.8335649527085,2983.0033066200185,372.43352681127374,1.0104940963043
R_xml,946,543046.950475937,3363302.997740004,20.094563553476632,3435.0,1034.0,3434.729809842816,1033.1747874367966,423.37633745606246,0.8683193511075918
R_xml,542,543046.950475937,3363302.997740004,20.094563553476632,1208.0,3219.0,1210.187908361579,3217.5075135953375,388.0888930639944,2.6484823327275318
R_xml,937,543046.950475937,3363302.997740004,20.094563553476632,3459.0,2623.0,3458.579646468115,2622.542920498728,441.7701698989933,0.6209820949522886
R_xml,1062,543046.950475937,3363302.997740004,20.094563553476632,744.0,3152.0,746.0453057093207,3149.277585232843,793.1974370578063,3.4051163869996133
R_xml,383,543046.950475937,3363302.997740004,20.094563553476632,1083.0,3154.0,1083.657846147352,3152.0944257110773,372.65748963792515,2.015930287532099
R_xml,544,543046.950475937,3363302.997740004,20.094563553476632,1132.0,823.0,1132.253982722633,821.97311965315,370.60435538433273,1.0578234588734163
R_xml,1016,543046.950475937,3363302.997740004,20.094563553476632,4807.0,1666.0,4809.1559721579715,1664.8144188906142,491.740140248364,2.460450875933274
R_xml,611,543046.950475937,3363302.997740004,20.094563553476632,5045.0,3106.0,5047.4233129513905,3104.6860278976706,374.9491480384896,2.7566226339629543
R_xml,1059,543046.950475937,3363302.997740004,20.094563553476632,276.0,2533.0,279.28867199520573,2531.052984972984,625.3979264722161,3.8218099125252
R_xml,1061,543046.950475937,3363302.997740004,20.094563553476632,603.0,2981.0,605.8352210446324,2979.822062128983,736.6730646872852,3.0701817535615876
R_xml,389,543046.950475937,3363302.997740004,20.094563553476632,1281.0,1219.0,1281.585671340952,1219.7290722693801,439.99434034081423,0.9351776802253903
R_xml,1060,543046.950475937,3363302.997740004,20.094563553476632,449.0,2767.0,451.76627007378875,2765.5725122110694,681.1874146784689,3.1128719068868387
R_xml,303,543046.950475937,3363302.997740004,20.094563553476632,4595.0,2121.0,4596.64782594412,2120.2022328277303,496.1144764227348,1.8307820195933828
R_xml,380,543046.950475937,3363302.997740004,20.094563553476632,1081.0,2431.0,1082.9510014101672,2430.4372804690865,371.49006324541784,2.030531894097211
R_xml,605,543046.950475937,3363302.997740004,20.094563553476632,5125.0,1679.0,5128.04154889678,1677.9575764065255,373.3029505071395,3.215224197429568
R_xml,558,543046.950475937,3363302.997740004,20.094563553476632,1199.0,964.0,1199.141987656869,963.4539410652676,415.1948715570525,0.5642170281941715
R_xml,989,543046.950475937,3363302.997740004,20.094563553476632,681.0,435.0,681.554603809655,433.62098082969555,364.07551995261025,1.486364443113115
R_xml,555,543046.950475937,3363302.997740004,20.094563553476632,1034.0,322.0,1035.6919108090108,320.7803888416686,360.58815679025355,2.085668612980981
R_xml,1087,543046.950475937,3363302.997740004,20.094563553476632,4928.0,2979.0,4928.622610675495,2978.560622826045,771.3436266135387,0.7620343523968365
R_xml,556,543046.950475937,3363302.997740004,20.094563553476632,1084.0,3717.0,1086.1012917256019,3715.243670947569,373.9045081499352,2.7386344510531977
R_xml,597,543046.950475937,3363302.997740004,20.094563553476632,4874.0,2701.0,4875.194730297493,2700.3549773162467,432.8334814642405,1.3577314706171995
R_xml,478,542821.9971121972,3363478.8241914823,20.857568035010388,4274.0,1011.0,4275.476544317432,1009.1829973688696,370.87691849751417,2.341299144252073
R_xml,481,542821.9971121972,3363478.8241914823,20.857568035010388,4256.0,1720.0,4256.874017554963,1720.538623229098,370.9794191652913,1.0266555748191228
R_xml,480,542821.9971121972,3363478.8241914823,20.857568035010388,4261.0,1684.0,4261.133989539814,1682.8940877860387,371.07077265987454,1.1139995609372975
R_xml,484,542821.9971121972,3363478.8241914823,20.857568035010388,4246.0,2474.0,4246.4365062775705,2472.842318361465,370.7552877531343,1.2372406825511117
R_xml,1040,543193.5334055498,3362977.3831012617,12.429207420416503,2353.0,1294.0,2353.774065252992,1294.5005631175418,641.9929893007534,0.9218136745202995
R_xml,1000,543193.5334055498,3362977.3831012617,12.429207420416503,2427.0,929.0,2426.2046712838696,927.8397998429764,734.4342932272838,1.4066314979621324
R_xml,218,543193.5334055498,3362977.3831012617,12.429207420416503,4344.0,3260.0,4344.792686819128,3260.2431004210034,871.1081720691807,0.8291261712859486
R_xml,1085,543193.5334055498,3362977.3831012617,12.429207420416503,3530.0,2465.0,3529.693512191953,2465.7495561741202,634.5298098882798,0.8097957981141717
R_xml,523,543193.5334055498,3362977.3831012617,12.429207420416503,1590.0,1151.0,1590.8830262043186,1149.8513603614297,672.336571103888,1.4488299751207392
R_xml,482,543193.5334055498,3362977.3831012617,12.429207420416503,3230.0,1022.0,3229.787847135264,1021.3016635051746,711.2602054229125,0.7298511478518404
R_xml,635,543193.5334055498,3362977.3831012617,12.429207420416503,3945.0,2927.0,3945.5784527260803,2926.367085295888,752.9569356674027,0.8574313844214223
R_xml,552,543193.5334055498,3362977.3831012617,12.429207420416503,1339.0,2111.0,1339.0445701477752,2111.6807706959985,565.7364900487437,0.6822281426348294
R_xml,937,543193.5334055498,3362977.3831012617,12.429207420416503,674.0,2427.0,675.778182706141,2425.337266983689,470.2732947611044,2.4344639697374193
R_xml,485,543193.5334055498,3362977.3831012617,12.429207420416503,3254.0,1246.0,3253.8046073250866,1244.506341748851,658.1058680247089,1.5063841703349075
R_xml,558,543193.5334055498,3362977.3831012617,12.429207420416503,1522.0,2654.0,1523.8101830707212,2653.818225464939,674.9825520589444,1.8192868743335424
R_xml,253,543193.5334055498,3362977.3831012617,12.429207420416503,1071.0,1026.0,1072.5647428293967,1024.932841854677,712.5144163331412,1.8940028060373846
R_xml,220,543193.5334055498,3362977.3831012617,12.429207420416503,4247.0,3364.0,4248.40628527954,3362.663837752605,921.6626423056649,1.939837065016832
R_xml,555,543193.5334055498,3362977.3831012617,12.429207420416503,1437.0,2408.0,1437.8135867228978,2408.2415299597833,619.9556379988825,0.8486813755164092
R_xml,667,543193.5334055498,3362977.3831012617,12.429207420416503,778.0,3095.0,780.91259077686,3093.767815095369,812.8871693356218,3.162509236769284
R_xml,597,543193.5334055498,3362977.3831012617,12.429207420416503,4312.0,1132.0,4313.371339755432,1130.2402467823572,686.1464218808997,2.2309872504863337
R_xml,633,543193.5334055498,3362977.3831012617,12.429207420416503,4230.0,2491.0,4231.401554009974,2491.016850464036,638.5521038603144,1.4016553003542531
R_xml,324,543193.5334055498,3362977.3831012617,12.429207420416503,3807.0,2621.0,3807.277762660173,2621.221148962235,671.634028098352,0.3550478261923358
R_xml,991,543193.5334055498,3362977.3831012617,12.429207420416503,3741.0,1730.0,3740.5542543404995,1729.728603432412,505.86361005687405,0.5218671189700479
R_xml,709,542668.4195254099,3364034.8385553407,32.10864607824817,1332.0,1950.0,1333.1095262157385,1950.0521414363216,498.8770095145998,1.1107507158640972
R_xml,711,542668.4195254099,3364034.8385553407,32.10864607824817,1196.0,2385.0,1197.8720644383009,2384.506029110392,446.8560620960798,1.9361385541667713
R_xml,713,542668.4195254099,3364034.8385553407,32.10864607824817,1009.0,2929.0,1010.7532394356911,2928.0685392494142,394.1238420287009,1.9853129850842353
R_xml,89,541642.6289488683,3363777.041106169,26.114536594915137,1615.0,306.0,1614.8240885279556,304.2910470204347,915.1200261837492,1.7179828673074646
R_xml,136,541642.6289488683,3363777.041106169,26.114536594915137,4327.0,3166.0,4328.040343292738,3166.4767155066347,804.1825647099286,1.1443652568173144
R_xml,145,541642.6289488683,3363777.041106169,26.114536594915137,3994.0,3552.0,3994.974755562823,3552.2948186754193,967.5492992918206,1.018364600047522
R_xml,211,541642.6289488683,3363777.041106169,26.114536594915137,547.0,573.0,548.3816948033195,572.7320663538692,827.5858996206935,1.4074334684983
R_xml,148,541642.6289488683,3363777.041106169,26.114536594915137,3914.0,3658.0,3914.164545812491,3658.026531360344,1019.9050809972989,0.166671045745709
R_xml,266,541642.6289488683,3363777.041106169,26.114536594915137,4469.0,3749.0,4470.555950492968,3747.6529516014107,1101.3371412847316,2.0580382223634945
R_xml,254,541642.6289488683,3363777.041106169,26.114536594915137,4942.0,3348.0,4943.196212301238,3346.6981616423473,885.0243260040754,1.7679669055413298
R_xml,98,541642.6289488683,3363777.041106169,26.114536594915137,1378.0,709.0,1378.3900145212992,708.7376106756149,759.5349844326269,0.4700632769910473
R_xml,154,541642.6289488683,3363777.041106169,26.114536594915137,3754.0,3828.0,3755.3145904525886,3827.8177464654455,1129.705897889372,1.3271640474691788
R_xml,251,541642.6289488683,3363777.041106169,26.114536594915137,5085.0,3204.0,5087.138519436214,3202.522872916773,832.2508526891518,2.5990709492176007
R_xml,269,541642.6289488683,3363777.041106169,26.114536594915137,4349.0,3826.0,4349.5731867263785,3824.6150663180138,1158.785078507241,1.4988610098326138
R_xml,317,541642.6289488683,3363777.041106169,26.114536594915137,306.0,200.0,308.20191475913816,199.78890166431188,1014.279468674768,2.2120106495767073
R_xml,294,542991.8100457413,3362718.5414906726,12.336074118692522,2066.0,2779.0,2065.428911922692,2779.2127958386573,434.48097913154635,0.6094453716235056
R_xml,287,542991.8100457413,3362718.5414906726,12.336074118692522,2239.0,1813.0,2237.9950877756646,1813.1312584845607,520.3377088927912,1.0134482563939136
R_xml,293,542991.8100457413,3362718.5414906726,12.336074118692522,2102.0,2260.0,2102.2198368728946,2259.89007832916,488.31310644902356,0.24578654235798536
R_xml,296,542991.8100457413,3362718.5414906726,12.336074118692522,1957.0,1196.0,1956.8814551007044,1195.4115519583825,377.92239020355885,0.6002699316411834
R_xml,816,543011.7341591977,3363678.2638728474,18.172816672799968,2734.0,2150.0,2734.7158942263254,2149.6764189951186,566.1019974121118,0.7856266352448217
R_xml,780,543011.7341591977,3363678.2638728474,18.172816672799968,3294.0,1820.0,3293.945250979,1820.5298808197388,543.5000986845907,0.5327017349582203
R_xml,821,543011.7341591977,3363678.2638728474,18.172816672799968,2688.0,2861.0,2687.2015800049994,2861.582304781316,715.776041343285,0.988207137578052
R_xml,756,543011.7341591977,3363678.2638728474,18.172816672799968,1632.0,3181.0,1634.0618152991615,3180.2114938203895,810.8628219918393,2.207447467809897
R_xml,842,543011.7341591977,3363678.2638728474,18.172816672799968,2010.0,1202.0,2010.3818339503514,1201.529238161525,655.2611096261024,0.6061467431285412
R_xml,887,543011.7341591977,3363678.2638728474,18.172816672799968,3771.0,2897.0,3770.310057084294,2896.5918260389985,727.3739872073168,0.8016403241932252
R_xml,775,543011.7341591977,3363678.2638728474,18.172816672799968,3163.0,979.0,3163.761882939147,977.8980467261088,705.5517039301028,1.339689005255771
R_xml,778,543011.7341591977,3363678.2638728474,18.172816672799968,3249.0,1497.0,3248.530254205181,1496.510071042066,597.1330030018935,0.6787425841749145
R_xml,776,543011.7341591977,3363678.2638728474,18.172816672799968,3203.0,1220.0,3203.246992999572,1219.2053960016892,650.9299927883194,0.8321063970244208
R_xml,844,543011.7341591977,3363678.2638728474,18.172816672799968,1944.0,1466.0,1943.842397067945,1466.1349840797511,601.294698012533,0.20750755643728172
R_xml,818,543011.7341591977,3363678.2638728474,18.172816672799968,2719.0,2452.0,2718.4270841931893,2452.0417389180666,621.3424290355306,0.5744342076990975
R_xml,207,542334.915473348,3363348.0293239774,29.16538874981137,1448.0,145.0,1448.2330298896475,143.80832988766042,359.1413164004152,1.214240744709441
R_xml,12,542334.915473348,3363348.0293239774,29.16538874981137,975.0,2785.0,976.7968377434797,2783.952155457138,413.8846744171147,2.080049052882934
R_xml,140,542334.915473348,3363348.0293239774,29.16538874981137,2741.0,3507.0,2740.902300568047,3505.2888061037393,364.5101755449715,1.7139806678034493
R_xml,210,542334.915473348,3363348.0293239774,29.16538874981137,1420.0,881.0,1420.6366135625353,880.8967665660664,360.75635583884343,0.6449294301593398
R_xml,91,542334.915473348,3363348.0293239774,29.16538874981137,3582.0,441.0,3583.458574438184,439.94044937310946,360.3259868508316,1.8027997455811613
R_xml,836,542334.915473348,3363348.0293239774,29.16538874981137,1318.0,2444.0,1319.1642691103632,2444.1329131042066,448.55288961623944,1.1718312398190047
R_xml,133,542334.915473348,3363348.0293239774,29.16538874981137,2826.0,1928.0,2825.3325524868496,1928.920857690314,362.447215044522,1.1373060575857028
R_xml,122,542334.915473348,3363348.0293239774,29.16538874981137,2878.0,1625.0,2878.274703333317,1624.9307762937037,557.4085539735596,0.2832910920747936
R_xml,103,542334.915473348,3363348.0293239774,29.16538874981137,3403.0,508.0,3402.6160427003424,506.8934310289874,369.4973590204392,1.171289074297324
R_xml,105,542334.915473348,3363348.0293239774,29.16538874981137,3258.0,1087.0,3258.5599897459665,1085.3280277306094,418.98722167889474,1.7632582865816366
R_xml,761,542334.915473348,3363348.0293239774,29.16538874981137,1468.0,2126.0,1467.6196010374042,2126.226650127608,545.069854370379,0.442802045036734
R_xml,760,542334.915473348,3363348.0293239774,29.16538874981137,1389.0,1751.0,1388.7545945796637,1750.0797869227977,490.2775164274217,0.9523738382508289
R_xml,819,542334.915473348,3363348.0293239774,29.16538874981137,3245.0,3101.0,3244.8457761576956,3100.156727544517,387.8186128698337,0.8572592535002507
R_xml,100,542334.915473348,3363348.0293239774,29.16538874981137,3489.0,2709.0,3488.665244693985,2708.241874442926,363.6128109081228,0.8287433107988296
R_xml,702,542334.915473348,3363348.0293239774,29.16538874981137,4959.0,3045.0,4960.950789748628,3043.530347097976,389.9210931019362,2.4424291792763113
R_xml,767,542334.915473348,3363348.0293239774,29.16538874981137,2946.0,1332.0,2946.720799351388,1331.110087754697,610.7780188588514,1.145205444146049
R_xml,827,542334.915473348,3363348.0293239774,29.16538874981137,2998.0,1869.0,2997.682858751193,1868.007129324168,506.39746283058315,1.0422911064676998
R_xml,828,542334.915473348,3363348.0293239774,29.16538874981137,2957.0,2234.0,2956.6431168166378,2234.2881505074847,562.1530083161572,0.4586897879073254
R_xml,89,542334.915473348,3363348.0293239774,29.16538874981137,3506.0,2908.0,3506.446475394596,2907.389503624969,404.88927868985604,0.7563372937422145
R_xml,217,542334.915473348,3363348.0293239774,29.16538874981137,1365.0,2607.0,1366.2209261326334,2605.9222037145328,363.13197713474244,1.628590020328657
R_xml,29,542334.915473348,3363348.0293239774,29.16538874981137,931.0,1118.0,931.2633623159202,1118.1090432358912,416.0435544215524,0.2850440961333409
R_xml,208,542334.915473348,3363348.0293239774,29.16538874981137,1476.0,3269.0,1477.2101816862728,3267.502728597528,373.89961087815743,1.925191254512309
R_xml,130,542334.915473348,3363348.0293239774,29.16538874981137,2906.0,3697.0,2905.9415255860563,3696.2480045158163,345.33171503763924,0.7542655138071136
R_xml,32,542334.915473348,3363348.0293239774,29.16538874981137,1089.0,1619.0,1089.492006163518,1619.6994807671604,469.5251962391733,0.8551861835687917
R_xml,35,542334.915473348,3363348.0293239774,29.16538874981137,1215.0,2019.0,1215.621246023189,2019.4416480293996,522.9393628902571,0.7622332997192083
R_xml,83,542334.915473348,3363348.0293239774,29.16538874981137,3377.0,1930.0,3378.2240957312683,1929.5052743247159,511.0408081477467,1.3202893065895491
R_xml,222,542334.915473348,3363348.0293239774,29.16538874981137,1454.0,996.0,1454.8337429101557,995.9008762161172,409.5048393136216,0.8396146525437382
R_xml,892,542334.915473348,3363348.0293239774,29.16538874981137,4713.0,1525.0,4714.763959750229,1523.7074316242722,461.49641526694865,2.18684407454229
R_xml,254,542334.915473348,3363348.0293239774,29.16538874981137,4783.0,471.0,4786.279409574867,469.6035095492241,361.89141585566784,3.5643670881148517
R_xml,817,542334.915473348,3363348.0293239774,29.16538874981137,3188.0,2505.0,3188.047894964252,2505.0795853212594,441.4992000299024,0.0928856875985925
R_xml,205,542334.915473348,3363348.0293239774,29.16538874981137,1606.0,2655.0,1607.2314895728566,2654.8910489741484,425.9589829256058,1.2362996781074957
R_xml,215,542334.915473348,3363348.0293239774,29.16538874981137,1385.0,1920.0,1386.2661221066278,1919.6613438605586,362.3240278013666,1.3106308289037445
R_xml,777,542334.915473348,3363348.0293239774,29.16538874981137,3029.0,980.0,3029.970356030049,978.8031479474032,407.0359817913995,1.5407938411279223
R_xml,779,542334.915473348,3363348.0293239774,29.16538874981137,2980.0,1528.0,2980.7434921122986,1526.8484534182417,461.8897871178362,1.370707864940404
R_xml,92,542334.915473348,3363348.0293239774,29.16538874981137,3596.0,3576.0,3596.8857488048225,3574.8026283602185,352.4189062756425,1.4893789944126126
R_xml,199,542334.915473348,3363348.0293239774,29.16538874981137,1835.0,1769.0,1835.0017545201645,1768.3485833436557,530.8493016083899,0.6514190191449517
R_xml,825,542334.915473348,3363348.0293239774,29.16538874981137,3147.0,812.0,3147.296449518545,810.2832658763002,393.813500643046,1.7421418910412863
R_xml,131,542334.915473348,3363348.0293239774,29.16538874981137,2860.0,1223.0,2859.038683086229,1223.044004044895,361.6015283249147,0.9623235239094
R_xml,220,542334.915473348,3363348.0293239774,29.16538874981137,1344.0,417.0,1345.0210635025371,416.12686832667987,360.484929809457,1.3434766820336623
R_xml,244,542334.915473348,3363348.0293239774,29.16538874981137,4888.0,956.0,4890.0856580885975,953.6244169995467,363.1966159717213,3.161228282578576
R_xml,213,542334.915473348,3363348.0293239774,29.16538874981137,1390.0,1645.0,1391.062354640173,1645.4535288246273,361.8602754061911,1.1551128846415317
R_xml,752,542334.915473348,3363348.0293239774,29.16538874981137,1353.0,2924.0,1353.5378719460164,2923.894221985167,401.8167156125775,0.5481744418827404
R_xml,246,542334.915473348,3363348.0293239774,29.16538874981137,4887.0,1631.0,4890.131997839939,1630.2542110415354,363.77320295798694,3.2195669957230013
R_xml,824,542334.915473348,3363348.0293239774,29.16538874981137,3240.0,61.0,3241.0034285386414,58.07978932592414,337.2755261243494,3.087798441146477
R_xml,838,542334.915473348,3363348.0293239774,29.16538874981137,976.0,3730.0,978.6287247420219,3726.745604943897,340.57659971555205,4.183453232737959
R_xml,196,542334.915473348,3363348.0293239774,29.16538874981137,1914.0,1441.0,1914.0308051803258,1440.4376186461802,582.9601049416209,0.5632244190898235
R_xml,843,542334.915473348,3363348.0293239774,29.16538874981137,1128.0,960.0,1128.7152754501194,959.6788324201784,402.4483608977905,0.784071159954228
R_xml,815,542334.915473348,3363348.0293239774,29.16538874981137,3149.0,2035.0,3149.130519033772,2034.5682311565165,494.4447594734653,0.451064909275678
R_xml,263,542334.915473348,3363348.0293239774,29.16538874981137,4131.0,2001.0,4131.384937260503,2001.4148995474538,525.2930058885859,0.5659667207537527
R_xml,762,542334.915473348,3363348.0293239774,29.16538874981137,1555.0,2439.0,1554.8921038537242,2439.381890929404,601.4136119223222,0.39684034616242014
R_xml,252,542334.915473348,3363348.0293239774,29.16538874981137,4806.0,3127.0,4807.528494154023,3126.716685367948,364.4914597868767,1.554529369171767
R_xml,260,542334.915473348,3363348.0293239774,29.16538874981137,4327.0,1584.0,4327.869089339112,1583.726598641737,468.8175760910865,0.9110788012343044
R_xml,750,542334.915473348,3363348.0293239774,29.16538874981137,1507.0,2377.0,1506.688464019944,2377.3235209812833,454.56322395057026,0.44913304509912916
R_xml,813,542334.915473348,3363348.0293239774,29.16538874981137,3105.0,1655.0,3105.288635061681,1654.206824056393,547.8259612862591,0.8440605880789929
R_xml,837,542334.915473348,3363348.0293239774,29.16538874981137,1160.0,3019.0,1161.1969235816944,3018.012861776848,394.397149335704,1.5514728267115012
R_xml,674,543407.8497097817,3364006.327469824,21.864959612824237,4888.0,1223.0,4890.582800236571,1221.6845434795086,439.5395264496303,2.8984966653995765
R_xml,677,543407.8497097817,3364006.327469824,21.864959612824237,4273.0,2383.0,4273.289197565301,2382.6707240614187,608.1541405122109,0.43824408211024
R_xml,673,543407.8497097817,3364006.327469824,21.864959612824237,5073.0,864.0,5076.2906491460435,861.6183397073705,402.1008732024794,4.0621026023286
R_xml,7,541873.5211133931,3363315.428120957,25.235092038552636,4772.0,291.0,4775.906928774239,288.0996533811126,366.49108113804215,4.865809589026811
R_xml,5,541873.5211133931,3363315.428120957,25.235092038552636,4290.0,2106.0,4290.194292624066,2105.9302468308324,497.71035048591654,0.20643431976173263
R_xml,15,541873.5211133931,3363315.428120957,25.235092038552636,4792.0,2917.0,4793.222712953138,2916.8804531846795,368.5830994092223,1.228543205111526
R_xml,17,541873.5211133931,3363315.428120957,25.235092038552636,4751.0,3562.0,4752.368111955397,3560.8950100767825,368.64395682746994,1.7586168010432568
R_xml,18,541873.5211133931,3363315.428120957,25.235092038552636,4745.0,3622.0,4746.454827725091,3620.8383834307797,368.6768732523377,1.8616865374115505
R_xml,283,543070.7341047474,3362575.1583351297,8.741556972026615,2339.0,1476.0,2339.4977526466923,1476.654013980522,382.0994210580232,0.8218831936519007
R_xml,178,543070.7341047474,3362575.1583351297,8.741556972026615,4002.0,3781.0,4002.12492576741,3779.855318308565,356.80613323107934,1.1514784505448936
R_xml,287,543070.7341047474,3362575.1583351297,8.741556972026615,2228.0,718.0,2227.411291636641,717.1532063541549,406.1823232555547,1.0313277925723838
R_xml,402,543070.7341047474,3362575.1583351297,8.741556972026615,4203.0,508.0,4205.214674988278,506.2496042650607,388.1948948633797,2.822883372120854
R_xml,403,543070.7341047474,3362575.1583351297,8.741556972026615,4016.0,1120.0,4015.945903013966,1119.3346852615978,443.8310627031577,0.6675104381454939
R_xml,291,543070.7341047474,3362575.1583351297,8.741556972026615,2094.0,2312.0,2093.853876923629,2312.283023425565,485.8579915641264,0.31851877945674073
R_xml,177,543070.7341047474,3362575.1583351297,8.741556972026615,3848.0,3091.0,3848.979527373942,3089.7247691842044,410.49013373563184,1.608007310262029
R_xml,290,543070.7341047474,3362575.1583351297,8.741556972026615,2186.0,1956.0,2185.113945773424,1956.3438536699198,534.6448305659995,0.9504353943065698
R_xml,394,543070.7341047474,3362575.1583351297,8.741556972026615,4328.0,152.0,4330.823844455564,148.6922148198105,382.1465209109182,4.349199961774444
R_xml,292,543070.7341047474,3362575.1583351297,8.741556972026615,2005.0,2833.0,2004.2823724314921,2832.590149726808,431.61752763281504,0.8264179169876554
R_xml,1073,543070.7341047474,3362575.1583351297,8.741556972026615,1711.0,2212.0,1711.3069499314088,2211.447458586806,501.09273652555106,0.632076161301936
R_xml,477,543082.536207843,3363564.9511958035,13.003987640463436,1797.0,2948.0,1798.3937334259385,2947.4483947720064,420.1943725864431,1.4989200079151133
R_xml,444,543082.536207843,3363564.9511958035,13.003987640463436,4630.0,2547.0,4631.397916462244,2546.6675967090614,378.7886393507747,1.4368933096232939
R_xml,479,543082.536207843,3363564.9511958035,13.003987640463436,1677.0,3538.0,1678.0790072776535,3535.525639136159,371.76482474192557,2.69939222599034
R_xml,478,543082.536207843,3363564.9511958035,13.003987640463436,1689.0,412.0,1689.3029126424972,410.102469605255,377.04275506794005,1.9215560538182852
R_xml,697,541788.7303410604,3363407.7264259406,20.821623273171554,2059.0,3639.0,2059.9595427411527,3637.479276258784,357.20888032079665,1.7981443126726167
R_xml,9,541788.7303410604,3363407.7264259406,20.821623273171554,5050.0,2101.0,5051.972834099732,2100.4880485891313,371.95027842272503,2.038177772461144
R_xml,11,541788.7303410604,3363407.7264259406,20.821623273171554,5023.0,2757.0,5025.087104675854,2756.7374500141705,372.57783904985706,2.10355376043262
R_xml,7,541788.7303410604,3363407.7264259406,20.821623273171554,5047.0,1443.0,5048.906362198151,1441.8279503138292,371.69828424565407,2.23783763874715
R_xml,13,541788.7303410604,3363407.7264259406,20.821623273171554,4980.0,3378.0,4981.243438008507,3377.798571438668,373.3194215645685,1.2596473896769174
R_xml,696,541788.7303410604,3363407.7264259406,20.821623273171554,2167.0,3016.0,2167.634750834116,3015.3663772338023,406.373100144122,0.8968759285737117
R_xml,695,541788.7303410604,3363407.7264259406,20.821623273171554,2166.0,597.0,2166.285389036245,596.3932027572052,378.5144072650248,0.6705593157000221
R_xml,765,541788.7303410604,3363407.7264259406,20.821623273171554,360.0,2939.0,363.3369104035655,2938.0550904447273,409.47131785760837,3.4681154982309224
R_xml,764,541788.7303410604,3363407.7264259406,20.821623273171554,4000.0,918.0,4000.6344898187826,917.6894070951148,411.1941392035038,0.7064313715456393
R_xml,158,542806.3353610602,3362894.8562000454,18.712130382015005,987.0,1693.0,988.4232836502595,1692.4404817486336,371.86166054123316,1.5293125981002103
R_xml,953,542806.3353610602,3362894.8562000454,18.712130382015005,1172.0,150.0,1173.1155962405148,148.20911271318687,349.83455574809824,2.109936550211813
R_xml,307,542806.3353610602,3362894.8562000454,18.712130382015005,1186.0,2215.0,1186.894580676579,2213.5646688340257,372.6730918045199,1.691286534838341
R_xml,153,542806.3353610602,3362894.8562000454,18.712130382015005,1101.0,3346.0,1102.9652549072775,3344.286469110092,377.9956876309311,2.607377027061242
R_xml,270,542806.3353610602,3362894.8562000454,18.712130382015005,3052.0,1361.0,3052.574859770383,1360.2849075252213,372.6657932494467,0.917508039795619
R_xml,277,542806.3353610602,3362894.8562000454,18.712130382015005,2942.0,3466.0,2942.8260480191693,3464.8530932226195,374.64808102704086,1.4134180153001323
R_xml,1005,542806.3353610602,3362894.8562000454,18.712130382015005,3012.0,927.0,3012.0334328712843,926.5416868557045,719.4784154359205,0.4595309512060682
R_xml,312,542806.3353610602,3362894.8562000454,18.712130382015005,1132.0,229.0,1132.0531583386824,228.20739525306726,355.4664427806342,0.7943853560028522
R_xml,267,542806.3353610602,3362894.8562000454,18.712130382015005,3091.0,619.0,3090.802919868945,618.3233073481035,371.9079837104601,0.7048074369551628
R_xml,155,542806.3353610602,3362894.8562000454,18.712130382015005,1029.0,957.0,1029.4593345890903,956.2828783301965,370.6918981887119,0.8516171405253448
R_xml,150,542806.3353610602,3362894.8562000454,18.712130382015005,1297.0,2740.0,1297.760183062795,2739.3036794353297,430.76767706307857,1.030893116546584
R_xml,192,542806.3353610602,3362894.8562000454,18.712130382015005,3263.0,2569.0,3263.803858216409,2569.152565609593,373.8621942619475,0.8182079792563246
R_xml,906,542806.3353610602,3362894.8562000454,18.712130382015005,4985.0,3414.0,4986.250515401791,3413.6182383939604,370.3795191477257,1.3074902271000126
R_xml,152,542806.3353610602,3362894.8562000454,18.712130382015005,1087.0,261.0,1087.9655751800985,260.1881487771502,370.1362603300458,1.2615220317002054
R_xml,378,542806.3353610602,3362894.8562000454,18.712130382015005,4757.0,2717.0,4758.868923474753,2716.0711870661776,433.09489521280153,2.0869998611684495
R_xml,187,542806.3353610602,3362894.8562000454,18.712130382015005,3283.0,1139.0,3283.80212334318,1138.0866370676038,371.78430225841265,1.2155795753260101
R_xml,306,542806.3353610602,3362894.8562000454,18.712130382015005,1186.0,2150.0,1187.199277129896,2148.49710963159,372.5662598440687,1.922744157123246
R_xml,1013,542806.3353610602,3362894.8562000454,18.712130382015005,3277.0,3233.0,3277.6426026074437,3233.3988205116484,391.0006860715831,0.7563041131746625
R_xml,400,542806.3353610602,3362894.8562000454,18.712130382015005,4150.0,2124.0,4150.884084555801,2124.1271910352702,564.3056778966012,0.8931870247928805
R_xml,313,542806.3353610602,3362894.8562000454,18.712130382015005,1197.0,3648.0,1198.3586553862629,3646.5823972680237,375.0776135414725,1.9635534024639665
R_xml,297,542806.3353610602,3362894.8562000454,18.712130382015005,1556.0,2271.0,1557.1037384393621,2270.9593551176413,480.09512363699514,1.1044865544620766
R_xml,144,542806.3353610602,3362894.8562000454,18.712130382015005,1594.0,1848.0,1593.6386984273142,1848.5354215528262,535.8076939360657,0.6459218727183543
R_xml,147,542806.3353610602,3362894.8562000454,18.712130382015005,1460.0,2248.0,1460.2510497687313,2247.5395343395116,483.4695284256692,0.5244564909208352
R_xml,972,542806.3353610602,3362894.8562000454,18.712130382015005,3056.0,3449.0,3056.6102393082647,3448.306453004528,372.1918039288559,0.9237962157746172
R_xml,947,542806.3353610602,3362894.8562000454,18.712130382015005,1177.0,3736.0,1179.222253243375,3735.0235090496653,349.34841014625766,2.4273327035608934
R_xml,268,542806.3353610602,3362894.8562000454,18.712130382015005,3110.0,3780.0,3109.2163031090067,3778.613166901616,350.1478337953501,1.5929491077012856
R_xml,381,542806.3353610602,3362894.8562000454,18.712130382015005,4984.0,3289.0,4985.741710360609,3287.2784054022554,379.86495210344094,2.4489677293172982
R_xml,399,542806.3353610602,3362894.8562000454,18.712130382015005,4263.0,1899.0,4263.237948234141,1899.13406756202,529.9176286171152,0.27311805747126655
R_xml,310,542806.3353610602,3362894.8562000454,18.712130382015005,1190.0,2948.0,1191.3432811655057,2947.3008766406983,374.008124426804,1.5143241928740234
R_xml,294,542806.3353610602,3362894.8562000454,18.712130382015005,1792.0,1440.0,1791.4055554674521,1439.599220409174,600.9248977178528,0.716929970568056
R_xml,1052,542806.3353610602,3362894.8562000454,18.712130382015005,1402.0,1966.0,1402.5289559427404,1964.6433626732155,530.2640847392456,1.4561109936352135
R_xml,375,542806.3353610602,3362894.8562000454,18.712130382015005,4561.0,2246.0,4561.734298269268,2245.121467571484,486.45239208593625,1.144994836758686
R_xml,555,543565.9816150345,3363307.859690835,15.414409599773421,4512.0,2037.0,4513.551746271101,2037.422954055379,551.7446091919231,1.6083552539282333
R_xml,1060,543565.9816150345,3363307.859690835,15.414409599773421,1008.0,333.0,1008.9100351109066,332.7578535458633,363.91281350201314,0.941699956638943
R_xml,485,543565.9816150345,3363307.859690835,15.414409599773421,368.0,1561.0,370.8785610760651,1560.3718699674732,595.2022989346087,2.9462961844321236
R_xml,558,543565.9816150345,3363307.859690835,15.414409599773421,4336.0,2346.0,4337.142079116457,2345.7348083789216,606.994226018391,1.1724637751923142
R_xml,930,543565.9816150345,3363307.859690835,15.414409599773421,1531.0,2096.0,1531.6750755400901,2096.141565871937,505.0772057591505,0.68975929201806
R_xml,929,543565.9816150345,3363307.859690835,15.414409599773421,4533.0,1513.0,4533.846123283591,1512.8416487204036,480.3445241403945,0.8608134169401422
R_xml,600,543565.9816150345,3363307.859690835,15.414409599773421,1496.0,1682.0,1496.0597235320895,1682.173347608535,566.8653315723369,0.18334746704026603
R_xml,928,543530.6008856659,3363350.5929730963,17.3514291262224,4311.0,1071.0,4312.787295389799,1069.2159805672457,429.19465525094694,2.525301991216195
R_xml,995,543530.6008856659,3363350.5929730963,17.3514291262224,2540.0,569.0,2540.855458099055,568.0811858225629,384.57127445805685,1.25539955866567
R_xml,999,543530.6008856659,3363350.5929730963,17.3514291262224,3597.0,2559.0,3597.629623211987,2558.7465136607807,451.2463755425888,0.6787346412581061
R_xml,996,543530.6008856659,3363350.5929730963,17.3514291262224,2543.0,1190.0,2543.559362871101,1189.3018439913762,440.47448491230284,0.894599705982282
R_xml,1000,543530.6008856659,3363350.5929730963,17.3514291262224,3709.0,3158.0,3708.1140521441157,3157.50336257738,395.90323220389985,1.0156536480969856
R_xml,932,543530.6008856659,3363350.5929730963,17.3514291262224,1787.0,3005.0,1788.1137221416902,3004.5264030152243,408.2066955546351,1.210235974047905
R_xml,864,543530.6008856659,3363350.5929730963,17.3514291262224,542.0,1962.0,543.8326388765631,1961.23972850523,521.2303798894142,1.9840811469419164
R_xml,108,542214.4215802682,3363543.5279194037,15.31615867090187,3283.0,3143.0,3283.2790120843274,3142.270593023718,378.7096699544581,0.7809496016066491
R_xml,8,542214.4215802682,3363543.5279194037,15.31615867090187,809.0,3780.0,812.1674004844153,3776.990645253746,348.63640783495094,4.369055025686342
R_xml,9,542214.4215802682,3363543.5279194037,15.31615867090187,875.0,1208.0,876.0204910165462,1206.884760661045,374.54984078388065,1.5116747990240174
R_xml,104,542214.4215802682,3363543.5279194037,15.31615867090187,3408.0,1801.0,3408.535318359667,1800.682604244687,376.1269679379253,0.6223389845474052
R_xml,106,542214.4215802682,3363543.5279194037,15.31615867090187,3349.0,2478.0,3348.6910163951143,2478.4980902764055,377.3971278988963,0.5861440023900927
R_xml,109,542214.4215802682,3363543.5279194037,15.31615867090187,3285.0,239.0,3286.738739164065,237.87197976213497,363.23576693569464,2.072593432800212
R_xml,98,542214.4215802682,3363543.5279194037,15.31615867090187,3440.0,2920.0,3440.0005515790817,2919.7411507965035,417.24691654703014,0.2588497911729421
R_xml,129,542214.4215802682,3363543.5279194037,15.31615867090187,2869.0,2824.0,2869.0550853829327,2824.9294049513487,377.4118305396864,0.9310359622508414
R_xml,690,542214.4215802682,3363543.5279194037,15.31615867090187,1441.0,853.0,1440.9956854244745,853.2174689329438,410.09667738079463,0.21751172924162418
R_xml,125,542214.4215802682,3363543.5279194037,15.31615867090187,2929.0,1472.0,2928.533287440903,1472.4709835845356,375.7411081148961,0.6630581797404014
R_xml,691,542214.4215802682,3363543.5279194037,15.31615867090187,1546.0,1397.0,1546.0175736894475,1397.599500418095,464.80307262148733,0.5997579393862579
R_xml,20,542214.4215802682,3363543.5279194037,15.31615867090187,1064.0,1073.0,1065.1488084972905,1072.4763004231186,428.5408495606302,1.262545924025175
R_xml,15,542214.4215802682,3363543.5279194037,15.31615867090187,877.0,3166.0,878.8534408256157,3165.532388118485,376.2370352167942,1.9115187066291486
R_xml,102,542214.4215802682,3363543.5279194037,15.31615867090187,3454.0,1113.0,3454.170767748328,1111.8617950145276,374.7209856983817,1.1509440528641175
R_xml,702,542214.4215802682,3363543.5279194037,15.31615867090187,2910.0,3230.0,2910.4888837098006,3228.988959262072,393.2401822326534,1.1230363553591
R_xml,122,542214.4215802682,3363543.5279194037,15.31615867090187,2953.0,3079.0,2952.0728906001486,3078.2078887742473,406.5301781085282,1.219414627293032
R_xml,700,542214.4215802682,3363543.5279194037,15.31615867090187,2849.0,2134.0,2849.900100756235,2134.562865200832,502.97051477573086,1.0616019054631332
R_xml,226,542214.4215802682,3363543.5279194037,15.31615867090187,1216.0,139.0,1216.3228930199377,137.29746170607245,352.2026150683478,1.7328867662413003
R_xml,769,542214.4215802682,3363543.5279194037,15.31615867090187,1318.0,2121.0,1318.9572280882267,2121.7791831367254,503.9480489174984,1.2342657628919378
R_xml,100,542214.4215802682,3363543.5279194037,15.31615867090187,3482.0,443.0,3482.5442005959057,440.7862412889292,373.26039513275276,2.2796670632849003
R_xml,758,542214.4215802682,3363543.5279194037,15.31615867090187,3288.0,581.0,3288.513461965007,578.9745855020667,388.7172836142325,2.0894848833976587
R_xml,95,542214.4215802682,3363543.5279194037,15.31615867090187,3381.0,2400.0,3381.8443499725545,2399.6400921250843,469.3167679710174,0.9178564999928448
R_xml,136,542214.4215802682,3363543.5279194037,15.31615867090187,2764.0,1261.0,2764.1614315612114,1261.2923824690997,451.5449370817551,0.333987510532967
R_xml,131,542214.4215802682,3363543.5279194037,15.31615867090187,2825.0,3483.0,2824.8860031793033,3482.1907727704574,378.1285402646678,0.8172172196925825
R_xml,689,542214.4215802682,3363543.5279194037,15.31615867090187,1298.0,156.0,1298.4178773372487,155.86049963557662,354.16564705703803,0.4405471832395555
R_xml,825,542214.4215802682,3363543.5279194037,15.31615867090187,5091.0,780.0,5094.523550411894,776.4880784262493,400.5290468457721,4.974836745595919
R_xml,32,541486.7088306372,3363333.672720306,26.998384583366544,5060.0,3076.0,5061.453943599476,3075.162042039231,772.7966049021383,1.6781315605376306
R_xml,35,541486.7088306372,3363333.672720306,26.998384583366544,4880.0,3243.0,4881.4597303676765,3242.1894452644183,829.2004171595436,1.6696741375761894
R_xml,38,541486.7088306372,3363333.672720306,26.998384583366544,4744.0,3388.0,4745.049517317348,3387.2842102817885,881.943248835736,1.2703706231292546
R_xml,42,541486.7088306372,3363333.672720306,26.998384583366544,4564.0,3526.0,4564.925929838081,3525.2048761933443,949.6281192245209,1.2204785671857334
R_xml,937,542418.5808508651,3362928.570081192,19.555894924466656,2959.0,270.0,2959.188191552021,269.49312194662093,952.894285757274,0.5406860653368964
R_xml,1049,542418.5808508651,3362928.570081192,19.555894924466656,528.0,2679.0,529.8573583170078,2678.7184953822934,664.2272285162683,1.8785698729480453
R_xml,975,542418.5808508651,3362928.570081192,19.555894924466656,1308.0,1749.0,1308.4483683677272,1748.430656156051,502.0953937092443,0.724697596119141
R_xml,1015,542418.5808508651,3362928.570081192,19.555894924466656,4498.0,1720.0,4500.2781002033935,1718.7903232718688,562.5608239709262,2.5793523069335724
R_xml,1008,542418.5808508651,3362928.570081192,19.555894924466656,4005.0,769.0,4005.2092290480105,767.7557816429651,779.801358411396,1.2616878039016024
R_xml,1006,542418.5808508651,3362928.570081192,19.555894924466656,3836.0,457.0,3836.310178350732,455.5832910617321,889.6824159620915,1.4502671564338996
R_xml,979,542418.5808508651,3362928.570081192,19.555894924466656,1452.0,2279.0,1452.8819335759235,2278.7507390057376,578.5511827619142,0.9164812467268251
R_xml,1011,542418.5808508651,3362928.570081192,19.555894924466656,4242.0,1183.0,4242.405554807679,1181.8805533412387,669.1631060877515,1.190645003283371
R_xml,1051,542418.5808508651,3362928.570081192,19.555894924466656,661.0,2893.0,662.8440758283916,2892.441034386802,717.2804674155003,1.9269297386246143
R_xml,1053,542418.5808508651,3362928.570081192,19.555894924466656,878.0,3197.0,880.1946853550551,3195.587188944918,812.5267533698898,2.6101108951641816
R_xml,1007,542418.5808508651,3362928.570081192,19.555894924466656,3908.0,606.0,3908.458439293222,604.7155913137219,835.4880205630928,1.3637713367557192
R_xml,1052,542418.5808508651,3362928.570081192,19.555894924466656,750.0,3030.0,752.5831656701735,3028.496141210622,756.1298342924374,2.9890359880656288
R_xml,402,542418.5808508651,3362928.570081192,19.555894924466656,4880.0,3201.0,4881.527803601667,3199.5395706829045,842.8928943152167,2.1135367599119266
R_xml,1073,542418.5808508651,3362928.570081192,19.555894924466656,4935.0,789.0,4937.9769068260775,786.985219862742,765.8356599347443,3.5946228248087784
R_xml,1005,543041.0854865831,3363117.230630357,18.540748250039087,3737.0,2130.0,3736.3633904688777,2129.979871158304,500.30787469873593,0.6369276767293008
R_xml,397,543041.0854865831,3363117.230630357,18.540748250039087,2094.0,1918.0,2094.8298360790077,1917.7448220744286,527.0490368455598,0.8681841346867473
R_xml,295,543041.0854865831,3363117.230630357,18.540748250039087,3724.0,1464.0,3724.760691679214,1463.2675729659009,598.4264777765366,1.0559835183866977
R_xml,256,543041.0854865831,3363117.230630357,18.540748250039087,844.0,2008.0,844.4876631933494,2008.236602752215,515.8403094384441,0.5420297524153391
R_xml,327,543041.0854865831,3363117.230630357,18.540748250039087,3599.0,2217.0,3600.1708075650204,2216.552656761335,579.7340723263488,1.2533580204746366
R_xml,889,543041.0854865831,3363117.230630357,18.540748250039087,1084.0,2627.0,1084.739132812112,2626.6813112248133,657.1824346871734,0.8049098392806001
R_xml,502,543041.0854865831,3363117.230630357,18.540748250039087,4064.0,2950.0,4064.4195653943634,2950.8083492751357,373.88403209306773,0.9107489614376383
R_xml,988,543041.0854865831,3363117.230630357,18.540748250039087,2222.0,530.0,2221.600506766151,528.759528714153,378.8555790529533,1.3032128969980794
R_xml,510,543041.0854865831,3363117.230630357,18.540748250039087,3659.0,1708.0,3658.6557430309454,1707.4199103692808,498.07851050085355,0.6745493609889323
R_xml,386,543041.0854865831,3363117.230630357,18.540748250039087,2022.0,2389.0,2022.9412743605171,2387.9468809048503,373.3704233255834,1.4124649554363404
R_xml,388,543041.0854865831,3363117.230630357,18.540748250039087,2021.0,2700.0,2022.4427873176326,2699.2198425652714,373.8435935552451,1.6402075682314396
R_xml,508,543041.0854865831,3363117.230630357,18.540748250039087,3788.0,1292.0,3789.4618794721373,1290.6146419057143,448.90433366337885,2.014027964170157
R_xml,503,543041.0854865831,3363117.230630357,18.540748250039087,4060.0,3007.0,4060.5968740994913,3007.3972289965077,373.94773075612386,0.7169725003862031
R_xml,888,543041.0854865831,3363117.230630357,18.540748250039087,946.0,2360.0,947.9650413680984,2360.2950340479038,601.2336911622476,1.9870663470957202
R_xml,282,543041.0854865831,3363117.230630357,18.540748250039087,636.0,1933.0,638.2342921848883,1933.2422713312728,524.8251171702931,2.2473889217066376
R_xml,536,543041.0854865831,3363117.230630357,18.540748250039087,358.0,3225.0,361.7728536149243,3223.8515648513826,384.69215021989714,3.9437707451406663
R_xml,303,543041.0854865831,3363117.230630357,18.540748250039087,4211.0,3220.0,4210.66241192359,3220.137487651934,388.0448141922383,0.3645114041677082
R_xml,304,543041.0854865831,3363117.230630357,18.540748250039087,4271.0,784.0,4271.827464408199,782.3735081432551,371.6375274206027,1.8248761894699141
R_xml,535,543041.0854865831,3363117.230630357,18.540748250039087,325.0,232.0,325.9992415245342,230.04249685068453,370.32136121981216,2.1977948502836826
R_xml,945,542612.9946356376,3363110.55098851,21.80566133901874,3811.0,2578.0,3811.672048050834,2578.367789092316,443.80733695263666,0.7661053446205063
R_xml,75,542612.9946356376,3363110.55098851,21.80566133901874,4666.0,156.0,4669.512587874577,152.94416295916608,368.48947736771044,4.655793551775621
R_xml,195,542612.9946356376,3363110.55098851,21.80566133901874,2677.0,589.0,2677.1221444257553,587.3209260360902,367.43172542014076,1.6835108069218983
R_xml,76,542612.9946356376,3363110.55098851,21.80566133901874,4675.0,217.0,4678.443522592421,213.55424825452292,368.6115804743371,4.871452856794436
R_xml,988,542612.9946356376,3363110.55098851,21.80566133901874,1230.0,2644.0,1232.0171838806757,2642.7875105241055,641.5820195194577,2.353542338181478
R_xml,1008,542612.9946356376,3363110.55098851,21.80566133901874,4758.0,1522.0,4759.67245690084,1520.9024787814758,596.538303055485,2.000416184267371
R_xml,917,542612.9946356376,3363110.55098851,21.80566133901874,2377.0,2001.0,2377.0596344666255,2002.1674011942798,535.9647177665566,1.1689233584866288
R_xml,941,542612.9946356376,3363110.55098851,21.80566133901874,3611.0,1715.0,3612.220477367917,1715.113823696054,550.5863425882529,1.2257735677442916
R_xml,967,542612.9946356376,3363110.55098851,21.80566133901874,1178.0,1414.0,1178.9159959608878,1414.142833855502,598.5767428618632,0.9270653216685145
R_xml,956,542612.9946356376,3363110.55098851,21.80566133901874,3672.0,1520.0,3671.5015077604503,1519.0620300142364,472.7242482467806,1.0622062921507782
R_xml,968,542612.9946356376,3363110.55098851,21.80566133901874,1049.0,1739.0,1049.625802039714,1738.5591522128327,545.2820790236945,0.7654900158463969
R_xml,987,542612.9946356376,3363110.55098851,21.80566133901874,1129.0,2362.0,1130.568063580791,2361.7716326064856,588.8229019266913,1.5846056480473585
R_xml,305,542612.9946356376,3363110.55098851,21.80566133901874,1118.0,2185.0,1118.3717861224225,2185.0351081534595,483.8223300359999,0.37344009327503797
R_xml,310,542612.9946356376,3363110.55098851,21.80566133901874,683.0,228.0,684.3925855536083,225.97379262946265,366.33346609814737,2.4586197006732315
R_xml,261,542612.9946356376,3363110.55098851,21.80566133901874,3664.0,1946.0,3664.547400453191,1945.7535527482298,370.4375621142288,0.6003195016480213
R_xml,393,542612.9946356376,3363110.55098851,21.80566133901874,4500.0,2260.0,4500.674480667663,2258.963905372657,582.2494891967909,1.236291328069928
R_xml,939,542612.9946356376,3363110.55098851,21.80566133901874,3452.0,1137.0,3452.351005302037,1135.9444719535136,660.2243130899756,1.112359734518191
R_xml,989,542612.9946356376,3363110.55098851,21.80566133901874,1337.0,2889.0,1338.8966250412516,2887.9191733522416,696.3988454984126,2.1829733827069893
R_xml,301,542612.9946356376,3363110.55098851,21.80566133901874,1358.0,1522.0,1359.2128406186,1521.722943454538,578.1190676503695,1.2440830741994033
R_xml,705,542879.6044619221,3364466.289326933,30.55248218225495,958.0,263.0,959.7507385192239,261.3894246979976,937.1905373167519,2.378873297616841
R_xml,711,542879.6044619221,3364466.289326933,30.55248218225495,486.0,811.0,487.0262293767405,810.2475383281067,723.2562060465657,1.2725349902276657
R_xml,757,542879.6044619221,3364466.289326933,30.55248218225495,4316.0,3734.0,4316.536782677016,3733.993173328068,1075.7612485148898,0.5368260852401849
R_xml,754,542879.6044619221,3364466.289326933,30.55248218225495,4693.0,3412.0,4693.345819876627,3412.2202240542792,904.7995936245726,0.40998783049405046
R_xml,713,542879.6044619221,3364466.289326933,30.55248218225495,332.0,994.0,334.32949613915935,994.4009510162581,670.9209559605872,2.363749982505911
R_xml,756,542879.6044619221,3364466.289326933,30.55248218225495,4429.0,3641.0,4429.757085338337,3641.7042981505547,1018.5342038674885,1.0340280916876645
R_xml,704,542879.6044619221,3364466.289326933,30.55248218225495,1062.0,165.0,1061.777379353395,163.84130981416524,993.3432754631963,1.1798825784986529
R_xml,4,542081.4391946561,3363452.473008336,17.00025914796305,2482.0,1829.0,2482.2249284473387,1829.3241207007895,544.9959128970714,0.39452127332058656
R_xml,115,542081.4391946561,3363452.473008336,17.00025914796305,1852.0,2402.0,1852.769325482076,2401.790980121866,615.2587772501663,0.797214529989669
R_xml,6,542081.4391946561,3363452.473008336,17.00025914796305,2444.0,2744.0,2444.4833244419137,2744.316561362177,435.39424301366387,0.577766053151668
R_xml,114,542081.4391946561,3363452.473008336,17.00025914796305,1810.0,2090.0,1809.3974288750494,2089.6225488988493,559.0666251684855,0.7110283358517252
R_xml,118,542081.4391946561,3363452.473008336,17.00025914796305,3881.0,1328.0,3881.655236344248,1327.6731616948214,628.4177692095409,0.732228068674907
R_xml,718,542150.1098351065,3363763.4328275383,26.746141632605827,1473.0,2657.0,1475.0047050172439,2656.4119036006728,652.8258884079597,2.089186344265234
R_xml,742,542150.1098351065,3363763.4328275383,26.746141632605827,4447.0,1240.0,4448.496222843556,1238.8782774969773,632.2656429428365,1.8700118104885568
R_xml,683,542150.1098351065,3363763.4328275383,26.746141632605827,3239.0,1339.0,3238.363866745565,1338.6374656386822,602.5413065605119,0.7321862335051262
R_xml,805,542150.1098351065,3363763.4328275383,26.746141632605827,4813.0,540.0,4814.865714070358,537.2309112705361,842.4811870360197,3.338973103212419
R_xml,788,542150.1098351065,3363763.4328275383,26.746141632605827,472.0,2793.0,474.441061798982,2791.809319201393,685.19919833189,2.7159719200721826
R_xml,791,542150.1098351065,3363763.4328275383,26.746141632605827,858.0,3315.0,860.965709195407,3313.704117061491,852.0290403698773,3.2364708591365687
R_xml,793,542150.1098351065,3363763.4328275383,26.746141632605827,1052.0,3562.0,1054.8938103701696,3560.3025743384724,963.8828091641227,3.354905711776958
R_xml,737,542150.1098351065,3363763.4328275383,26.746141632605827,3918.0,366.0,3918.6967339606517,362.9580548184417,907.9204498197633,3.120716055576197
R_xml,684,542150.1098351065,3363763.4328275383,26.746141632605827,3277.0,1648.0,3277.607716400598,1648.2207219226393,548.6475962701267,0.6465581108370588
R_xml,20,542150.1098351065,3363763.4328275383,26.746141632605827,1123.0,2335.0,1124.5421141727281,2333.917022290688,579.0472320963943,1.8843982701637447
R_xml,789,542150.1098351065,3363763.4328275383,26.746141632605827,627.0,2991.0,629.1313122485631,2988.792009620418,741.7207947914844,3.068829323569786
R_xml,861,542150.1098351065,3363763.4328275383,26.746141632605827,557.0,3696.0,560.7748740198322,3692.9662374651252,1070.4946916451538,4.842869911902823
R_xml,859,542150.1098351065,3363763.4328275383,26.746141632605827,354.0,3501.0,358.34486063903887,3498.6370028300325,960.4578732715329,4.945863887931357
R_xml,858,542150.1098351065,3363763.4328275383,26.746141632605827,225.0,3388.0,229.75904395762154,3385.179715810791,903.9759254065648,5.531952846732866
R_xml,740,542150.1098351065,3363763.4328275383,26.746141632605827,4186.0,802.0,4187.218007431164,800.7133729719585,742.6835723945409,1.7717085572002917
R_xml,714,542150.1098351065,3363763.4328275383,26.746141632605827,1239.0,2076.0,1240.0466261914985,2074.648098098924,540.9061412011484,1.7096973810775502
R_xml,744,542150.1098351065,3363763.4328275383,26.746141632605827,4621.0,1512.0,4623.57460933965,1511.5013898820664,577.0708335066207,2.622446434442351
R_xml,741,542150.1098351065,3363763.4328275383,26.746141632605827,4304.0,1002.0,4305.1595984551695,1001.0470988612312,687.5485011619006,1.500896118156884
R_xml,790,542150.1098351065,3363763.4328275383,26.746141632605827,754.0,3163.0,756.4378980308263,3161.728675968086,797.6130116733849,2.7494747867236184
R_xml,396,543303.79213027,3362647.483266382,13.799039807800966,2100.0,150.0,2100.4330942242714,148.06805802018744,374.5308026579154,1.9798915173461678
R_xml,414,543303.79213027,3362647.483266382,13.799039807800966,2228.0,3396.0,2228.4738473110283,3394.7636524365757,379.3679893796912,1.3240417560461795
R_xml,1072,543303.79213027,3362647.483266382,13.799039807800966,985.0,3313.0,987.3005235766332,3310.8042162112133,385.73290415182737,3.1802319370988448
R_xml,1081,543303.79213027,3362647.483266382,13.799039807800966,1117.0,1093.0,1117.7589224767867,1092.453868399578,434.04905398988234,0.9349989576205933
R_xml,1079,543303.79213027,3362647.483266382,13.799039807800966,935.0,455.0,935.9104661716922,454.52792381464747,377.3337982307385,1.0255752408150323
R_xml,398,543303.79213027,3362647.483266382,13.799039807800966,2067.0,795.0,2066.2213957530666,795.2223901129262,375.36274463467277,0.809741894476243
R_xml,527,543303.79213027,3362647.483266382,13.799039807800966,257.0,2659.0,260.1484675019724,2658.1060739318164,378.728071208102,3.2729117657453797
R_xml,416,543303.79213027,3362647.483266382,13.799039807800966,2189.0,3591.0,2189.673725351847,3589.3219119359783,379.7783909561031,1.808282444844786
R_xml,296,543303.79213027,3362647.483266382,13.799039807800966,4192.0,3285.0,4193.1413939102085,3284.1177289762572,379.857596264544,1.4426303121719117
R_xml,412,543303.79213027,3362647.483266382,13.799039807800966,2205.0,3032.0,2205.724429587275,3031.9924068696473,378.7713026255267,0.7244693799935249
R_xml,80,541629.2660101673,3363540.125762473,22.725497956635934,1116.0,306.0,1116.840035457406,304.1816783528311,937.5820694796294,2.0029860664173973
R_xml,77,541629.2660101673,3363540.125762473,22.725497956635934,1188.0,202.0,1188.2841618653533,200.5523292194705,988.840435798556,1.475296124349275
R_xml,42,541629.2660101673,3363540.125762473,22.725497956635934,3658.0,3684.0,3659.216144816901,3683.9812251334733,1024.5589196286091,1.2162897316379424
R_xml,38,541629.2660101673,3363540.125762473,22.725497956635934,3772.0,3571.0,3771.81117702591,3571.1872490677583,958.2072176248199,0.26592541984640605
R_xml,35,541629.2660101673,3363540.125762473,22.725497956635934,3848.0,3453.0,3848.402877589687,3452.8542706589724,905.0331011365274,0.42842431432889727
R_xml,83,541629.2660101673,3363540.125762473,22.725497956635934,1055.0,410.0,1055.2589945372922,409.96863124955576,887.280431427131,0.2608872723067175
R_xml,145,541629.2660101673,3363540.125762473,22.725497956635934,4765.0,3191.0,4766.065731066414,3190.974729543902,832.245705456035,1.0660306289552495
R_xml,32,541629.2660101673,3363540.125762473,22.725497956635934,3959.0,3318.0,3959.5287518875575,3318.293020537607,849.501480955394,0.6045159998338311
R_xml,196,541629.2660101673,3363540.125762473,22.725497956635934,382.0,317.0,384.7121176017522,316.201355848656,950.8720800423564,2.8272626984788722
R_xml,151,541629.2660101673,3363540.125762473,22.725497956635934,4492.0,3464.0,4492.594002837484,3464.14565796243,939.7722279646017,0.6116008608224437
R_xml,44,541629.2660101673,3363540.125762473,22.725497956635934,3564.0,3756.0,3564.7409247757355,3755.4549683203977,1077.3718290240408,0.9197983774006037
R_xml,269,541629.2660101673,3363540.125762473,22.725497956635934,4989.0,3557.0,4990.225881030128,3557.073744652417,1024.0087647557593,1.2280971353229193
R_xml,154,541629.2660101673,3363540.125762473,22.725497956635934,4383.0,3569.0,4383.236587080026,3569.4436839670134,994.534530338438,0.5028209512539183
R_xml,46,541629.2660101673,3363540.125762473,22.725497956635934,3497.0,3820.0,3498.369319891707,3818.774550400541,1129.31294998663,1.837597259096479
R_xml,74,541629.2660101673,3363540.125762473,22.725497956635934,1243.0,103.0,1243.6852751852512,101.72971096872561,1038.3555886637414,1.443342060115006
R_xml,687,541629.2660101673,3363540.125762473,22.725497956635934,3363.0,655.0,3364.3310432106887,654.519468347339,779.8650657572618,1.4151278026841203
R_xml,360,542587.2193398841,3363631.8131321226,26.72786382930701,3484.0,2393.0,3483.8057302831103,2393.3461948579675,365.16800484140725,0.39697808829144826
R_xml,451,542587.2193398841,3363631.8131321226,26.72786382930701,784.0,1569.0,785.0888018726432,1568.9105552048313,363.72662688638997,1.0924696285271007
R_xml,453,542587.2193398841,3363631.8131321226,26.72786382930701,752.0,2246.0,753.2625737392616,2245.131345390879,364.14509218165904,1.5325316561234732
R_xml,244,542587.2193398841,3363631.8131321226,26.72786382930701,1310.0,2023.0,1311.7966939649277,2022.3653861252158,363.5766444366045,1.9054773611030849
R_xml,246,542587.2193398841,3363631.8131321226,26.72786382930701,1300.0,2718.0,1301.1411406214986,2716.816485008325,364.6000725530294,1.6440528134929135
R_xml,217,542587.2193398841,3363631.8131321226,26.72786382930701,4943.0,1503.0,4945.550483478155,1501.302095676197,364.1427189955084,3.063959050824671
R_xml,219,542587.2193398841,3363631.8131321226,26.72786382930701,4910.0,2166.0,4911.252412480911,2165.4918567420145,365.7820035735605,1.351571897080117
R_xml,754,542587.2193398841,3363631.8131321226,26.72786382930701,2340.0,1046.0,2340.156307230955,1044.9505768310823,417.2436540621855,1.0609999707398663
R_xml,213,542587.2193398841,3363631.8131321226,26.72786382930701,4926.0,560.0,4929.762641321954,556.9875376713028,362.3975335176256,4.819999896213315
R_xml,215,542587.2193398841,3363631.8131321226,26.72786382930701,4938.0,818.0,4941.463167257643,815.6419044880531,362.8397858783579,4.1897663297464565
R_xml,214,542587.2193398841,3363631.8131321226,26.72786382930701,4982.0,3562.0,4984.4005269233985,3560.9627922767386,349.7282264573721,2.6150199561674876
R_xml,329,542587.2193398841,3363631.8131321226,26.72786382930701,2929.0,3252.0,2929.4186474545772,3251.9116969357565,378.94380621480525,0.42785876452259003
R_xml,362,542587.2193398841,3363631.8131321226,26.72786382930701,3453.0,3084.0,3454.108559343662,3083.223706791472,366.0858386910527,1.353342145958188
R_xml,809,542587.2193398841,3363631.8131321226,26.72786382930701,4315.0,2908.0,4316.007106205382,2908.775042622729,405.77998860537105,1.2708083946707898
R_xml,753,542587.2193398841,3363631.8131321226,26.72786382930701,2335.0,588.0,2335.127536040373,586.4197532995554,377.9538910191271,1.5853848352561135
R_xml,9,541854.5514269767,3363646.9609285328,27.340373376665184,3410.0,3830.0,3409.3383358588644,3828.6621244174876,365.6843246888081,1.4925516774797634
R_xml,115,541854.5514269767,3363646.9609285328,27.340373376665184,778.0,899.0,778.5519531515504,897.7525837352234,399.06111163396065,1.364074638403463
R_xml,2,541854.5514269767,3363646.9609285328,27.340373376665184,3293.0,2435.0,3293.6118523269856,2435.5293541610176,451.0385605568304,0.8090606267915971
R_xml,764,541854.5514269767,3363646.9609285328,27.340373376665184,4769.0,2055.0,4770.312997436013,2055.52505159732,539.0890813058171,1.4140867889998558
R_xml,7,541854.5514269767,3363646.9609285328,27.340373376665184,3434.0,3177.0,3433.1145980235024,3176.417661469307,365.06568354915873,1.0597428104571673
R_xml,108,541854.5514269767,3363646.9609285328,27.340373376665184,920.0,348.0,921.4114009228124,347.6856147006281,360.0601548423313,1.445991245262858
R_xml,9,542016.9246847967,3363432.6355226845,20.41733909142158,3072.0,1195.0,3072.6604836725915,1194.941218010953,370.64292035647486,0.6630942647891163
R_xml,692,542016.9246847967,3363432.6355226845,20.41733909142158,1279.0,248.0,1279.3969281417203,246.82799049498067,355.6960999119025,1.237399785657488
R_xml,693,542016.9246847967,3363432.6355226845,20.41733909142158,1423.0,925.0,1423.925772120001,924.1977589520957,411.28348977623415,1.2250080477751435
R_xml,322,542724.7247019231,3363430.477940224,22.892171809974684,3113.0,995.0,3113.6318372151545,993.3465161724257,367.08155456674416,1.7700923802174695
R_xml,842,542724.7247019231,3363430.477940224,22.892171809974684,2237.0,3164.0,2237.7400690962954,3162.9246433217104,390.9006442179969,1.3054096111311553
R_xml,886,542724.7247019231,3363430.477940224,22.892171809974684,3950.0,1022.0,3949.8635562075133,1021.0834980277886,417.95425743561475,0.9266028132785019
R_xml,248,542724.7247019231,3363430.477940224,22.892171809974684,1175.0,983.0,1175.9143056528137,983.0940239500661,366.3425146993659,0.91912748297129
R_xml,875,542724.7247019231,3363430.477940224,22.892171809974684,4101.0,3231.0,4100.647133393945,3231.612995610284,383.5487290370626,0.7073036546605191
R_xml,809,542724.7247019231,3363430.477940224,22.892171809974684,2132.0,3085.0,2132.216649617576,3084.2550897031574,395.89820000262574,0.7757760031980425
R_xml,447,542724.7247019231,3363430.477940224,22.892171809974684,981.0,2609.0,983.2733612923671,2608.541279454069,369.1960040739348,2.3191800501238222
R_xml,818,542724.7247019231,3363430.477940224,22.892171809974684,2030.0,176.0,2029.7156123865498,174.2060376762895,350.6750308070209,1.816363711809038
R_xml,441,542724.7247019231,3363430.477940224,22.892171809974684,1033.0,1129.0,1033.0800816576977,1128.4937170756907,367.7201922875729,0.5125772832917828
R_xml,444,542724.7247019231,3363430.477940224,22.892171809974684,1006.0,1871.0,1007.4086313536684,1870.8722821051333,368.645709409298,1.4144094708417507
R_xml,364,542724.7247019231,3363430.477940224,22.892171809974684,3263.0,1337.0,3263.248964169911,1336.1025056878202,368.2434886003233,0.9313856335022744
R_xml,215,542724.7247019231,3363430.477940224,22.892171809974684,5022.0,3133.0,5023.331186527315,3131.540894378079,370.30148581090174,1.9751067784875556
R_xml,449,542724.7247019231,3363430.477940224,22.892171809974684,975.0,3268.0,977.1820298038049,3267.3598270409766,369.70569557304975,2.2739998861384194
R_xml,373,542724.7247019231,3363430.477940224,22.892171809974684,3220.0,135.0,3221.692353787658,133.96209604563842,348.047947408865,1.9852722637157578
R_xml,853,542724.7247019231,3363430.477940224,22.892171809974684,2183.0,919.0,2182.771164468586,919.417864979401,409.83099520886094,0.47642086588153054
R_xml,368,542724.7247019231,3363430.477940224,22.892171809974684,3242.0,2157.0,3242.101026349662,2157.3751217309064,369.1937818555351,0.38848762698982586
R_xml,249,542724.7247019231,3363430.477940224,22.892171809974684,1171.0,1047.0,1172.5818672783196,1047.1844093774073,366.45593954900136,1.592579952370974
R_xml,365,542724.7247019231,3363430.477940224,22.892171809974684,3272.0,1409.0,3272.0788573478953,1408.085503917046,368.3070736390224,0.9178897357827072
R_xml,362,542724.7247019231,3363430.477940224,22.892171809974684,3288.0,653.0,3287.55746524021,651.9241815693704,367.16797184527763,1.1632808385358406
R_xml,255,542724.7247019231,3363430.477940224,22.892171809974684,1114.0,2556.0,1116.128894564364,2556.0490722127734,367.98720701700756,2.129460060260514
R_xml,820,542724.7247019231,3363430.477940224,22.892171809974684,2093.0,876.0,2093.868167672781,875.9056250931847,405.8990087921406,0.8732821600711188
R_xml,874,542724.7247019231,3363430.477940224,22.892171809974684,3947.0,2621.0,3946.7158698227277,2620.148031095064,438.47866095025637,0.8980985316847613
R_xml,371,542724.7247019231,3363430.477940224,22.892171809974684,3212.0,2913.0,3211.8304251572144,2913.288171110087,370.1397324179413,0.3343624021845704
R_xml,919,542724.7247019231,3363430.477940224,22.892171809974684,376.0,945.0,377.3034136749893,945.1536363480611,405.47993557847536,1.3124371739609908
R_xml,376,542724.7247019231,3363430.477940224,22.892171809974684,3126.0,835.0,3125.600897124638,833.9147458095717,402.8422067767216,1.1563130038896983
R_xml,328,542724.7247019231,3363430.477940224,22.892171809974684,3049.0,2523.0,3049.1949955124906,2523.059765890039,369.7479009750128,0.2039490414383748
R_xml,452,542724.7247019231,3363430.477940224,22.892171809974684,1104.0,1022.0,1105.3559394160554,1022.4218602554919,415.64983339546666,1.420048511557414
R_xml,363,542724.7247019231,3363430.477940224,22.892171809974684,3323.0,3820.0,3322.230533095755,3819.2826709449137,342.7049969143781,1.0519697191455617
R_xml,374,542724.7247019231,3363430.477940224,22.892171809974684,3169.0,3625.0,3169.0203953342498,3624.9377998065893,371.5276142212766,0.06545864128967614
R_xml,776,542724.7247019231,3363430.477940224,22.892171809974684,4204.0,3192.0,4204.912263793302,3191.6861855231214,386.7701505051325,0.9647304050713049
R_xml,450,542724.7247019231,3363430.477940224,22.892171809974684,1005.0,643.0,1006.2672764390338,642.174312391814,382.1723908357617,1.5125308589387751
R_xml,315,542933.7451540271,3362930.5444006566,21.01651592971342,2421.0,1148.0,2420.928392965278,1146.9296167378607,433.5471850825126,1.0727757898506685
R_xml,191,542933.7451540271,3362930.5444006566,21.01651592971342,4485.0,2817.0,4485.790733587303,2816.477856413294,372.4554995748939,0.9475724411504506
R_xml,192,542933.7451540271,3362930.5444006566,21.01651592971342,4481.0,2877.0,4482.624022169394,2877.078548581166,372.45222564721035,1.625920627302352
R_xml,267,542933.7451540271,3362930.5444006566,21.01651592971342,1843.0,259.0,1843.118343874758,258.01830721896863,368.1938114925828,0.9888002776202307
R_xml,545,542161.7683872005,3363794.1346425093,28.299418874801006,240.0,359.0,241.6871845585315,357.92178967449627,941.8460479339777,2.0022810093915373
R_xml,430,542161.7683872005,3363794.1346425093,28.299418874801006,920.0,305.0,921.8731571236219,304.3392104083928,936.7916138213837,1.986293154132088
R_xml,504,542161.7683872005,3363794.1346425093,28.299418874801006,4404.0,3757.0,4403.945564289854,3755.6683194072025,1082.2425142409409,1.3327927249848917
R_xml,202,542161.7683872005,3363794.1346425093,28.299418874801006,2451.0,546.0,2451.5840515402997,544.1102683211234,807.3122323766738,1.9779287196146067
R_xml,157,542161.7683872005,3363794.1346425093,28.299418874801006,2270.0,3646.0,2270.1326648986887,3645.7025761953487,992.9711692361109,0.32566991712063215
R_xml,373,542161.7683872005,3363794.1346425093,28.299418874801006,4290.0,3097.0,4290.609188338074,3096.878036571101,775.828430754403,0.6212773207145909
R_xml,257,542161.7683872005,3363794.1346425093,28.299418874801006,3279.0,3083.0,3279.071957937581,3083.3020840678673,750.6871865493157,0.31053619570055124
R_xml,161,542161.7683872005,3363794.1346425093,28.299418874801006,2256.0,3805.0,2256.979514081968,3804.1969017831316,1085.8841534016199,1.266654879085295
R_xml,329,542161.7683872005,3363794.1346425093,28.299418874801006,1215.0,1214.0,1216.2791946906661,1214.4871391153247,628.7568791947322,1.368811007519945
R_xml,159,542161.7683872005,3363794.1346425093,28.299418874801006,2270.0,3723.0,2270.9379598634555,3722.6607190301156,1038.4080896763305,0.9974368561363318
R_xml,439,542161.7683872005,3363794.1346425093,28.299418874801006,558.0,712.0,559.752964716442,712.3058438834696,778.401855926831,1.7794453568868676
R_xml,367,542161.7683872005,3363794.1346425093,28.299418874801006,4586.0,2713.0,4588.047310925879,2713.078161453131,666.247469025016,2.048802391637564
R_xml,788,542161.7683872005,3363794.1346425093,28.299418874801006,314.0,2724.0,317.4617335401563,2722.033560123335,665.7436946111005,3.981266744590332
R_xml,859,542161.7683872005,3363794.1346425093,28.299418874801006,245.0,3464.0,249.2453260062921,3460.893890522103,940.9959738321212,5.260295522913285
R_xml,370,542161.7683872005,3363794.1346425093,28.299418874801006,4428.0,2923.0,4428.285032258398,2922.4212807451922,721.2159411035525,0.6451041498958096
R_xml,196,542161.7683872005,3363794.1346425093,28.299418874801006,2495.0,284.0,2495.5859175460696,282.005558032668,911.9787612822169,2.078725121762722
R_xml,620,542161.7683872005,3363794.1346425093,28.299418874801006,4947.0,3711.0,4948.918949323486,3710.2719304613183,1118.1109696567323,2.052425823084576
R_xml,744,542161.7683872005,3363794.1346425093,28.299418874801006,4805.0,1613.0,4807.021443927044,1610.8496112942814,557.9883189935424,2.9513398882312485
R_xml,320,542161.7683872005,3363794.1346425093,28.299418874801006,1502.0,622.0,1502.2220650164538,620.3737783047118,784.7370156454484,1.641313459933458
R_xml,379,542161.7683872005,3363794.1346425093,28.299418874801006,4075.0,3385.0,4075.0509623665994,3385.3121543416632,887.9142007393292,0.31628704657102735
R_xml,436,542161.7683872005,3363794.1346425093,28.299418874801006,705.0,551.0,706.2280347006238,551.141415435854,831.4915963568819,1.2361502948403498
R_xml,742,542161.7683872005,3363794.1346425093,28.299418874801006,4613.0,1323.0,4614.294706177604,1322.3757857276134,613.3150513918588,1.437326526637908
R_xml,860,542161.7683872005,3363794.1346425093,28.299418874801006,364.0,3570.0,368.11540204165476,3566.40457887303,997.0661190746214,5.4647586446903915
R_xml,326,542161.7683872005,3363794.1346425093,28.299418874801006,1320.0,980.0,1320.184888056619,980.567445359493,680.2393203140234,0.5968063584535034
R_xml,542,542161.7683872005,3363794.1346425093,28.299418874801006,354.0,264.0,354.7124454885402,263.37578385873394,994.2743604972331,0.9472192803983518
R_xml,376,542161.7683872005,3363794.1346425093,28.299418874801006,4164.0,3243.0,4164.062295053615,3242.921579528833,832.2864228323763,0.10015210433646887
R_xml,539,542161.7683872005,3363794.1346425093,28.299418874801006,460.0,171.0,462.23850272846585,170.06884364755751,1046.766691456054,2.4244476934021555
R_xml,442,542161.7683872005,3363794.1346425093,28.299418874801006,450.0,881.0,452.3932071486529,880.8942281598777,730.108243117654,2.395543391075637
R_xml,433,542161.7683872005,3363794.1346425093,28.299418874801006,812.0,410.0,813.3826754354561,409.75075869333705,883.0757739476811,1.4049599954307708
R_xml,789,542161.7683872005,3363794.1346425093,28.299418874801006,482.0,2931.0,485.16401189176213,2929.122472527697,722.2756623319912,3.679141293897879
R_xml,560,543073.7414896089,3364552.289381708,27.890888817733867,4813.0,639.0,4815.475266625588,637.0128297779477,803.1319544071299,3.1742385479295487
R_xml,551,543073.7414896089,3364552.289381708,27.890888817733867,4491.0,267.0,4492.702305947713,264.89577386300357,962.3297869097297,2.7065869975374794
R_xml,554,543073.7414896089,3364552.289381708,27.890888817733867,4580.0,373.0,4582.230936072092,370.9748779065751,909.6616418181727,3.013004356292675
R_xml,604,543073.7414896089,3364552.289381708,27.890888817733867,1160.0,3574.0,1161.1717015689412,3572.547813590715,961.4003809523047,1.8659394239821971
R_xml,598,543073.7414896089,3364552.289381708,27.890888817733867,982.0,3331.0,984.0721120542457,3330.0232235748003,846.1789089785951,2.290794742043972
R_xml,659,543073.7414896089,3364552.289381708,27.890888817733867,3838.0,421.0,3839.261577903002,418.47236037888206,865.9047399624362,2.8249851078524753
R_xml,486,543073.7414896089,3364552.289381708,27.890888817733867,229.0,3348.0,232.25564550676336,3344.527049348827,871.6264919607103,4.760316574681958
R_xml,557,543073.7414896089,3364552.289381708,27.890888817733867,4706.0,492.0,4708.633053648824,489.84023100216314,854.0575507397481,3.4055210528790703
R_xml,601,543073.7414896089,3364552.289381708,27.890888817733867,1065.0,3450.0,1066.8914078164144,3448.9590226662413,899.9528663685904,2.1589482016465324
R_xml,437,542950.4342400926,3362934.1160865584,16.60867441287371,1056.0,1738.0,1056.7892006626396,1737.3936419483985,504.3756353197352,0.9952425697551259
R_xml,488,542950.4342400926,3362934.1160865584,16.60867441287371,4862.0,1885.0,4863.359030314143,1883.5297823415622,538.7678122829966,2.0021247108862386
R_xml,301,542950.4342400926,3362934.1160865584,16.60867441287371,2633.0,3662.0,2633.7462878229658,3660.571577665979,358.74355210365917,1.6116252290892348
R_xml,299,542950.4342400926,3362934.1160865584,16.60867441287371,2641.0,3027.0,2641.1139069490396,3027.010443646381,407.3848244370971,0.11438471396668128
R_xml,394,542950.4342400926,3362934.1160865584,16.60867441287371,3583.0,3607.0,3582.946513623975,3607.256791918122,378.10188174894296,0.2623030339760403
R_xml,295,542950.4342400926,3362934.1160865584,16.60867441287371,2679.0,1970.0,2678.7845791366644,1970.0403839148576,521.5114584882696,0.21917346769046486
R_xml,185,542950.4342400926,3362934.1160865584,16.60867441287371,4634.0,873.0,4636.359970081421,871.8526685528323,374.103027691285,2.6240861713866903
R_xml,287,542950.4342400926,3362934.1160865584,16.60867441287371,1875.0,2660.0,1874.7237870175295,2659.300301762122,662.554548633319,0.7522441330941183
R_xml,392,542950.4342400926,3362934.1160865584,16.60867441287371,3641.0,2967.0,3640.9980003615183,2965.870085748782,376.82588721429687,1.1299160206225878
R_xml,388,542950.4342400926,3362934.1160865584,16.60867441287371,3714.0,1604.0,3714.4401295385724,1604.330543338179,374.5576863594131,0.550429749503482
R_xml,1071,542950.4342400926,3362934.1160865584,16.60867441287371,4245.0,1757.0,4246.553090638766,1757.5452393901264,554.5192809308579,1.6460183853065704
R_xml,390,542950.4342400926,3362934.1160865584,16.60867441287371,3685.0,2298.0,3685.125840452295,2298.058414893111,375.6654035464652,0.13873759105235325
R_xml,381,542950.4342400926,3362934.1160865584,16.60867441287371,3651.0,3013.0,3650.775716116292,3012.6330990867727,408.8729260117287,0.43002272104861294
R_xml,28,542472.0161643864,3362694.157252737,10.37850046441747,2760.0,1760.0,2760.517513200524,1760.1882630912928,565.1382646333614,0.5506931125949557
R_xml,31,542472.0161643864,3362694.157252737,10.37850046441747,2773.0,2140.0,2772.9444588070496,2139.34091141334,511.67991917489877,0.661424666292152
R_xml,901,542472.0161643864,3362694.157252737,10.37850046441747,5003.0,3403.0,5004.43897560446,3402.106697649998,380.6206167109404,1.693705959944349
R_xml,899,542472.0161643864,3362694.157252737,10.37850046441747,4560.0,2303.0,4560.665513208022,2303.3229043952324,490.0035733741829,0.7397128351681496
R_xml,960,542472.0161643864,3362694.157252737,10.37850046441747,1398.0,1363.0,1399.4881869695137,1363.0010603129513,468.67400094260864,1.4881873472428846
R_xml,551,542801.7272747135,3364347.1579121095,28.843256807134935,3292.0,263.0,3292.515150824427,261.33694974779337,936.7370413746831,1.7410101990719264
R_xml,610,542801.7272747135,3364347.1579121095,28.843256807134935,2409.0,3721.0,2410.315956545217,3719.2423779752944,1040.1015970244764,2.1956722912651614
R_xml,483,542801.7272747135,3364347.1579121095,28.843256807134935,1394.0,3215.0,1395.1641464986876,3213.794305930193,792.536926870295,1.675987846129767
R_xml,554,542801.7272747135,3364347.1579121095,28.843256807134935,3314.0,373.0,3315.2135226588975,371.92548816279873,883.3039491840967,1.6208679563565378
R_xml,489,542801.7272747135,3364347.1579121095,28.843256807134935,1519.0,3489.0,1520.9559490520037,3486.6267971368598,899.5576663856327,3.0753582756568716
R_xml,486,542801.7272747135,3364347.1579121095,28.843256807134935,1479.0,3360.0,1480.910575321554,3358.1469154694337,847.6234225184484,2.661619870822164
R_xml,545,542801.7272747135,3364347.1579121095,28.843256807134935,3228.0,73.0,3228.2946000801403,70.81409792536215,1044.1060520315675,2.2056647721548113
R_xml,842,542827.2704177081,3363339.881458157,18.95839897063206,3396.0,2831.0,3396.4261370640284,2831.2221341112527,424.08338876105756,0.48055838429968
R_xml,255,542827.2704177081,3363339.881458157,18.95839897063206,768.0,1272.0,768.2029531667163,1272.0534475657005,370.94171600697354,0.20987289048247582
R_xml,484,542827.2704177081,3363339.881458157,18.95839897063206,4850.0,1302.0,4852.946238093315,1300.161187802445,371.7377318076428,3.4729741145558397
R_xml,433,542827.2704177081,3363339.881458157,18.95839897063206,1508.0,3318.0,1509.0951188313297,3316.4364646368467,380.7416751750383,1.9089075636509596
R_xml,368,542827.2704177081,3363339.881458157,18.95839897063206,2817.0,862.0,2817.560620271804,861.514713824902,371.4276979765717,0.7414834865989608
R_xml,253,542827.2704177081,3363339.881458157,18.95839897063206,765.0,3620.0,767.9570213285924,3618.6388661481055,356.07327982130283,3.2552512192645797
R_xml,327,542827.2704177081,3363339.881458157,18.95839897063206,3469.0,280.0,3470.0443120223017,277.3680115896668,362.3787227021477,2.8315985930304564
R_xml,921,542827.2704177081,3363339.881458157,18.95839897063206,1601.0,1497.0,1601.9809397713423,1496.8610832845247,472.8622729083618,0.9907273534325414
R_xml,432,542827.2704177081,3363339.881458157,18.95839897063206,1502.0,203.0,1501.622213511901,201.31784527859077,370.017229207713,1.7240554333749087
R_xml,501,542827.2704177081,3363339.881458157,18.95839897063206,4149.0,1850.0,4149.409855701443,1849.4443411404445,516.1366626580709,0.6904625002184606
R_xml,377,542827.2704177081,3363339.881458157,18.95839897063206,2749.0,3102.0,2749.277844141052,3101.650038164093,374.40279776628927,0.4468452229891394
R_xml,844,542827.2704177081,3363339.881458157,18.95839897063206,3475.0,3483.0,3474.4145701085745,3482.4524649928962,370.21085422436494,0.8015751629002805
R_xml,435,542827.2704177081,3363339.881458157,18.95839897063206,1463.0,917.0,1464.0144814945477,916.9890972528876,370.7170775066471,1.0145400793829156
R_xml,910,542827.2704177081,3363339.881458157,18.95839897063206,1393.0,3417.0,1394.6612911232794,3415.6884324478074,372.6625463118518,2.1166241140673714
R_xml,366,542827.2704177081,3363339.881458157,18.95839897063206,2830.0,3298.0,2830.5557868030446,3297.6522386565866,384.33048298497033,0.6556194951427389
R_xml,884,542827.2704177081,3363339.881458157,18.95839897063206,2850.0,734.0,2849.4700644221316,733.1398734856082,397.3236352864276,1.010271912630724
R_xml,441,542827.2704177081,3363339.881458157,18.95839897063206,1438.0,2413.0,1438.9517197628136,2412.3908784884593,373.0246479501941,1.1299555401658845
R_xml,920,542827.2704177081,3363339.881458157,18.95839897063206,1477.0,963.0,1478.5740738982536,962.594065989032,416.54270775225694,1.6255740704206043
R_xml,430,542827.2704177081,3363339.881458157,18.95839897063206,1656.0,2718.0,1656.4818072680678,2717.0093732857367,433.5285473501063,1.101580469405196
R_xml,775,542827.2704177081,3363339.881458157,18.95839897063206,4880.0,2315.0,4882.253445004949,2314.4021933758113,475.0497695233902,2.331391676714317
R_xml,875,542827.2704177081,3363339.881458157,18.95839897063206,2899.0,3680.0,2899.476872026413,3679.0340020115827,355.93295328782864,1.0772924594562319
R_xml,542,542827.2704177081,3363339.881458157,18.95839897063206,299.0,2206.0,301.41759940483234,2205.0309277558704,489.65618904711135,2.604589775106269
R_xml,359,542827.2704177081,3363339.881458157,18.95839897063206,2818.0,1874.0,2818.698357258498,1873.8333230891762,533.0639805362175,0.7179721812847761
R_xml,808,542827.2704177081,3363339.881458157,18.95839897063206,1073.0,2807.0,1073.4991879392758,2805.7767607000796,422.6565730698664,1.32117484974095
R_xml,873,542827.2704177081,3363339.881458157,18.95839897063206,2871.0,2408.0,2870.64700182602,2408.9857896734206,465.241642367388,1.0470859520860052
R_xml,447,542827.2704177081,3363339.881458157,18.95839897063206,1415.0,3833.0,1415.7641391438472,3830.7688222841775,374.45383103315436,2.3584025590942352
R_xml,487,542827.2704177081,3363339.881458157,18.95839897063206,4825.0,2029.0,4827.653435343486,2028.618113594392,372.65455952847793,2.680775326067152
R_xml,821,542827.2704177081,3363339.881458157,18.95839897063206,1178.0,1547.0,1179.3216917264504,1546.666332849934,478.8486988016574,1.363159120132538
R_xml,788,542827.2704177081,3363339.881458157,18.95839897063206,5000.0,1101.0,5002.613771149338,1099.3708315079566,427.637869448419,3.079933375347698
R_xml,322,542827.2704177081,3363339.881458157,18.95839897063206,3510.0,2301.0,3510.4888551342965,2300.5690691530986,373.41325378050124,0.6516753310807825
R_xml,374,542827.2704177081,3363339.881458157,18.95839897063206,2762.0,2358.0,2761.8954814636313,2359.031783516643,373.1666085334298,1.0370638117592759
R_xml,791,542827.2704177081,3363339.881458157,18.95839897063206,4353.0,2323.0,4354.152685428899,2322.5922581534696,596.0586300227482,1.2226762087352463
R_xml,818,542827.2704177081,3363339.881458157,18.95839897063206,892.0,612.0,892.6483358483961,610.0811303883233,384.8132419040269,2.025438214049388
R_xml,568,542827.2704177081,3363339.881458157,18.95839897063206,295.0,1898.0,296.81540934842087,1897.0762865838362,522.9226612309093,2.036899010146263
R_xml,807,542827.2704177081,3363339.881458157,18.95839897063206,1247.0,2295.0,1247.1083190820052,2294.2365062025606,476.86364518463944,0.7711392884913352
R_xml,874,542827.2704177081,3363339.881458157,18.95839897063206,2880.0,2969.0,2879.6206019595124,2969.121567288107,410.8033642582045,0.39839864289869803
R_xml,452,542827.2704177081,3363339.881458157,18.95839897063206,1661.0,1823.0,1660.3734518521662,1822.6421236731117,512.0896563288861,0.7215525253930066
R_xml,471,542827.2704177081,3363339.881458157,18.95839897063206,4152.0,1539.0,4153.050950406761,1537.696097029977,594.4347791070016,1.674711829750637
R_xml,473,542827.2704177081,3363339.881458157,18.95839897063206,4238.0,1771.0,4238.900587246433,1769.4755812789558,555.2231453007155,1.7705676562921853
R_xml,438,542827.2704177081,3363339.881458157,18.95839897063206,1455.0,1674.0,1455.9953565510878,1673.923717199237,372.24526033507766,0.9982753775815343
R_xml,308,542827.2704177081,3363339.881458157,18.95839897063206,3374.0,2148.0,3375.2049426336266,2148.441999066447,494.8411683146695,1.2834523462407832
R_xml,477,542827.2704177081,3363339.881458157,18.95839897063206,4524.0,2501.0,4525.706777678474,2500.0670608900546,457.1601211813349,1.9451132169115102
R_xml,479,542827.2704177081,3363339.881458157,18.95839897063206,4699.0,2990.0,4700.1104129430405,2988.5961838806006,408.1114680532883,1.7898929021473329
R_xml,364,542827.2704177081,3363339.881458157,18.95839897063206,2835.0,84.0,2835.722664044662,83.17431160047568,370.4785211150107,1.0972714589181096
R_xml,490,542827.2704177081,3363339.881458157,18.95839897063206,4776.0,2752.0,4777.910810391475,2751.366088592803,373.632636257686,2.0132163381871
R_xml,250,542827.2704177081,3363339.881458157,18.95839897063206,984.0,2955.0,985.4765100398542,2954.957045929199,409.1157484219377,1.4771347094929315
R_xml,218,542827.2704177081,3363339.881458157,18.95839897063206,4687.0,1770.0,4689.310110714321,1768.3076929365463,507.56922200677514,2.863654083410983
R_xml,448,542827.2704177081,3363339.881458157,18.95839897063206,1486.0,937.0,1486.8560188698668,937.082516336967,413.3576785283119,0.859986773988149
R_xml,498,542827.2704177081,3363339.881458157,18.95839897063206,4333.0,1414.0,4334.410137270638,1412.821801592928,462.14506487279084,1.8375632257067391
R_xml,311,542827.2704177081,3363339.881458157,18.95839897063206,3441.0,2626.0,3441.6653625121517,2625.9007311873893,441.9706579131672,0.67272696521985
R_xml,853,542827.2704177081,3363339.881458157,18.95839897063206,3391.0,535.0,3391.572598442143,534.290007295252,381.822003685786,0.9121176550970482
R_xml,385,542827.2704177081,3363339.881458157,18.95839897063206,2711.0,1500.0,2711.5794740532588,1500.0351749255894,474.57486604691877,0.5805406564491101
R_xml,809,542827.2704177081,3363339.881458157,18.95839897063206,863.0,3445.0,865.1298648422332,3442.793672120598,368.53184941609885,3.066627945742412
R_xml,258,542827.2704177081,3363339.881458157,18.95839897063206,729.0,2008.0,730.2582847164483,2008.6708933502875,371.3077645020018,1.4259657482237995
R_xml,371,542827.2704177081,3363339.881458157,18.95839897063206,2795.0,1614.0,2794.9684078281193,1614.1489950097512,372.2635415948365,0.1523075121420039
R_xml,872,542827.2704177081,3363339.881458157,18.95839897063206,2866.0,1960.0,2865.0847090745956,1959.940925599074,519.8179435001938,0.9171953243297831
R_xml,365,542827.2704177081,3363339.881458157,18.95839897063206,2869.0,143.0,2870.1179002442195,141.99426669765148,370.5162007701113,1.5037288424044184
R_xml,193,542827.2704177081,3363339.881458157,18.95839897063206,4968.0,2393.0,4970.458378431151,2393.078049930401,465.0553546957748,2.459617104832164
R_xml,269,542827.2704177081,3363339.881458157,18.95839897063206,928.0,1292.0,928.2865647213123,1292.1874005105979,444.5191410847925,0.34240077522272916
R_xml,272,542827.2704177081,3363339.881458157,18.95839897063206,1088.0,1751.0,1089.3196091788636,1751.0895238478552,499.5765862191415,1.3226423947068748
R_xml,446,542827.2704177081,3363339.881458157,18.95839897063206,1405.0,408.0,1404.7242513111394,407.4943897271737,369.11205848090606,0.575915868331331
R_xml,475,542827.2704177081,3363339.881458157,18.95839897063206,4379.0,2103.0,4380.0833363516385,2101.7708636648404,505.58018963296854,1.6384119693139323
R_xml,774,542827.2704177081,3363339.881458157,18.95839897063206,4681.0,1896.0,4683.26669740823,1894.8567532773118,529.5208484275665,2.538686709583435
R_xml,919,542827.2704177081,3363339.881458157,18.95839897063206,1378.0,512.0,1377.5285014519538,510.5168914579142,377.2234504167493,1.5562524950718972
R_xml,948,542827.2704177081,3363339.881458157,18.95839897063206,4866.0,284.0,4869.212442606265,280.699264528266,357.0201553827498,4.605935535036011
R_xml,252,542827.2704177081,3363339.881458157,18.95839897063206,821.0,561.0,822.0560371156928,561.3839909987462,370.51305132006144,1.1236829965959425
R_xml,264,542827.2704177081,3363339.881458157,18.95839897063206,721.0,3435.0,722.8656228458833,3433.5081978859243,372.5328652404188,2.3887281449847584
R_xml,319,542827.2704177081,3363339.881458157,18.95839897063206,3527.0,1548.0,3528.285242397826,1547.2611656839474,372.2752695268995,1.4824723160135804
R_xml,316,542827.2704177081,3363339.881458157,18.95839897063206,3544.0,799.0,3545.5045148320487,797.6138052739527,371.11945394659494,2.0457518662769965
R_xml,493,542827.2704177081,3363339.881458157,18.95839897063206,4708.0,3449.0,4708.895270302979,3447.7780665114306,374.5333452141867,1.514803738404315
R_xml,313,542827.2704177081,3363339.881458157,18.95839897063206,3549.0,81.0,3550.7258162706858,78.60551471012286,369.90499193417054,2.951610001948376
R_xml,382,542827.2704177081,3363339.881458157,18.95839897063206,2733.0,982.0,2732.8897400553487,981.3526606622655,420.36576950538125,0.6566623741109379
R_xml,820,542827.2704177081,3363339.881458157,18.95839897063206,1073.0,1199.0,1074.6069272295508,1199.0405980838254,439.91831271290874,1.6074399912538482
R_xml,380,542827.2704177081,3363339.881458157,18.95839897063206,2747.0,3810.0,2746.772640698529,3809.2281078163323,375.62191373450224,0.8046799333726756
R_xml,950,542827.2704177081,3363339.881458157,18.95839897063206,4645.0,918.0,4646.921660331635,915.6700965393809,410.44193142801436,3.020137176683527
R_xml,680,542483.057900396,3364021.8825730756,23.48427386143453,3851.0,2285.0,3851.5796114948234,2285.3522216014676,474.5386868939683,0.6782400323424265
R_xml,681,542483.057900396,3364021.8825730756,23.48427386143453,3985.0,2736.0,3985.8949897288885,2736.659996153558,424.9366464473536,1.112025870889399
R_xml,341,542483.057900396,3364021.8825730756,23.48427386143453,3925.0,448.0,3926.0755559582703,446.67502240780436,365.487317530205,1.7065714866923634
R_xml,816,542894.5359025585,3363355.9338673414,20.559060447900094,698.0,537.0,698.929163538083,536.1500042865177,376.2594677645915,1.2593004381167892
R_xml,332,542894.5359025585,3363355.9338673414,20.559060447900094,3731.0,1526.0,3731.9171638231073,1526.7673006434952,477.39641609625215,1.1958008847316641
R_xml,361,542894.5359025585,3363355.9338673414,20.559060447900094,2334.0,2121.0,2334.0545630170855,2121.1629401675273,497.7586750340951,0.1718331197042113
R_xml,856,542894.5359025585,3363355.9338673414,20.559060447900094,3361.0,1607.0,3362.1019064063244,1606.56135599631,485.11184340463467,1.1860043382179344
R_xml,241,542894.5359025585,3363355.9338673414,20.559060447900094,1207.0,1336.0,1207.7669764442137,1336.2082391305369,618.8876963478922,0.7947429782422969
R_xml,227,542894.5359025585,3363355.9338673414,20.559060447900094,4233.0,2987.0,4234.543998298346,2986.41817238132,760.5705677088268,1.6499860978671654
R_xml,359,542894.5359025585,3363355.9338673414,20.559060447900094,2364.0,1770.0,2364.292164482772,1769.7493939756416,546.0894965217519,0.3849200753898849
R_xml,243,542894.5359025585,3363355.9338673414,20.559060447900094,1068.0,1592.0,1068.4326663952716,1591.615452880757,570.6717122043809,0.5788580970457358
R_xml,357,542894.5359025585,3363355.9338673414,20.559060447900094,2398.0,1476.0,2398.82335954891,1476.130595669903,594.5124431249548,0.833652311085839
R_xml,355,542894.5359025585,3363355.9338673414,20.559060447900094,2421.0,1260.0,2421.3005352134487,1259.746791308466,636.556050035863,0.3929835314500929
R_xml,446,542894.5359025585,3363355.9338673414,20.559060447900094,2059.0,593.0,2058.8667190519604,593.149821566119,383.24600327522853,0.20052509265597115
R_xml,272,542894.5359025585,3363355.9338673414,20.559060447900094,575.0,1645.0,575.8352254913684,1644.4937882455592,482.3427593613663,0.9766534501887583
R_xml,818,542894.5359025585,3363355.9338673414,20.559060447900094,898.0,1137.0,899.734509053164,1136.751740189401,431.32061166075056,1.7521856605583532
R_xml,325,542894.5359025585,3363355.9338673414,20.559060447900094,4099.0,3223.0,4099.916136399163,3222.279602738753,373.8231910469927,1.1654518934234008
R_xml,334,542894.5359025585,3363355.9338673414,20.559060447900094,3617.0,1910.0,3618.005390207348,1910.864683749397,528.1071475398934,1.3260797319551076
R_xml,562,542894.5359025585,3363355.9338673414,20.559060447900094,218.0,751.0,219.78192010338307,750.0184718829714,389.64356458052725,2.034363954497424
R_xml,682,542077.6693407003,3363957.891231721,30.58951801968857,4353.0,1179.0,4354.292632179311,1177.6356821768509,632.4899910933448,1.8794310504918652
R_xml,680,542077.6693407003,3363957.891231721,30.58951801968857,4112.0,799.0,4113.963111784233,797.4902304894172,738.4625971989961,2.476532223186084
R_xml,720,542077.6693407003,3363957.891231721,30.58951801968857,564.0,2925.0,566.2780736258237,2923.816063511178,716.7636639808628,2.5673576015501953
R_xml,681,542077.6693407003,3363957.891231721,30.58951801968857,4214.0,957.0,4215.357496379741,955.7911063657984,687.7495098067544,1.8177514241014474
R_xml,685,542077.6693407003,3363957.891231721,30.58951801968857,4916.0,2207.0,4918.72458414549,2205.9238016886607,468.2511070769377,2.9294302468540154
R_xml,866,543417.930588576,3363391.141150197,17.765574918053403,1012.0,2337.0,1013.3398442038203,2336.62739219922,473.6486715494377,1.3906901393599467
R_xml,1000,543417.930588576,3363391.141150197,17.765574918053403,4306.0,2555.0,4306.352473539651,2554.039918550885,450.1326934840938,1.0227384734569924
R_xml,932,543417.930588576,3363391.141150197,17.765574918053403,2609.0,2440.0,2608.907504198547,2440.605948565625,461.8460348351607,0.6129674848387626
R_xml,928,543417.930588576,3363391.141150197,17.765574918053403,3462.0,1573.0,3462.023186922144,1572.1444677021295,483.602267906561,0.8558464500469861
R_xml,927,543417.930588576,3363391.141150197,17.765574918053403,3568.0,1051.0,3569.112877162777,1050.3961495530752,427.5926782118658,1.2661480725734462
R_xml,931,543417.930588576,3363391.141150197,17.765574918053403,2613.0,1970.0,2613.0428405489215,1970.909112661483,516.4679925240539,0.9101214995266789
R_xml,997,543417.930588576,3363391.141150197,17.765574918053403,1951.0,2097.0,1950.1965313479745,2096.346165989377,551.2178285932322,1.0358864745883483
R_xml,996,543417.930588576,3363391.141150197,17.765574918053403,1874.0,1687.0,1874.4598682577803,1687.7331181999482,495.0353070165502,0.8654138371953287
R_xml,645,543417.930588576,3363391.141150197,17.765574918053403,2621.0,3726.0,2620.388394564478,3725.0546013412168,353.65098926527253,1.1259839398451714
R_xml,5,542080.8524911421,3363487.130161048,25.879464824923957,2322.0,2381.0,2322.104304523348,2380.636400397903,462.26500864873435,0.3782645955360828
R_xml,205,542080.8524911421,3363487.130161048,25.879464824923957,1021.0,1378.0,1022.0459135375925,1378.8489486387152,600.9295687453337,1.3470890539588063
R_xml,202,542080.8524911421,3363487.130161048,25.879464824923957,1153.0,1127.0,1154.472033093887,1126.9448010380493,652.9476222828557,1.4730676681329817
R_xml,338,542720.9815051507,3363022.861255507,24.830403745104775,1714.0,3031.0,1714.1704104316987,3029.832313448639,760.0348484076662,1.1800557603185131
R_xml,353,542720.9815051507,3363022.861255507,24.830403745104775,3846.0,511.0,3847.0611319255254,509.15752651049434,847.0844294867613,2.1261960217487936
R_xml,463,542720.9815051507,3363022.861255507,24.830403745104775,1164.0,3719.0,1166.2696139284005,3717.1445574118397,1062.1718291665427,2.931520865003101
R_xml,218,542720.9815051507,3363022.861255507,24.830403745104775,2832.0,2679.0,2832.9187178529,2679.559112183755,657.7763395769673,1.075476139791442
R_xml,350,542720.9815051507,3363022.861255507,24.830403745104775,3663.0,140.0,3665.454685648263,137.6958975061125,1008.2137110887254,3.3666556007597266
R_xml,462,542720.9815051507,3363022.861255507,24.830403745104775,1100.0,3625.0,1102.0748716562725,3623.605137517588,1006.2372136216005,2.500146742662063
R_xml,332,542720.9815051507,3363022.861255507,24.830403745104775,1548.0,2454.0,1549.1857969281782,2454.1856597294263,610.652731410024,1.2002432628461321
R_xml,68,542720.9815051507,3363022.861255507,24.830403745104775,4572.0,2124.0,4573.130310722407,2123.61923375467,491.2464286211243,1.1927217876647442
R_xml,345,542720.9815051507,3363022.861255507,24.830403745104775,1842.0,3640.0,1841.8964424625278,3638.36938677321,1002.9348444892435,1.6338983012874297
R_xml,235,542720.9815051507,3363022.861255507,24.830403745104775,2963.0,209.0,2964.285093658389,207.85794412952555,979.8962740687664,1.7192316080496552
R_xml,66,542720.9815051507,3363022.861255507,24.830403745104775,4409.0,1784.0,4411.345320584859,1783.4996459916388,539.3869588432827,2.3980998268310314
R_xml,330,542720.9815051507,3363022.861255507,24.830403745104775,1486.0,2220.0,1487.3496679908963,2218.8309619638253,565.8133559714254,1.7855681492659738
R_xml,346,542720.9815051507,3363022.861255507,24.830403745104775,1859.0,3742.0,1859.1633852466812,3741.027579553127,1056.7961904901745,0.9860508426697667
R_xml,357,542720.9815051507,3363022.861255507,24.830403745104775,4033.0,856.0,4033.8944239261405,853.9571130296263,730.3925191142567,2.2301079196700933
R_xml,241,542720.9815051507,3363022.861255507,24.830403745104775,3027.0,758.0,3028.2834010164115,757.9883305715407,752.2310389484489,1.2834540679302402
R_xml,234,542720.9815051507,3363022.861255507,24.830403745104775,2957.0,105.0,2957.477707822032,103.24655566570004,1033.512011446479,1.817352964263952
R_xml,460,542720.9815051507,3363022.861255507,24.830403745104775,955.0,3416.0,957.360568302515,3415.0063296473563,894.6684954738075,2.5611839997473402
R_xml,352,542720.9815051507,3363022.861255507,24.830403745104775,3772.0,374.0,3773.4447656850516,372.7351835132429,901.6845047241293,1.9201845301624736
R_xml,336,542720.9815051507,3363022.861255507,24.830403745104775,1671.0,2868.0,1671.209821596974,2867.438299537471,710.295744209399,0.5996103002469568
R_xml,966,542522.1369424796,3362559.288459265,20.88798257814284,4323.0,2921.0,4323.660717212588,2921.31884222942,412.9104121216307,0.7336263369532041
R_xml,967,542522.1369424796,3362559.288459265,20.88798257814284,4538.0,3598.0,4537.798654332411,3597.541901155592,357.40177656296845,0.5003944734954396
R_xml,49,542522.1369424796,3362559.288459265,20.88798257814284,2930.0,2260.0,2930.3480974210675,2259.0161262389074,370.9920647954173,1.0436375770928683
R_xml,51,542522.1369424796,3362559.288459265,20.88798257814284,2893.0,2941.0,2893.3322425547317,2941.1226144501343,371.7757689656678,0.3541460412829335
R_xml,1034,542522.1369424796,3362559.288459265,20.88798257814284,2497.0,2943.0,2497.7423512786204,2942.430217199194,412.1841651623601,0.9358086668564709
R_xml,1091,542522.1369424796,3362559.288459265,20.88798257814284,3687.0,788.0,3688.2280567896228,787.4667809369548,400.20531580714595,1.3388226349047745
R_xml,1035,542522.1369424796,3362559.288459265,20.88798257814284,2477.0,3636.0,2477.9465692753447,3634.561334941868,357.5928089213256,1.7221354599787149
R_xml,3,541867.7655166985,3363420.8671082333,30.001275434533454,3863.0,1738.0,3862.877388185003,1737.0007298762707,537.1781647164846,1.0067643405260223
R_xml,139,541867.7655166985,3363420.8671082333,30.001275434533454,4996.0,2161.0,4998.967924350874,2159.9767073038943,554.8375426263516,3.139379380452685
R_xml,115,541867.7655166985,3363420.8671082333,30.001275434533454,476.0,2082.0,476.9755450742982,2081.822869497184,536.1296246901258,0.9914955405927842
R_xml,4,541867.7655166985,3363420.8671082333,30.001275434533454,3999.0,2165.0,3999.0740045107896,2165.062360838547,482.4493134665802,0.09677572940314995
R_xml,114,541867.7655166985,3363420.8671082333,30.001275434533454,286.0,1697.0,287.6958148919157,1696.2808099246602,479.4590200735532,1.8420158826976332
R_xml,83,541867.7655166985,3363420.8671082333,30.001275434533454,1357.0,818.0,1357.3788504370596,818.2691450527675,724.1350627407435,0.4647221891511479
R_xml,23,541867.7655166985,3363420.8671082333,30.001275434533454,3862.0,1995.0,3862.5090048598577,1995.699525966723,522.311295782016,0.8651141690427653
R_xml,92,541867.7655166985,3363420.8671082333,30.001275434533454,963.0,1527.0,963.9092993834627,1527.1865482165185,567.4410784975078,0.9282379036927069
R_xml,95,541867.7655166985,3363420.8671082333,30.001275434533454,790.0,1859.0,790.3945642900712,1858.2188129764581,516.0420939440133,0.8751766363138391
R_xml,89,541867.7655166985,3363420.8671082333,30.001275434533454,1109.0,1250.0,1109.873857106812,1250.1005171768056,618.7465752221118,0.8796192050875375
R_xml,29,541867.7655166985,3363420.8671082333,30.001275434533454,3632.0,2616.0,3631.7201163190593,2616.9481252451933,629.9533924551923,0.9885728882736665
R_xml,86,541867.7655166985,3363420.8671082333,30.001275434533454,1230.0,1014.0,1230.6656060677042,1014.300573926796,670.6031090052934,0.7303260387211901
R_xml,77,541867.7655166985,3363420.8671082333,30.001275434533454,1497.0,504.0,1496.4145119894351,503.760333539728,827.2118675268645,0.6326422549075551
R_xml,213,542435.8016093888,3363339.8159468225,18.831096345118056,2237.0,2233.0,2237.2581605127652,2232.8462004095186,373.09645843415814,0.30050152143286024
R_xml,773,542435.8016093888,3363339.8159468225,18.831096345118056,3733.0,3780.0,3732.8323937136192,3778.8916583395294,347.80126079265284,1.1209429528611652
R_xml,824,542435.8016093888,3363339.8159468225,18.831096345118056,2626.0,794.0,2625.8638515912103,793.7868962629123,404.0329521720654,0.2528825655847749
R_xml,210,542435.8016093888,3363339.8159468225,18.831096345118056,2255.0,1481.0,2255.874506791665,1480.7034357310395,371.9604690091476,0.9234243305721942
R_xml,131,542435.8016093888,3363339.8159468225,18.831096345118056,2050.0,649.0,2050.97534016399,648.9088594085229,370.7405350381228,0.9795892215142641
R_xml,757,542435.8016093888,3363339.8159468225,18.831096345118056,661.0,685.0,662.1656939039058,685.045781557302,388.072021381786,1.166592571805635
R_xml,101,542435.8016093888,3363339.8159468225,18.831096345118056,4218.0,399.0,4219.571312962303,396.39062568603913,369.25876530433504,3.0459577698745814
R_xml,220,542435.8016093888,3363339.8159468225,18.831096345118056,2212.0,872.0,2211.556463277812,872.3448953529146,410.538876002144,0.5618519630574133
R_xml,126,542435.8016093888,3363339.8159468225,18.831096345118056,2261.0,2233.0,2261.4867406146836,2232.7950228235404,485.61217562529106,0.5281401981026905
R_xml,128,542435.8016093888,3363339.8159468225,18.831096345118056,2208.0,2619.0,2207.876524950094,2619.8516715183455,443.47681183041476,0.8605756579814583
R_xml,130,542435.8016093888,3363339.8159468225,18.831096345118056,2123.0,3157.0,2124.3053688471655,3156.006933818184,395.0295239146118,1.6401732434767669
R_xml,836,542435.8016093888,3363339.8159468225,18.831096345118056,1886.0,2010.0,1886.3953606125372,2010.672245666266,514.662182079474,0.7798873314519141
R_xml,218,542435.8016093888,3363339.8159468225,18.831096345118056,2183.0,267.0,2184.0384980390672,266.553385843559,361.1906020254993,1.1304611368286837
R_xml,758,542435.8016093888,3363339.8159468225,18.831096345118056,851.0,1263.0,852.2550565943723,1262.7884967811697,443.825214194297,1.2727531837135173
R_xml,759,542435.8016093888,3363339.8159468225,18.831096345118056,1012.0,1725.0,1012.4571907166292,1724.8265668582312,499.62681866294145,0.4889809873969258
R_xml,32,542435.8016093888,3363339.8159468225,18.831096345118056,348.0,1213.0,350.13188437500185,1213.0339363318435,434.8505595462346,2.132154465088307
R_xml,835,542435.8016093888,3363339.8159468225,18.831096345118056,1964.0,1646.0,1963.8675547682801,1645.5734947791439,568.3095689621376,0.4465965100881121
R_xml,771,542435.8016093888,3363339.8159468225,18.831096345118056,3502.0,2498.0,3502.724177936184,2498.8024943716387,457.08559535611835,1.0809398224541766
R_xml,825,542435.8016093888,3363339.8159468225,18.831096345118056,2610.0,1373.0,2609.953630413086,1372.5467579393037,460.36206483417055,0.45560784033508944
R_xml,217,542435.8016093888,3363339.8159468225,18.831096345118056,2204.0,3171.0,2204.1046977120964,3170.8920737053945,374.3980456603319,0.15036520869364042
R_xml,219,542435.8016093888,3363339.8159468225,18.831096345118056,2181.0,3803.0,2181.2842302228146,3801.2799633368786,375.6855764149268,1.7433625389009015
R_xml,959,542435.8016093888,3363339.8159468225,18.831096345118056,5064.0,2408.0,5066.269727774597,2407.0978777473474,612.4060589082393,2.4424350000583246
R_xml,8,541936.041615775,3363392.562867678,27.796374032443225,4053.0,3838.0,4053.3834579034183,3837.450165793013,336.06472951280296,0.6703414196264169
R_xml,6,541936.041615775,3363392.562867678,27.796374032443225,3814.0,2835.0,3814.623529180321,2833.946591375026,414.8825314231093,1.2241153417392567
R_xml,106,541936.041615775,3363392.562867678,27.796374032443225,271.0,2198.0,274.0681258703562,2197.863248285192,362.86523836852723,3.071171989298524
R_xml,7,541936.041615775,3363392.562867678,27.796374032443225,3963.0,568.0,3964.3133582865557,566.440748092147,363.57906500521386,2.038670277658393
R_xml,13,541936.041615775,3363392.562867678,27.796374032443225,3968.0,2625.0,3968.276109024716,2625.8041801692743,364.9492440335656,0.8502599238960091
R_xml,15,541936.041615775,3363392.562867678,27.796374032443225,3937.0,3297.0,3938.3992450690603,3297.05874545177,365.7857027493291,1.4004777011409844
R_xml,102,541936.041615775,3363392.562867678,27.796374032443225,377.0,903.0,378.93719188785235,902.3689446738795,361.64676987290744,2.0373863735153535
R_xml,95,541936.041615775,3363392.562867678,27.796374032443225,945.0,2194.0,946.0679112404587,2193.897547868719,475.59336787756115,1.0728144558599195
R_xml,104,541936.041615775,3363392.562867678,27.796374032443225,319.0,1546.0,320.8925861907469,1544.4760504161095,362.2232041682165,2.4298775326435433
R_xml,98,541936.041615775,3363392.562867678,27.796374032443225,733.0,2672.0,734.5880428179244,2670.7640714612844,424.1179635292261,2.012311940125789
R_xml,100,541936.041615775,3363392.562867678,27.796374032443225,447.0,267.0,448.8448654321942,266.6786390536338,360.6063883414272,1.8726455406067688
R_xml,102,542407.1449965232,3363396.5075424886,24.718519324708268,4249.0,3333.0,4249.525456138746,3333.2892517386354,369.3692457111099,0.5998089046103807
R_xml,771,542407.1449965232,3363396.5075424886,24.718519324708268,2994.0,2448.0,2994.03547351886,2448.0109480265796,455.1578976720697,0.03712451785930691
R_xml,126,542407.1449965232,3363396.5075424886,24.718519324708268,2169.0,2610.0,2168.9887283491175,2610.18651202816,437.20903742532,0.18685231270169272
R_xml,1031,542454.5294135599,3362365.5485892785,6.606860953023784,3608.0,2483.0,3608.8659523753754,2483.502581266329,473.59137213383644,1.0012299664328108
R_xml,49,542454.5294135599,3362365.5485892785,6.606860953023784,4420.0,1048.0,4421.722642472063,1046.8867766160365,384.25837111449874,2.0510395874185967
R_xml,51,542454.5294135599,3362365.5485892785,6.606860953023784,4399.0,1692.0,4399.978693897461,1692.0151281732935,384.98493657316345,0.9788108124428285
R_xml,1033,542454.5294135599,3362365.5485892785,6.606860953023784,3811.0,3661.0,3811.810614402635,3660.1516496085333,369.20553745684487,1.1733686958757867
R_xml,1094,542454.5294135599,3362365.5485892785,6.606860953023784,2472.0,1303.0,2472.898848939968,1302.8924085677188,466.3008000278099,0.9052653385510803
R_xml,1032,542454.5294135599,3362365.5485892785,6.606860953023784,3686.0,2976.0,3685.899669490795,2975.412897797546,424.9812890784368,0.5956133034138674
R_xml,977,542207.6310014029,3362819.5983054135,18.230344922001507,1661.0,2910.0,1662.1497502184857,2909.55630894718,727.942954826511,1.2323908938565615
R_xml,1015,542207.6310014029,3362819.5983054135,18.230344922001507,4133.0,942.0,4133.706261687075,941.5254638213505,730.1394192843429,0.8508761105341501
R_xml,1013,542207.6310014029,3362819.5983054135,18.230344922001507,4051.0,779.0,4052.3033771877863,777.3202006235394,783.5877438195207,2.1261509915335113
R_xml,1019,542207.6310014029,3362819.5983054135,18.230344922001507,4410.0,1410.0,4411.298754544796,1409.3109212615936,619.7636709770827,1.4702356529997673
R_xml,1017,542207.6310014029,3362819.5983054135,18.230344922001507,4272.0,1159.0,4273.779288437045,1156.9972353944768,674.2309198241596,2.6789799191739876
R_xml,1043,542207.6310014029,3362819.5983054135,18.230344922001507,493.0,2700.0,495.72303783587085,2698.2499012321696,667.8841566721655,3.236940029216759
R_xml,1049,542207.6310014029,3362819.5983054135,18.230344922001507,914.0,3243.0,916.294402207202,3240.791574920383,834.5415020499048,3.1845600670570757
R_xml,1045,542207.6310014029,3362819.5983054135,18.230344922001507,647.0,2911.0,648.765299098465,2909.816388977039,722.4942439897723,2.1253743107312126
R_xml,1011,542207.6310014029,3362819.5983054135,18.230344922001507,3971.0,620.0,3972.011680214596,618.5784290454183,837.1215077556718,1.7448096846117742
R_xml,1047,542207.6310014029,3362819.5983054135,18.230344922001507,789.0,3090.0,790.6033451633525,3088.9792230872536,778.9513563435331,1.9007107140335844
R_xml,928,543554.521344293,3363391.2139919237,14.694494243301335,4210.0,740.0,4212.0022897986,738.6423618308231,401.60587001861757,2.419162217790222
R_xml,931,543554.521344293,3363391.2139919237,14.694494243301335,2039.0,2718.0,2038.801681468114,2717.838371830057,436.51345492969205,0.2558396087561546
R_xml,611,543554.521344293,3363391.2139919237,14.694494243301335,549.0,1329.0,550.22499686424,1329.3450917898708,374.3052440133412,1.2726765735386347
R_xml,995,543554.521344293,3363391.2139919237,14.694494243301335,2296.0,172.0,2296.781234499191,170.51126103667707,357.1080371602917,1.6812706634097856
R_xml,643,543554.521344293,3363391.2139919237,14.694494243301335,3826.0,3711.0,3826.95817765107,3710.1384079110217,356.303247260893,1.2885826860547134
R_xml,619,543554.521344293,3363391.2139919237,14.694494243301335,527.0,3031.0,529.9259699137806,3029.988219126739,377.1946995796369,3.0959651922859717
R_xml,863,543469.1584253084,3363689.153269388,20.740150149738895,3411.0,806.0,3411.6214939334013,805.8364880735814,401.74953682577876,0.6426436487943814
R_xml,864,543469.1584253084,3363689.153269388,20.740150149738895,2800.0,2634.0,2799.7588169938667,2634.1003813791854,439.7455388072003,0.26123871025297263
R_xml,930,543469.1584253084,3363689.153269388,20.740150149738895,4537.0,2697.0,4538.339300890288,2696.600402475987,431.1514568567369,1.3976426781987996
R_xml,931,543469.1584253084,3363689.153269388,20.740150149738895,4761.0,3223.0,4762.052599803715,3223.3645902385388,381.5448541323857,1.1139534949080634
R_xml,131,542270.1854963659,3363597.644576862,18.74169779994145,2088.0,3643.0,2089.2360632345253,3642.227705965216,374.4387396344668,1.457494561193307
R_xml,11,542270.1854963659,3363597.644576862,18.74169779994145,186.0,2035.0,188.31961256245404,2034.158668217748,371.4008050350187,2.4674767694391377
R_xml,102,542270.1854963659,3363597.644576862,18.74169779994145,4190.0,969.0,4191.627652476783,967.0231131865157,371.0701568242839,2.56072920444644
R_xml,127,542270.1854963659,3363597.644576862,18.74169779994145,2149.0,2313.0,2149.197702504892,2312.7586902136395,372.97237973900474,0.31195623640800285
R_xml,104,542270.1854963659,3363597.644576862,18.74169779994145,4153.0,1658.0,4153.377707469482,1658.404631956475,372.6882270678507,0.5535250244596535
R_xml,129,542270.1854963659,3363597.644576862,18.74169779994145,2120.0,2989.0,2121.2443451082454,2987.6725847292773,373.9054943547452,1.8194576250525825
R_xml,223,542270.1854963659,3363597.644576862,18.74169779994145,2038.0,2181.0,2038.5491721845792,2181.3425912390057,372.8500693872055,0.6472703031647614
R_xml,13,542270.1854963659,3363597.644576862,18.74169779994145,198.0,2687.0,202.11871749022293,2685.3358131333543,372.1997968991398,4.44222373270237
R_xml,759,542270.1854963659,3363597.644576862,18.74169779994145,3257.0,1682.0,3257.2136400835275,1680.903770822849,496.6896462035209,1.1168529420324795
R_xml,752,542270.1854963659,3363597.644576862,18.74169779994145,3695.0,3641.0,3695.585819379655,3640.6148789277245,357.11273861311804,0.7010724540943041
R_xml,708,542270.1854963659,3363597.644576862,18.74169779994145,2676.0,359.0,2675.208261577336,357.69176074211464,368.48559526109835,1.5291630671039567
R_xml,750,542270.1854963659,3363597.644576862,18.74169779994145,3592.0,2961.0,3592.474081351708,2960.2224942446646,410.5472104690907,0.910641711990356
R_xml,76,542404.1300679201,3362978.9146557865,22.07973474838616,2338.0,191.0,2337.6737667012494,189.8037401976303,366.9089421072316,1.2399458375184287
R_xml,975,542404.1300679201,3362978.9146557865,22.07973474838616,916.0,1697.0,918.1207964576615,1696.630647629536,491.27318733119296,2.152718929260628
R_xml,74,542404.1300679201,3362978.9146557865,22.07973474838616,2381.0,2716.0,2381.39976063916,2716.014466310487,429.4307783167767,0.4000223028290502
R_xml,945,542404.1300679201,3362978.9146557865,22.07973474838616,3433.0,1348.0,3432.860065497847,1347.308870256284,615.6276036662751,0.7051538750809634
R_xml,274,542404.1300679201,3362978.9146557865,22.07973474838616,5053.0,1650.0,5055.298373198153,1648.5983923270323,487.61295023030004,2.692029611076024
R_xml,1056,542404.1300679201,3362978.9146557865,22.07973474838616,961.0,3572.0,963.9576688476236,3568.888777391721,967.4091347234959,4.292727702809774
R_xml,75,542404.1300679201,3362978.9146557865,22.07973474838616,2333.0,133.0,2333.2629163744023,131.48999342278876,366.7010568643299,1.532724659927557
R_xml,157,542404.1300679201,3362978.9146557865,22.07973474838616,3778.0,936.0,3779.121152391018,934.6562168682558,411.56126521541006,1.750067367002002
R_xml,190,542404.1300679201,3362978.9146557865,22.07973474838616,724.0,2464.0,725.4342361669871,2463.1339371289614,452.74569121656697,1.6754397271419816
R_xml,943,542404.1300679201,3362978.9146557865,22.07973474838616,3385.0,1090.0,3386.4371688438505,1089.8866731254616,668.6299598969306,1.4416300726008695
R_xml,1006,542404.1300679201,3362978.9146557865,22.07973474838616,4051.0,477.0,4052.136368006247,475.5257881995417,879.3938281068941,1.8613523788449826
R_xml,1053,542404.1300679201,3362978.9146557865,22.07973474838616,645.0,3176.0,647.2403978656305,3173.0369877681796,801.4001977030101,3.714676847619277
R_xml,1009,542404.1300679201,3362978.9146557865,22.07973474838616,4370.0,989.0,4372.443354978512,987.9854701705102,714.4485224158312,2.6456103881604567
R_xml,1007,542404.1300679201,3362978.9146557865,22.07973474838616,4137.0,629.0,4138.911339653846,627.862296676404,825.2644808035129,2.2243174514635986
R_xml,1054,542404.1300679201,3362978.9146557865,22.07973474838616,760.0,3328.0,762.8141117914699,3325.570196688773,856.2976462601353,3.717952300143038
R_xml,1009,542715.4755482001,3362256.4958851784,12.369255045163584,655.0,798.0,656.0291629445626,797.5664198235331,780.8566978160276,1.1167668225219531
R_xml,150,542715.4755482001,3362256.4958851784,12.369255045163584,3855.0,786.0,3856.739251390376,784.5602873171965,780.5053134203308,2.257823732701485
R_xml,194,542715.4755482001,3362256.4958851784,12.369255045163584,910.0,2754.0,912.1731762029146,2753.5995147793315,700.3952582216797,2.209769947503236
R_xml,1052,542715.4755482001,3362256.4958851784,12.369255045163584,4092.0,3147.0,4091.9755595469733,3146.8175275978865,821.8343853600239,0.18410191003142468
R_xml,1049,542715.4755482001,3362256.4958851784,12.369255045163584,4316.0,2841.0,4316.872467732558,2841.06171357547,725.165290312114,0.8746476489149143
R_xml,144,542715.4755482001,3362256.4958851784,12.369255045163584,3722.0,480.0,3724.2938329432536,478.7677628861784,886.1592090327778,2.6038582673092976
R_xml,147,542715.4755482001,3362256.4958851784,12.369255045163584,3785.0,620.0,3785.896400369613,619.4355771281962,833.4357793667838,1.0592954266196228
R_xml,84,542715.4755482001,3362256.4958851784,12.369255045163584,1979.0,3183.0,1980.1243591180082,3182.1968801641815,823.8296452702912,1.3817325707000454
R_xml,1053,542715.4755482001,3362256.4958851784,12.369255045163584,3996.0,3288.0,3995.835400934162,3287.3865397608897,878.452897635592,0.6351584978916693
R_xml,1007,542715.4755482001,3362256.4958851784,12.369255045163584,894.0,493.0,895.2715725649853,492.7847963667407,889.3934706674187,1.2896547568210674
R_xml,1056,542715.4755482001,3362256.4958851784,12.369255045163584,3749.0,3650.0,3749.0016855747654,3648.527531122423,1046.0978523863046,1.47246984233792
R_xml,1006,542715.4755482001,3362256.4958851784,12.369255045163584,1004.0,365.0,1004.8578936829081,365.06525204971786,944.6058258982179,0.8603716645531476
R_xml,268,542715.4755482001,3362256.4958851784,12.369255045163584,4961.0,1117.0,4962.792963822775,1115.2787763818642,701.8844187375701,2.485423507857173
R_xml,271,542715.4755482001,3362256.4958851784,12.369255045163584,5123.0,1352.0,5125.721464653125,1350.7737579777122,647.7359454438105,2.9849689035954294
R_xml,265,542715.4755482001,3362256.4958851784,12.369255045163584,4804.0,908.0,4806.662981436202,906.0781853175251,755.9541780173971,3.2840282890580763
R_xml,1013,542715.4755482001,3362256.4958851784,12.369255045163584,359.0,1198.0,360.3299134175777,1197.970657797579,674.8485413418567,1.3302370702608297
R_xml,1076,542715.4755482001,3362256.4958851784,12.369255045163584,1497.0,982.0,1496.7435961332326,980.8750394923956,716.391413120415,1.1538106805550574
R_xml,1011,542715.4755482001,3362256.4958851784,12.369255045163584,532.0,984.0,533.7835381785931,983.8538024374157,729.283788671625,1.7895200925959627
R_xml,1074,542715.4755482001,3362256.4958851784,12.369255045163584,1591.0,786.0,1591.7943101520555,785.6037144169998,770.1337457556334,0.887677239176607
R_xml,203,542715.4755482001,3362256.4958851784,12.369255045163584,1217.0,3253.0,1217.8901852190427,3251.015389641346,862.4746509198536,2.1751110316210633
R_xml,1054,542715.4755482001,3362256.4958851784,12.369255045163584,3901.0,3422.0,3901.505858179563,3420.793275605132,934.8953142059637,1.308463321228613
R_xml,1073,542715.4755482001,3362256.4958851784,12.369255045163584,1636.0,626.0,1636.5660756370035,625.7087805895121,823.5879283584069,0.6365927833817885
R_xml,1051,542715.4755482001,3362256.4958851784,12.369255045163584,4177.0,3029.0,4178.049938452363,3028.5964815316865,781.4169045128507,1.1248101653256675
R_xml,1055,542715.4755482001,3362256.4958851784,12.369255045163584,3829.0,3542.0,3828.578574584886,3541.533880043166,990.0836559718587,0.628384591363335
R_xml,1005,542715.4755482001,3362256.4958851784,12.369255045163584,1091.0,250.0,1092.6267507059138,249.08124488173144,998.2211026082493,1.8682689384924251
R_xml,1072,542715.4755482001,3362256.4958851784,12.369255045163584,1699.0,485.0,1699.6206993072215,484.6174663474419,878.4978208571195,0.7291087884017271
R_xml,1047,542715.4755482001,3362256.4958851784,12.369255045163584,4444.0,2625.0,4445.95507925645,2625.0910156033137,671.1025077726717,1.957196653135835
R_xml,1065,543490.8930386533,3362548.138196452,16.372073265151812,781.0,1082.0,782.5515569211564,1081.5092875091825,686.0183557271469,1.6273068635732197
R_xml,1061,543490.8930386533,3362548.138196452,16.372073265151812,4804.0,2905.0,4805.841216072871,2904.2228687239717,740.1279673120004,1.9985018506823482
R_xml,1064,543490.8930386533,3362548.138196452,16.372073265151812,893.0,870.0,894.1904967152366,869.6871407622698,738.3598032628295,1.2309197096570543
R_xml,711,543006.7309048143,3363927.41489395,17.967142058325692,3156.0,1312.0,3155.3089889514126,1311.173249855895,623.337975631392,1.07750270071474
R_xml,733,543006.7309048143,3363927.41489395,17.967142058325692,2891.0,1734.0,2891.541025836596,1734.1695129153493,557.301772225827,0.5669599494978255
R_xml,709,543006.7309048143,3363927.41489395,17.967142058325692,3096.0,1067.0,3095.8798661380406,1066.2223738000325,677.0695580445655,0.7868510987887931
R_xml,797,543006.7309048143,3363927.41489395,17.967142058325692,1757.0,2383.0,1756.654395548819,2382.9066150715676,607.1713669704841,0.3579988568899542
R_xml,666,543006.7309048143,3363927.41489395,17.967142058325692,1709.0,359.0,1709.2821525109907,357.672722543236,370.6915765968032,1.3569360658086822
R_xml,619,543419.812565834,3363306.691723013,15.421255324478352,1994.0,3053.0,1994.2928447104996,3051.884995133112,377.32004371818067,1.152819967579994
R_xml,648,543419.812565834,3363306.691723013,15.421255324478352,2186.0,2652.0,2185.0396131300554,2651.8681648779434,376.705710233423,0.969393335736166
R_xml,614,543419.812565834,3363306.691723013,15.421255324478352,2021.0,2044.0,2021.4349012431358,2044.024805035764,375.8540406885997,0.43560805901668326
R_xml,934,543419.812565834,3363306.691723013,15.421255324478352,1867.0,3361.0,1868.95684556253,3360.0298408524204,381.914190833026,2.1841367464573556
R_xml,644,543419.812565834,3363306.691723013,15.421255324478352,2214.0,1285.0,2214.273633612122,1285.8622872300957,374.8443744312621,0.9046627111078933
R_xml,621,543419.812565834,3363306.691723013,15.421255324478352,1966.0,3701.0,1966.960997525261,3699.0906891903314,377.8327089273736,2.137518189741349
R_xml,611,543419.812565834,3363306.691723013,15.421255324478352,2043.0,1289.0,2043.9159748053726,1289.2965236207829,374.62532780659666,0.9627752083220145
R_xml,617,543419.812565834,3363306.691723013,15.421255324478352,2001.0,2791.0,2002.122935334595,2790.7976622629362,376.9350343422515,1.1410189856098372
R_xml,538,543419.812565834,3363306.691723013,15.421255324478352,4275.0,1166.0,4277.062719691452,1164.2897220729674,375.2669812515414,2.6795266584228727
R_xml,537,543419.812565834,3363306.691723013,15.421255324478352,4272.0,1099.0,4274.375582681321,1097.562527260141,375.20610113300074,2.776638426880821
R_xml,620,543419.812565834,3363306.691723013,15.421255324478352,1958.0,154.0,1958.1448399724045,152.77044223447683,355.51580703785885,1.2380593347511508
R_xml,6,542116.4074484288,3363515.4800621998,23.632716405033477,1872.0,2997.0,1872.0678364922342,2996.9670631900017,403.88373205786854,0.07540970183935997
R_xml,692,542116.4074484288,3363515.4800621998,23.632716405033477,1700.0,1303.0,1700.1803620832743,1302.2339154342678,444.8509644447907,0.7870298869395601
R_xml,691,542116.4074484288,3363515.4800621998,23.632716405033477,1578.0,703.0,1578.7124857912313,702.1191570000847,388.3644234103847,1.1329255903219473
R_xml,106,542116.4074484288,3363515.4800621998,23.632716405033477,2388.0,2182.0,2388.824674091139,2182.7158717721204,368.05772006968033,1.0920438410223496
R_xml,104,542116.4074484288,3363515.4800621998,23.632716405033477,2445.0,1490.0,2444.290448701153,1490.6411780203587,366.995131052498,0.9563327347146123
R_xml,617,543554.1234514978,3363180.319313222,18.49755706663052,1513.0,1045.0,1513.675409723907,1044.854285596532,370.94826744872967,0.6909493342685802
R_xml,621,543554.1234514978,3363180.319313222,18.49755706663052,1467.0,2000.0,1467.7260399075053,1998.7074966172056,372.0703297458129,1.4824638079309964
R_xml,529,543554.1234514978,3363180.319313222,18.49755706663052,4736.0,176.0,4739.166515102148,172.12981118130733,370.5699345003295,5.000517911623246
R_xml,619,543554.1234514978,3363180.319313222,18.49755706663052,1500.0,1312.0,1500.8272527997447,1312.005576190987,371.32060474812914,0.8272715930039519
R_xml,531,543554.1234514978,3363180.319313222,18.49755706663052,4777.0,811.0,4779.9995927974105,809.3608670527083,371.37480218725227,3.4182325504819446
R_xml,528,543554.1234514978,3363180.319313222,18.49755706663052,4511.0,2673.0,4511.991676415997,2672.243960054138,436.00054373008106,1.2470038146629399
R_xml,530,543554.1234514978,3363180.319313222,18.49755706663052,4709.0,3208.0,4710.7068395971,3207.9841366966,386.84345620679835,1.7069133119825948
R_xml,533,543554.1234514978,3363180.319313222,18.49755706663052,4781.0,1466.0,4783.126364217191,1464.1871406859073,372.60195801361135,2.7942590568595995
R_xml,816,543275.367308063,3363430.690098282,21.3116599978855,774.0,2549.0,776.469310845587,2547.615683512713,639.6039820574852,2.8308705708858892
R_xml,821,543275.367308063,3363430.690098282,21.3116599978855,1098.0,3101.0,1099.0328403958797,3099.733573503175,788.0591435781754,1.6341956294216708
R_xml,818,543275.367308063,3363430.690098282,21.3116599978855,912.0,2780.0,914.1117364946738,2778.592171276047,694.6366375027034,2.5379938413882246
R_xml,775,543275.367308063,3363430.690098282,21.3116599978855,4677.0,758.0,4679.065932631765,755.9361102949051,775.9622555085573,2.920225736785813
R_xml,842,543275.367308063,3363430.690098282,21.3116599978855,3820.0,906.0,3820.810711835176,905.5814303626885,725.9678999635987,0.9123892924477693
R_xml,812,543275.367308063,3363430.690098282,21.3116599978855,404.0,1945.0,406.7004937099732,1944.4262651659606,528.0023514049083,2.760767635530953
R_xml,814,543275.367308063,3363430.690098282,21.3116599978855,602.0,2271.0,603.8256021670804,2269.7752746805304,583.644044360882,2.198357427853506
R_xml,848,543275.367308063,3363430.690098282,21.3116599978855,4126.0,1648.0,4125.776447543123,1647.2769810953705,564.4601174710314,0.7567906166353542
R_xml,776,543275.367308063,3363430.690098282,21.3116599978855,4823.0,952.0,4824.481662577297,950.3585315079487,721.2276835750324,2.2112762838145565
R_xml,944,543275.367308063,3363430.690098282,21.3116599978855,3263.0,2112.0,3262.9613690774677,2111.5757252338803,554.5853196063426,0.4260298409050513
R_xml,846,543275.367308063,3363430.690098282,21.3116599978855,3999.0,1361.0,3999.9651264683043,1360.4192215218645,618.553219600048,1.1263981269901642
R_xml,844,543275.367308063,3363430.690098282,21.3116599978855,3910.0,1119.0,3911.0354695487817,1119.2332980955623,671.9658505482396,1.0614260161910838
R_xml,986,543275.367308063,3363430.690098282,21.3116599978855,1073.0,2423.0,1074.3430549735654,2421.6303324952146,462.04669174258004,1.918276762014215
R_xml,820,543275.367308063,3363430.690098282,21.3116599978855,1029.0,2977.0,1030.7912265676407,2976.370701744881,749.3987836114036,1.8985544265355514
R_xml,652,543414.1532570162,3363418.1576057747,17.51317255582734,2666.0,3026.0,2666.058800865574,3025.9126532018668,375.6337558842886,0.10529484762508817
R_xml,645,543414.1532570162,3363418.1576057747,17.51317255582734,2724.0,3478.0,2724.3938651190097,3477.092165917701,371.3988515843959,0.9895920639111799
R_xml,644,543414.1532570162,3363418.1576057747,17.51317255582734,2721.0,320.0,2720.6686635899723,319.7416439339588,371.4714462029931,0.4201567248900284
R_xml,788,542711.0894719383,3363532.0121375755,24.98928894204073,3189.0,1111.0,3189.698666454415,1110.9555947090398,425.02449577851104,0.7000761704202699
R_xml,853,542711.0894719383,3363532.0121375755,24.98928894204073,1257.0,622.0,1258.4800142716115,621.7043805114859,380.0079744666497,1.5092491928647926
R_xml,480,542711.0894719383,3363532.0121375755,24.98928894204073,4868.0,2688.0,4869.368450139663,2686.6674147718604,367.8447775169729,1.9100887872031234
R_xml,484,542711.0894719383,3363532.0121375755,24.98928894204073,4827.0,3435.0,4827.50763920829,3433.7487261301712,367.3113095832968,1.3503273170271282
R_xml,474,542711.0894719383,3363532.0121375755,24.98928894204073,4918.0,698.0,4920.9884805054135,695.9870688635085,366.8997839353557,3.6031801913716754
R_xml,721,542711.0894719383,3363532.0121375755,24.98928894204073,4458.0,2226.0,4458.528865275035,2225.983794666071,521.2066524518151,0.5291134963178141
R_xml,447,542711.0894719383,3363532.0121375755,24.98928894204073,1364.0,1685.0,1363.7936086256493,1684.2208375070902,366.1569786981987,0.8060344842274214
R_xml,741,542711.0894719383,3363532.0121375755,24.98928894204073,1219.0,2620.0,1220.9799339221372,2618.554163230635,432.8157560174988,2.4516488940461465
R_xml,740,542711.0894719383,3363532.0121375755,24.98928894204073,1381.0,2126.0,1382.2820126301106,2126.0315168597454,487.16575651939996,1.2823999751291315
R_xml,444,542711.0894719383,3363532.0121375755,24.98928894204073,1401.0,935.0,1401.5646677458055,935.2698650211228,365.56650505304697,0.6258408685749904
R_xml,376,542711.0894719383,3363532.0121375755,24.98928894204073,2745.0,1518.0,2744.124314029944,1518.0839559312717,468.61639627116205,0.8797013791900128
R_xml,449,542711.0894719383,3363532.0121375755,24.98928894204073,1335.0,2375.0,1335.587701027537,2374.477470090432,366.6702864138932,0.7864032071153625
R_xml,370,542711.0894719383,3363532.0121375755,24.98928894204073,2826.0,334.0,2825.9966200777535,333.8854067628736,360.1275657464265,0.11464307161580287
R_xml,476,542711.0894719383,3363532.0121375755,24.98928894204073,4936.0,1351.0,4938.845349230558,1348.8885988699913,366.60913717327213,3.543166235958895
R_xml,808,542711.0894719383,3363532.0121375755,24.98928894204073,3006.0,2768.0,3004.935811254807,2768.129508940421,421.4163594745577,1.0720402282770711
R_xml,473,542711.0894719383,3363532.0121375755,24.98928894204073,4809.0,3090.0,4811.2371948024,3089.9423835666166,392.69570367960404,2.237936602605642
R_xml,373,542711.0894719383,3363532.0121375755,24.98928894204073,2784.0,993.0,2783.9247203372747,992.3290487844162,413.7787934592981,0.675161137294991
R_xml,436,542711.0894719383,3363532.0121375755,24.98928894204073,1722.0,2212.0,1722.1462534170669,2212.3447999046593,480.0421759075491,0.37453576098528485
R_xml,379,542711.0894719383,3363532.0121375755,24.98928894204073,2740.0,1954.0,2739.5315488638676,1954.8080337402007,525.641809760651,0.9340048138240553
R_xml,439,542711.0894719383,3363532.0121375755,24.98928894204073,1592.0,2714.0,1592.6385011933476,2713.5214362415936,427.04094840917725,0.7979392487942335
R_xml,486,542711.0894719383,3363532.0121375755,24.98928894204073,4716.0,767.0,4718.752042447506,763.9401409216857,389.04422025928494,4.115394903532012
R_xml,441,542711.0894719383,3363532.0121375755,24.98928894204073,1437.0,210.0,1436.862247084008,208.55929366149235,364.5654748520937,1.4472769671629633
R_xml,371,542711.0894719383,3363532.0121375755,24.98928894204073,2809.0,3823.0,2809.4029501252226,3822.0419869921834,368.7945823580709,1.0393063679987078
R_xml,433,542711.0894719383,3363532.0121375755,24.98928894204073,1808.0,1805.0,1807.0811392229589,1805.0871492223912,533.2541501276069,0.9229843522768933
R_xml,442,542711.0894719383,3363532.0121375755,24.98928894204073,1469.0,3323.0,1469.862394471284,3321.853176627509,375.34969592187844,1.4348965369644444
R_xml,647,543287.4814931516,3363511.784114663,23.707379991915786,2156.0,2803.0,2155.5700563184737,2802.123019645852,419.72935072808696,0.9767016488397078
R_xml,649,543287.4814931516,3363511.784114663,23.707379991915786,2086.0,3388.0,2086.9100604625173,3386.48292678474,371.3743945665326,1.769101802016168
R_xml,650,543287.4814931516,3363511.784114663,23.707379991915786,2061.0,905.0,2061.409610106427,905.221850302049,365.9125509844704,0.46583043675390645
R_xml,996,543287.4814931516,3363511.784114663,23.707379991915786,780.0,2003.0,781.29468687492,2002.6282657980416,527.8260456743786,1.3469968155106038
R_xml,926,543287.4814931516,3363511.784114663,23.707379991915786,2088.0,881.0,2087.627354308979,881.1568002786814,403.8853743703044,0.4042909081725053
R_xml,645,543287.4814931516,3363511.784114663,23.707379991915786,2221.0,2323.0,2221.3207187964363,2323.94827011319,467.8085521641667,1.0010378384242675
R_xml,610,543287.4814931516,3363511.784114663,23.707379991915786,2109.0,186.0,2109.022750471074,184.7348058575683,350.3872341661895,1.2653986731372802
R_xml,934,543287.4814931516,3363511.784114663,23.707379991915786,4161.0,3190.0,4161.9994862389185,3189.6182120471626,385.52127961205514,1.0699227928777033
R_xml,995,543287.4814931516,3363511.784114663,23.707379991915786,586.0,1596.0,587.6205288560582,1594.857351141603,471.9622340053736,1.9828666588838573
R_xml,925,543287.4814931516,3363511.784114663,23.707379991915786,2027.0,160.0,2026.6017984330028,158.95219225589267,347.73136958067,1.1209217441776598
R_xml,648,543287.4814931516,3363511.784114663,23.707379991915786,2078.0,242.0,2077.4567551337723,240.73725708601432,365.03266142908905,1.3746398261013004
R_xml,556,543287.4814931516,3363511.784114663,23.707379991915786,4096.0,3230.0,4096.774054405762,3229.811050559341,369.82066142504283,0.7967823505861461
R_xml,602,543287.4814931516,3363511.784114663,23.707379991915786,2173.0,1447.0,2173.2184430314173,1447.8883199378092,366.82582860644374,0.9147839471067403
R_xml,605,543287.4814931516,3363511.784114663,23.707379991915786,2141.0,2211.0,2140.903164720213,2210.939523177053,367.62261450351525,0.1141688115254165
R_xml,608,543287.4814931516,3363511.784114663,23.707379991915786,2129.0,2963.0,2129.011367177297,2962.0509893986887,368.875258966152,0.9490786764652293
R_xml,643,543287.4814931516,3363511.784114663,23.707379991915786,2276.0,1935.0,2275.811519896797,1934.3333238367206,516.6222517869743,0.6928072285912321
R_xml,994,543287.4814931516,3363511.784114663,23.707379991915786,361.0,1098.0,362.4437906690787,1096.8291953935532,416.4017689934565,1.858847740562899
R_xml,824,542739.1056889383,3364229.1786712883,30.13587492550721,4977.0,3376.0,4977.899116525653,3375.966101247742,909.0880203606082,0.899755329023915
R_xml,691,542739.1056889383,3364229.1786712883,30.13587492550721,3310.0,3713.0,3310.5189401487546,3711.575159022189,1026.4063894440696,1.5164005704427408
R_xml,702,542739.1056889383,3364229.1786712883,30.13587492550721,1463.0,263.0,1463.2708560242372,262.13721791300145,936.7848957989319,0.9042985765283312
R_xml,692,542739.1056889383,3364229.1786712883,30.13587492550721,3288.0,3793.0,3287.9980248493766,3792.8520083597296,1082.5718926899485,0.14800482022529715
R_xml,771,542739.1056889383,3364229.1786712883,30.13587492550721,744.0,295.0,745.3456559626409,293.07646860549744,942.1326101659718,2.3475014367254197
R_xml,701,542739.1056889383,3364229.1786712883,30.13587492550721,1544.0,158.0,1544.0543658720078,156.67802209497813,992.0631657435031,1.3230953213601708
R_xml,772,542739.1056889383,3364229.1786712883,30.13587492550721,631.0,407.0,633.0289499706621,405.91340555715306,887.6749245141033,2.301591941825394
R_xml,757,542739.1056889383,3364229.1786712883,30.13587492550721,4160.0,3436.0,4161.54206021712,3436.184622019511,900.9915532032368,1.553072761757134
R_xml,693,542739.1056889383,3364229.1786712883,30.13587492550721,3243.0,3867.0,3243.1877128070037,3865.890622109182,1139.59292280224,1.125146835994742
R_xml,393,543063.7450396146,3364010.77961562,20.295365578344274,632.0,3520.0,635.4190375454625,3518.1190155649447,961.6122830867718,3.9022967829475426
R_xml,430,543063.7450396146,3364010.77961562,20.295365578344274,4666.0,843.0,4667.6852926959,840.3619245992368,752.896677169891,3.130439791940729
R_xml,545,543063.7450396146,3364010.77961562,20.295365578344274,3714.0,802.0,3715.1111501731484,801.1911371993867,754.1652803161845,1.3743775818543091
R_xml,498,543063.7450396146,3364010.77961562,20.295365578344274,1080.0,3105.0,1081.7079775160798,3104.8185430930803,777.7568944489706,1.7175895331839677
R_xml,840,543063.7450396146,3364010.77961562,20.295365578344274,1183.0,391.0,1183.600900770814,389.94503303818533,910.4196118754609,1.2140992656637584
R_xml,616,543063.7450396146,3364010.77961562,20.295365578344274,2132.0,3298.0,2131.8900755425348,3297.839937268941,851.8893691511864,0.19417379901291215
R_xml,542,543063.7450396146,3364010.77961562,20.295365578344274,3638.0,633.0,3639.5930496829174,632.5367110273462,807.7421900719697,1.659049114530879
R_xml,548,543063.7450396146,3364010.77961562,20.295365578344274,3775.0,991.0,3776.1904071805293,990.44440199125,701.3287430992921,1.3136812409343148
R_xml,610,543063.7450396146,3364010.77961562,20.295365578344274,2060.0,2972.0,2059.2853898917606,2971.534458817841,742.0145745161195,0.8528752541163475
R_xml,841,543063.7450396146,3364010.77961562,20.295365578344274,1087.0,526.0,1087.2846873197907,524.283370165939,856.4205401372172,1.7400761067372565
R_xml,492,543063.7450396146,3364010.77961562,20.295365578344274,825.0,2673.0,827.3458859078221,2671.6618935885913,656.8094278773356,2.700686849816432
R_xml,495,543063.7450396146,3364010.77961562,20.295365578344274,986.0,2931.0,987.7540863902227,2929.995195454313,723.2229326558842,2.021497276623871
R_xml,839,543063.7450396146,3364010.77961562,20.295365578344274,1268.0,271.0,1267.836436426959,269.80679554397193,964.3462159429023,1.2043628673747815
R_xml,837,543063.7450396146,3364010.77961562,20.295365578344274,1405.0,91.0,1405.1526453412368,89.36863670881417,1074.0719925459296,1.6384891784903532
R_xml,395,543063.7450396146,3364010.77961562,20.295365578344274,704.0,3612.0,707.6127859245278,3609.9447999305157,1011.3583828461097,4.1564491410426445
R_xml,647,543063.7450396146,3364010.77961562,20.295365578344274,2660.0,627.0,2661.0495148831437,626.1671889470504,801.4860762838758,1.3397969024651755
R_xml,52,542699.8520656362,3362715.271715382,23.040478843703397,633.0,467.0,634.0110532483309,466.6853715373411,366.0605600991585,1.0588766408206065
R_xml,64,542699.8520656362,3362715.271715382,23.040478843703397,3446.0,2736.0,3446.163803615089,2735.980174866604,427.3883902795812,0.16499897039182
R_xml,1026,542699.8520656362,3362715.271715382,23.040478843703397,2269.0,1821.0,2269.0084101312004,1821.7324860585607,507.11793846121464,0.7325343379613879
R_xml,1035,542699.8520656362,3362715.271715382,23.040478843703397,2182.0,1947.0,2182.9316428378506,1947.0998427768661,518.1895918653482,0.9369775650519693
R_xml,181,542699.8520656362,3362715.271715382,23.040478843703397,1495.0,121.0,1495.2123564754106,119.78722876420989,364.65135454453866,1.2312227024420486
R_xml,182,542699.8520656362,3362715.271715382,23.040478843703397,1532.0,3246.0,1533.5071174147354,3244.9740728682564,381.4662337159531,1.8231646610897085
R_xml,1045,542699.8520656362,3362715.271715382,23.040478843703397,2063.0,1392.0,2063.605139272198,1392.1497004502062,453.27779540648254,0.6233809136861196
R_xml,1088,542699.8520656362,3362715.271715382,23.040478843703397,4147.0,765.0,4148.025725135945,764.2426118348931,396.0718873632045,1.2750485822721007
R_xml,949,542699.8520656362,3362715.271715382,23.040478843703397,546.0,2787.0,549.4085675274264,2785.725440266825,419.4892371916707,3.6390706371897723
R_xml,1092,542699.8520656362,3362715.271715382,23.040478843703397,3581.0,2496.0,3580.0993777556746,2496.050775855793,621.5684282141607,0.9020524455402933
R_xml,1033,542699.8520656362,3362715.271715382,23.040478843703397,2277.0,1306.0,2278.156616148166,1306.101182832078,628.8115797915318,1.1610335394404654
R_xml,946,543782.445228758,3363678.8174421336,22.11117567213114,2833.0,3648.0,2833.141018770511,3647.99584768384,1012.8327090993258,0.14107989001243473
R_xml,1081,543782.445228758,3363678.8174421336,22.11117567213114,4194.0,3740.0,4194.428643508898,3739.783433938821,1090.7862901648423,0.48024589178351995
R_xml,1083,543782.445228758,3363678.8174421336,22.11117567213114,4108.0,3811.0,4108.31272367035,3809.5874650575192,1147.153489672893,1.44673807502482
R_xml,930,543527.6555255806,3363602.4397545275,16.689126943857218,3699.0,2795.0,3699.1315126427544,2794.821559836217,427.84202821378625,0.22166746999750386
R_xml,931,543527.6555255806,3363602.4397545275,16.689126943857218,3841.0,3353.0,3841.36885418195,3353.649667624936,378.9584900274248,0.7470752508494756
R_xml,997,543527.6555255806,3363602.4397545275,16.689126943857218,622.0,918.0,623.3964919725149,917.435196405409,408.73527782108073,1.506384057855615
R_xml,71,542530.1582112872,3362797.3986318773,21.19701636156549,2503.0,908.0,2502.81610101024,906.9976248994644,368.1563055357363,1.0191048427951317
R_xml,188,542530.1582112872,3362797.3986318773,21.19701636156549,438.0,3666.0,440.8861169567849,3663.853199013598,347.85864666367434,3.597002302398219
R_xml,47,542530.1582112872,3362797.3986318773,21.19701636156549,1650.0,3496.0,1651.009012628262,3495.5448924332295,371.820776801513,1.1069008001280636
R_xml,161,542530.1582112872,3362797.3986318773,21.19701636156549,3772.0,147.0,3773.708762572417,144.07395295347328,349.24318334574315,3.3884540497668176
R_xml,162,542530.1582112872,3362797.3986318773,21.19701636156549,3673.0,3678.0,3673.8390877233583,3677.277605888705,372.7021458388386,1.1072133757883145
R_xml,69,542530.1582112872,3362797.3986318773,21.19701636156549,2495.0,231.0,2495.60946881367,229.8312814932608,366.4791002844804,1.3180876992184565
R_xml,160,542530.1582112872,3362797.3986318773,21.19701636156549,3741.0,3025.0,3740.835502849337,3025.077492039929,371.9158159364363,0.1818359943152187
R_xml,50,542530.1582112872,3362797.3986318773,21.19701636156549,1734.0,1164.0,1734.0219456251011,1164.9444827389075,433.36117275520616,0.9447376644102093
R_xml,68,542530.1582112872,3362797.3986318773,21.19701636156549,2511.0,2799.0,2511.42756609678,2799.839617125178,421.39330738960217,0.9422153066087497
R_xml,163,542530.1582112872,3362797.3986318773,21.19701636156549,3608.0,788.0,3608.99974803066,786.4684764880624,399.33420990172965,1.8289506260220936
R_xml,165,542530.1582112872,3362797.3986318773,21.19701636156549,3465.0,1305.0,3465.7603196966343,1304.4807328220722,448.87037678171316,0.9207195246996157
R_xml,187,542530.1582112872,3362797.3986318773,21.19701636156549,508.0,648.0,510.57178315338024,647.5762443370108,367.1663325507432,2.606460713290299
R_xml,295,543048.7981264959,3362971.265380084,18.014648106167556,3435.0,2054.0,3435.273479637668,2053.941830516827,508.2646020630504,0.2795975697170393
R_xml,972,543048.7981264959,3362971.265380084,18.014648106167556,3301.0,1784.0,3302.22407815563,1783.8152557710787,545.5213366358433,1.2379409360752045
R_xml,180,543048.7981264959,3362971.265380084,18.014648106167556,4927.0,2205.0,4927.8110999206,2204.7157090049245,488.27066469339275,0.8594791743134297
R_xml,294,543048.7981264959,3362971.265380084,18.014648106167556,3362.0,1677.0,3362.4860291238497,1676.321750973466,562.5618500810125,0.8344135972193544
R_xml,973,543048.7981264959,3362971.265380084,18.014648106167556,3367.0,2195.0,3367.045084596479,2194.630563175517,490.8564806270497,0.3721776298000761
R_xml,275,543048.7981264959,3362971.265380084,18.014648106167556,605.0,2154.0,606.1865565780208,2153.309996777727,371.90404440492694,1.3725964299791575
R_xml,1042,543048.7981264959,3362971.265380084,18.014648106167556,1643.0,2681.0,1644.0208391143715,2681.0248720148306,437.70286314626026,1.0211420638444437
R_xml,1018,543048.7981264959,3362971.265380084,18.014648106167556,2710.0,1090.0,2710.4724110221546,1089.313714052715,429.5518097800753,0.8331629944337687
R_xml,521,543733.0204390007,3362767.6628030064,21.99731809574257,4075.0,2458.0,4075.2654934368875,2458.712353397906,456.392192971202,0.7602197896257983
R_xml,523,543733.0204390007,3362767.6628030064,21.99731809574257,4391.0,3599.0,4391.9262937219355,3598.0113955518864,355.2522898059594,1.3547541526517535
R_xml,520,543733.0204390007,3362767.6628030064,21.99731809574257,267.0,1243.0,268.96460594237215,1243.1922677664052,435.5006960877013,1.9739917433470626
R_xml,522,543733.0204390007,3362767.6628030064,21.99731809574257,4195.0,2917.0,4195.588423598839,2916.599976892616,409.99910301443657,0.7115200756912202
R_xml,708,542052.7680547398,3363500.6330430955,28.33978366809646,2501.0,2028.0,2500.5883195104075,2029.016090213792,531.8640064842821,1.0963211883727766
R_xml,139,542052.7680547398,3363500.6330430955,28.33978366809646,3818.0,2029.0,3817.3768981144913,2029.231484351381,532.7540270871361,0.664711188907467
R_xml,208,542052.7680547398,3363500.6330430955,28.33978366809646,822.0,1561.0,824.003716237775,1561.3900903679162,565.765310658224,2.0413351651956577
R_xml,7,542052.7680547398,3363500.6330430955,28.33978366809646,2421.0,905.0,2421.02593635931,904.7544882710672,362.32264211805597,0.24687791269740547
R_xml,691,542052.7680547398,3363500.6330430955,28.33978366809646,1650.0,123.0,1649.9427122149236,122.85471376535747,340.43578353691527,0.15617291793252586
R_xml,693,542052.7680547398,3363500.6330430955,28.33978366809646,1854.0,1423.0,1853.4701831489806,1422.3865483965044,452.5280690030792,0.8105731092600142
R_xml,817,542052.7680547398,3363500.6330430955,28.33978366809646,4806.0,1607.0,4806.807032733239,1605.9278641953601,558.4753215878487,1.3419303320626508
R_xml,214,542052.7680547398,3363500.6330430955,28.33978366809646,422.0,2322.0,423.77957142896594,2321.4989189039475,460.8078219239483,1.8487716829325016
R_xml,710,542052.7680547398,3363500.6330430955,28.33978366809646,2521.0,2352.0,2520.88532807173,2351.6015784442784,587.183793563831,0.41459545004354204
R_xml,982,543259.6515595779,3363161.264924436,14.000548128922958,2870.0,2397.0,2869.5095309036633,2396.3806541969584,473.82996978569327,0.7900311121763431
R_xml,502,543259.6515595779,3363161.264924436,14.000548128922958,2028.0,2197.0,2027.8952958978625,2197.874467282766,377.4767154155343,0.8807133345378193
R_xml,421,543259.6515595779,3363161.264924436,14.000548128922958,4248.0,3436.0,4249.512006124567,3435.106275947878,375.67231781451426,1.7563898206461113
R_xml,1014,543259.6515595779,3363161.264924436,14.000548128922958,3125.0,1905.0,3125.660057459496,1904.1653805683636,528.7076069131127,1.0640796236660055
R_xml,984,543259.6515595779,3363161.264924436,14.000548128922958,2910.0,2939.0,2909.0473164997156,2938.2478526325663,419.6798410028594,1.2138086809920128
R_xml,1056,543259.6515595779,3363161.264924436,14.000548128922958,879.0,556.0,879.3272601523372,554.6355777846568,381.7635198500284,1.4031205183553712
R_xml,424,543259.6515595779,3363161.264924436,14.000548128922958,4249.0,1672.0,4250.196140331495,1670.452377771891,377.8278611791916,1.9559872835903287
R_xml,942,543259.6515595779,3363161.264924436,14.000548128922958,1428.0,702.0,1429.1218429471437,701.5909697271131,399.0187727234283,1.194084319549494
R_xml,499,543259.6515595779,3363161.264924436,14.000548128922958,2049.0,1447.0,2050.1072752512573,1446.974955336013,376.733835146437,1.1075584486794159
R_xml,980,543259.6515595779,3363161.264924436,14.000548128922958,2856.0,1997.0,2855.5941862017407,1996.1640263257161,523.8439053321273,0.929266820107817
R_xml,946,543259.6515595779,3363161.264924436,14.000548128922958,1646.0,1737.0,1646.6416881862629,1738.0219289483807,508.61385140510737,1.206690724223831
R_xml,1048,543259.6515595779,3363161.264924436,14.000548128922958,1247.0,2391.0,1248.92657264056,2390.3253748449583,472.8452543151242,2.0412744154495828
R_xml,986,543259.6515595779,3363161.264924436,14.000548128922958,2919.0,3629.0,2918.5350944814977,3627.4510714288504,365.247164932159,1.6171941317162775
R_xml,1016,543259.6515595779,3363161.264924436,14.000548128922958,3092.0,2196.0,3092.3583037826475,2195.9788678757254,575.3909716940276,0.35892640935967607
R_xml,1044,543259.6515595779,3363161.264924436,14.000548128922958,1512.0,1623.0,1512.808061515319,1622.4277105103197,580.909355270893,0.9901912302874345
R_xml,1042,543259.6515595779,3363161.264924436,14.000548128922958,1606.0,1325.0,1606.871023865764,1325.7489497130548,634.4902847241959,1.1487420282271625
R_xml,211,542215.673023987,3363739.7514533927,25.54667726400629,2505.0,1385.0,2505.04433984391,1384.9908080220682,600.6125110063161,0.04528260390344335
R_xml,116,542215.673023987,3363739.7514533927,25.54667726400629,3539.0,2105.0,3539.3996846811337,2105.9017439148397,551.9721538735188,0.9863518298677265
R_xml,1,542215.673023987,3363739.7514533927,25.54667726400629,856.0,1599.0,857.7032879791759,1597.6807007019763,567.6506616727602,2.154469906443563
R_xml,704,542215.673023987,3363739.7514533927,25.54667726400629,1172.0,3708.0,1173.0872613497233,3705.8298554126995,344.6800522213225,2.4272751744274284
R_xml,118,542215.673023987,3363739.7514533927,25.54667726400629,2251.0,2043.0,2250.441059789987,2042.5559383244936,501.14628580183773,0.7138661849556216
R_xml,119,542215.673023987,3363739.7514533927,25.54667726400629,2169.0,2519.0,2168.7426772944186,2519.2853418742875,446.3766738692505,0.3842329502133042
R_xml,208,542215.673023987,3363739.7514533927,25.54667726400629,2516.0,1117.0,2515.353207507497,1116.8580348924006,652.9475997758971,0.6621892630768189
R_xml,139,542215.673023987,3363739.7514533927,25.54667726400629,2071.0,2506.0,2071.417359405904,2505.265867812261,616.166866055467,0.8444755430269557
R_xml,231,542215.673023987,3363739.7514533927,25.54667726400629,2226.0,1669.0,2225.524709007706,1669.5059429367884,486.56257386623366,0.6941756136900429
R_xml,690,542215.673023987,3363739.7514533927,25.54667726400629,2911.0,1581.0,2911.5133940412607,1580.4129778059323,473.69182831971267,0.7798515871176932
R_xml,235,542215.673023987,3363739.7514533927,25.54667726400629,4092.0,3431.0,4092.6209380356613,3430.2676118308436,365.9943665470037,0.9601856458264417
R_xml,230,542215.673023987,3363739.7514533927,25.54667726400629,2219.0,1173.0,2218.2927291052506,1172.9446594672954,430.7991912072545,0.7094326558029607
R_xml,98,542215.673023987,3363739.7514533927,25.54667726400629,4024.0,1841.0,4024.527764663423,1841.7864179588948,524.0108374538988,0.9470948981123514
R_xml,136,542215.673023987,3363739.7514533927,25.54667726400629,2051.0,2216.0,2051.089959261844,2215.4439431898186,562.5630273813011,0.5632866454485047
R_xml,142,542215.673023987,3363739.7514533927,25.54667726400629,2110.0,2756.0,2110.801164604372,2755.282786054055,671.4070202750303,1.0752955721829502
R_xml,229,542215.673023987,3363739.7514533927,25.54667726400629,2181.0,532.0,2180.7675819512237,530.9195519164509,374.5690590351901,1.1051634316434036
R_xml,104,542215.673023987,3363739.7514533927,25.54667726400629,4444.0,228.0,4446.583941620286,225.59672827133227,363.4535431714439,3.5288056476463394
R_xml,932,543185.4564303893,3362731.7885129945,11.229513966349487,686.0,628.0,686.5033942998143,627.568599512508,833.9919576143668,0.6629571642979132
R_xml,1054,543185.4564303893,3362731.7885129945,11.229513966349487,3787.0,1410.0,3787.251975027072,1409.1300243886492,473.6104103721016,0.9057311845206756
R_xml,523,543185.4564303893,3362731.7885129945,11.229513966349487,474.0,1983.0,476.14439427845855,1982.522719672486,526.357604359462,2.196866707954248
R_xml,1055,543185.4564303893,3362731.7885129945,11.229513966349487,3668.0,1853.0,3667.7788071880987,1852.9641462616403,529.5619376744253,0.22407978621730174
R_xml,1058,543185.4564303893,3362731.7885129945,11.229513966349487,3403.0,2759.0,3404.0832830992467,2758.2905390848355,697.2379574427305,1.2949274355189502
R_xml,507,543185.4564303893,3362731.7885129945,11.229513966349487,4677.0,499.0,4679.311807457696,497.5141628883257,379.45572972212653,2.7481203838055137
R_xml,1066,543185.4564303893,3362731.7885129945,11.229513966349487,2413.0,822.0,2413.635774202556,821.6420173020003,758.0395485188092,0.7296303507276976
R_xml,1008,543185.4564303893,3362731.7885129945,11.229513966349487,292.0,3293.0,294.6078677778578,3290.3702763759043,384.61919840478225,3.7035686419879035
R_xml,738,542617.3778696189,3363533.824551333,24.073794780387345,2009.0,1148.0,2009.5352977361536,1147.542786307341,653.3010780817789,0.7039801325932565
R_xml,770,542617.3778696189,3363533.824551333,24.073794780387345,2793.0,1032.0,2793.609605084798,1030.9099266669193,686.4865583925605,1.2489508520776356
R_xml,792,542617.3778696189,3363533.824551333,24.073794780387345,2667.0,2882.0,2667.972644598596,2881.5026653629657,706.535862821724,1.0924189930481598
R_xml,734,542617.3778696189,3363533.824551333,24.073794780387345,2189.0,455.0,2189.058361000852,455.0165915171699,874.0013245154814,0.060673592793362915
R_xml,728,542617.3778696189,3363533.824551333,24.073794780387345,3454.0,3497.0,3454.1417089791157,3497.0249089345925,928.7236034185631,0.14388151300481394
R_xml,736,542617.3778696189,3363533.824551333,24.073794780387345,2113.0,766.0,2113.386892886705,764.8291514752384,764.1448672988452,1.2331149069406928
R_xml,721,542617.3778696189,3363533.824551333,24.073794780387345,3985.0,2580.0,3985.948173313692,2579.3506189020186,573.4814947769015,1.1492294998013342
R_xml,722,542617.3778696189,3363533.824551333,24.073794780387345,4011.0,2407.0,4011.6490069290753,2406.0724927250662,596.7170088051815,1.132024619450839
R_xml,735,542617.3778696189,3363533.824551333,24.073794780387345,2153.0,606.0,2152.7582594339638,604.7620757441857,819.8034189404024,1.2613068478371376
R_xml,730,542617.3778696189,3363533.824551333,24.073794780387345,3326.0,3713.0,3326.9050257683593,3712.6931860006257,1040.8293869545384,0.9556183713211361
R_xml,729,542617.3778696189,3363533.824551333,24.073794780387345,3384.0,3603.0,3384.1121265967777,3603.536209643702,986.1766845664467,0.5478075900386855
R_xml,106,542180.0296183362,3363565.0124998125,15.184012382041885,3187.0,2117.0,3187.381527136544,2116.992157127344,376.7940894604538,0.3816077391390505
R_xml,108,542180.0296183362,3363565.0124998125,15.184012382041885,3127.0,2791.0,3126.4348654579303,2791.05306945101,378.0762778223989,0.5676208393556516
R_xml,110,542180.0296183362,3363565.0124998125,15.184012382041885,3058.0,3447.0,3057.9930471792113,3445.2833555994166,379.17395109170184,1.7166584808199996
R_xml,127,542180.0296183362,3363565.0124998125,15.184012382041885,3076.0,2509.0,3076.0308355734896,2509.4072372480077,377.19346267940983,0.40840299797791146
R_xml,129,542180.0296183362,3363565.0124998125,15.184012382041885,3039.0,3173.0,3038.72942228881,3172.6524397860685,378.08133799167905,0.4404661168591392
R_xml,131,542180.0296183362,3363565.0124998125,15.184012382041885,2991.0,3813.0,2991.190462314365,3811.3766330111275,378.79386780653243,1.6345018426891362
R_xml,111,542180.0296183362,3363565.0124998125,15.184012382041885,3036.0,542.0,3035.588587311616,541.3676744114496,386.7112242191308,0.754384550543788
R_xml,244,542180.0296183362,3363565.0124998125,15.184012382041885,4916.0,3433.0,4917.4066012356825,3433.0151858029294,381.1096756959574,1.4066832069923028
R_xml,815,542102.8219585672,3363520.2286322773,25.99459103983429,4713.0,1522.0,4715.538481943705,1521.490804357316,575.5089874355652,2.5890482384545157
R_xml,112,542102.8219585672,3363520.2286322773,25.99459103983429,2177.0,965.0,2176.415584916068,965.2203611443325,410.63976825514976,0.6245798782052348
R_xml,714,542102.8219585672,3363520.2286322773,25.99459103983429,2525.0,2678.0,2525.3913712045314,2677.7763960663333,661.0074137163977,0.4507439837508692
R_xml,9,542102.8219585672,3363520.2286322773,25.99459103983429,1882.0,1523.0,1882.2920108783233,1523.2157321989623,364.67311985455285,0.3630574813004595
R_xml,712,542102.8219585672,3363520.2286322773,25.99459103983429,2533.0,2424.0,2533.46150371144,2423.2212008186743,606.1760209029921,0.9052700373404465
R_xml,7,542102.8219585672,3363520.2286322773,25.99459103983429,1887.0,841.0,1887.4550722961587,839.9360944360917,364.31879978658816,1.1571455585388568
R_xml,13,542102.8219585672,3363520.2286322773,25.99459103983429,1878.0,2902.0,1878.1747846579042,2902.3597320188146,365.9946557243347,0.39994599885374316
R_xml,15,542102.8219585672,3363520.2286322773,25.99459103983429,1878.0,3568.0,1878.599870508131,3567.2075339363782,366.56105676816225,0.9939049695607649
R_xml,221,542102.8219585672,3363520.2286322773,25.99459103983429,306.0,1300.0,307.7469377380121,1298.394610656188,363.3934820363041,2.3725653638447985
R_xml,748,542102.8219585672,3363520.2286322773,25.99459103983429,3454.0,1461.0,3453.9393103443563,1461.3193437953278,586.8514272828679,0.3250595236514347
R_xml,813,542102.8219585672,3363520.2286322773,25.99459103983429,4547.0,1245.0,4549.39865477736,1244.1970350107038,629.2504366525177,2.5294856226095574
R_xml,7,542163.4135963058,3363659.9913309035,18.13884027650124,736.0,1772.0,736.5174754506636,1771.9276154254583,371.93934072254655,0.5225135105153543
R_xml,702,542163.4135963058,3363659.9913309035,18.13884027650124,1748.0,3098.0,1748.598727411796,3096.859853079579,399.954830421249,1.2877924963990648
R_xml,139,542163.4135963058,3363659.9913309035,18.13884027650124,2589.0,2318.0,2589.381996868983,2317.589609913543,593.3601486883811,0.560661779484867
R_xml,758,542163.4135963058,3363659.9913309035,18.13884027650124,4385.0,768.0,4386.967914619721,765.3222472837695,399.7963957960935,3.3231081173794275
R_xml,690,542163.4135963058,3363659.9913309035,18.13884027650124,2563.0,961.0,2563.3224197489485,960.6656416286679,418.05680035406033,0.4644889826377614
R_xml,701,542163.4135963058,3363659.9913309035,18.13884027650124,1858.0,2517.0,1857.8955809324823,2515.8376908138093,454.68000310266274,1.1669901396175046
R_xml,45,542715.2828261608,3362747.411798524,23.579413789461682,422.0,1466.0,423.4327362472395,1465.2353173564336,365.93907768736676,1.6240297717485597
R_xml,162,542715.2828261608,3362747.411798524,23.579413789461682,2424.0,2318.0,2424.4159753294107,2318.0832874739785,368.17816545793755,0.4242313967636701
R_xml,1047,542715.2828261608,3362747.411798524,23.579413789461682,1948.0,1691.0,1947.7008055306458,1689.9208112690224,487.6260429081235,1.1198953734886614
R_xml,185,542715.2828261608,3362747.411798524,23.579413789461682,1763.0,1253.0,1762.7254616860316,1252.130300995012,366.44101668844,0.9120019984153982
R_xml,1045,542715.2828261608,3362747.411798524,23.579413789461682,1864.0,1196.0,1864.2697508903207,1195.2633609108325,431.8840637791251,0.7844760611505821
R_xml,194,542715.2828261608,3362747.411798524,23.579413789461682,1788.0,690.0,1788.2309634384906,690.5718858960865,388.4451632842531,0.6167638024901353
R_xml,1078,542715.2828261608,3362747.411798524,23.579413789461682,4137.0,2178.0,4137.4630365065905,2178.072829127301,483.61838870021364,0.4687290136303718
R_xml,73,542720.460218527,3362747.354649067,21.227700575072788,3861.0,2985.0,3860.6105615017577,2984.2586756375085,372.77840057888204,0.8373912791142366
R_xml,1013,542720.460218527,3362747.354649067,21.227700575072788,2521.0,2174.0,2521.606648725564,2174.9325844653195,493.40966254354925,1.112536049386028
R_xml,158,542720.460218527,3362747.354649067,21.227700575072788,2467.0,902.0,2466.5421080211568,901.0941703442145,368.76986198039924,1.0149839553359796
R_xml,160,542720.460218527,3362747.354649067,21.227700575072788,2428.0,1593.0,2427.7474062507176,1592.9438343647194,369.69713017716373,0.2587627885979803
R_xml,981,542720.460218527,3362747.354649067,21.227700575072788,3571.0,1649.0,3571.9731886169116,1649.7071390519877,488.3774617769607,1.2029720374690038
R_xml,1023,542720.460218527,3362747.354649067,21.227700575072788,2359.0,374.0,2360.1124834911398,372.7959573462724,365.29194561175206,1.6393102909619826
R_xml,979,542720.460218527,3362747.354649067,21.227700575072788,3609.0,1390.0,3608.9074157685004,1389.986042853641,457.48154871636814,0.09363034687992161
R_xml,667,543218.4435629244,3363653.7842472997,20.22898760508889,2140.0,771.0,2139.097078514044,770.4939682680081,399.98591632582963,1.035053295045184
R_xml,661,543218.4435629244,3363653.7842472997,20.22898760508889,2145.0,2299.0,2145.639304356694,2298.502163802294,371.64597216786075,0.8102783103566132
R_xml,803,543218.4435629244,3363653.7842472997,20.22898760508889,1616.0,3772.0,1616.7613733669677,3771.237895790626,347.869192969021,1.0772614491724037
R_xml,561,543218.4435629244,3363653.7842472997,20.22898760508889,4191.0,2703.0,4190.9507734339095,2702.0236563331896,372.9589315288835,0.9775838636811964
R_xml,662,543218.4435629244,3363653.7842472997,20.22898760508889,2145.0,2362.0,2145.337170118303,2362.15989773207,371.72381414177494,0.37316346739430933
R_xml,713,542999.8118022729,3364462.269322703,24.605299141234696,837.0,748.0,839.0070756692321,747.4358758857038,745.8377481914648,2.0848474184827
R_xml,717,542999.8118022729,3364462.269322703,24.605299141234696,531.0,1176.0,531.9335337594853,1175.4402632434244,640.3733026536555,1.0884808297625095
R_xml,715,542999.8118022729,3364462.269322703,24.605299141234696,691.0,952.0,692.3534536763116,951.7398736264729,693.1803874810402,1.378224431696694
R_xml,161,542663.8788407824,3363741.892993339,31.00185859767504,549.0,3344.0,552.5277993223749,3341.247380073104,857.117747275601,4.474626746544721
R_xml,184,542663.8788407824,3363741.892993339,31.00185859767504,3996.0,214.0,3997.163332185749,211.9726759218213,961.7013884698204,2.3373884342065385
R_xml,476,542663.8788407824,3363741.892993339,31.00185859767504,4299.0,3344.0,4299.779543463252,3344.0125667767047,361.6134665929527,0.7796447492128556
R_xml,157,542663.8788407824,3363741.892993339,31.00185859767504,362.0,3085.0,364.2979758091242,3083.4756414802087,765.8307827681751,2.7576007173230157
R_xml,512,542663.8788407824,3363741.892993339,31.00185859767504,3067.0,3784.0,3067.7214557498955,3783.2253368254314,1059.5197033751886,1.0585846367154466
R_xml,858,542663.8788407824,3363741.892993339,31.00185859767504,481.0,2416.0,482.61726897051085,2414.792000228021,591.7429851190728,2.0186189269097254
R_xml,188,542663.8788407824,3363741.892993339,31.00185859767504,4174.0,431.0,4176.000657127363,429.0409330110747,863.5053388740242,2.8001022139141485
R_xml,190,542663.8788407824,3363741.892993339,31.00185859767504,4256.0,557.0,4258.334423446369,554.5173470999434,816.0159562492541,3.407799619860023
R_xml,193,542663.8788407824,3363741.892993339,31.00185859767504,4386.0,732.0,4388.911702428215,730.0671077378809,755.6194463289957,3.494865308911509
R_xml,186,542663.8788407824,3363741.892993339,31.00185859767504,4086.0,316.0,4088.1815690871545,313.9166516580299,912.4102127153602,3.0165516730229553
R_xml,514,542663.8788407824,3363741.892993339,31.00185859767504,3039.0,3857.0,3038.9221916003958,3856.1849557968644,1109.1814765771553,0.8187497786954776
R_xml,674,543421.9863238944,3363687.917585292,25.137363419002384,3375.0,2569.0,3374.1924039376827,2569.064605421091,638.0951396498945,0.8101760674722434
R_xml,583,543421.9863238944,3363687.917585292,25.137363419002384,1428.0,947.0,1428.4038442900248,946.2383780804172,701.0137899291148,0.8620662149595382
R_xml,584,543421.9863238944,3363687.917585292,25.137363419002384,1305.0,1174.0,1305.2053734996396,1173.4059101329542,646.0438480317639,0.6285865449408639
R_xml,677,543421.9863238944,3363687.917585292,25.137363419002384,3192.0,3181.0,3192.1455236828206,3179.6381819769604,806.7356368124834,1.369571272383162
R_xml,675,543421.9863238944,3363687.917585292,25.137363419002384,3290.0,2804.0,3289.97893316123,2803.9157850481397,695.0763524889719,0.08680996378636911
R_xml,574,543421.9863238944,3363687.917585292,25.137363419002384,4275.0,2904.0,4275.87704841384,2904.664200649729,723.9295531822983,1.1001710882042253
R_xml,241,542870.9968302839,3363504.48344624,22.537352175755416,566.0,1907.0,568.1554965560613,1905.4632052473405,520.2398102617205,2.6472445136393765
R_xml,436,542870.9968302839,3363504.48344624,22.537352175755416,2674.0,2955.0,2673.7801500277023,2955.097193715606,408.0184212188913,0.24037601517740795
R_xml,425,542870.9968302839,3363504.48344624,22.537352175755416,2653.0,1370.0,2652.0337778551784,1370.4571460930024,612.5418536067162,1.0689096236310058
R_xml,322,542870.9968302839,3363504.48344624,22.537352175755416,4681.0,1149.0,4683.085801337211,1148.066378658222,368.1757684671812,2.2852168448822776
R_xml,489,542870.9968302839,3363504.48344624,22.537352175755416,3645.0,440.0,3646.212453082557,439.4077016214501,368.6413424124175,1.349392399057932
R_xml,224,542870.9968302839,3363504.48344624,22.537352175755416,5121.0,2173.0,5124.192021954513,2171.5885724814484,570.6444134457479,3.490147818963525
R_xml,332,542870.9968302839,3363504.48344624,22.537352175755416,4515.0,537.0,4517.303363659167,535.1076979412824,376.5520396967729,2.980988297159023
R_xml,379,542870.9968302839,3363504.48344624,22.537352175755416,1744.0,1346.0,1743.3877346780234,1345.9652658742625,451.2307907213646,0.613249772919497
R_xml,243,542870.9968302839,3363504.48344624,22.537352175755416,355.0,2263.0,356.79294813992874,2262.1946572358765,472.0933657672187,1.9655126558228846
R_xml,325,542870.9968302839,3363504.48344624,22.537352175755416,4665.0,1878.0,4666.372687163768,1878.007809429032,369.51483504065874,1.3727093781116981
R_xml,331,542870.9968302839,3363504.48344624,22.537352175755416,4542.0,3348.0,4542.761112760293,3347.254096710449,372.9248579612744,1.0656755375083875
R_xml,328,542870.9968302839,3363504.48344624,22.537352175755416,4612.0,2638.0,4613.578582261627,2637.110096527441,371.23429475323866,1.8121396599591095
R_xml,365,542870.9968302839,3363504.48344624,22.537352175755416,1635.0,1267.0,1634.8006486865781,1267.90294016157,367.5838245788068,0.9246847471107291
R_xml,706,542870.9968302839,3363504.48344624,22.537352175755416,5100.0,1722.0,5102.4282615014645,1721.785955077153,554.0780789858576,2.437676998392345
R_xml,376,542870.9968302839,3363504.48344624,22.537352175755416,1616.0,756.0,1616.9452840514539,756.0609955640693,393.63647688577123,0.9472499125200291
R_xml,363,542870.9968302839,3363504.48344624,22.537352175755416,1628.0,3698.0,1628.4917481439215,3696.858843389699,350.50454531368274,1.2425999542427832
R_xml,374,542870.9968302839,3363504.48344624,22.537352175755416,1571.0,3517.0,1571.7085958444472,3514.641543099865,369.88226146732285,2.4626057379455637
R_xml,301,542870.9968302839,3363504.48344624,22.537352175755416,3751.0,856.0,3751.247466387384,855.443726857527,724.2041545672316,0.6088344782628915
R_xml,371,542870.9968302839,3363504.48344624,22.537352175755416,1584.0,2801.0,1585.0292039092717,2800.395439892322,369.07416517676376,1.1936304330301808
R_xml,350,542656.9799228589,3363862.800256133,27.49628514081354,2000.0,2191.0,1999.9267434403791,2190.4989387557603,479.644430515031,0.5063880863592238
R_xml,723,542656.9799228589,3363862.800256133,27.49628514081354,2326.0,1826.0,2326.305363250482,1826.9096018647824,501.8824367474033,0.959490629011362
R_xml,680,542656.9799228589,3363862.800256133,27.49628514081354,2044.0,2758.0,2043.7487504641679,2758.277942535471,419.9404306954801,0.3746710320800844
R_xml,571,542656.9799228589,3363862.800256133,27.49628514081354,450.0,1499.0,451.18943149279266,1498.8186298977519,363.01773788442824,1.203180115376117
R_xml,738,542656.9799228589,3363862.800256133,27.49628514081354,3729.0,1952.0,3728.742276842779,1951.351050955576,510.93656734516196,0.6982521665033687
R_xml,739,542656.9799228589,3363862.800256133,27.49628514081354,3821.0,2393.0,3820.607334097746,2393.5101598210067,457.03879960126557,0.6437775654390248
R_xml,721,542656.9799228589,3363862.800256133,27.49628514081354,2230.0,1482.0,2230.113028700783,1482.1166549063312,433.9817475690131,0.16243107575788945
R_xml,470,542656.9799228589,3363862.800256133,27.49628514081354,3844.0,2351.0,3843.9551606234636,2351.960199257074,364.29366359947005,0.961245641328592
R_xml,722,542656.9799228589,3363862.800256133,27.49628514081354,2299.0,1433.0,2299.6068122463957,1433.1620651486428,451.8075949476551,0.6280813759223127
R_xml,351,542656.9799228589,3363862.800256133,27.49628514081354,1898.0,2707.0,1898.336618454293,2706.220387403231,424.9323177097161,0.8491806549912436
R_xml,681,542656.9799228589,3363862.800256133,27.49628514081354,1977.0,3348.0,1977.856112257737,3347.541712922365,370.6189638346259,0.9710588259085016
R_xml,718,542054.8117218622,3363488.9690805306,27.79213869580724,2559.0,3211.0,2559.615131973184,3210.1644151523064,812.2243465985783,1.037588252693806
R_xml,9,542054.8117218622,3363488.9690805306,27.79213869580724,2462.0,1486.0,2461.101642728295,1485.3333716699494,363.152073060049,1.1186773967733676
R_xml,129,542054.8117218622,3363488.9690805306,27.79213869580724,4467.0,3201.0,4468.31062581539,3201.1275260071216,366.0604528578847,1.3168154428240015
R_xml,699,542054.8117218622,3363488.9690805306,27.79213869580724,2627.0,2628.0,2627.928798765933,2627.784394660058,432.3253033146836,0.9534950499140096
R_xml,102,542054.8117218622,3363488.9690805306,27.79213869580724,1821.0,685.0,1820.480342866831,684.6641797033571,361.4426464104448,0.6187235309010498
R_xml,680,542054.8117218622,3363488.9690805306,27.79213869580724,2260.0,307.0,2261.0623055676033,306.83665512001926,914.487222196758,1.074790523207601
R_xml,695,542054.8117218622,3363488.9690805306,27.79213869580724,1894.0,2347.0,1893.5494290734919,2346.0922822130246,561.3521788983635,1.0133931816456203
R_xml,720,542054.8117218622,3363488.9690805306,27.79213869580724,2534.0,3443.0,2534.277710528568,3441.8263125076264,907.8756636680616,1.206095131999035
R_xml,716,542054.8117218622,3363488.9690805306,27.79213869580724,2550.0,3043.0,2550.3541282492315,3042.959894451741,756.0725764084763,0.35639201997929243
R_xml,712,542054.8117218622,3363488.9690805306,27.79213869580724,2556.0,2628.0,2556.803216185173,2628.521719274867,646.2261711547504,0.9577824606304683
R_xml,719,542054.8117218622,3363488.9690805306,27.79213869580724,2525.0,3312.0,2525.639279042142,3311.2129300415545,851.1911718398578,1.0139806769407587
R_xml,722,542054.8117218622,3363488.9690805306,27.79213869580724,2569.0,3616.0,2568.9429719393725,3615.860103409899,954.848251889648,0.15107367613481373
R_xml,263,542054.8117218622,3363488.9690805306,27.79213869580724,4534.0,2914.0,4534.667342217175,2913.9030570081054,717.5143344466461,0.6743467791143135
R_xml,260,542054.8117218622,3363488.9690805306,27.79213869580724,4710.0,2701.0,4710.374783207088,2700.771354691746,660.5782010216406,0.43902292571271523
R_xml,696,542054.8117218622,3363488.9690805306,27.79213869580724,2723.0,1451.0,2723.579737161282,1451.0924064598157,591.2531913382079,0.5870554743694004
R_xml,698,542054.8117218622,3363488.9690805306,27.79213869580724,2647.0,2135.0,2646.166745742116,2135.585844801565,487.12430922956065,1.0185905898853538
R_xml,697,542054.8117218622,3363488.9690805306,27.79213869580724,2683.0,1736.0,2683.1322960859015,1736.3875422849756,542.3155404206414,0.4095012539528308
R_xml,681,542054.8117218622,3363488.9690805306,27.79213869580724,2226.0,409.0,2226.567781471361,408.7105846633783,863.2767154418896,0.6372888170151072
R_xml,741,542054.8117218622,3363488.9690805306,27.79213869580724,3205.0,469.0,3204.7572005466354,468.38900812646307,840.1418507473963,0.6574668387700657
R_xml,1024,542597.8357426709,3362859.703824054,28.884586182668443,3869.0,693.0,3870.484675765576,691.9747956919289,382.38318311938775,1.8042466577982483
R_xml,1037,542597.8357426709,3362859.703824054,28.884586182668443,472.0,3010.0,474.91464849636577,3008.413791928334,391.5448699825315,3.3183176315696286
R_xml,1036,542597.8357426709,3362859.703824054,28.884586182668443,699.0,2457.0,701.0409815638018,2456.4022506110923,445.6142067506572,2.126713444664859
R_xml,589,542900.5030354441,3363718.2935570194,22.431812776304923,4485.0,1551.0,4485.6498700436005,1549.9102901239935,369.8489497335329,1.2687784233014774
R_xml,814,542900.5030354441,3363718.2935570194,22.431812776304923,3489.0,1350.0,3489.1988674135005,1349.145382371135,453.0994599944544,0.8774505910416392
R_xml,449,542900.5030354441,3363718.2935570194,22.431812776304923,3917.0,1777.0,3917.1057997537227,1776.1962318521241,369.0384471839804,0.8107014391424274
R_xml,816,542900.5030354441,3363718.2935570194,22.431812776304923,3400.0,1804.0,3400.402124497248,1804.4891225235815,508.178400088564,0.6332021433648749
R_xml,747,542900.5030354441,3363718.2935570194,22.431812776304923,1703.0,1236.0,1703.9825420177658,1235.5068953437935,439.91943060144274,1.099336626628899
R_xml,365,542900.5030354441,3363718.2935570194,22.431812776304923,365.0,2887.0,368.22587783924337,2884.419803505524,368.8238635773278,4.130823378435174
R_xml,784,542900.5030354441,3363718.2935570194,22.431812776304923,2661.0,3300.0,2660.3179194735626,3300.103998852642,380.11791555456347,0.6899634815669098
R_xml,447,542900.5030354441,3363718.2935570194,22.431812776304923,3944.0,1097.0,3944.621090986882,1096.6144071604947,368.1336856934037,0.7310511964723642
R_xml,565,542900.5030354441,3363718.2935570194,22.431812776304923,1790.0,1908.0,1789.6395678428794,1907.3155694434477,368.54804175550385,0.7735350842910538
R_xml,780,542900.5030354441,3363718.2935570194,22.431812776304923,2681.0,2196.0,2680.7762067583467,2196.648451041067,487.14456104983003,0.6859826292774717
R_xml,444,542900.5030354441,3363718.2935570194,22.431812776304923,3952.0,363.0,3953.3299413260174,361.36573727532686,367.20957769259405,2.107026004563083
R_xml,585,542900.5030354441,3363718.2935570194,22.431812776304923,4470.0,236.0,4473.195497829835,233.42341836973947,367.89811977033344,4.1048726262673245
R_xml,364,542900.5030354441,3363718.2935570194,22.431812776304923,385.0,2877.0,387.31710848344346,2874.488873630312,368.8740439206264,3.416832944202657
R_xml,368,542900.5030354441,3363718.2935570194,22.431812776304923,419.0,3617.0,422.5404583221548,3614.271737823703,369.5810327279392,4.469704647236541
R_xml,436,542900.5030354441,3363718.2935570194,22.431812776304923,3615.0,1885.0,3616.4844241172614,1884.8257369024159,525.599600550544,1.4946178732662094
R_xml,370,542900.5030354441,3363718.2935570194,22.431812776304923,550.0,945.0,550.8116800114844,944.1374446916354,405.99430278692995,1.1844096001938131
R_xml,812,542900.5030354441,3363718.2935570194,22.431812776304923,3598.0,788.0,3598.6422460583653,786.5120946520817,398.4086241519764,1.6205993717910843
R_xml,458,542900.5030354441,3363718.2935570194,22.431812776304923,3552.0,1396.0,3552.9080958805907,1394.8251521554116,456.66065419297087,1.4848924493982172
R_xml,32,542246.7471143873,3363492.978221762,22.081582290233314,1420.0,2395.0,1421.105897406952,2394.7100861492513,595.1647769944948,1.143266861042945
R_xml,23,542246.7471143873,3363492.978221762,22.081582290233314,1049.0,1215.0,1050.2471258471228,1215.1061020034858,434.88447406965895,1.2516311412334864
R_xml,44,542246.7471143873,3363492.978221762,22.081582290233314,1642.0,3227.0,1643.4751806953295,3225.934811141426,813.326041406557,1.8195563712902594
R_xml,26,542246.7471143873,3363492.978221762,22.081582290233314,1186.0,1678.0,1187.4945816753718,1678.2365993512558,487.15881234444896,1.5131931923491775
R_xml,38,542246.7471143873,3363492.978221762,22.081582290233314,1575.0,2873.0,1576.9615233745735,2872.3051434469326,702.7155075604976,2.0809612150011443
R_xml,74,542246.7471143873,3363492.978221762,22.081582290233314,3089.0,637.0,3090.276495666727,635.8615905389847,793.9144884826018,1.7103851285900074
R_xml,400,543056.3400899032,3362949.189179825,18.93383512077196,2578.0,1728.0,2577.1466891944574,1728.1882645722499,501.27428212768734,0.8738322951345954
R_xml,402,543056.3400899032,3362949.189179825,18.93383512077196,2553.0,2439.0,2552.9050664233127,2438.170117337271,612.4514421611976,0.8352949286811464
R_xml,285,543056.3400899032,3362949.189179825,18.93383512077196,1064.0,1887.0,1065.5003239196358,1886.4504419179643,518.3341680648068,1.597806605744883
R_xml,411,543056.3400899032,3362949.189179825,18.93383512077196,1832.0,2014.0,1831.9279927377188,2014.0759143264572,513.4680686076886,0.10463283797492996
R_xml,409,543056.3400899032,3362949.189179825,18.93383512077196,1938.0,1325.0,1938.0615533222808,1325.9757359449916,621.0317084723885,0.9776755319800251
R_xml,102,541939.2206415187,3363435.104161164,27.542306235018714,619.0,567.0,620.2500032095477,566.3198388779792,361.31747863101367,1.4230696313912605
R_xml,13,541939.2206415187,3363435.104161164,27.542306235018714,3726.0,2977.0,3726.1051987199435,2977.9520230611624,365.4170729466873,0.9578176651444887
R_xml,110,541939.2206415187,3363435.104161164,27.542306235018714,436.0,3188.0,439.64638044391904,3186.9143784288335,364.28475202223797,3.8045583892979247
R_xml,108,541939.2206415187,3363435.104161164,27.542306235018714,462.0,2538.0,463.75279618608374,2537.6046469436264,363.5537844013874,1.7968301280682102
R_xml,98,541939.2206415187,3363435.104161164,27.542306235018714,1020.0,2444.0,1021.7471211080938,2443.1184797515116,447.9590417379193,1.9569134152644339
R_xml,21,542053.5772945456,3363108.455733589,21.164690380490185,4318.0,1799.0,4318.433923607465,1798.324034326425,370.6270329964806,0.8032554319561429
R_xml,24,542053.5772945456,3363108.455733589,21.164690380490185,4287.0,2542.0,4287.897386095266,2541.2329193700807,371.61009666439804,1.1805568587634276
R_xml,831,542053.5772945456,3363108.455733589,21.164690380490185,1975.0,2355.0,1974.6505676308238,2354.0188483366833,469.2503903414698,1.04151887503647
R_xml,830,542053.5772945456,3363108.455733589,21.164690380490185,2468.0,998.0,2468.598777042967,996.8211089061118,418.63342808980246,1.3222398263677926
R_xml,762,542053.5772945456,3363108.455733589,21.164690380490185,349.0,167.0,351.26588455167484,165.5791894708334,343.7872111776893,2.6744972165454555
R_xml,107,542365.1500783471,3362465.4683023994,9.222352033571553,1240.0,3571.0,1242.4331015225748,3568.448470244575,1022.5930468541368,3.525661230460739
R_xml,10,542365.1500783471,3362465.4683023994,9.222352033571553,3433.0,220.0,3434.3160528383974,218.71845199736413,1025.7108296551949,1.8369432099315772
R_xml,12,542365.1500783471,3362465.4683023994,9.222352033571553,3473.0,305.0,3474.312686893623,303.48026555112347,976.146614925862,2.008168238916081
R_xml,19,542365.1500783471,3362465.4683023994,9.222352033571553,3646.0,661.0,3646.9752767295026,660.9283327935541,825.5150062609767,0.9779063797670632
R_xml,105,542365.1500783471,3362465.4683023994,9.222352033571553,1216.0,3481.0,1217.760175504666,3479.4240430314003,973.8954535837311,2.3625956433770425
R_xml,124,542365.1500783471,3362465.4683023994,9.222352033571553,4269.0,227.0,4271.550566830242,225.29384586511583,1034.4293535582456,3.0686076789830534
R_xml,226,542365.1500783471,3362465.4683023994,9.222352033571553,738.0,3630.0,740.4369497324853,3627.1780895457177,1069.513379277014,3.7285255276915983
R_xml,28,542365.1500783471,3362465.4683023994,9.222352033571553,3886.0,1241.0,3887.0247674441266,1240.6334160363704,666.4746545851517,1.0883621258258667
R_xml,31,542365.1500783471,3362465.4683023994,9.222352033571553,4000.0,1511.0,4001.3621249972416,1511.0413036014706,612.3898568113058,1.362751076170882
R_xml,227,542365.1500783471,3362465.4683023994,9.222352033571553,789.0,3690.0,792.6602411904917,3687.658337912606,1105.2990164981513,4.345198143250842
R_xml,228,542365.1500783471,3362465.4683023994,9.222352033571553,863.0,3766.0,865.4273950187676,3762.7553383687596,1161.1615962184346,4.052169255890171
R_xml,122,542365.1500783471,3362465.4683023994,9.222352033571553,4157.0,117.0,4159.050866230292,113.75101777923192,1110.9408626109625,3.842126724278956
R_xml,998,543732.1140675864,3363137.083350852,24.610995180677378,1253.0,2550.0,1255.1348170309404,2549.497644578446,446.07540601354555,2.193126700662346
R_xml,1000,543732.1140675864,3363137.083350852,24.610995180677378,908.0,3770.0,910.2739181427482,3767.3088654876415,342.2199603569268,3.52319580544806
R_xml,1062,543732.1140675864,3363137.083350852,24.610995180677378,3172.0,1159.0,3172.010283501483,1158.9050491624134,429.0297667357314,0.09550608337244744
R_xml,999,543732.1140675864,3363137.083350852,24.610995180677378,1117.0,3046.0,1118.4132956231488,3045.464803459123,398.0247493670113,1.511237855461017
R_xml,267,542743.3065614703,3363240.876465408,28.432118240869386,1810.0,3843.0,1811.2228987249641,3840.1840624352462,364.1371440656888,3.0700139511263234
R_xml,261,542743.3065614703,3363240.876465408,28.432118240869386,1859.0,2378.0,1859.058843620407,2378.220895289045,362.76973538514466,0.22859855726779482
R_xml,908,542743.3065614703,3363240.876465408,28.432118240869386,1752.0,3858.0,1753.0702359469951,3856.8458262863314,334.3508381802396,1.5740145944571329
R_xml,432,542743.3065614703,3363240.876465408,28.432118240869386,329.0,621.0,330.3291251824735,621.2175965694173,360.8072702509239,1.346819222355907
R_xml,692,542425.9465677713,3364299.3036218476,20.917377514149166,4237.0,3431.0,4237.69349471969,3430.494615486682,920.2648539937959,0.8581074714387538
R_xml,762,542425.9465677713,3364299.3036218476,20.917377514149166,4616.0,3577.0,4616.481668125739,3577.4172397458296,1028.6522007148099,0.6372544145416488
R_xml,764,542425.9465677713,3364299.3036218476,20.917377514149166,4381.0,3769.0,4380.9031072666585,3767.9554121421834,1141.830682804346,1.049071968204428
R_xml,699,542425.9465677713,3364299.3036218476,20.917377514149166,690.0,340.0,691.0629381054762,339.7396343040334,939.6124499988019,1.0943617828257026
R_xml,693,542425.9465677713,3364299.3036218476,20.917377514149166,4132.0,3542.0,4132.852083905912,3541.1319046742346,977.3817690168604,1.2164030899869702
R_xml,1027,542641.9563434079,3362495.526797851,25.685586791211108,911.0,1350.0,912.7090569356214,1350.499565411279,444.49178208027274,1.7805732810929644
R_xml,1092,542641.9563434079,3362495.526797851,25.685586791211108,2626.0,1817.0,2626.233267487697,1816.1175739348585,503.46244794901645,0.9127373561204131
R_xml,1036,542641.9563434079,3362495.526797851,25.685586791211108,3644.0,3656.0,3644.822411786153,3655.711635814855,350.8174185447629,0.8715016060100156
R_xml,1035,542641.9563434079,3362495.526797851,25.685586791211108,3532.0,2954.0,3531.794933697467,2953.6807395644537,405.7135981554406,0.3794461939982433
R_xml,1026,542641.9563434079,3362495.526797851,25.685586791211108,714.0,783.0,714.2131477067633,782.8444544226816,388.44408408817355,0.26386809492957725
R_xml,1091,542641.9563434079,3362495.526797851,25.685586791211108,2635.0,1338.0,2635.507761298257,1337.24787193049,447.0504231962774,0.907479018463972
R_xml,1034,542641.9563434079,3362495.526797851,25.685586791211108,3430.0,2400.0,3430.6738260528637,2399.259971478977,460.63235018009453,1.0008415266390016
R_xml,1033,542641.9563434079,3362495.526797851,25.685586791211108,3363.0,1963.0,3363.291068363331,1962.8339835931674,515.6054875979373,0.3350854211536173
R_xml,1090,542641.9563434079,3362495.526797851,25.685586791211108,2647.0,741.0,2646.7621697142126,739.8359827395645,391.0153418584201,1.1880654137838407
R_xml,859,543110.1359739256,3363675.1884086314,18.652149842953918,1937.0,828.0,1937.5854327128955,826.434404371184,405.35010463648103,1.671472744108016
R_xml,645,543110.1359739256,3363675.1884086314,18.652149842953918,1926.0,1280.0,1926.3061575892389,1280.6603476981986,632.0631546155605,0.7278678121505098
R_xml,803,543110.1359739256,3363675.1884086314,18.652149842953918,2395.0,3021.0,2395.6690718080263,3020.165853683693,407.06353650149134,1.069325563756889
R_xml,658,543110.1359739256,3363675.1884086314,18.652149842953918,1359.0,837.0,1358.6830581860431,836.1441719551462,370.75245946329755,0.9126301308813273
R_xml,647,543110.1359739256,3363675.1884086314,18.652149842953918,1846.0,1542.0,1846.8758547021857,1541.8986688448686,584.0242185997344,0.8816969220435863
R_xml,649,543110.1359739256,3363675.1884086314,18.652149842953918,1772.0,1843.0,1772.3695156558283,1842.6324606186226,535.6668975355639,0.5211784883947861
R_xml,651,543110.1359739256,3363675.1884086314,18.652149842953918,1671.0,2200.0,1671.7996327729068,2199.523353370303,487.5094000871273,0.9309159903600246
R_xml,737,543110.1359739256,3363675.1884086314,18.652149842953918,380.0,3497.0,383.4990395308978,3495.5615725128487,364.178655728111,3.7831668314492704
R_xml,610,543110.1359739256,3363675.1884086314,18.652149842953918,2756.0,1856.0,2755.5702434508216,1856.0276915131901,520.3515864935167,0.43064778121389935
R_xml,674,543110.1359739256,3363675.1884086314,18.652149842953918,1623.0,1938.0,1624.1951835938519,1937.5441116118031,532.871243981061,1.2791786605104938
R_xml,858,543110.1359739256,3363675.1884086314,18.652149842953918,1849.0,113.0,1849.1308982705978,110.54436249613923,349.2506645460952,2.4591238089232195
R_xml,588,543110.1359739256,3363675.1884086314,18.652149842953918,2909.0,2738.0,2908.957528666215,2738.201528740413,432.61873373713985,0.2059554500514432
R_xml,613,543110.1359739256,3363675.1884086314,18.652149842953918,2733.0,2210.0,2733.276936446223,2210.758622256094,575.2383917768702,0.8075899471190052
R_xml,66,542597.0377071896,3362664.7902552225,20.83229340095687,2417.0,3493.0,2417.325459017863,3491.4561253505703,366.3381653376662,1.5778062319118686
R_xml,47,542597.0377071896,3362664.7902552225,20.83229340095687,1767.0,2059.0,1767.9873352805494,2059.233643662948,370.35876849426467,1.0146035272229443
R_xml,65,542597.0377071896,3362664.7902552225,20.83229340095687,2419.0,337.0,2418.990599500004,335.7567845587557,367.40207293311255,1.2432509813985146
R_xml,967,542597.0377071896,3362664.7902552225,20.83229340095687,3800.0,2647.0,3801.074326403276,2647.3744550893134,438.70971479264364,1.1377143027527667
R_xml,197,542800.2125668875,3362928.668262219,19.82309802269657,3363.0,308.0,3364.0387926078433,305.72629618689734,363.4623749445604,2.499763811208474
R_xml,397,542800.2125668875,3362928.668262219,19.82309802269657,4277.0,1723.0,4278.410076598115,1723.2200539744817,503.4711817836756,1.4271439185436396
R_xml,1073,542800.2125668875,3362928.668262219,19.82309802269657,4746.0,1836.0,4748.7696095813235,1835.3399467746372,534.67716714766,2.8471753534460764
R_xml,195,542800.2125668875,3362928.668262219,19.82309802269657,3365.0,3080.0,3365.3329838759346,3078.6810028588498,373.75729711362044,1.3603792559411325
R_xml,270,542800.2125668875,3362928.668262219,19.82309802269657,2927.0,1676.0,2926.4019383259233,1676.0908044696523,371.7061293071425,0.604915876554955
R_xml,516,542800.2125668875,3362928.668262219,19.82309802269657,4901.0,2656.0,4901.88371877702,2656.3119917734703,667.2092474665908,0.9371754070450596
R_xml,200,542800.2125668875,3362928.668262219,19.82309802269657,3270.0,966.0,3269.4608328037175,965.3283593859509,417.8460804938721,0.8612795016644847
R_xml,303,542800.2125668875,3362928.668262219,19.82309802269657,1299.0,3588.0,1301.2278336799352,3585.8440829216165,358.2548270932669,3.1001969863734775
R_xml,198,542800.2125668875,3362928.668262219,19.82309802269657,3325.0,3788.0,3324.936685109,3786.3286188327365,374.938958233351,1.6725799776708228
R_xml,953,542800.2125668875,3362928.668262219,19.82309802269657,1508.0,253.0,1509.6144060939996,251.45556455564042,357.22832122936694,2.2341861780382652
R_xml,306,542800.2125668875,3362928.668262219,19.82309802269657,1295.0,1831.0,1295.8952400214125,1831.8266248391524,370.96964263019987,1.2185086461089945
R_xml,301,542800.2125668875,3362928.668262219,19.82309802269657,1444.0,2984.0,1444.856268312365,2983.968665392657,405.3747051465047,0.8568414558002128
R_xml,390,542800.2125668875,3362928.668262219,19.82309802269657,4879.0,2975.0,4880.957552630129,2974.515629857625,373.84514171285906,2.0165878940795836
R_xml,1071,542800.2125668875,3362928.668262219,19.82309802269657,4396.0,1243.0,4396.650470453072,1241.4738364448315,645.5085937580072,1.6590018105607542
R_xml,459,543108.3724309995,3363060.642855289,21.717873048366584,2392.0,3580.0,2392.1646425282297,3579.822694335308,969.7985895172008,0.24195962645402555
R_xml,222,543108.3724309995,3363060.642855289,21.717873048366584,4181.0,3319.0,4181.173094578927,3319.6225473177637,883.4674439076501,0.6461632116645759
R_xml,241,543108.3724309995,3363060.642855289,21.717873048366584,1520.0,439.0,1519.7514738482193,438.5306432411976,871.563858899373,0.5310941678764689
R_xml,226,543108.3724309995,3363060.642855289,21.717873048366584,3970.0,3543.0,3971.020746678588,3543.302845556874,984.4048517131212,1.0647249471889197
R_xml,237,543108.3724309995,3363060.642855289,21.717873048366584,1670.0,215.0,1669.7702118406382,213.80262228202446,989.9703992241973,1.219227623410486
R_xml,243,543108.3724309995,3363060.642855289,21.717873048366584,1438.0,556.0,1438.1743247031443,556.2183154312979,822.9738149250769,0.2793756067897565
R_xml,218,543108.3724309995,3363060.642855289,21.717873048366584,4407.0,3074.0,4407.762043953356,3074.082285607197,781.7961470802754,0.7664736838259707
R_xml,216,543108.3724309995,3363060.642855289,21.717873048366584,4562.0,2906.0,4562.234396113771,2905.7621695338703,730.7234738347603,0.3339234474704357
R_xml,338,543108.3724309995,3363060.642855289,21.717873048366584,3283.0,3354.0,3283.3873209505255,3353.3728391250415,888.7534785470838,0.7371216194052467
R_xml,623,543544.9780121931,3362894.790024591,18.530760366521292,2997.0,346.0,2996.949864076307,345.1569155113375,371.2379149215631,0.8445738960374244
R_xml,1061,543544.9780121931,3362894.790024591,18.530760366521292,3776.0,2255.0,3777.229746243165,2254.5934409483507,580.1603102668315,1.2952088963008757
R_xml,533,543544.9780121931,3362894.790024591,18.530760366521292,3331.0,3787.0,3330.381710019946,3786.1515873594744,375.33293966266797,1.0498030806008358
R_xml,635,543544.9780121931,3362894.790024591,18.530760366521292,2726.0,2150.0,2725.1815286600377,2149.2382649948486,564.6388056904133,1.1180946079884255
R_xml,1067,543544.9780121931,3362894.790024591,18.530760366521292,1936.0,2826.0,1936.1444661142732,2825.840375650903,423.6115624633654,0.21529140948465297
R_xml,344,542404.2643651551,3363480.929674573,21.618272076929884,1070.0,2086.0,1070.2875374247537,2086.324448770379,549.9423968564478,0.43352597988419633
R_xml,228,542404.2643651551,3363480.929674573,21.618272076929884,2507.0,2085.0,2506.8403869971094,2086.060832299944,551.3334813441536,1.072772799476505
R_xml,109,542404.2643651551,3363480.929674573,21.618272076929884,4096.0,1500.0,4097.259253079526,1499.459766121698,472.7766699729093,1.3702448546014832
R_xml,240,542404.2643651551,3363480.929674573,21.618272076929884,3702.0,347.0,3704.0077642941933,345.37583357952235,368.57016675156876,2.582447293255891
R_xml,352,542404.2643651551,3363480.929674573,21.618272076929884,4873.0,1979.0,4875.688252218948,1978.1245553097638,515.8479982621714,2.827207703431402
R_xml,105,542404.2643651551,3363480.929674573,21.618272076929884,4546.0,480.0,4547.756526161092,477.9319317831146,372.10640269378666,2.713354069098058
R_xml,239,542404.2643651551,3363480.929674573,21.618272076929884,3624.0,2891.0,3624.7568504942365,2890.8751905119893,415.51996940529705,0.7670724078752009
R_xml,702,542404.2643651551,3363480.929674573,21.618272076929884,3985.0,2231.0,3985.7853087721533,2231.9284809669007,483.01675638082025,1.2160537708167662
R_xml,124,542404.2643651551,3363480.929674573,21.618272076929884,1823.0,2659.0,1823.380099219318,2658.691783409394,435.5724898040001,0.4893596665552726
R_xml,759,542404.2643651551,3363480.929674573,21.618272076929884,2034.0,1976.0,2034.4832739957192,1974.9206907595253,532.0098276699628,1.182565935376298
R_xml,758,542404.2643651551,3363480.929674573,21.618272076929884,1992.0,1559.0,1991.9434936978869,1557.9982846674247,476.1004364536672,1.0033078140306
R_xml,838,542404.2643651551,3363480.929674573,21.618272076929884,651.0,2670.0,653.350252663972,2669.213461960083,434.38885011381,2.478372383792273
R_xml,134,542404.2643651551,3363480.929674573,21.618272076929884,1533.0,2744.0,1533.1339890978643,2743.135324819455,370.1699787395195,0.8749949978125312
R_xml,350,542404.2643651551,3363480.929674573,21.618272076929884,4537.0,1313.0,4539.57710825622,1312.7407466773332,623.1963563368239,2.5901156826653726
R_xml,823,542404.2643651551,3363480.929674573,21.618272076929884,3958.0,530.0,3959.6763517752897,527.8911215509986,377.6707195989907,2.6939791363667913
R_xml,748,542404.2643651551,3363480.929674573,21.618272076929884,2111.0,2777.0,2110.50820679349,2776.872690739343,424.1251391389313,0.5080041395682167
R_xml,94,542404.2643651551,3363480.929674573,21.618272076929884,4740.0,526.0,4742.9659374110015,523.9189809614047,367.7603588724701,3.623178848052406
R_xml,128,542404.2643651551,3363480.929674573,21.618272076929884,1596.0,3767.0,1598.312762699396,3764.5520283434553,346.3115335756036,3.3677049358522697
R_xml,133,542404.2643651551,3363480.929674573,21.618272076929884,1534.0,2678.0,1534.2519239016892,2677.0968861830534,370.1321168905673,0.9375927786636673
R_xml,95,542404.2643651551,3363480.929674573,21.618272076929884,4782.0,3546.0,4783.110216153347,3544.325354552597,357.3424734279304,2.009233008304397
R_xml,237,542404.2643651551,3363480.929674573,21.618272076929884,3518.0,2248.0,3519.16563677032,2248.1660402838097,483.0163780772714,1.1774032682855227
R_xml,343,542404.2643651551,3363480.929674573,21.618272076929884,947.0,1704.0,948.151608901595,1702.674709760542,494.82541465335623,1.7557326906551336
R_xml,236,542404.2643651551,3363480.929674573,21.618272076929884,3446.0,1835.0,3447.0066431460186,1833.9784573944262,537.8180519384143,1.4341825959161636
R_xml,710,542404.2643651551,3363480.929674573,21.618272076929884,4253.0,556.0,4255.991684438135,553.826410746015,379.89538171844606,3.6979272602930737
R_xml,714,542404.2643651551,3363480.929674573,21.618272076929884,3872.0,1637.0,3872.9822561155725,1637.7627504603795,492.03426934543535,1.2436299053129174
R_xml,1083,543303.5979554076,3362845.00107459,14.407500894857492,2553.0,2077.0,2552.0918353256475,2077.141002114795,557.5261077481582,0.919045522331975
R_xml,302,543303.5979554076,3362845.00107459,14.407500894857492,4958.0,3535.0,4959.92904747867,3534.621514214521,382.1594293940047,1.9658269671499418
R_xml,1044,543303.5979554076,3362845.00107459,14.407500894857492,3513.0,2201.0,3514.3089467016316,2201.299566791306,498.1325931149884,1.3427887883675722
R_xml,1046,543303.5979554076,3362845.00107459,14.407500894857492,3604.0,2678.0,3604.270280537722,2677.324745935715,444.2600380230427,0.7273373497937053
R_xml,392,543303.5979554076,3362845.00107459,14.407500894857492,1175.0,467.0,1175.2156846223174,467.2437218569628,374.0891414310479,0.3254538367658442
R_xml,261,542774.1243817621,3363341.5725848014,18.525742832174558,1127.0,3033.0,1128.7848847290054,3031.3655565629874,372.5945026769744,2.4201691768614366
R_xml,811,542774.1243817621,3363341.5725848014,18.525742832174558,1043.0,3765.0,1045.9132569134931,3763.816469801848,347.1412360389344,3.1444887619377497
R_xml,875,542774.1243817621,3363341.5725848014,18.525742832174558,3148.0,3252.0,3147.1110605139656,3251.506293522621,387.7831651347414,1.0168379888836658
R_xml,371,542774.1243817621,3363341.5725848014,18.525742832174558,3239.0,1901.0,3239.9535072007016,1900.1437956630268,373.3754706237095,1.2815076466574005
R_xml,436,542774.1243817621,3363341.5725848014,18.525742832174558,989.0,3758.0,991.6214627006188,3755.328969218799,348.01032593116105,3.742522160904134
R_xml,444,542774.1243817621,3363341.5725848014,18.525742832174558,1003.0,2855.0,1004.4997644784321,2853.7951595346867,374.0270294204893,1.9237811823653517
R_xml,452,542774.1243817621,3363341.5725848014,18.525742832174558,1294.0,1664.0,1295.0912366425503,1664.384310271372,491.3311702534206,1.1569320614134468
R_xml,447,542774.1243817621,3363341.5725848014,18.525742832174558,996.0,3551.0,998.7449352262236,3548.1660707360024,374.58754876663664,3.9453547964035818
R_xml,394,543119.7832352407,3362680.92310231,9.328546802757671,3468.0,696.0,3468.838601661845,693.8405403943368,381.339628531566,2.316574742101024
R_xml,181,543119.7832352407,3362680.92310231,9.328546802757671,4790.0,2414.0,4792.16840567404,2413.6438829860663,384.16897629837626,2.197453638832962
R_xml,281,543119.7832352407,3362680.92310231,9.328546802757671,1430.0,1425.0,1431.1292618593543,1425.0203902501403,380.95530098021646,1.129445930221149
R_xml,183,543119.7832352407,3362680.92310231,9.328546802757671,4756.0,3050.0,4756.645191909076,3049.969803374168,385.4570557596909,0.6458981620570767
R_xml,277,543119.7832352407,3362680.92310231,9.328546802757671,1516.0,128.0,1515.9893724897815,127.58373288528333,379.0378487265271,0.4164027554759798
R_xml,1006,543119.7832352407,3362680.92310231,9.328546802757671,877.0,1823.0,877.3400179019613,1822.1644689925463,553.7971657673522,0.9020666483529958
R_xml,279,543119.7832352407,3362680.92310231,9.328546802757671,1471.0,757.0,1471.8016483325791,756.913744106259,380.00114179400316,0.8062754667804137
R_xml,300,543119.7832352407,3362680.92310231,9.328546802757671,2813.0,3432.0,2814.000744808204,3430.5070188720383,385.22330304413185,1.7973543945470072
R_xml,1021,543119.7832352407,3362680.92310231,9.328546802757671,545.0,1535.0,547.671116423408,1534.611518123198,481.94994784096673,2.6992186121178365
R_xml,387,543119.7832352407,3362680.92310231,9.328546802757671,3322.0,2066.0,3322.615432174699,2066.376012858654,518.6721453779334,0.7212090068267043
R_xml,928,543510.6082666221,3363477.142587381,15.926982081878009,3368.0,687.0,3368.5767682076366,686.4677627444105,396.6565596038177,0.7848172153933834
R_xml,865,543510.6082666221,3363477.142587381,15.926982081878009,1140.0,2634.0,1141.8754773809553,2633.0451961488857,443.65301799871736,2.1045345805136475
R_xml,932,543510.6082666221,3363477.142587381,15.926982081878009,2882.0,3408.0,2881.446901096946,3407.5500855227865,377.6553296710551,0.712980668297401
R_xml,929,543510.6082666221,3363477.142587381,15.926982081878009,3276.0,1279.0,3275.7676833621454,1278.493418590711,452.7060875466748,0.5573111738171023
R_xml,931,543510.6082666221,3363477.142587381,15.926982081878009,2856.0,2742.0,2856.3371863267553,2742.7137593294383,432.6323204123097,0.7893966045727017
R_xml,996,543510.6082666221,3363477.142587381,15.926982081878009,1468.0,856.0,1469.0594154715438,855.8074690628209,408.19670431630317,1.0767679894561855
R_xml,113,541910.7785388771,3363556.776421475,28.72478489351954,706.0,493.0,706.8292443669823,493.15078610947626,362.7991306195432,0.8428420201810094
R_xml,115,541910.7785388771,3363556.776421475,28.72478489351954,1010.0,1623.0,1011.361066220569,1622.667841330025,474.6837155566432,1.4010105776950685
R_xml,5,541910.7785388771,3363556.776421475,28.72478489351954,3390.0,3510.0,3390.941330813649,3509.401409852997,359.38774877557876,1.1155329958429567
R_xml,108,541910.7785388771,3363556.776421475,28.72478489351954,851.0,1381.0,852.401658774884,1380.7405073177306,360.5547615929061,1.4254766828541123
R_xml,23,541910.7785388771,3363556.776421475,28.72478489351954,3068.0,2410.0,3067.3370621045583,2410.1556541619707,591.1613100642869,0.680966130840197
R_xml,20,541910.7785388771,3363556.776421475,28.72478489351954,3125.0,2088.0,3124.7352901480444,2087.8246499917195,536.8483423023941,0.317519969649621
R_xml,95,541910.7785388771,3363556.776421475,28.72478489351954,1658.0,1456.0,1658.9478008197725,1456.4573989004252,580.5943598821419,1.0523973337440826
R_xml,391,542533.6310406023,3363524.518996179,24.432423664825706,3358.0,3221.0,3357.2084439642827,3220.761271540916,812.2960312563235,0.8267721783280008
R_xml,864,542533.6310406023,3363524.518996179,24.432423664825706,3782.0,71.0,3783.5983608619536,68.50510109866968,1061.4605923847803,2.962984639326387
R_xml,276,542533.6310406023,3363524.518996179,24.432423664825706,2321.0,3245.0,2321.4707120299113,3243.7344062863795,813.7179963381838,1.350295250328256
R_xml,867,542533.6310406023,3363524.518996179,24.432423664825706,4021.0,360.0,4022.4648565872526,358.5613035071135,899.2280371875088,2.053205401283861
R_xml,54,542533.6310406023,3363524.518996179,24.432423664825706,833.0,3636.0,835.7070575871207,3633.002445708977,1005.0960575705872,4.038996472840458
R_xml,870,542533.6310406023,3363524.518996179,24.432423664825706,4304.0,821.0,4306.761519428353,819.4961258751396,736.4564766043881,3.1444597209367324
R_xml,184,542533.6310406023,3363524.518996179,24.432423664825706,3235.0,395.0,3236.4563189872397,392.8500573860126,879.5600960585882,2.5967514775260443
R_xml,856,542533.6310406023,3363524.518996179,24.432423664825706,1325.0,2622.0,1326.2060761228772,2622.0543217391773,644.2322721375991,1.2072988302494954
R_xml,866,542533.6310406023,3363524.518996179,24.432423664825706,3932.0,232.0,3933.909359958377,229.6316242708117,953.320144039264,3.0421799823912368
R_xml,865,542533.6310406023,3363524.518996179,24.432423664825706,3866.0,129.0,3867.080820361076,126.98292168303738,1007.6792813144225,2.2884006619639403
R_xml,165,542533.6310406023,3363524.518996179,24.432423664825706,1419.0,3403.0,1420.6488581497854,3402.351401801244,878.6245037551954,1.7718388249339867
R_xml,148,542533.6310406023,3363524.518996179,24.432423664825706,853.0,1992.0,854.8273631216919,1992.2733965657412,527.1541931153307,1.8477017239474869
R_xml,163,542533.6310406023,3363524.518996179,24.432423664825706,1376.0,3279.0,1377.991686442065,3277.1571259835537,830.7131253861344,2.713484756544335
R_xml,66,542533.6310406023,3363524.518996179,24.432423664825706,4021.0,361.0,4023.0012123259694,358.3547550372584,907.4528515887656,3.3169521682595122
R_xml,52,542533.6310406023,3363524.518996179,24.432423664825706,712.0,3446.0,714.2368634318962,3443.1495466568804,916.5847540888317,3.623346833282192
R_xml,369,543548.1561539909,3362787.8404355007,8.760959154890259,1405.0,397.0,1405.6017738656906,395.73863509524836,926.2355467274123,1.397559733380761
R_xml,366,543548.1561539909,3362787.8404355007,8.760959154890259,1491.0,284.0,1492.1773243458879,282.4919174647241,980.1223718907224,1.913218635865876
R_xml,363,543548.1561539909,3362787.8404355007,8.760959154890259,1550.0,196.0,1549.8698919958601,194.30442220683994,1032.79736080381,1.70056230271013
R_xml,375,543548.1561539909,3362787.8404355007,8.760959154890259,1224.0,647.0,1224.8165778377852,646.9249037271748,818.9161533488298,0.8200236675573328
R_xml,361,543548.1561539909,3362787.8404355007,8.760959154890259,1602.0,115.0,1602.1508654586148,113.6684164697358,1080.65081320795,1.3401026396041167
R_xml,24,542331.1423021549,3363199.4007961815,29.541814307652203,1452.0,1926.0,1451.5711881762861,1925.9171820258614,361.3211437222009,0.4367360724708365
R_xml,148,542331.1423021549,3363199.4007961815,29.541814307652203,3404.0,955.0,3404.2123444262375,954.1262728281147,405.0391896563903,0.8991603451247353
R_xml,835,542331.1423021549,3363199.4007961815,29.541814307652203,2360.0,2450.0,2359.93206946388,2448.842426348145,448.6789298504865,1.1595651414241683
R_xml,207,542331.1423021549,3363199.4007961815,29.541814307652203,661.0,1397.0,662.2881931704005,1395.9230081473058,360.91651541069126,1.6790929381770818
R_xml,27,542331.1423021549,3363199.4007961815,29.541814307652203,1448.0,2694.0,1448.9319614967535,2693.059880590145,362.13175320151817,1.3237736725804636
R_xml,151,542331.1423021549,3363199.4007961815,29.541814307652203,3278.0,1500.0,3277.5909288665366,1499.0824392417362,459.41184911012186,1.00461780660042
R_xml,199,542331.1423021549,3363199.4007961815,29.541814307652203,1040.0,2473.0,1041.4176598415534,2473.149574274782,442.73465263718685,1.4255286352892613
R_xml,742,542476.3100283518,3363634.7075051754,21.433833818386745,2939.0,2192.0,2939.121120725391,2192.486541690751,486.1260735391394,0.501391111766106
R_xml,360,542476.3100283518,3363634.7075051754,21.433833818386745,4363.0,2944.0,4364.411344084783,2943.754114649367,371.02778379656036,1.4326031311247838
R_xml,683,542476.3100283518,3363634.7075051754,21.433833818386745,1221.0,2451.0,1222.4351940994977,2449.940501950291,454.4327158647329,1.783905328365318
R_xml,785,542476.3100283518,3363634.7075051754,21.433833818386745,1476.0,1245.0,1477.2822462400127,1244.2334154788718,441.0224562436535,1.4939234411642184
R_xml,716,542476.3100283518,3363634.7075051754,21.433833818386745,3208.0,1248.0,3208.5247016289604,1247.8293257715668,445.453253074996,0.5517621694942446
R_xml,240,542476.3100283518,3363634.7075051754,21.433833818386745,2310.0,1247.0,2309.1754509838042,1246.8329306136156,368.8142784957501,0.8413044989635092
R_xml,242,542476.3100283518,3363634.7075051754,21.433833818386745,2283.0,1934.0,2283.352280786857,1934.04856771597,369.72185775433456,0.3556129578955502
R_xml,337,542476.3100283518,3363634.7075051754,21.433833818386745,1895.0,2288.0,1895.2832993182828,2287.0277694827805,370.4458023223042,1.0126651383119663
R_xml,754,542476.3100283518,3363634.7075051754,21.433833818386745,2905.0,199.0,2905.697001974926,196.4442832854245,353.9681099099946,2.6490563750534677
R_xml,239,542476.3100283518,3363634.7075051754,21.433833818386745,2325.0,3741.0,2324.723649359093,3738.9429920286584,349.52045885195855,2.075488248796535
R_xml,356,542476.3100283518,3363634.7075051754,21.433833818386745,4396.0,1599.0,4397.992654239739,1598.9536731440203,369.7826285159681,1.9931926893138405
R_xml,358,542476.3100283518,3363634.7075051754,21.433833818386745,4385.0,2270.0,4385.511190597143,2270.1811158744345,370.5980357983414,0.5423271951314285
R_xml,460,542476.3100283518,3363634.7075051754,21.433833818386745,225.0,1238.0,227.7478388188083,1238.0823636235923,434.92411730625463,2.7490729238492513
R_xml,994,543263.284674316,3363010.068137338,12.330647681461414,3557.0,2427.0,3557.6082347331962,2426.222769327889,618.7375981772259,0.9869331326569882
R_xml,1000,543263.284674316,3363010.068137338,12.330647681461414,2377.0,1141.0,2376.4486626504854,1140.963290318103,680.66154299041,0.5525581179520962
R_xml,1001,543263.284674316,3363010.068137338,12.330647681461414,2339.0,1396.0,2338.6048827029927,1396.3217693654963,625.7442058896016,0.5095617754171329
R_xml,993,543263.284674316,3363010.068137338,12.330647681461414,3672.0,2121.0,3672.1645625391734,2120.518775462206,562.1493551229851,0.5085841966421384
R_xml,1003,543263.284674316,3363010.068137338,12.330647681461414,2243.0,2061.0,2243.346116746767,2060.7694979406124,515.2173633989966,0.41584612752148997
R_xml,625,543263.284674316,3363010.068137338,12.330647681461414,4612.0,3352.0,4613.831461142088,3352.1858305332044,381.9743294588704,1.8408647158469844
R_xml,1002,543263.284674316,3363010.068137338,12.330647681461414,2298.0,1697.0,2297.977479534824,1696.6210987943227,570.4038814345379,0.3795698815968307
R_xml,1004,543263.284674316,3363010.068137338,12.330647681461414,2200.0,2519.0,2200.681837172669,2519.152407006811,460.82674644501463,0.6986628841997459
R_xml,1062,543263.284674316,3363010.068137338,12.330647681461414,2348.0,3051.0,2348.119922720709,3050.60647855358,771.5113797794471,0.41138860914554504
R_xml,621,543263.284674316,3363010.068137338,12.330647681461414,4698.0,2066.0,4698.916564078372,2066.327198278619,380.8119106117744,0.9732155071172791
R_xml,1061,543263.284674316,3363010.068137338,12.330647681461414,2325.0,2862.0,2325.627714146374,2862.054346316294,715.4572470284104,0.6300623553685264
R_xml,1063,543263.284674316,3363010.068137338,12.330647681461414,3348.0,769.0,3348.02785652081,767.6879054118901,775.310996420636,1.3123902597546264
R_xml,690,542127.7695038287,3363559.535065547,14.371581054649653,1862.0,244.0,1861.7251502948884,243.59230204224764,362.7878869690187,0.4916909447563331
R_xml,104,542127.7695038287,3363559.535065547,14.371581054649653,2781.0,1200.0,2781.4453704598554,1199.6093876322652,375.83812621756067,0.5923958713050023
R_xml,111,542127.7695038287,3363559.535065547,14.371581054649653,2594.0,310.0,2594.0160029776994,309.98724646260166,369.25070994437294,0.02046333334081833
R_xml,7,542127.7695038287,3363559.535065547,14.371581054649653,1511.0,1089.0,1511.451583996835,1089.5781078512719,375.8152497340819,0.7335780762125592
R_xml,11,542127.7695038287,3363559.535065547,14.371581054649653,1502.0,2411.0,1502.2347960384784,2410.366475513062,376.8268354562455,0.6756348534785861
R_xml,108,542127.7695038287,3363559.535065547,14.371581054649653,2672.0,2553.0,2672.206806897538,2553.411358317625,378.15963933593014,0.4604180256555873
R_xml,225,542127.7695038287,3363559.535065547,14.371581054649653,678.0,2427.0,680.3254003296408,2426.353943763576,376.6001145729587,2.4134778544076627
R_xml,125,542127.7695038287,3363559.535065547,14.371581054649653,3561.0,2061.0,3561.1266330848657,2060.6596268688427,377.81716424563143,0.3631663621488732
R_xml,691,542127.7695038287,3363559.535065547,14.371581054649653,1928.0,918.0,1928.4293432701575,917.923422234162,417.7959060757729,0.4361190179873414
R_xml,106,542127.7695038287,3363559.535065547,14.371581054649653,2728.0,1876.0,2728.8171948488057,1876.2021225490453,376.94658104572676,0.8418200198065515
R_xml,221,542127.7695038287,3363559.535065547,14.371581054649653,737.0,1110.0,739.2869633571577,1109.39156755716,374.7357316840056,2.3665146174241487
R_xml,9,542127.7695038287,3363559.535065547,14.371581054649653,1506.0,1751.0,1505.9144591676697,1751.062142893863,376.2262374746774,0.10573066373298906
R_xml,701,542127.7695038287,3363559.535065547,14.371581054649653,2394.0,3144.0,2393.852821946299,3142.642871624341,401.1758851217088,1.365085641090122
R_xml,129,542127.7695038287,3363559.535065547,14.371581054649653,3486.0,3381.0,3486.2844895905414,3380.248284448915,379.3715837647434,0.8037478440838494
R_xml,223,542127.7695038287,3363559.535065547,14.371581054649653,703.0,1774.0,704.8820614430758,1772.7954332259753,375.8250385390261,2.234532700274683
R_xml,219,542127.7695038287,3363559.535065547,14.371581054649653,782.0,482.0,782.6960060105077,481.0888833616623,373.8345859168806,1.1465417111116056
R_xml,66,542404.7002736139,3362584.9583374658,10.459425992838646,568.0,3230.0,571.3249583148408,3228.2564665007776,389.9263977381086,3.754365040634693
R_xml,69,542404.7002736139,3362584.9583374658,10.459425992838646,477.0,1462.0,478.0786301581488,1461.848388509703,377.4095557835923,1.0892332450206608
R_xml,43,542404.7002736139,3362584.9583374658,10.459425992838646,3844.0,1074.0,3844.527004149631,1073.4033317040971,380.4692041463148,0.7960819235882347
R_xml,67,542404.7002736139,3362584.9583374658,10.459425992838646,486.0,823.0,488.3382232366521,822.6949579119048,375.7636519024033,2.358037018354299
R_xml,136,542225.020566411,3364059.8627708633,23.942063432800126,1357.0,3046.0,1357.2280880840704,3045.2097714828255,753.6519198615267,0.8224872542785215
R_xml,23,542225.020566411,3364059.8627708633,23.942063432800126,596.0,3143.0,598.5750191276447,3141.9027506648645,789.8961205524871,2.799049769330946
R_xml,139,542225.020566411,3364059.8627708633,23.942063432800126,1416.0,3205.0,1416.8678124496364,3203.5632207688845,806.8883746993554,1.6785210772309782
R_xml,29,542225.020566411,3364059.8627708633,23.942063432800126,814.0,3426.0,817.2191513152611,3424.9031936537567,895.4320372103394,3.4008703814916124
R_xml,142,542225.020566411,3364059.8627708633,23.942063432800126,1493.0,3349.0,1494.1777371709093,3347.6599349880153,862.5955548787092,1.7840513109456835
R_xml,202,542225.020566411,3364059.8627708633,23.942063432800126,3204.0,238.0,3205.0266688086926,237.31823776766396,947.935146224199,1.232415751352685
R_xml,199,542225.020566411,3364059.8627708633,23.942063432800126,3197.0,144.0,3197.337266501619,142.9532617891607,1000.471973682947,1.0997315923194224
R_xml,759,542889.0003984297,3364096.1206749375,24.45873904278767,3269.0,3722.0,3268.1194912207475,3721.4048441484324,1058.3065431380785,1.0627822909683429
R_xml,816,542889.0003984297,3364096.1206749375,24.45873904278767,5064.0,2537.0,5066.160965982094,2536.409622055862,634.6393038475394,2.2401607292096024
R_xml,818,542889.0003984297,3364096.1206749375,24.45873904278767,4876.0,2768.0,4878.026221444739,2768.3491772062475,690.1680934381521,2.056088048816112
R_xml,821,542889.0003984297,3364096.1206749375,24.45873904278767,4597.0,3096.0,4597.441421424208,3096.5232193926986,785.7216421966593,0.6845519751235783
R_xml,706,542889.0003984297,3364096.1206749375,24.45873904278767,2093.0,693.0,2092.63596694351,693.279026273802,767.5382331716999,0.45866733880797433
R_xml,753,542889.0003984297,3364096.1206749375,24.45873904278767,3683.0,2971.0,3683.2444830014747,2970.61067505985,737.6032316448814,0.45972366377291235
R_xml,820,542889.0003984297,3364096.1206749375,24.45873904278767,4709.0,2973.0,4710.778583922784,2972.8337021178127,745.5095422452262,1.7863414444064798
R_xml,754,542889.0003984297,3364096.1206749375,24.45873904278767,3616.0,3100.0,3616.764397894733,3099.5055218611915,776.9167420747885,0.9103915483086812
R_xml,756,542889.0003984297,3364096.1206749375,24.45873904278767,3445.0,3409.0,3445.159861144891,3408.2067172998413,889.1291585971525,0.8092298981234087
R_xml,758,542889.0003984297,3364096.1206749375,24.45873904278767,3323.0,3631.0,3323.277307847391,3629.9461592330017,1001.7619787974514,1.0897155612416523
R_xml,826,542889.0003984297,3364096.1206749375,24.45873904278767,4025.0,3713.0,4025.385582829588,3712.3024684017873,1069.0833449659165,0.7970096918973799
R_xml,751,542889.0003984297,3364096.1206749375,24.45873904278767,3785.0,2766.0,3785.2925877355547,2766.0720435317,682.014666454338,0.30132682166841296
R_xml,771,542889.0003984297,3364096.1206749375,24.45873904278767,1486.0,196.0,1486.0959924920003,194.14158556967777,991.0454295997736,1.8608919241455995
R_xml,755,542889.0003984297,3364096.1206749375,24.45873904278767,3522.0,3267.0,3521.593206161891,3266.5489869666303,833.3360431411564,0.6073664322242388
R_xml,707,542889.0003984297,3364096.1206749375,24.45873904278767,2041.0,876.0,2041.3061901771157,876.531752370113,712.7317480518251,0.613606557724892
R_xml,825,542889.0003984297,3364096.1206749375,24.45873904278767,4117.0,3609.0,4116.947284820654,3608.5056384395753,1013.4928563750886,0.49716420080196144
R_xml,274,542605.1768209068,3363070.1251628,21.53182720442078,3551.0,1462.0,3551.365746728249,1461.412528880779,465.2858894081436,0.692020942705983
R_xml,182,542605.1768209068,3363070.1251628,21.53182720442078,2514.0,1261.0,2513.7554246560185,1260.3372262088662,629.7659548432132,0.70646032945771
R_xml,278,542605.1768209068,3363070.1251628,21.53182720442078,3340.0,2186.0,3340.6953260797195,2186.049955850038,564.8789621551642,0.6971183142703239
R_xml,282,542605.1768209068,3363070.1251628,21.53182720442078,3209.0,2694.0,3209.994608444202,2694.4636108624536,661.9360252928769,1.0973518073358557
R_xml,179,542605.1768209068,3363070.1251628,21.53182720442078,2530.0,762.0,2529.460175235942,761.2533970000559,750.8669311399065,0.9213179773648327
R_xml,285,542605.1768209068,3363070.1251628,21.53182720442078,3089.0,3072.0,3089.7714572177692,3072.522297301196,763.3132950349136,0.9316333558245194
R_xml,68,542605.1768209068,3363070.1251628,21.53182720442078,3859.0,1653.0,3859.7476265588894,1651.734188305236,561.1657187915788,1.470110444204034
R_xml,184,542605.1768209068,3363070.1251628,21.53182720442078,2505.0,1520.0,2504.0207216412996,1520.0488386734241,581.9907669283415,0.9804954461091615
R_xml,163,542605.1768209068,3363070.1251628,21.53182720442078,1913.0,1995.0,1912.432575207028,1995.0330194565106,532.9126050447352,0.5683847114300892
R_xml,72,542605.1768209068,3363070.1251628,21.53182720442078,4137.0,2396.0,4136.676748379,2395.899540209127,462.91535778298766,0.3385022600536729
R_xml,167,542605.1768209068,3363070.1251628,21.53182720442078,1958.0,2556.0,1958.3313854456178,2554.863417425763,630.6060560002247,1.1839072014419798
R_xml,178,542605.1768209068,3363070.1251628,21.53182720442078,2515.0,589.0,2514.8874294391153,588.3468779994514,804.73529178269,0.6627522001310084
R_xml,70,542605.1768209068,3363070.1251628,21.53182720442078,3988.0,1987.0,3988.50059608425,1986.5545392978427,512.0261676956665,0.6700982590135044
R_xml,159,542605.1768209068,3363070.1251628,21.53182720442078,1844.0,1180.0,1844.1272736162691,1179.5462213341866,434.94342048834653,0.471289349493067
R_xml,165,542605.1768209068,3363070.1251628,21.53182720442078,1936.0,2302.0,1936.0919342354048,2300.9709687471222,581.6377123843224,1.033129819063717
R_xml,170,542605.1768209068,3363070.1251628,21.53182720442078,1991.0,2911.0,1991.531886715858,2909.7856344291104,715.5561271073534,1.3257402529411142
R_xml,171,542605.1768209068,3363070.1251628,21.53182720442078,2012.0,3103.0,2012.1052098144257,3101.8051770292905,770.6904679531655,1.1994461373428416
R_xml,286,542605.1768209068,3363070.1251628,21.53182720442078,3030.0,3233.0,3031.2206192563613,3232.4578329687097,819.4102178447729,1.3356108934933386
R_xml,276,542605.1768209068,3363070.1251628,21.53182720442078,3435.0,1857.0,3435.8080264155283,1855.8500450127276,515.3035103141768,1.405454787940233
R_xml,308,542605.1768209068,3363070.1251628,21.53182720442078,632.0,2893.0,634.4346334880693,2891.533166186987,410.29401413077744,2.842365503630227
R_xml,391,542605.1768209068,3363070.1251628,21.53182720442078,4946.0,1814.0,4947.979493832729,1814.0183573014933,510.1790190956157,1.9795789512744284
R_xml,940,542605.1768209068,3363070.1251628,21.53182720442078,3316.0,1303.0,3316.3368536810385,1302.513025024958,624.4103468164152,0.5921275443232336
R_xml,1036,543128.8069565299,3362552.556381812,9.3547714576124,4180.0,1184.0,4180.402369049516,1182.4709939831228,679.4541174223531,1.5810630131829722
R_xml,1087,543128.8069565299,3362552.556381812,9.3547714576124,1396.0,2010.0,1396.8184112911686,2009.5285220093724,555.1090971108686,0.9445043870509116
R_xml,1038,543128.8069565299,3362552.556381812,9.3547714576124,4468.0,1753.0,4469.880841449754,1752.8240552414386,569.1468128474079,1.8890529683360795
R_xml,1026,543128.8069565299,3362552.556381812,9.3547714576124,616.0,2824.0,618.3094484466783,2822.453158526911,719.1175709228756,2.7796170007274155
R_xml,1085,543128.8069565299,3362552.556381812,9.3547714576124,1138.0,1135.0,1138.821199640246,1134.9112797637788,443.2709844169302,0.8259782863098695
R_xml,1025,543128.8069565299,3362552.556381812,9.3547714576124,473.0,2611.0,475.6722976945616,2609.5435584505667,663.6880506437998,3.0434186296457812
R_xml,1037,543128.8069565299,3362552.556381812,9.3547714576124,4320.0,1441.0,4321.061968600067,1440.560220351166,624.0770254668256,1.149427443146143
R_xml,1086,543128.8069565299,3362552.556381812,9.3547714576124,1281.0,1613.0,1281.9569590306503,1612.6265663117324,499.1837224467507,1.02724062705692
R_xml,1089,543128.8069565299,3362552.556381812,9.3547714576124,1565.0,2608.0,1566.7609860875475,2607.6727153923666,666.5252492845033,1.7911413162923828
R_xml,1088,543128.8069565299,3362552.556381812,9.3547714576124,1497.0,2338.0,1498.671928139165,2337.9158115716964,611.1579203153093,1.6740464133326158
R_xml,155,542691.095579614,3363004.802245451,27.012416937186288,1362.0,2480.0,1362.3601882622756,2479.4796154589685,364.4541221405575,0.6328788626788708
R_xml,75,542691.095579614,3363004.802245451,27.012416937186288,4867.0,1366.0,4868.756035856955,1363.8191964498174,365.11838409140813,2.7999225088209387
R_xml,149,542691.095579614,3363004.802245451,27.012416937186288,1436.0,974.0,1435.9181523956984,974.1958385899374,362.7621614268648,0.2122540544690879
R_xml,141,542691.095579614,3363004.802245451,27.012416937186288,1790.0,2221.0,1790.4704862792723,2221.916562522388,475.1499853903263,1.0302641391556355
R_xml,198,542691.095579614,3363004.802245451,27.012416937186288,2801.0,2660.0,2800.877473346583,2660.309868140256,365.625135713115,0.33321321273833493
R_xml,423,542980.9829430666,3363053.4896929516,17.856119198259762,1360.0,3671.0,1362.6038456643653,3669.2906636130247,355.68309251095405,3.1147781827397867
R_xml,950,542980.9829430666,3363053.4896929516,17.856119198259762,1794.0,817.0,1794.4631880764541,817.3677501435507,404.35617173613895,0.5914248576537848
R_xml,993,542980.9829430666,3363053.4896929516,17.856119198259762,2540.0,2925.0,2539.5894763410115,2924.2708201346995,716.2403131342231,0.8367992295341269
R_xml,1055,542980.9829430666,3363053.4896929516,17.856119198259762,1049.0,1993.0,1050.0036258908842,1992.7680991121465,533.7413245971454,1.0300693911773084
R_xml,1008,542980.9829430666,3363053.4896929516,17.856119198259762,3747.0,3201.0,3746.8845639953042,3200.6223181549967,393.98823992644355,0.39492916735182154
R_xml,76,542575.4975261368,3362855.778953004,18.46634978098581,3171.0,2102.0,3171.9656637802623,2102.461044975058,373.48652655476207,1.0700789716355927
R_xml,79,542575.4975261368,3362855.778953004,18.46634978098581,3154.0,2849.0,3154.14065165817,2849.0388669072736,374.3536080430415,0.1459230119858146
R_xml,191,542575.4975261368,3362855.778953004,18.46634978098581,1109.0,1695.0,1109.6384443074692,1694.7016695731168,372.0658921518754,0.7047071571540382
R_xml,41,542575.4975261368,3362855.778953004,18.46634978098581,1083.0,1765.0,1084.185594910193,1764.8045304226505,372.70977647382966,1.2016004522072858
R_xml,82,542575.4975261368,3362855.778953004,18.46634978098581,3097.0,3580.0,3097.6969199717532,3578.2535270812587,375.40319150961716,1.8803896146611332
R_xml,147,542575.4975261368,3362855.778953004,18.46634978098581,3174.0,2862.0,3173.4130993651206,2862.574217275048,421.61721490664104,0.8210833296232752
R_xml,152,542575.4975261368,3362855.778953004,18.46634978098581,3177.0,1096.0,3176.762694175784,1096.2616329720122,372.38833781586357,0.3532221202738951
R_xml,155,542575.4975261368,3362855.778953004,18.46634978098581,3141.0,1838.0,3141.9778410635486,1837.8964576586282,373.0956019076756,0.9833077656657436
R_xml,150,542575.4975261368,3362855.778953004,18.46634978098581,3207.0,3518.0,3206.287351715667,3517.637443064643,368.4133249557653,0.7995718282547531
R_xml,73,542575.4975261368,3362855.778953004,18.46634978098581,3182.0,1341.0,3183.1484336352337,1340.513057710678,372.36768580773065,1.2474023439397153
R_xml,81,542575.4975261368,3362855.778953004,18.46634978098581,3158.0,76.0,3159.357506404358,74.35693453772524,348.0083184661499,2.131311275058888
R_xml,84,542575.4975261368,3362855.778953004,18.46634978098581,3055.0,778.0,3055.6793499093915,778.1984187008616,402.34226628906913,0.707733198487819
R_xml,158,542575.4975261368,3362855.778953004,18.46634978098581,3105.0,2587.0,3105.081212791213,2587.656980170855,374.04008552405713,0.6619807114663476
R_xml,43,542575.4975261368,3362855.778953004,18.46634978098581,1045.0,2416.0,1046.5439157097946,2415.422709059965,372.81818010012887,1.6483144567699965
R_xml,195,542575.4975261368,3362855.778953004,18.46634978098581,1110.0,2581.0,1111.1945375220462,2579.716251205059,373.7242324293796,1.753548077495611
R_xml,767,542032.376146611,3363208.12809725,25.768324277757188,2853.0,3267.0,2853.6733873922203,3266.0080602440125,380.1383896788003,1.1989141168197763
R_xml,830,542032.376146611,3363208.12809725,25.768324277757188,3289.0,1258.0,3290.0760130037847,1256.5927450994209,438.9154740727071,1.7714881708658963
R_xml,831,542032.376146611,3363208.12809725,25.768324277757188,1280.0,2144.0,1280.3868603502333,2143.5489933914287,488.1722994221635,0.5941951628527794
R_xml,5,542003.6114309955,3363484.6061533373,24.317717212927903,2884.0,2629.0,2884.450772579181,2628.8902938795613,438.59178255714045,0.4639303299021535
R_xml,4,542003.6114309955,3363484.6061533373,24.317717212927903,2859.0,2133.0,2858.5980050366325,2132.438455639917,493.5562950204311,0.690602649078405
R_xml,6,542003.6114309955,3363484.6061533373,24.317717212927903,2916.0,3246.0,2916.615676751084,3245.480480887896,383.8423459543258,0.8055792758420773
R_xml,7,542003.6114309955,3363484.6061533373,24.317717212927903,2934.0,1019.0,2933.905702748518,1018.5694857317516,366.69249305667796,0.4407204406452907
R_xml,11,542003.6114309955,3363484.6061533373,24.317717212927903,2927.0,2399.0,2927.283603664654,2400.019502981818,367.5878719086698,1.0582142356539304
R_xml,9,542003.6114309955,3363484.6061533373,24.317717212927903,2935.0,1708.0,2935.2242117483984,1708.316932144303,367.0143525047803,0.38822273531108803
R_xml,122,542003.6114309955,3363484.6061533373,24.317717212927903,4984.0,3516.0,4985.070839139791,3514.451811530871,358.85095179015866,1.882440968331395
R_xml,102,542003.6114309955,3363484.6061533373,24.317717212927903,1388.0,476.0,1388.6433238898683,474.9235942175326,364.4685747143158,1.2539996155519892
R_xml,111,542003.6114309955,3363484.6061533373,24.317717212927903,1145.0,319.0,1145.584882299585,318.0557648881968,356.21824195588863,1.1107057444389936
R_xml,121,542003.6114309955,3363484.6061533373,24.317717212927903,4776.0,2875.0,4777.548113784476,2874.234962701469,413.0861873176798,1.726828989167399
R_xml,123,542003.6114309955,3363484.6061533373,24.317717212927903,4959.0,1417.0,4961.709330336521,1415.6812648747496,368.4593005940713,3.013226377649344
R_xml,13,542003.6114309955,3363484.6061533373,24.317717212927903,2919.0,3085.0,2919.6040277761635,3084.107009348744,368.350709864125,1.0780917667839387
R_xml,104,542003.6114309955,3363484.6061533373,24.317717212927903,1334.0,1136.0,1335.4445677967972,1136.0149784933667,365.35297041032123,1.4446454495158927
R_xml,343,542643.3878444986,3363831.5322508127,27.168843979015605,4174.0,532.0,4175.5022489052635,530.0772845109736,372.5811316938493,2.439997259241759
R_xml,455,542643.3878444986,3363831.5322508127,27.168843979015605,2236.0,1532.0,2236.273106978257,1531.708272237424,363.7088794353198,0.3996154514410171
R_xml,725,542643.3878444986,3363831.5322508127,27.168843979015605,2491.0,2616.0,2491.5849866472054,2615.5457340515027,633.726587319805,0.7406530425055656
R_xml,465,542643.3878444986,3363831.5322508127,27.168843979015605,3778.0,1863.0,3777.8681837694403,1862.9615419071586,523.431521304056,0.13731184779169825
R_xml,505,543166.9304332564,3362824.5006147935,12.573940792662995,4418.0,660.0,4421.103449260278,658.3761208360561,378.85649285702823,3.502624851480457
R_xml,418,543166.9304332564,3362824.5006147935,12.573940792662995,1880.0,2032.0,1879.9852864406535,2032.4804162547607,378.81920041588995,0.48064151575467734
R_xml,509,543166.9304332564,3362824.5006147935,12.573940792662995,4400.0,1955.0,4401.022481161528,1954.0526560489402,379.49604614669323,1.3938896252176234
R_xml,414,543166.9304332564,3362824.5006147935,12.573940792662995,1858.0,1260.0,1858.7664463508036,1260.094153284761,377.67995121680974,0.77220777624379
R_xml,507,543166.9304332564,3362824.5006147935,12.573940792662995,4426.0,1299.0,4427.319076328042,1298.581740811197,378.7454241422605,1.3838002414432042
R_xml,283,543166.9304332564,3362824.5006147935,12.573940792662995,361.0,2976.0,363.7956785850747,2974.8266061406202,378.5016228966612,3.031941935505273
R_xml,390,543166.9304332564,3362824.5006147935,12.573940792662995,2429.0,303.0,2428.8902678308423,302.1001733882299,376.7212172065212,0.9064927358769669
R_xml,1054,543166.9304332564,3362824.5006147935,12.573940792662995,3119.0,1220.0,3118.44717417387,1218.7748533425097,450.28044623664476,1.3440984809143255
R_xml,416,543166.9304332564,3362824.5006147935,12.573940792662995,1870.0,1459.0,1869.9895408256784,1459.0245701861604,377.8124834904614,0.02670371463760269
R_xml,1071,543166.9304332564,3362824.5006147935,12.573940792662995,2979.0,2505.0,2978.614503305267,2504.273906756743,463.244469364737,0.822082173236485
R_xml,597,543564.5558506289,3363539.664784957,15.217063091295586,473.0,2292.0,474.9761120916596,2290.846416657266,480.68212053691616,2.2881812706680797
R_xml,600,543564.5558506289,3363539.664784957,15.217063091295586,224.0,2775.0,227.7353891868961,2773.82375470429,427.44304681834205,3.916208034982346
R_xml,660,543564.5558506289,3363539.664784957,15.217063091295586,4180.0,1266.0,4181.252219630788,1265.3629269026585,452.0399972818387,1.4049612575041484
R_xml,164,542683.2085194169,3362638.329249247,18.925408833437643,3234.0,2263.0,3234.3227681802027,2263.400619968221,373.3211201142535,0.5144663809119122
R_xml,187,542683.2085194169,3362638.329249247,18.925408833437643,983.0,2709.0,983.9168275018073,2708.6359353158277,372.7830366315575,0.986466300656921
R_xml,170,542683.2085194169,3362638.329249247,18.925408833437643,3023.0,1091.0,3023.706296593202,1089.5018525052385,429.92547551593674,1.6562912768075175
R_xml,185,542683.2085194169,3362638.329249247,18.925408833437643,979.0,2037.0,980.8468956442912,2037.3483213810962,371.88691142285,1.8794550554430631
R_xml,180,542683.2085194169,3362638.329249247,18.925408833437643,1154.0,2939.0,1155.100965030183,2938.977527225823,410.3437281960613,1.1011943621655254
R_xml,1078,542683.2085194169,3362638.329249247,18.925408833437643,3452.0,1781.0,3453.03597382969,1780.2650436537126,544.2354364955323,1.2701978612606282
R_xml,162,542683.2085194169,3362638.329249247,18.925408833437643,3284.0,1574.0,3284.7174798606234,1573.796930315065,372.48895715582455,0.7456638970338433
R_xml,1043,542683.2085194169,3362638.329249247,18.925408833437643,2543.0,1201.0,2542.736895926226,1200.3191270365123,439.34001992953176,0.729939549582595
R_xml,1045,542683.2085194169,3362638.329249247,18.925408833437643,2551.0,1689.0,2549.9327935910364,1689.4539106609454,493.9728865658364,1.159726005336095
R_xml,65,542683.2085194169,3362638.329249247,18.925408833437643,3032.0,984.0,3032.7933370615424,982.9153772960108,371.25203666052766,1.343796898056254
R_xml,67,542683.2085194169,3362638.329249247,18.925408833437643,3029.0,1659.0,3029.6534180661615,1658.435765530468,372.44143088566346,0.8633166891670537
R_xml,69,542683.2085194169,3362638.329249247,18.925408833437643,3029.0,2353.0,3028.6792823285336,2352.1106228463673,373.83712054699515,0.9454372248830926
R_xml,64,542683.2085194169,3362638.329249247,18.925408833437643,3028.0,3232.0,3027.292945021563,3231.4749447320655,389.0219286215749,0.8806871050029246
R_xml,181,542683.2085194169,3362638.329249247,18.925408833437643,996.0,706.0,996.5098007343172,705.9780781821219,369.46948635500604,0.5102718440296644
R_xml,169,542683.2085194169,3362638.329249247,18.925408833437643,3088.0,687.0,3087.925622034168,686.0153030607053,393.814024794808,0.9875019716728224
R_xml,182,542683.2085194169,3362638.329249247,18.925408833437643,914.0,3794.0,917.169070757589,3792.142914101214,343.53742180430277,3.6731155035031686
R_xml,1080,542683.2085194169,3362638.329249247,18.925408833437643,3537.0,2202.0,3536.780682620949,2201.908680161324,488.7210421116123,0.2375698332904588
R_xml,76,542303.0864198281,3362721.1126974123,20.908498186666975,250.0,1870.0,253.3030961489112,1869.2491064960977,368.8942988677923,3.3873714327121958
R_xml,79,542303.0864198281,3362721.1126974123,20.908498186666975,259.0,2575.0,262.214626191173,2573.6853521426133,370.6890836554083,3.4730563683745452
R_xml,33,542303.0864198281,3362721.1126974123,20.908498186666975,4072.0,307.0,4074.8391698622054,304.58306837580085,369.86157321804075,3.7285981256377405
R_xml,60,542303.0864198281,3362721.1126974123,20.908498186666975,1502.0,657.0,1502.1889390016104,657.4021314907891,783.6282883483212,0.4443058431011023
R_xml,82,542303.0864198281,3362721.1126974123,20.908498186666975,258.0,3251.0,261.3758819215109,3247.887900362573,371.20300331001386,4.591485914304593
R_xml,75,542303.0864198281,3362721.1126974123,20.908498186666975,249.0,1816.0,252.3208377283222,1815.8436712641997,368.7288773767691,3.324515286697461
R_xml,173,542303.0864198281,3362721.1126974123,20.908498186666975,4014.0,3131.0,4013.8466454605914,3130.6743854940523,795.6614575979382,0.3599200206167641
R_xml,171,542303.0864198281,3362721.1126974123,20.908498186666975,4291.0,2739.0,4291.108713423604,2738.8819294286905,684.741278589472,0.16049694165646194
R_xml,172,542303.0864198281,3362721.1126974123,20.908498186666975,4139.0,2952.0,4139.208380748598,2952.0342615753757,740.4517796779589,0.21117857830145426
R_xml,170,542303.0864198281,3362721.1126974123,20.908498186666975,4464.0,2490.0,4465.535497778155,2489.5917199873975,629.1398467967182,1.5888505264532193
R_xml,177,542303.0864198281,3362721.1126974123,20.908498186666975,468.0,808.0,468.6578879991116,807.7434210623614,747.553291659021,0.7061510961648384
R_xml,555,543567.6427473249,3363096.049387987,21.39568787431557,3612.0,2740.0,3611.8473518016144,2740.087805090465,678.3519288595384,0.17609998972714028
R_xml,494,543567.6427473249,3363096.049387987,21.39568787431557,779.0,1769.0,780.2369845091248,1767.8435977609724,547.4569157362268,1.6933389543274133
R_xml,603,543567.6427473249,3363096.049387987,21.39568787431557,2237.0,1243.0,2237.4313766113164,1242.657292017398,637.064462439464,0.5509396901022174
R_xml,546,543567.6427473249,3363096.049387987,21.39568787431557,3947.0,1868.0,3947.8551691468583,1867.0777898570234,515.5775282143829,1.257690668466344
R_xml,549,543567.6427473249,3363096.049387987,21.39568787431557,3834.0,2208.0,3834.4991128237016,2208.488765228871,568.4650843339891,0.6985735893496811
R_xml,552,543567.6427473249,3363096.049387987,21.39568787431557,3712.0,2502.0,3712.7280442640267,2502.3532754975804,623.5502542395631,0.8092292799774906
R_xml,606,543567.6427473249,3363096.049387987,21.39568787431557,2177.0,1516.0,2176.0994997103317,1515.401381813766,584.0141605612703,1.0813160983648102
R_xml,9,541957.0333619833,3363461.55569511,27.252506220059388,3464.0,1739.0,3463.506359894212,1738.7692766336777,364.3712605585845,0.5448979957840765
R_xml,7,541957.0333619833,3363461.55569511,27.252506220059388,3459.0,1045.0,3459.5437708272475,1044.6067102632594,364.0747447751219,0.6710912975079613
R_xml,110,541957.0333619833,3363461.55569511,27.252506220059388,695.0,3089.0,696.2963979451474,3087.5587766083772,364.5919773624765,1.9384974843272538
R_xml,112,541957.0333619833,3363461.55569511,27.252506220059388,743.0,748.0,743.379180178446,747.3738265505115,385.1058915949161,0.7320319641727885
R_xml,11,541957.0333619833,3363461.55569511,27.252506220059388,3454.0,2435.0,3453.7301740488233,2435.5826003242178,364.9443088454844,0.6420507625624747
R_xml,15,541957.0333619833,3363461.55569511,27.252506220059388,3413.0,3775.0,3413.1338680491654,3773.5223752154734,366.468723062989,1.4836763995004472
R_xml,102,541957.0333619833,3363461.55569511,27.252506220059388,892.0,433.0,892.6744630858727,431.9718627041743,361.4025955652402,1.2296205728893335
R_xml,681,542523.2017263529,3363872.302965206,23.699406430530587,2694.0,2479.0,2694.1081816742176,2478.7395836025958,451.3323706966922,0.28199286280599717
R_xml,719,542523.2017263529,3363872.302965206,23.699406430530587,1612.0,1064.0,1612.4689793283708,1062.6708890125635,421.70454639365175,1.4094245731373778
R_xml,254,542523.2017263529,3363872.302965206,23.699406430530587,1359.0,2489.0,1360.683526931217,2488.901004695516,609.8714278528006,1.6864349968033676
R_xml,491,543384.4732384895,3363205.5047219694,15.843386277897537,1271.0,2305.0,1272.6550522329694,2304.20642611488,482.6121765431386,1.8354719842595661
R_xml,494,543384.4732384895,3363205.5047219694,15.843386277897537,1053.0,2908.0,1054.1726830740222,2906.821735213596,418.75245733029686,1.662375859719263
R_xml,496,543384.4732384895,3363205.5047219694,15.843386277897537,866.0,475.0,867.2999313553694,473.7941606723555,373.3894449499046,1.7730961656849518
R_xml,497,543384.4732384895,3363205.5047219694,15.843386277897537,832.0,3543.0,834.6336200235196,3541.231537114516,365.02618501439525,3.1722886699696646
R_xml,449,542969.922870688,3363506.366041059,20.015979646924336,3378.0,3867.0,3378.178421372918,3866.671152611001,373.70558740546704,0.3741320509730022
R_xml,916,542969.922870688,3363506.366041059,20.015979646924336,633.0,3572.0,635.6010437775642,3570.4039506058516,356.08535560541355,3.0516884509017137
R_xml,362,542969.922870688,3363506.366041059,20.015979646924336,884.0,154.0,885.2617340318245,153.42322334498022,369.2007768147935,1.387315420818194
R_xml,374,542969.922870688,3363506.366041059,20.015979646924336,756.0,3023.0,757.9331974767895,3021.76845332213,370.7489769499816,2.292151762872147
R_xml,448,542969.922870688,3363506.366041059,20.015979646924336,3414.0,353.0,3415.138010535741,350.6508237931141,365.3548809318657,2.61030588829291
R_xml,784,542969.922870688,3363506.366041059,20.015979646924336,4811.0,3686.0,4811.695676666991,3685.3468943374455,349.18321903510406,0.9542080650761458
R_xml,932,543443.3424215944,3363326.9710102347,13.899330175351906,2073.0,2398.0,2073.044603730293,2397.7276956308683,471.4326759626296,0.2759332567927811
R_xml,927,543443.3424215944,3363326.9710102347,13.899330175351906,4105.0,1113.0,4105.2024602435995,1111.5641905147663,437.93483261460665,1.450013457911808
R_xml,928,543443.3424215944,3363326.9710102347,13.899330175351906,3946.0,1612.0,3945.7449167613577,1611.1495269200327,493.9053638455067,0.8879031019121976
R_xml,996,543443.3424215944,3363326.9710102347,13.899330175351906,2388.0,1719.0,2388.7627599063153,1719.0083591639527,505.19826444143837,0.7628057094071249
R_xml,929,543443.3424215944,3363326.9710102347,13.899330175351906,3809.0,2012.0,3809.2904960293954,2010.7154512012169,550.0219437174782,1.3169865449387426
R_xml,1059,543443.3424215944,3363326.9710102347,13.899330175351906,394.0,544.0,395.6915589163673,544.3419587412295,377.5466743271504,1.7257773171081314
R_xml,931,543443.3424215944,3363326.9710102347,13.899330175351906,2132.0,1943.0,2131.5246721377825,1942.2804181779757,525.9326248111273,0.862400472627469
R_xml,644,543443.3424215944,3363326.9710102347,13.899330175351906,2517.0,1233.0,2516.3272595043727,1232.2289550485575,376.37010669814043,1.0232742015715102
R_xml,249,542692.4607889748,3363356.9809631915,18.580716613005563,1833.0,606.0,1833.1233323004062,605.2713773062205,370.8437715754498,0.7389870676905939
R_xml,252,542692.4607889748,3363356.9809631915,18.580716613005563,1804.0,1361.0,1803.4435364792532,1361.548678768077,372.07038616374257,0.7814729940698
R_xml,255,542692.4607889748,3363356.9809631915,18.580716613005563,1768.0,2108.0,1768.2358570216188,2108.6466457265155,372.4775806216002,0.6883162283919456
R_xml,364,542692.4607889748,3363356.9809631915,18.580716613005563,3885.0,895.0,3885.6130685578396,894.3424382556877,372.37961989828483,0.8990219709186793
R_xml,263,542692.4607889748,3363356.9809631915,18.580716613005563,1771.0,817.0,1771.0260967124639,816.6085200576915,402.6889398082733,0.3923488035298077
R_xml,444,542692.4607889748,3363356.9809631915,18.580716613005563,437.0,2313.0,438.7627782996565,2311.8546857875785,373.49349139081204,2.1021731562633814
R_xml,365,542692.4607889748,3363356.9809631915,18.580716613005563,3903.0,977.0,3904.097861925128,976.7703568759529,372.46730909864937,1.1216223834554668
R_xml,260,542692.4607889748,3363356.9809631915,18.580716613005563,1690.0,94.0,1689.6418374704078,91.94119687410739,346.7267528756004,2.0897250318616174
R_xml,436,542692.4607889748,3363356.9809631915,18.580716613005563,584.0,3221.0,586.7704306159321,3219.6756751171342,386.4581827329057,3.070687576597707
R_xml,210,542692.4607889748,3363356.9809631915,18.580716613005563,4475.0,2629.0,4476.899819399683,2628.9529216693277,373.92884261434517,1.9004026206652072
R_xml,371,542692.4607889748,3363356.9809631915,18.580716613005563,3844.0,2441.0,3844.0819717003124,2440.422608510484,374.4374977728083,0.5831811826673974
R_xml,248,542692.4607889748,3363356.9809631915,18.580716613005563,1836.0,543.0,1836.1925466392895,542.3533753610061,370.7232328551224,0.6746833568835621
R_xml,319,542692.4607889748,3363356.9809631915,18.580716613005563,2468.0,715.0,2467.5458279441855,715.1202411494132,370.7732611607573,0.4698193166473752
R_xml,202,542692.4607889748,3363356.9809631915,18.580716613005563,4513.0,3492.0,4515.0700154047345,3491.6130070322374,365.8576127378397,2.1058792303775946
R_xml,207,542692.4607889748,3363356.9809631915,18.580716613005563,4504.0,1883.0,4505.440799928218,1882.0024632814072,372.87091979027343,1.7524223058655302
R_xml,204,542692.4607889748,3363356.9809631915,18.580716613005563,4506.0,1149.0,4508.885500390654,1148.2749744463595,371.9677985609417,2.9751931967344185
R_xml,907,542692.4607889748,3363356.9809631915,18.580716613005563,802.0,3023.0,804.0235286658053,3021.3976000711264,404.452516860609,2.58115357803252
R_xml,908,542692.4607889748,3363356.9809631915,18.580716613005563,571.0,3685.0,574.7185133170419,3682.775475035124,350.0076393225655,4.333111192708313
R_xml,368,542692.4607889748,3363356.9809631915,18.580716613005563,3872.0,1692.0,3872.6367321015377,1692.1688698563798,373.3858243875722,0.6587448652721497
R_xml,811,542692.4607889748,3363356.9809631915,18.580716613005563,1683.0,3199.0,1684.1232417972299,3197.118971269594,390.80003920383956,2.190876815262913
R_xml,841,542692.4607889748,3363356.9809631915,18.580716613005563,2696.0,3067.0,2695.44728828726,3067.1362131338483,403.52480660375124,0.569248851762247
R_xml,376,542692.4607889748,3363356.9809631915,18.580716613005563,3784.0,418.0,3786.086070684467,416.0308791717482,372.9448740913034,2.868645627617191
R_xml,438,542692.4607889748,3363356.9809631915,18.580716613005563,484.0,893.0,486.34247001683616,892.4496694992524,371.7018288753726,2.4062480004832163
R_xml,820,542692.4607889748,3363356.9809631915,18.580716613005563,1569.0,295.0,1569.5291942124043,293.8828820003496,362.50171122780597,1.2361226231993006
R_xml,447,542692.4607889748,3363356.9809631915,18.580716613005563,429.0,3012.0,432.09143856258606,3011.1750920829727,373.96362624271023,3.19960395327586
R_xml,433,542692.4607889748,3363356.9809631915,18.580716613005563,788.0,2637.0,789.8044850948263,2636.649182983609,438.99417614635155,1.8382706646301368
R_xml,247,543037.699807729,3363208.6356171025,17.887097966649094,916.0,1370.0,916.0199042324905,1370.2487071234393,617.2958447603464,0.24950232808632294
R_xml,253,543037.699807729,3363208.6356171025,17.887097966649094,550.0,2032.0,551.8267250194758,2032.3688346698773,512.8382046481604,1.8635888254876418
R_xml,245,543037.699807729,3363208.6356171025,17.887097966649094,1048.0,1136.0,1048.5577208146176,1135.231436211776,665.1103427302969,0.9496013919675919
R_xml,250,543037.699807729,3363208.6356171025,17.887097966649094,744.0,1668.0,745.637431532095,1667.596773114502,565.0888179994179,1.6863492946265202
R_xml,220,543037.699807729,3363208.6356171025,17.887097966649094,4632.0,2816.0,4633.507883021143,2814.8505300084526,717.4526028063684,1.8960465360639664
R_xml,237,543037.699807729,3363208.6356171025,17.887097966649094,1473.0,474.0,1472.5684200155526,472.7152337994821,878.147928796695,1.3553174805073254
R_xml,227,543037.699807729,3363208.6356171025,17.887097966649094,4143.0,3361.0,4144.259379012302,3359.6254010231805,906.9267363586222,1.86428480756017
R_xml,366,543037.699807729,3363208.6356171025,17.887097966649094,2001.0,1840.0,2001.5962887950027,1840.1588386350961,538.883792635067,0.6170818738586968
R_xml,603,543312.2193232286,3363306.608170065,19.357818175351042,2983.0,2856.0,2982.4498766520755,2856.6117877592933,420.74285512127454,0.8227514572170131
R_xml,925,543312.2193232286,3363306.608170065,19.357818175351042,3808.0,876.0,3808.1378466243623,875.4911873911026,409.8296796140609,0.527154591008245
R_xml,935,543312.2193232286,3363306.608170065,19.357818175351042,2371.0,3226.0,2371.570927850531,3224.6143497592107,389.28950389206994,1.498661135918166
R_xml,437,543312.2193232286,3363306.608170065,19.357818175351042,5054.0,869.0,5058.359440486222,867.1682385919821,404.2917827406079,4.728643696539077
R_xml,934,543312.2193232286,3363306.608170065,19.357818175351042,2410.0,2603.0,2410.5951438379134,2602.9976569420496,444.36027821958885,0.5951484501591433
R_xml,614,543312.2193232286,3363306.608170065,19.357818175351042,2932.0,2596.0,2932.8625551772957,2596.2350383571293,373.2344704831753,0.8940047333217115
R_xml,624,543312.2193232286,3363306.608170065,19.357818175351042,2772.0,1670.0,2772.8550434353374,1670.1859403948831,493.1394426756916,0.8750274891469757
R_xml,644,543312.2193232286,3363306.608170065,19.357818175351042,1308.0,762.0,1307.88806541825,761.514633698604,369.8705719972048,0.4981062106843553
R_xml,641,543312.2193232286,3363306.608170065,19.357818175351042,1559.0,2506.0,1559.3192430409695,2505.8257049126837,454.10818817472403,0.3637236542624475
R_xml,993,543312.2193232286,3363306.608170065,19.357818175351042,1973.0,1059.0,1972.5542943383343,1059.1074168997202,422.5447846429517,0.4584669313989076
R_xml,611,543312.2193232286,3363306.608170065,19.357818175351042,2954.0,1842.0,2953.869175768574,1841.8518721230193,372.14003775266724,0.19762805333995587
R_xml,994,543312.2193232286,3363306.608170065,19.357818175351042,2026.0,1577.0,2025.3998263411759,1577.0574204660095,477.6804941264875,0.6029141984255252
R_xml,657,543312.2193232286,3363306.608170065,19.357818175351042,1462.0,1272.0,1461.804638352693,1270.9846967452968,446.83981787369356,1.0339278854201748
R_xml,660,543312.2193232286,3363306.608170065,19.357818175351042,1581.0,1724.0,1580.873015312002,1724.2953041006797,501.0301812422352,0.3214492539486978
R_xml,646,543312.2193232286,3363306.608170065,19.357818175351042,1289.0,1440.0,1289.4578882092487,1439.7154748048188,371.01614258528167,0.5390883033992848
R_xml,538,543312.2193232286,3363306.608170065,19.357818175351042,3395.0,613.0,3395.7585859415303,612.9279470997474,370.7889436300126,0.7620001647783737
R_xml,547,543312.2193232286,3363306.608170065,19.357818175351042,3359.0,2861.0,3359.56768136134,2860.1301550727803,373.01348300367755,1.038697417645098
R_xml,652,543312.2193232286,3363306.608170065,19.357818175351042,1277.0,3436.0,1278.5754222485746,3433.83118270216,373.777214721263,2.6806200276642196
R_xml,537,543312.2193232286,3363306.608170065,19.357818175351042,3392.0,548.0,3392.460419661532,547.5330492290911,370.6856287007945,0.6557661833134647
R_xml,654,543312.2193232286,3363306.608170065,19.357818175351042,1320.0,694.0,1319.886934638976,693.3048108096698,391.6832713224348,0.7043236374107047
R_xml,620,543312.2193232286,3363306.608170065,19.357818175351042,2871.0,683.0,2871.6495550284926,682.1609918473587,393.28081057613826,1.0610638129908363
R_xml,1002,543312.2193232286,3363306.608170065,19.357818175351042,4155.0,2715.0,4155.281275618077,2714.791569337733,434.0429192250519,0.35008472445659133
R_xml,600,543312.2193232286,3363306.608170065,19.357818175351042,2965.0,2335.0,2965.026067224051,2335.4157957963625,473.8409081560596,0.41661210309170316
R_xml,648,543312.2193232286,3363306.608170065,19.357818175351042,1267.0,2120.0,1268.1786653346646,2119.211735594193,371.5912764313839,1.417960769768334
R_xml,992,543312.2193232286,3363306.608170065,19.357818175351042,1886.0,392.0,1886.5994726050762,391.0736010975029,366.96154967950406,1.1034411315447474
R_xml,496,543312.2193232286,3363306.608170065,19.357818175351042,898.0,1642.0,898.6242626398846,1641.990555633542,370.93285035764563,0.6243340769279467
R_xml,1003,543312.2193232286,3363306.608170065,19.357818175351042,4322.0,3321.0,4322.4127444324295,3321.3119960049435,380.12156656737704,0.5173968241129849
R_xml,504,543312.2193232286,3363306.608170065,19.357818175351042,843.0,365.0,843.0164959823408,363.52054854317635,362.38962548088676,1.4795434196166795
R_xml,869,543312.2193232286,3363306.608170065,19.357818175351042,566.0,3026.0,569.1942645681702,3024.400992339624,402.71881965454327,3.5721354438779516
R_xml,617,543312.2193232286,3363306.608170065,19.357818175351042,2901.0,3339.0,2902.1165641401994,3337.9010410456385,374.31731384148696,1.566660863923841
R_xml,1059,543312.2193232286,3363306.608170065,19.357818175351042,400.0,1479.0,402.03013684593725,1477.6564269233259,461.64164539776544,2.4344700091797553
R_xml,536,543312.2193232286,3363306.608170065,19.357818175351042,3353.0,3067.0,3352.2157603250225,3066.6305972199525,402.1210595699245,0.8668853913382013
R_xml,608,543312.2193232286,3363306.608170065,19.357818175351042,2974.0,1082.0,2974.767310978224,1081.9631633154168,371.06217261174993,0.76819468797578
R_xml,550,543312.2193232286,3363306.608170065,19.357818175351042,3308.0,3589.0,3308.891762526451,3587.6471532380497,374.0814957636696,1.6203193404085903
R_xml,926,543312.2193232286,3363306.608170065,19.357818175351042,3663.0,1435.0,3662.6372355568146,1435.3458749448682,466.38789333965633,0.5012260156129081
R_xml,541,543312.2193232286,3363306.608170065,19.357818175351042,3398.0,1356.0,3398.4075880594373,1355.83106867778,371.32742420266675,0.44120949425742995
R_xml,499,543312.2193232286,3363306.608170065,19.357818175351042,871.0,2381.0,871.4682319868339,2379.789446004094,371.6054515560475,1.2979530694515555
R_xml,534,543312.2193232286,3363306.608170065,19.357818175351042,3285.0,2538.0,3284.4470181551,2538.2889428237204,451.59754940529416,0.6239205687973791
R_xml,606,543312.2193232286,3363306.608170065,19.357818175351042,2990.0,3506.0,2990.377445143335,3504.4634780770793,368.146564393209,1.5822024067239402
R_xml,924,543312.2193232286,3363306.608170065,19.357818175351042,3975.0,178.0,3977.780672170845,175.2297285937036,353.44144981617995,3.925116735366497
R_xml,868,543312.2193232286,3363306.608170065,19.357818175351042,791.0,2471.0,793.1062583938015,2469.5390398682384,457.22644992731483,2.5633433106113306
R_xml,643,543312.2193232286,3363306.608170065,19.357818175351042,1391.0,3224.0,1391.6316459155594,3223.4943826296635,387.6507806423474,0.8090892953369442
R_xml,986,543312.2193232286,3363306.608170065,19.357818175351042,2034.0,2632.0,2033.8832768163907,2631.2453766253775,443.54067026929465,0.7635972361910072
R_xml,51,542298.3673160617,3362461.058795918,10.7781811261803,5056.0,3192.0,5056.802042519695,3191.2049570709783,383.0926005217611,1.1293207969330854
R_xml,52,542298.3673160617,3362461.058795918,10.7781811261803,5057.0,454.0,5060.861215319949,450.614174168933,376.8058218589164,5.13544548265592
R_xml,173,542298.3673160617,3362461.058795918,10.7781811261803,5062.0,2492.0,5063.290965808772,2491.6130419933143,650.4978771498837,1.3477125874445202
R_xml,61,542298.3673160617,3362461.058795918,10.7781811261803,312.0,1621.0,313.4296653085439,1619.9484568948426,579.513474146304,1.7747354159023412
R_xml,60,542298.3673160617,3362461.058795918,10.7781811261803,521.0,1330.0,522.2586982183429,1329.7017201192762,635.5786463123045,1.2935579198877514
R_xml,174,542298.3673160617,3362461.058795918,10.7781811261803,4856.0,2732.0,4858.440523614388,2731.9428621862944,706.2294232429418,2.4411923812232965
R_xml,98,541830.1938521714,3363392.094103092,25.260704789094973,255.0,2302.0,257.0259507878659,2300.7392368487795,465.22809479946596,2.3862104513914946
R_xml,11,541830.1938521714,3363392.094103092,25.260704789094973,4819.0,2448.0,4820.890586458135,2447.4521040371055,367.69429828866845,1.9683767784239263
R_xml,20,541830.1938521714,3363392.094103092,25.260704789094973,4365.0,1525.0,4366.579964121087,1523.902486049186,467.01693222614807,1.9237524518901086
R_xml,95,541830.1938521714,3363392.094103092,25.260704789094973,486.0,1903.0,488.4511392354416,1902.106316507479,516.5888979436156,2.608975610527169
R_xml,164,542912.9014204581,3362574.393980506,12.187663464933735,1695.0,532.0,1694.8967520835847,531.7962326345983,377.1158792409749,0.22843220317386514
R_xml,1080,542912.9014204581,3362574.393980506,12.187663464933735,2144.0,3478.0,2144.8274934237256,3476.289472966897,376.94448148493854,1.9001705442632055
R_xml,40,542912.9014204581,3362574.393980506,12.187663464933735,790.0,1643.0,792.1749338738209,1642.5356134911337,583.9883492179956,2.2239586743261794
R_xml,1076,542912.9014204581,3362574.393980506,12.187663464933735,2275.0,2294.0,2275.950608721781,2293.9963841235794,486.4021207167623,0.9506155986982396
R_xml,65,542912.9014204581,3362574.393980506,12.187663464933735,4585.0,2623.0,4586.474187014746,2622.6030968774357,383.1092992893247,1.5266824958543301
R_xml,67,542912.9014204581,3362574.393980506,12.187663464933735,4554.0,3239.0,4555.151041370464,3239.1353339183206,384.57707417462404,1.1589700194426238
R_xml,1078,542912.9014204581,3362574.393980506,12.187663464933735,2212.0,2806.0,2212.9146035121294,2805.237071178248,432.7073450490446,1.1910331529640894
R_xml,391,543048.7887715787,3363832.3377423533,16.69397170502981,712.0,3162.0,715.2946175268837,3159.671524139694,813.9474902289385,4.03439022412017
R_xml,512,543048.7887715787,3363832.3377423533,16.69397170502981,1717.0,3576.0,1718.122618657217,3575.1410087057975,978.2213559570446,1.4135553378085814
R_xml,528,543048.7887715787,3363832.3377423533,16.69397170502981,3060.0,171.0,3061.014793436184,169.47039422751914,1007.101193975468,1.8356196603133172
R_xml,638,543048.7887715787,3363832.3377423533,16.69397170502981,2298.0,132.0,2298.2209273649414,130.71838253547457,1028.4435072811143,1.300519982913195
R_xml,389,543048.7887715787,3363832.3377423533,16.69397170502981,616.0,3005.0,618.4476450796922,3002.416249170651,766.5904644819528,3.5590356536992434
R_xml,425,543048.7887715787,3363832.3377423533,16.69397170502981,4170.0,850.0,4172.464247804408,848.8707606301055,754.5189986101578,2.710663903188508
R_xml,413,543048.7887715787,3363832.3377423533,16.69397170502981,3785.0,243.0,3786.632046216255,240.33151245668796,988.7927783078211,3.128002656776877
R_xml,532,543048.7887715787,3363832.3377423533,16.69397170502981,3142.0,372.0,3141.9957779922165,370.51147718684774,910.4131460042902,1.488528800737304
R_xml,421,543048.7887715787,3363832.3377423533,16.69397170502981,3978.0,531.0,3980.2723240787036,529.5586307366846,854.0942949978854,2.6909110115138835
R_xml,419,543048.7887715787,3363832.3377423533,16.69397170502981,3896.0,398.0,3897.684716602756,395.98647883989383,902.4701587141841,2.625364259259463
R_xml,630,543048.7887715787,3363832.3377423533,16.69397170502981,2514.0,3720.0,2515.091097071275,3718.837396434711,1063.2639341647412,1.5944089403183197
R_xml,641,543048.7887715787,3363832.3377423533,16.69397170502981,2225.0,478.0,2225.174731403564,478.3629375045948,865.5217322251499,0.40280850988140493
R_xml,515,543048.7887715787,3363832.3377423533,16.69397170502981,1763.0,3723.0,1763.9082970178047,3722.4732781125745,1063.592057274675,1.0499711516255954
R_xml,395,543048.7887715787,3363832.3377423533,16.69397170502981,873.0,3413.0,874.9337798370996,3411.451754272439,911.3048398765619,2.477209981266057
R_xml,510,543048.7887715787,3363832.3377423533,16.69397170502981,1691.0,3476.0,1692.382921544654,3474.6074106805554,930.0468811719054,1.9625944592042743
R_xml,530,543048.7887715787,3363832.3377423533,16.69397170502981,3105.0,262.0,3106.3608317818625,260.87646165289175,958.1216181857753,1.7647100486906986
R_xml,400,543048.7887715787,3363832.3377423533,16.69397170502981,1061.0,3665.0,1063.3214678542583,3663.6570421703364,1039.8991221280348,2.6819300383510623
R_xml,417,543048.7887715787,3363832.3377423533,16.69397170502981,3859.0,316.0,3860.786059759661,313.69153773295784,945.7104559724601,2.9187338870540223
R_xml,639,543048.7887715787,3363832.3377423533,16.69397170502981,2254.0,238.0,2253.8207921242915,237.39120980861003,973.9841449099181,0.6346187515734
R_xml,626,543048.7887715787,3363832.3377423533,16.69397170502981,2525.0,3549.0,2525.3280644359324,3548.240101895377,965.157302664489,0.8276904031903455
R_xml,628,543048.7887715787,3363832.3377423533,16.69397170502981,2517.0,3636.0,2517.465712376392,3634.9403605726748,1012.3676696703333,1.1574643551603105
R_xml,506,543048.7887715787,3363832.3377423533,16.69397170502981,1602.0,3253.0,1604.0851574572678,3251.7512599534216,830.471211469195,2.4304800607139376
R_xml,504,543048.7887715787,3363832.3377423533,16.69397170502981,1551.0,3107.0,1551.4572247255546,3106.5287528849894,781.3174879875705,0.6566036042120647
R_xml,508,543048.7887715787,3363832.3377423533,16.69397170502981,1655.0,3373.0,1655.9811005782326,3371.7770870284776,880.7790474325067,1.567824760783594
R_xml,534,543048.7887715787,3363832.3377423533,16.69397170502981,3136.0,494.0,3137.259466342085,493.04704079377166,863.7287229280461,1.5793627561711112
R_xml,643,543048.7887715787,3363832.3377423533,16.69397170502981,2212.0,660.0,2212.336636775679,659.073689977974,798.6530136295492,0.9855833681862038
R_xml,689,542257.1952722678,3363645.010365752,23.871036555329738,2042.0,954.0,2042.7633875504425,953.5540058693829,410.77725329931866,0.8841217770847919
R_xml,205,542257.1952722678,3363645.010365752,23.871036555329738,2433.0,1213.0,2432.1822896053604,1213.131405010799,635.2137060403901,0.828201404469146
R_xml,123,542257.1952722678,3363645.010365752,23.871036555329738,2050.0,1411.0,2049.799410373772,1410.573234267812,366.41234309514806,0.471556134855905
R_xml,121,542257.1952722678,3363645.010365752,23.871036555329738,2177.0,2921.0,2178.0216980696505,2920.9949715773573,409.8618788699391,1.021710443600239
R_xml,122,542257.1952722678,3363645.010365752,23.871036555329738,2072.0,3619.0,2073.446140977602,3617.1726120914846,355.1988943633966,2.3303798607284576
R_xml,708,542257.1952722678,3363645.010365752,23.871036555329738,2192.0,262.0,2191.65967293366,261.780902634619,355.7973370386429,0.40475445346573874
R_xml,119,542257.1952722678,3363645.010365752,23.871036555329738,2337.0,1927.0,2336.9192300007912,1926.5505071141786,519.2430407800525,0.45669207041097154
R_xml,120,542257.1952722678,3363645.010365752,23.871036555329738,2270.0,2366.0,2269.7085858676287,2366.1641191852664,464.65492811135465,0.3344507490172747
R_xml,433,542257.1952722678,3363645.010365752,23.871036555329738,551.0,766.0,551.6149018812125,765.9906578470752,762.6633140096707,0.6149728443923058
R_xml,118,542257.1952722678,3363645.010365752,23.871036555329738,2394.0,1565.0,2393.6264753951186,1565.2202082930835,573.9345056153696,0.4336038777438748
R_xml,379,542257.1952722678,3363645.010365752,23.871036555329738,4281.0,3024.0,4281.665653074981,3024.667432357158,763.926597762222,0.9426345885932621
R_xml,430,542257.1952722678,3363645.010365752,23.871036555329738,690.0,620.0,691.3383321200986,618.9178172699469,816.2275346587688,1.7211194975691648
R_xml,688,542257.1952722678,3363645.010365752,23.871036555329738,1962.0,257.0,1962.1062657396285,255.2147825992763,354.8864501207916,1.788377358184077
R_xml,199,542257.1952722678,3363645.010365752,23.871036555329738,2489.0,789.0,2489.2079235145598,788.613290674539,740.2616672220287,0.43906296849695475
R_xml,501,542257.1952722678,3363645.010365752,23.871036555329738,4712.0,3418.0,4713.150878488446,3417.4611333637595,911.9864406665658,1.2707865858678538
R_xml,314,542713.4025894714,3363649.4148209323,31.015150525330625,3592.0,1314.0,3592.4964612388026,1314.2497472575885,606.133165602,0.5557404558841906
R_xml,801,542713.4025894714,3363649.4148209323,31.015150525330625,3363.0,701.0,3364.1126500090854,700.5197629145075,756.5656854080689,1.2118653807251547
R_xml,795,542713.4025894714,3363649.4148209323,31.015150525330625,2391.0,3140.0,2391.2152479512984,3138.7348306384115,768.1752448171936,1.2833492097010866
R_xml,639,542713.4025894714,3363649.4148209323,31.015150525330625,877.0,226.0,877.1335822634874,224.60414888256923,967.632386803243,1.402228427593424
R_xml,624,542713.4025894714,3363649.4148209323,31.015150525330625,4010.0,3482.0,4009.3333301894095,3481.571923383121,920.369416127695,0.7922740853211034
R_xml,733,542713.4025894714,3363649.4148209323,31.015150525330625,2398.0,526.0,2397.8173822172157,525.10002706012,823.9062972875097,0.9183139697865872
R_xml,641,542713.4025894714,3363649.4148209323,31.015150525330625,680.0,463.0,681.6942141493864,462.27577842257483,861.7419529173072,1.842514172859837
R_xml,276,542713.4025894714,3363649.4148209323,31.015150525330625,1354.0,3282.0,1355.755145500121,3281.198805516471,814.4329141044992,1.9293647470170274
R_xml,274,542713.4025894714,3363649.4148209323,31.015150525330625,1292.0,3146.0,1293.735177414715,3144.652285512744,764.6947719348393,2.19708329375483
R_xml,638,542713.4025894714,3363649.4148209323,31.015150525330625,994.0,112.0,995.0324666567001,110.58175389484313,1022.9029189416373,1.7542546599596276
R_xml,730,542713.4025894714,3363649.4148209323,31.015150525330625,3213.0,3559.0,3213.7661308510405,3558.7430608467052,934.5067336126818,0.8080681960156156
R_xml,719,542659.7341943552,3363849.7784292395,27.044967189137083,2332.0,122.0,2331.7728275932145,120.90432334851835,343.6156596840816,1.1189792790783744
R_xml,580,542659.7341943552,3363849.7784292395,27.044967189137083,5090.0,2065.0,5093.055334267616,2065.0911530262483,495.24314518922597,3.0566936976186176
R_xml,792,542659.7341943552,3363849.7784292395,27.044967189137083,1050.0,2228.0,1052.1833169349977,2226.984847775182,562.4576592918597,2.4077804879599487
R_xml,569,542659.7341943552,3363849.7784292395,27.044967189137083,435.0,948.0,437.3873613169999,946.8071720007774,361.89823092638795,2.6687698839796505
R_xml,352,542659.7341943552,3363849.7784292395,27.044967189137083,1831.0,3244.0,1831.1782797566652,3242.8048202583204,379.2890010238935,1.208403197015736
R_xml,235,542659.7341943552,3363849.7784292395,27.044967189137083,406.0,2366.0,408.5980464733393,2364.8438547849205,459.64211029831495,2.843680227448589
R_xml,344,542659.7341943552,3363849.7784292395,27.044967189137083,4160.0,1124.0,4160.427408683781,1123.0994917879507,424.90190383760864,0.9967914641187197
R_xml,470,542659.7341943552,3363849.7784292395,27.044967189137083,3887.0,2224.0,3886.916184070581,2224.9267991946476,364.7087769547776,0.9305814618956565
R_xml,460,542659.7341943552,3363849.7784292395,27.044967189137083,2354.0,550.0,2353.9730573560078,549.395817878878,373.71499269780816,0.604782557245796
R_xml,351,542659.7341943552,3363849.7784292395,27.044967189137083,1948.0,2617.0,1948.6772891913051,2617.285067321818,434.0649284625901,0.7348360542511011
R_xml,234,542659.7341943552,3363849.7784292395,27.044967189137083,647.0,1940.0,649.2173413159744,1938.5688909231012,514.9794322866877,2.639067202916446
R_xml,793,542659.7341943552,3363849.7784292395,27.044967189137083,1186.0,2529.0,1187.125416558317,2528.3349992919393,618.7614409055689,1.3072063232158206
R_xml,521,543377.4828964417,3362590.4445292368,12.661447793172044,990.0,2377.0,990.3029574576256,2376.351627100426,478.4214672316265,0.7156609798172523
R_xml,523,543377.4828964417,3362590.4445292368,12.661447793172044,575.0,3439.0,578.4538953729825,3436.3787710619663,374.2908474945631,4.335923707019688
R_xml,527,543377.4828964417,3362590.4445292368,12.661447793172044,603.0,3447.0,605.290841675629,3444.336786603759,381.07893683262995,3.512927721533346
R_xml,519,543377.4828964417,3362590.4445292368,12.661447793172044,3560.0,890.0,3560.518169108398,889.2873502227367,415.94321452828274,0.881118000004264
R_xml,1069,543377.4828964417,3362590.4445292368,12.661447793172044,797.0,1992.0,799.3012964476563,1991.1233652826072,523.3561882236814,2.4626111686041776
R_xml,1070,543377.4828964417,3362590.4445292368,12.661447793172044,603.0,2424.0,605.2103337022056,2423.4467355660167,468.7271213416932,2.2785250951035856
R_xml,1071,543377.4828964417,3362590.4445292368,12.661447793172044,394.0,2946.0,397.2087666901434,2944.241027919825,415.31358856282515,3.6592576365445932
R_xml,366,542915.9601076373,3363136.962125952,24.25933247694178,2977.0,1817.0,2978.012166001514,1817.3157709006823,534.2146553305329,1.0602788672506012
R_xml,446,542915.9601076373,3363136.962125952,24.25933247694178,1538.0,1948.0,1537.9978031764747,1948.0185814832178,521.9873034101433,0.018710893943721472
R_xml,488,542915.9601076373,3363136.962125952,24.25933247694178,4915.0,3006.0,4915.827976030269,3004.906659586102,399.2119769144476,1.3714727731033318
R_xml,919,542915.9601076373,3363136.962125952,24.25933247694178,3462.0,720.0,3462.5143410878,718.3736595955086,391.73017237186565,1.7057344066063103
R_xml,920,542915.9601076373,3363136.962125952,24.25933247694178,3389.0,1150.0,3389.1745245575657,1149.3395064019683,431.15374594296384,0.6831622166326434
R_xml,359,542915.9601076373,3363136.962125952,24.25933247694178,2924.0,1022.0,2923.8707217196848,1022.0899598062673,682.9125193170104,0.1574980650830933
R_xml,443,542915.9601076373,3363136.962125952,24.25933247694178,1435.0,1517.0,1435.2768232501505,1517.4003080346847,467.4010961468567,0.4867007648001378
R_xml,921,542915.9601076373,3363136.962125952,24.25933247694178,3300.0,1655.0,3300.2073618425875,1654.277558171075,487.4381596810319,0.7516123535052595
R_xml,448,542915.9601076373,3363136.962125952,24.25933247694178,1589.0,2229.0,1589.8340810095156,2229.582617957465,566.2642669539988,1.0174157531684467
R_xml,874,542915.9601076373,3363136.962125952,24.25933247694178,990.0,2728.0,992.005163083554,2726.9710509464667,423.97098920478345,2.2537557867734295
R_xml,607,542645.0152358592,3364215.2682955065,27.2447157358784,3157.0,3577.0,3157.686269919839,3576.237690799455,964.6567328807951,1.0257103490321873
R_xml,492,542645.0152358592,3364215.2682955065,27.2447157358784,2322.0,3564.0,2323.0041304723927,3562.747616454045,933.2720739117573,1.60522352081159
R_xml,157,542645.0152358592,3364215.2682955065,27.2447157358784,282.0,3664.0,285.74922316865786,3659.683606709428,1061.5629373875013,5.717335516417952
R_xml,433,542645.0152358592,3364215.2682955065,27.2447157358784,3288.0,213.0,3289.4261149314016,212.28877419253354,966.5880825668429,1.593626664803532
R_xml,957,542464.5075660727,3362985.0226176153,20.626976638480244,3541.0,693.0,3542.2024900621736,692.0923577287131,392.22693284492505,1.5065844955571723
R_xml,969,542464.5075660727,3362985.0226176153,20.626976638480244,657.0,3544.0,659.5305597562808,3542.344581669724,358.8709112560573,3.023928327246165
R_xml,39,542464.5075660727,3362985.0226176153,20.626976638480244,1372.0,3145.0,1373.0576785630826,3143.5509182620535,371.8498828098251,1.7940239201455697
R_xml,41,542464.5075660727,3362985.0226176153,20.626976638480244,1362.0,3398.0,1363.30595434541,3397.612665096698,371.89535615409164,1.3621839375104465
R_xml,42,542464.5075660727,3362985.0226176153,20.626976638480244,1367.0,534.0,1367.4687444637475,533.8425157666443,376.9441118867697,0.4944923215274102
R_xml,968,542464.5075660727,3362985.0226176153,20.626976638480244,869.0,2875.0,870.185640113064,2874.123802010931,413.1794668664276,1.4742677483263442
R_xml,966,542464.5075660727,3362985.0226176153,20.626976638480244,1195.0,1903.0,1196.7305750800726,1903.4068581532456,520.7797589009873,1.7777580444567926
R_xml,714,541894.5909601472,3363706.5890384107,25.232217686180604,1198.0,2913.0,1200.1871433340352,2911.4886177590647,721.2296482256819,2.6585470170432024
R_xml,746,541894.5909601472,3363706.5890384107,25.232217686180604,4678.0,981.0,4680.9976332808465,979.0434085952448,697.5845597519967,3.5796725006067334
R_xml,783,541894.5909601472,3363706.5890384107,25.232217686180604,234.0,2897.0,237.76637188215636,2894.5642958748886,715.3983252762578,4.485332957516417
R_xml,686,541894.5909601472,3363706.5890384107,25.232217686180604,3643.0,1285.0,3643.637828590185,1283.6650715765913,615.303905599069,1.4794793699412783
R_xml,682,541894.5909601472,3363706.5890384107,25.232217686180604,3385.0,491.0,3386.281192676248,489.91193157026805,832.6994432088437,1.6808770274623186
R_xml,785,541894.5909601472,3363706.5890384107,25.232217686180604,394.0,3066.0,396.81654134709106,3064.0455763317377,771.4878992022507,3.428217763640068
R_xml,716,541894.5909601472,3363706.5890384107,25.232217686180604,1298.0,3086.0,1299.961412708377,3084.3211037180263,776.805913747239,2.58182736413735
R_xml,748,541894.5909601472,3363706.5890384107,25.232217686180604,4821.0,1209.0,4823.975995762734,1207.2082710978866,644.8497698875949,3.473736207382251
R_xml,683,541894.5909601472,3363706.5890384107,25.232217686180604,3463.0,642.0,3463.423363386799,641.0164894068523,776.737172952597,1.0707612451501647
R_xml,808,541894.5909601472,3363706.5890384107,25.232217686180604,5072.0,548.0,5076.419384014086,545.2498731094554,852.4864351907057,5.205204412706189
R_xml,750,541894.5909601472,3363706.5890384107,25.232217686180604,5001.0,1469.0,5003.587092750756,1466.7314328590626,590.176472380663,3.44084957153814
R_xml,744,541894.5909601472,3363706.5890384107,25.232217686180604,4544.0,779.0,4546.509696885222,777.2028312171724,750.7961158069533,3.0868096944359897
R_xml,681,541894.5909601472,3363706.5890384107,25.232217686180604,3335.0,367.0,3336.091178265604,366.1110756487417,888.3045313796407,1.4074290424694489
R_xml,710,541894.5909601472,3363706.5890384107,25.232217686180604,1006.0,2468.0,1007.3968679916559,2467.4406466826335,613.6135432227461,1.5046980825938463
R_xml,685,541894.5909601472,3363706.5890384107,25.232217686180604,3594.0,1031.0,3593.4595261147897,1030.2248686069888,667.8061441628711,0.9449553941989917
R_xml,838,543219.0932834389,3363442.81623804,18.04200490481469,3422.0,365.0,3422.210322997736,362.41833512894095,917.2410891958124,2.59021799658581
R_xml,663,543219.0932834389,3363442.81623804,18.04200490481469,1327.0,1133.0,1327.94496990221,1133.651578149162,434.8898159371821,1.147833698994894
R_xml,870,543219.0932834389,3363442.81623804,18.04200490481469,1904.0,3669.0,1904.8495688785056,3668.522743460562,357.10408906530824,0.9744439869799469
R_xml,918,543219.0932834389,3363442.81623804,18.04200490481469,2417.0,2712.0,2417.0968650074,2711.423383974989,434.17127308852673,0.5846955361194658
R_xml,613,543219.0932834389,3363442.81623804,18.04200490481469,3018.0,656.0,3018.6057385633926,655.638423148411,392.5990197363855,0.7054481035384225
R_xml,935,543219.0932834389,3363442.81623804,18.04200490481469,3878.0,3104.0,3877.238945745279,3103.53391819861,399.68334368052683,0.8924325320244766
R_xml,1067,543444.0508270927,3363044.025344233,14.895311539347801,3471.0,2728.0,3470.3154786703344,2727.8330884562906,436.9349824800365,0.7045771172771566
R_xml,984,543444.0508270927,3363044.025344233,14.895311539347801,4299.0,2240.0,4299.312009258354,2239.617395601221,490.6637654196743,0.4936961649272041
R_xml,1048,543444.0508270927,3363044.025344233,14.895311539347801,2731.0,1843.0,2731.747379461763,1842.3110056220814,544.0311777168603,1.0165083928176346
R_xml,440,543444.0508270927,3363044.025344233,14.895311539347801,4032.0,2666.0,4032.792877270698,2666.8249380577636,672.1813153548144,1.1441928008585829
R_xml,1012,543444.0508270927,3363044.025344233,14.895311539347801,1793.0,1983.0,1792.4308989511455,1982.786668788423,536.3692844470563,0.6077715110468564
R_xml,477,543444.0508270927,3363044.025344233,14.895311539347801,2092.0,530.0,2092.8457618354396,529.2628661200813,863.8863572376454,1.1219088372992438
R_xml,434,543444.0508270927,3363044.025344233,14.895311539347801,4329.0,2097.0,4330.097957168528,2096.877645722057,563.1539270468709,1.104753598434458
R_xml,975,542284.6867835079,3362473.397553168,15.64442613277339,3359.0,2967.0,3359.9102921848153,2967.03149925139,750.9466166612712,0.9108370131773691
R_xml,1015,542284.6867835079,3362473.397553168,15.64442613277339,2471.0,680.0,2471.1099466388782,679.4929635598833,804.9148427235672,0.518820021786815
R_xml,1019,542284.6867835079,3362473.397553168,15.64442613277339,2462.0,1053.0,2461.5969869414207,1052.0178692440263,697.1604737174243,1.0616027257005687
R_xml,1017,542284.6867835079,3362473.397553168,15.64442613277339,2478.0,845.0,2478.1904881318346,844.4691766731662,750.6735669676617,0.5639673152592679
R_xml,1043,542284.6867835079,3362473.397553168,15.64442613277339,2321.0,2987.0,2321.3540202731947,2986.392325101043,746.4230668833893,0.703277425100106
R_xml,1045,542284.6867835079,3362473.397553168,15.64442613277339,2341.0,3164.0,2340.818127918386,3163.0971374833407,800.8282640848428,0.9209984680003525
R_xml,977,542284.6867835079,3362473.397553168,15.64442613277339,3296.0,3141.0,3296.642521237388,3140.145277099191,806.4833093791829,1.0692917177561596
R_xml,537,543246.4748717264,3363253.753160592,16.351813316688435,2572.0,672.0,2571.859169758158,671.0236765793593,373.7806612556122,0.9864281923733268
R_xml,499,543246.4748717264,3363253.753160592,16.351813316688435,1675.0,2287.0,1676.2654259640667,2286.7251979627886,374.90730746154867,1.2949204725347843
R_xml,534,543246.4748717264,3363253.753160592,16.351813316688435,2601.0,2640.0,2600.1260183909176,2639.4807110513557,444.984689424054,1.0166144132356263
R_xml,538,543246.4748717264,3363253.753160592,16.351813316688435,2574.0,736.0,2573.953391158887,735.3666930716802,373.8987899699968,0.6350197237313163
R_xml,1004,543246.4748717264,3363253.753160592,16.351813316688435,4181.0,3297.0,4180.954325128013,3296.399643373551,385.42319271507034,0.6020915817815509
R_xml,5,542561.5806358753,3363251.052815847,29.38398346189956,1043.0,722.0,1042.955292528785,720.6642367319378,768.9881725251488,1.3365112293904382
R_xml,109,542561.5806358753,3363251.052815847,29.38398346189956,3698.0,2729.0,3698.9478354013463,2728.0920943318747,667.728328764276,1.312510819101831
R_xml,112,542561.5806358753,3363251.052815847,29.38398346189956,3514.0,3042.0,3514.625425729443,3040.874807907773,755.111155317126,1.2873284691403521
R_xml,105,542561.5806358753,3363251.052815847,29.38398346189956,3980.0,2239.0,3980.563087281351,2238.81263340401,566.9805212290585,0.5934421013982732
R_xml,107,542561.5806358753,3363251.052815847,29.38398346189956,3816.0,2513.0,3816.395294573726,2512.4051851936124,619.233826861248,0.7141865680024696
R_xml,226,542561.5806358753,3363251.052815847,29.38398346189956,2640.0,2690.0,2640.1869706564084,2689.460504196014,653.4481000456595,0.5709761368711807
R_xml,357,542561.5806358753,3363251.052815847,29.38398346189956,4670.0,1777.0,4672.464510235954,1775.5260544452512,533.1614139727212,2.8716417258223337
R_xml,222,542561.5806358753,3363251.052815847,29.38398346189956,2710.0,2167.0,2710.218807584351,2167.424650723232,554.5715731713561,0.4777080653609735
R_xml,101,542561.5806358753,3363251.052815847,29.38398346189956,4380.0,1526.0,4380.433201973245,1525.8707814141171,464.33070025260264,0.4520634828877797
R_xml,121,542561.5806358753,3363251.052815847,29.38398346189956,2147.0,735.0,2146.997785078106,735.5106962584291,752.4000020546515,0.5107010615345197
R_xml,130,542561.5806358753,3363251.052815847,29.38398346189956,1774.0,2107.0,1773.2545334777406,2106.808120785041,486.64658717198904,0.7697648790006569
R_xml,124,542561.5806358753,3363251.052815847,29.38398346189956,2005.0,1237.0,2004.5257128861929,1237.7432430538245,624.4220047143132,0.8816793654054838
R_xml,126,542561.5806358753,3363251.052815847,29.38398346189956,1947.0,1487.0,1946.6056982734904,1487.3459308395272,577.1591386245539,0.5245397956918942
R_xml,220,542561.5806358753,3363251.052815847,29.38398346189956,2744.0,1843.0,2743.9836218617697,1843.8451339499995,504.8747898518601,0.845292633857475
R_xml,122,542561.5806358753,3363251.052815847,29.38398346189956,2084.0,927.0,2084.2307737184838,927.4447362515532,697.5827364444348,0.501045748997443
R_xml,227,542561.5806358753,3363251.052815847,29.38398346189956,2625.0,2841.0,2625.126136449334,2840.6242956906003,689.9901567237672,0.39631317408339284
R_xml,218,542561.5806358753,3363251.052815847,29.38398346189956,2771.0,1449.0,2771.8632322546514,1449.2470996029404,455.25269093635,0.897902076645225
R_xml,135,542561.5806358753,3363251.052815847,29.38398346189956,1470.0,3122.0,1470.7204993599637,3121.5344408254305,385.07732192932724,0.8578255491263724
R_xml,340,542561.5806358753,3363251.052815847,29.38398346189956,1359.0,2443.0,1359.5918851077927,2443.3547120200083,604.8585153086458,0.6900352150181125
R_xml,338,542561.5806358753,3363251.052815847,29.38398346189956,1278.0,2177.0,1279.0238957132449,2176.753731154759,556.1367159566718,1.0530958055835218
R_xml,328,542561.5806358753,3363251.052815847,29.38398346189956,754.0,3168.0,756.0099753524069,3166.0471698172732,363.0930115689328,2.8024179987738584
R_xml,458,542561.5806358753,3363251.052815847,29.38398346189956,183.0,2467.0,185.45007363625928,2464.806332823772,602.9998554599842,3.288622280401318
R_xml,355,542561.5806358753,3363251.052815847,29.38398346189956,4534.0,1524.0,4536.472480427221,1523.1733901988564,575.4046532265643,2.606998892661317
R_xml,353,542561.5806358753,3363251.052815847,29.38398346189956,4328.0,1155.0,4330.510564657471,1154.5061412319915,649.823691750214,2.558677662794227
R_xml,273,543037.3128358092,3362797.0081594773,12.205282335127492,1645.0,157.0,1645.6056099507805,155.59316067213354,376.79926567515236,1.5316528023400449
R_xml,416,543037.3128358092,3362797.0081594773,12.205282335127492,697.0,1095.0,697.0817622148923,1094.223804075924,377.1267383764378,0.7804903409629259
R_xml,268,543037.3128358092,3362797.0081594773,12.205282335127492,1912.0,2206.0,1912.4228111244065,2206.3538377607983,497.9955229818764,0.5513351139630778
R_xml,410,543037.3128358092,3362797.0081594773,12.205282335127492,1090.0,2286.0,1091.4590217486746,2286.0464276896514,485.55626615233007,1.4597602520522797
R_xml,521,543037.3128358092,3362797.0081594773,12.205282335127492,616.0,1015.0,616.6802505945682,1014.779623884006,722.63343636403,0.7150569934704194
R_xml,300,543037.3128358092,3362797.0081594773,12.205282335127492,2696.0,2089.0,2695.552561984376,2088.541884126143,379.56779342457014,0.6403678097040709
R_xml,917,542697.1856200788,3363185.4600078617,24.845536605626876,2138.0,1403.0,2138.1003251990614,1402.923000977185,454.63908143224313,0.1264673676534222
R_xml,920,542697.1856200788,3363185.4600078617,24.845536605626876,2216.0,2108.0,2216.1310338591807,2107.4039602969806,549.1293141546312,0.6102730534992096
R_xml,919,542697.1856200788,3363185.4600078617,24.845536605626876,2189.0,1842.0,2188.807488681975,1842.6909671350784,509.7413424591502,0.7172838973001963
R_xml,26,541820.0114592296,3363309.063360382,24.723023589515094,4472.0,1982.0,4474.391868294431,1981.2487040661265,528.6505369701447,2.507085861744811
R_xml,29,541820.0114592296,3363309.063360382,24.723023589515094,4308.0,2319.0,4308.712770689519,2318.8459898846713,582.5872381628803,0.7292195632735504
R_xml,32,541820.0114592296,3363309.063360382,24.723023589515094,4146.0,2604.0,4146.3809672759835,2604.2560339996817,637.3785879733691,0.4590092312397217
R_xml,35,541820.0114592296,3363309.063360382,24.723023589515094,3999.0,2842.0,3998.977264026492,2841.4708791425883,692.6614262316236,0.5296091070209075
R_xml,104,542056.2546875534,3363547.454568243,26.79735674342544,2112.0,885.0,2111.70418647312,883.6882609614267,362.7133593060966,1.3446802400579352
R_xml,123,542056.2546875534,3363547.454568243,26.79735674342544,4270.0,1651.0,4271.964907839612,1650.5355871514444,365.6142954792497,2.019044851426942
R_xml,35,542056.2546875534,3363547.454568243,26.79735674342544,2310.0,3081.0,2310.0938513712495,3079.4922324623694,748.8277749748078,1.5106856150165586
R_xml,125,542056.2546875534,3363547.454568243,26.79735674342544,4243.0,2340.0,4243.530544964365,2340.102881706988,366.1570801446237,0.5404281680718237
R_xml,127,542056.2546875534,3363547.454568243,26.79735674342544,4201.0,3016.0,4202.475138810441,3016.3212176453903,366.7089162536617,1.5097070198487663
R_xml,13,542056.2546875534,3363547.454568243,26.79735674342544,2150.0,3366.0,2149.9890429285906,3365.4328943416876,365.76080073082994,0.567211499445985
R_xml,98,542056.2546875534,3363547.454568243,26.79735674342544,2322.0,2254.0,2321.6976110921087,2254.07968916838,470.3763399883171,0.3127129916917262
R_xml,92,542056.2546875534,3363547.454568243,26.79735674342544,2413.0,1511.0,2413.4161102478884,1511.7440939094151,574.6142215356097,0.852539432769193
R_xml,687,542056.2546875534,3363547.454568243,26.79735674342544,2285.0,1884.0,2284.849712793116,1883.3981405295108,516.3992671010608,0.620339477037027
R_xml,698,542056.2546875534,3363547.454568243,26.79735674342544,2280.0,1974.0,2280.0905790913366,1975.077187287637,508.8034892280067,1.0809889104120751
R_xml,58,542673.9530561105,3362566.027217699,29.24026668032178,1756.0,2459.0,1756.1708052609304,2459.4740918512284,594.0345273428846,0.5039221374008912
R_xml,185,542673.9530561105,3362566.027217699,29.24026668032178,534.0,2610.0,536.6473325244365,2609.413882838532,362.23497041401794,2.711439252851958
R_xml,56,542673.9530561105,3362566.027217699,29.24026668032178,1677.0,1730.0,1676.3485133919312,1730.240168707558,484.68466935401125,0.6943455973671184
R_xml,57,542673.9530561105,3362566.027217699,29.24026668032178,1717.0,2133.0,1716.6937256836768,2132.6006875878147,539.0999866524146,0.5032438368867224
R_xml,410,543168.8474970139,3362819.089283859,11.198754757515928,1985.0,2582.0,1984.9250362551427,2581.7598033484946,455.4785721887598,0.25162272241874045
R_xml,420,543168.8474970139,3362819.089283859,11.198754757515928,1884.0,2762.0,1884.3922232192517,2761.80827357969,381.33103246262294,0.4365753932197667
R_xml,402,543168.8474970139,3362819.089283859,11.198754757515928,2327.0,1620.0,2326.2693632365026,1619.9071124345776,496.36410768776364,0.7365176033090043
R_xml,69,542596.4287594685,3362581.3278429327,22.961040366684585,1992.0,2421.0,1992.5218360237368,2420.9573152311114,368.7927126853723,0.5235788624118695
R_xml,897,542596.4287594685,3362581.3278429327,22.961040366684585,5070.0,1354.0,5072.258545362101,1351.982038481277,617.7215090550189,3.0287284202642795
R_xml,57,542596.4287594685,3362581.3278429327,22.961040366684585,2140.0,2340.0,2140.823780557819,2339.5718014953363,583.2636071299156,0.9284225152575198
R_xml,962,542596.4287594685,3362581.3278429327,22.961040366684585,722.0,2419.0,723.4433378674892,2418.151116445213,607.8565719439084,1.6744633436763476
R_xml,595,542967.7854514793,3363753.321443545,18.190000384859616,3680.0,3531.0,3680.677932317783,3530.2816131679656,375.63570181867135,0.9877610378705043
R_xml,596,542967.7854514793,3363753.321443545,18.190000384859616,3673.0,3589.0,3673.5945379652885,3587.5852494089977,375.66421268488887,1.5345991746742098
R_xml,724,542967.7854514793,3363753.321443545,18.190000384859616,4426.0,909.0,4428.50351777895,907.334879990716,412.5283032759277,3.006696844518013
R_xml,738,542967.7854514793,3363753.321443545,18.190000384859616,1639.0,3491.0,1640.4937111274967,3489.3419732178563,368.86669825093816,2.231641938733257
R_xml,591,542967.7854514793,3363753.321443545,18.190000384859616,3751.0,2186.0,3752.2899554519454,2185.8490313703164,373.97170403821184,1.2987596371739336
R_xml,672,542967.7854514793,3363753.321443545,18.190000384859616,549.0,3539.0,551.7537312700115,3536.8382475503795,375.5647554218706,3.500886967738224
R_xml,674,542967.7854514793,3363753.321443545,18.190000384859616,746.0,1123.0,746.2027231770021,1122.1308714318766,431.56752933338754,0.8924579286566294
R_xml,598,542967.7854514793,3363753.321443545,18.190000384859616,3602.0,808.0,3602.3203829126423,806.7421032319762,404.6463587641641,1.298056042595185
R_xml,693,542033.7818972877,3363529.5218444113,19.942172349362124,2139.0,1367.0,2138.9207889671115,1366.4660876564312,457.0579128053219,0.5397562212206122
R_xml,6,542033.7818972877,3363529.5218444113,19.942172349362124,2447.0,3487.0,2447.344768714637,3486.112559216663,369.64098506069394,0.9520591423446881
R_xml,700,542033.7818972877,3363529.5218444113,19.942172349362124,2181.0,3271.0,2180.993953247307,3270.424633150704,384.4607360045529,0.575398622249958
R_xml,694,542033.7818972877,3363529.5218444113,19.942172349362124,2173.0,1820.0,2172.3045264828193,1820.1174345817365,512.9060257182336,0.7053185763095797
R_xml,716,542033.7818972877,3363529.5218444113,19.942172349362124,2329.0,3004.0,2329.2350070103585,3003.326308403283,759.5719702054225,0.7135044936122972
R_xml,752,542033.7818972877,3363529.5218444113,19.942172349362124,3840.0,1928.0,3839.51099391903,1927.5007053718605,521.2417543122301,0.6988720003795093
R_xml,696,542033.7818972877,3363529.5218444113,19.942172349362124,2440.0,1483.0,2440.1212288453835,1482.0979783837556,598.7544965162657,0.9101315449566297
R_xml,697,542033.7818972877,3363529.5218444113,19.942172349362124,2375.0,1766.0,2373.9569743930547,1766.3212769771787,549.3780934402131,1.0913850433319872
R_xml,764,542033.7818972877,3363529.5218444113,19.942172349362124,3406.0,2391.0,3405.8064382679404,2391.4684473101474,607.2395548651195,0.5068619402779088
R_xml,699,542033.7818972877,3363529.5218444113,19.942172349362124,2242.0,2652.0,2242.9071763208813,2651.9041593694274,438.8766089576475,0.9122249194339215
R_xml,761,542033.7818972877,3363529.5218444113,19.942172349362124,3807.0,1183.0,3807.430161768335,1182.1567826007974,438.63103455512515,0.9466016740187005
R_xml,719,542033.7818972877,3363529.5218444113,19.942172349362124,2330.0,3275.0,2330.082467697981,3275.4535182819386,854.4205629843419,0.4609552616717082
R_xml,718,542033.7818972877,3363529.5218444113,19.942172349362124,2354.0,3174.0,2354.1750079134385,3173.6529541313953,815.7824144643347,0.3886754490339104
R_xml,198,542763.4836552066,3363096.7413401776,20.803434816029494,3875.0,2223.0,3876.6074666004006,2222.644728517914,371.5600603019847,1.6462583932624748
R_xml,372,542763.4836552066,3363096.7413401776,20.803434816029494,4388.0,3052.0,4389.19723246082,3051.19230620929,401.03085360921955,1.4442073344196165
R_xml,907,542763.4836552066,3363096.7413401776,20.803434816029494,3184.0,3646.0,3184.4975844220107,3644.4818921042543,357.2342036460261,1.597573735435495
R_xml,152,542763.4836552066,3363096.7413401776,20.803434816029494,391.0,2118.0,394.20317679659183,2117.096933988133,369.59217557693876,3.328042940229825
R_xml,308,542763.4836552066,3363096.7413401776,20.803434816029494,1839.0,3433.0,1839.7531661559433,3431.631670589482,370.601358612484,1.5619169741529566
R_xml,324,542763.4836552066,3363096.7413401776,20.803434816029494,1842.0,1126.0,1842.095940102275,1125.3574872968106,431.58834113498096,0.6496361112070873
R_xml,386,542763.4836552066,3363096.7413401776,20.803434816029494,4405.0,3554.0,4406.099975742764,3552.9217244442875,373.7365755253466,1.5403326941661504
R_xml,369,542763.4836552066,3363096.7413401776,20.803434816029494,4220.0,2505.0,4221.057616443719,2505.5282988555946,453.79978785606954,1.182223423404857
R_xml,826,542763.4836552066,3363096.7413401776,20.803434816029494,474.0,2504.0,476.224699745605,2503.7205578420817,627.726835071693,2.242181276729642
R_xml,27,542090.5845219841,3363037.830965377,15.617191112094076,4294.0,2496.0,4294.15964747677,2495.2744362335998,376.90626740718676,0.7429199795078844
R_xml,17,542090.5845219841,3363037.830965377,15.617191112094076,4291.0,266.0,4293.354760722518,263.85327072698647,374.82446511480487,3.186431331745242
R_xml,896,542090.5845219841,3363037.830965377,15.617191112094076,3592.0,1099.0,3592.032971271973,1098.0569255004625,434.14153401419,0.943650685610628
R_xml,24,542090.5845219841,3363037.830965377,15.617191112094076,4308.0,1765.0,4309.28457254937,1764.5191058930632,376.46739246079954,1.3716361677504367
R_xml,16,542090.5845219841,3363037.830965377,15.617191112094076,4120.0,2789.0,4119.91442195718,2789.0466806012073,431.54418230850285,0.09748169029100724
R_xml,18,542090.5845219841,3363037.830965377,15.617191112094076,4296.0,327.0,4298.545940220548,323.81367146579055,374.7745726208991,4.078541545028173
R_xml,21,542090.5845219841,3363037.830965377,15.617191112094076,4320.0,1037.0,4321.456357234803,1034.9298692076507,375.4563019477952,2.53109025773421
R_xml,30,542090.5845219841,3363037.830965377,15.617191112094076,4255.0,3220.0,4256.7478978681465,3219.3089599804953,377.16057935110496,1.8795433663601124
R_xml,832,542090.5845219841,3363037.830965377,15.617191112094076,2551.0,2869.0,2550.573185815647,2868.8913182638876,422.59568157804347,0.4404339538789476
R_xml,895,542090.5845219841,3363037.830965377,15.617191112094076,3732.0,452.0,3732.6835402755596,450.07770760877133,377.6407526941349,2.0402047313168663
R_xml,833,542090.5845219841,3363037.830965377,15.617191112094076,2516.0,3558.0,2515.852180105144,3556.547440133507,367.56008049287226,1.4600619463098008
R_xml,829,542090.5845219841,3363037.830965377,15.617191112094076,1676.0,277.0,1675.6433539585485,275.76818288158756,363.6509566549768,1.2824078181674397
R_xml,898,542090.5845219841,3363037.830965377,15.617191112094076,754.0,2826.0,755.4137574955168,2825.3281347083507,423.0489959318084,1.5652837526317855
R_xml,899,542090.5845219841,3363037.830965377,15.617191112094076,505.0,3467.0,508.3547549131431,3465.5813557459405,367.1576917832617,3.6423799975886237
R_xml,2,541987.6814833035,3363612.040718725,25.916110545927495,2496.0,1896.0,2495.798011302146,1895.6953652169923,518.1644978807259,0.36551577952118924
R_xml,4,541987.6814833035,3363612.040718725,25.916110545927495,2463.0,2921.0,2463.231108687042,2920.6992352012626,408.6884684989396,0.3793028992582879
R_xml,142,541987.6814833035,3363612.040718725,25.916110545927495,3532.0,2781.0,3531.1073803134277,2780.6061652393832,681.3378633310613,0.9756411858498327
R_xml,3,541987.6814833035,3363612.040718725,25.916110545927495,2486.0,2346.0,2485.335980621893,2346.566306679357,463.885590890109,0.8727112865005425
R_xml,699,541987.6814833035,3363612.040718725,25.916110545927495,1446.0,2611.0,1445.9546637077792,2611.1930410662553,434.49839093649416,0.19829329956737926
R_xml,5,541987.6814833035,3363612.040718725,25.916110545927495,2435.0,3630.0,2435.376119934677,3628.4875659911086,353.5903346877825,1.5585001881657554
R_xml,115,541987.6814833035,3363612.040718725,25.916110545927495,1724.0,1587.0,1725.2089009281826,1587.4911911317365,475.96888239690855,1.304879374523722
R_xml,7,541987.6814833035,3363612.040718725,25.916110545927495,2440.0,2218.0,2439.754269490228,2218.344932572552,365.4211451712171,0.4235114674244551
R_xml,9,541987.6814833035,3363612.040718725,25.916110545927495,2436.0,2907.0,2436.517033621373,2906.7168859059516,365.95092344382493,0.5894720993216733
R_xml,108,541987.6814833035,3363612.040718725,25.916110545927495,1790.0,1342.0,1790.1171082498208,1341.9548116151923,363.8978271525699,0.12552422992246676
R_xml,114,541987.6814833035,3363612.040718725,25.916110545927495,1662.0,1069.0,1661.3250329940538,1068.9898340037355,419.78994692324403,0.6750435590360285
R_xml,119,541987.6814833035,3363612.040718725,25.916110545927495,4330.0,2576.0,4330.53603282873,2575.267610865064,438.4444188829592,0.907592991625862
R_xml,11,541987.6814833035,3363612.040718725,25.916110545927495,2425.0,3569.0,2425.8781795525892,3567.592569360504,366.7837358834979,1.6589334922105234
R_xml,692,541987.6814833035,3363612.040718725,25.916110545927495,2958.0,832.0,2957.4469601692163,831.1678267652765,398.2479888471118,0.9991823392272083
R_xml,691,541987.6814833035,3363612.040718725,25.916110545927495,3009.0,100.0,3008.6887566769074,98.92028177759039,342.3072934888299,1.123683160847896
R_xml,693,541987.6814833035,3363612.040718725,25.916110545927495,2906.0,1405.0,2906.7802613487183,1404.3773538468167,454.1508242130511,0.9982464647458994
R_xml,694,541987.6814833035,3363612.040718725,25.916110545927495,2858.0,1860.0,2857.8009515834287,1860.2377090432653,510.2837760184881,0.31004170911290113
R_xml,760,541987.6814833035,3363612.040718725,25.916110545927495,4839.0,674.0,4842.608197927975,670.9848283127662,381.2559230115112,4.70216467075969
R_xml,139,541987.6814833035,3363612.040718725,25.916110545927495,3619.0,2538.0,3619.0350905988275,2538.2496443345376,626.8021011331487,0.25209848054440853
R_xml,695,541987.6814833035,3363612.040718725,25.916110545927495,2816.0,2353.0,2816.0431654842746,2353.9558976592593,566.3091079753251,0.9568717751141668
R_xml,697,541987.6814833035,3363612.040718725,25.916110545927495,1735.0,1730.0,1734.6090479437926,1730.7390511163094,546.0962400240818,0.8360861575046912
R_xml,95,541987.6814833035,3363612.040718725,25.916110545927495,2260.0,1448.0,2260.659973367252,1447.2901558407834,586.3489240504418,0.9692489751636372
R_xml,764,541987.6814833035,3363612.040718725,25.916110545927495,3967.0,2435.0,3968.1489032509458,2434.811630652652,607.1262408015152,1.1642429690807479
R_xml,231,541987.6814833035,3363612.040718725,25.916110545927495,294.0,1617.0,295.8223388093352,1616.349893485869,475.21255958405334,1.9348274382292516
R_xml,763,541987.6814833035,3363612.040718725,25.916110545927495,4132.0,2115.0,4133.7363944264835,2114.242696971159,550.938563398437,1.894353050995073
R_xml,140,542450.4543284371,3363083.8642955744,23.05092718462862,3166.0,653.0,3166.4372177915384,652.4541336352188,367.142262181489,0.6993779274735168
R_xml,207,542450.4543284371,3363083.8642955744,23.05092718462862,1120.0,2972.0,1121.7260874777596,2970.768895053581,370.19976702943933,2.1201408844638974
R_xml,141,542450.4543284371,3363083.8642955744,23.05092718462862,3186.0,3824.0,3186.9552149097153,3822.901707066928,342.6913340764412,1.4555696103514273
R_xml,30,542450.4543284371,3363083.8642955744,23.05092718462862,1024.0,1838.0,1025.081391838854,1838.1948294195925,367.87469170117515,1.0988024444269688
R_xml,80,542450.4543284371,3363083.8642955744,23.05092718462862,3258.0,3433.0,3257.650419371288,3432.0055122693648,369.4015583229864,1.0541406274091836
R_xml,85,542450.4543284371,3363083.8642955744,23.05092718462862,3214.0,1780.0,3214.640183591705,1780.37309080795,368.51025361012813,0.7409667887732614
R_xml,36,542450.4543284371,3363083.8642955744,23.05092718462862,1017.0,3300.0,1018.4955290851799,3299.485737603579,369.17100623530524,1.581478124095252
R_xml,79,542450.4543284371,3363083.8642955744,23.05092718462862,3262.0,281.0,3263.2202694135412,279.71844846004933,366.3085273194041,1.7695852031406196
R_xml,91,542450.4543284371,3363083.8642955744,23.05092718462862,3133.0,3283.0,3133.5371016634513,3283.1270205858946,370.82801638385814,0.5519170464146926
R_xml,111,541944.3002622921,3363471.0274708695,27.26131922776517,538.0,158.0,539.0201041390378,157.58975166973755,338.07980451795936,1.0995072291554988
R_xml,7,541944.3002622921,3363471.0274708695,27.26131922776517,3525.0,1191.0,3525.185045261631,1190.6906788343053,364.1780580618824,0.36044601870285586
R_xml,114,541944.3002622921,3363471.0274708695,27.26131922776517,930.0,1684.0,931.5366241466786,1683.544926909413,483.77703414600006,1.602593300226872
R_xml,9,541944.3002622921,3363471.0274708695,27.26131922776517,3528.0,1887.0,3527.479657226624,1886.5569341215444,364.4928866674733,0.6834207887210971
R_xml,307,543067.4490958875,3362977.030091892,18.985911302206432,3797.0,2828.0,3797.657019376384,2828.881936289501,374.31479097960425,1.0997663750465578
R_xml,304,543067.4490958875,3362977.030091892,18.985911302206432,3817.0,2082.0,3818.371757143327,2082.29527398083,373.4155341699883,1.4031765334498696
R_xml,318,543067.4490958875,3362977.030091892,18.985911302206432,3439.0,1785.0,3439.04256955699,1784.8232711751612,510.83560080114387,0.1817835105592964
R_xml,1018,543067.4490958875,3362977.030091892,18.985911302206432,2672.0,1230.0,2671.6925270482593,1230.795909679654,442.3917851110623,0.85323609523918
R_xml,907,543067.4490958875,3362977.030091892,18.985911302206432,4819.0,2110.0,4819.634897247704,2109.808120499083,503.80900070489884,0.6632588167637
R_xml,321,543067.4490958875,3362977.030091892,18.985911302206432,3356.0,2143.0,3356.6712489042307,2142.491625799307,565.2831346940123,0.8420329087163383
R_xml,973,543067.4490958875,3362977.030091892,18.985911302206432,3381.0,2084.0,3380.9954926236787,2083.4003920347795,503.42922009294034,0.5996249064182695
R_xml,952,543067.4490958875,3362977.030091892,18.985911302206432,1121.0,1623.0,1122.5333869214255,1621.8831164254111,485.4765503475139,1.8970251368880873
R_xml,1085,543161.0023432255,3362769.837698069,10.104700545206526,2565.0,1919.0,2565.0610187971906,1919.6544024184063,541.1008562165046,0.6572410659922662
R_xml,283,543161.0023432255,3362769.837698069,10.104700545206526,649.0,2586.0,651.8211958211998,2585.11728239314,380.77865649163954,2.9560676979757456
R_xml,289,543161.0023432255,3362769.837698069,10.104700545206526,1180.0,2283.0,1179.8266305662053,2282.8465672360326,596.7763120341647,0.23151365755175513
R_xml,402,543161.0023432255,3362769.837698069,10.104700545206526,2567.0,1385.0,2565.9077372424435,1385.0028638175108,470.3772969969535,1.0922665118896422
R_xml,407,543161.0023432255,3362769.837698069,10.104700545206526,1950.0,1553.0,1950.6147649246486,1552.316922868446,592.350079743803,0.9189832861539274
R_xml,177,543161.0023432255,3362769.837698069,10.104700545206526,4860.0,2223.0,4862.231742965629,2222.3441529842376,497.81898772285115,2.326115210542567
R_xml,287,543161.0023432255,3362769.837698069,10.104700545206526,949.0,1551.0,950.4295026379032,1550.6247853898014,486.4760497761738,1.4779255040354955
R_xml,288,543161.0023432255,3362769.837698069,10.104700545206526,1074.0,1956.0,1075.428173470234,1955.9698120501178,541.6385573317092,1.428492482793788
R_xml,408,543161.0023432255,3362769.837698069,10.104700545206526,1859.0,1903.0,1858.8813872264727,1902.5394227833633,537.0644279248224,0.47560525914736906
R_xml,430,543117.0560021611,3363615.702769513,16.977186287996915,4619.0,2155.0,4620.034263876312,2155.0885688811404,498.28528937536737,1.0380492341651772
R_xml,501,543117.0560021611,3363615.702769513,16.977186287996915,1499.0,2231.0,1500.063124361229,2230.3504023885926,575.0390360818999,1.2458773872997646
R_xml,658,543117.0560021611,3363615.702769513,16.977186287996915,1128.0,1376.0,1128.549748336406,1375.2401455224979,373.26837415610123,0.9378710254407543
R_xml,931,543117.0560021611,3363615.702769513,16.977186287996915,4604.0,1338.0,4605.607132638865,1336.5284816875608,621.1505180187372,2.1790459983093573
R_xml,539,543117.0560021611,3363615.702769513,16.977186287996915,3046.0,1450.0,3045.4484071049847,1449.8176717289982,606.9483890491204,0.5809460562202909
R_xml,656,543117.0560021611,3363615.702769513,16.977186287996915,1090.0,3742.0,1092.2428063397385,3739.563754097555,350.25029979693505,3.3114157659152093
R_xml,223,542346.5267952997,3363698.926160684,20.18845086202117,3215.0,1717.0,3215.172265298853,1715.9234795120387,371.05064920706934,1.0902163520096404
R_xml,742,542346.5267952997,3363698.926160684,20.18845086202117,3734.0,1792.0,3733.840922709276,1791.0976887669626,542.0876991852693,0.9162265798859391
R_xml,825,542346.5267952997,3363698.926160684,20.18845086202117,4963.0,1963.0,4965.85896368196,1963.032306455926,535.6974702604554,2.859146208548836
R_xml,705,542346.5267952997,3363698.926160684,20.18845086202117,2200.0,3600.0,2199.826420087307,3598.8721714935673,359.61929636306087,1.1411078502984735
R_xml,129,542346.5267952997,3363698.926160684,20.18845086202117,998.0,3392.0,1000.1941240360288,3389.9419847269573,372.58942580652365,3.0082564966365912
R_xml,755,542346.5267952997,3363698.926160684,20.18845086202117,4077.0,244.0,4079.227359191538,241.54793572761628,356.2101064786712,3.3126648131120078
R_xml,719,542346.5267952997,3363698.926160684,20.18845086202117,2275.0,2335.0,2274.1398857846148,2334.975090743127,597.9782038975368,0.8604748308845082
R_xml,772,542346.5267952997,3363698.926160684,20.18845086202117,744.0,2315.0,745.8436751479189,2314.54520705899,472.634402445861,1.89894040723938
R_xml,682,542346.5267952997,3363698.926160684,20.18845086202117,2262.0,1624.0,2262.4255722239686,1624.6767093515598,565.6647694056596,0.7994043184159575
R_xml,219,542346.5267952997,3363698.926160684,20.18845086202117,3259.0,368.0,3260.110386728723,367.2800435864074,368.7258353883119,1.3233653784186488
R_xml,741,542346.5267952997,3363698.926160684,20.18845086202117,3636.0,1460.0,3635.8708016082583,1459.353159161922,596.8449439067965,0.6596175363301356
R_xml,770,542346.5267952997,3363698.926160684,20.18845086202117,1074.0,1567.0,1074.171125026564,1567.1694727011159,580.3775449786511,0.2408417969124284
R_xml,760,542346.5267952997,3363698.926160684,20.18845086202117,3368.0,2543.0,3368.6084476292954,2542.3130468324225,636.7298890813626,0.9176672447243042
R_xml,771,542346.5267952997,3363698.926160684,20.18845086202117,927.0,1902.0,927.62052535626,1901.9505419009142,526.5900697438705,0.622493229944565
R_xml,240,542346.5267952997,3363698.926160684,20.18845086202117,3083.0,2471.0,3083.4003131998966,2471.6769030325463,372.25101466766955,0.7864148863556815
R_xml,221,542346.5267952997,3363698.926160684,20.18845086202117,3244.0,1028.0,3244.5671957550053,1027.2609003282719,369.5898639753074,0.9316540931293341
R_xml,513,543339.2487929584,3362905.3607878243,18.810344636448576,2537.0,3109.0,2537.577855588017,3107.628386046005,373.7317476504155,1.4883688788054843
R_xml,527,543339.2487929584,3362905.3607878243,18.810344636448576,1682.0,680.0,1682.8486939974425,679.4735935494325,370.76517448459964,0.9986917705148255
R_xml,511,543339.2487929584,3362905.3607878243,18.810344636448576,2562.0,2429.0,2562.1454926356987,2428.0598336365742,373.0887698721281,0.951357397595548
R_xml,516,543339.2487929584,3362905.3607878243,18.810344636448576,2484.0,1280.0,2484.5435247789196,1280.2003272360664,447.96856630524985,0.5792669391650354
R_xml,514,543339.2487929584,3362905.3607878243,18.810344636448576,2524.0,201.0,2524.494183172425,200.51630565925393,356.04914547347585,0.6915035959254258
R_xml,529,543339.2487929584,3362905.3607878243,18.810344636448576,1662.0,1349.0,1662.5583828592676,1349.231686894949,371.56074529343266,0.6045413425192161
R_xml,29,542090.1833838446,3363595.7394858003,16.724632521881404,2025.0,2686.0,2025.2585578583858,2686.804584145775,665.4274174735443,0.8451081669027701
R_xml,26,542090.1833838446,3363595.7394858003,16.724632521881404,1971.0,2421.0,1970.738316433241,2420.963930050057,611.1032574588108,0.2641577755823845
R_xml,20,542090.1833838446,3363595.7394858003,16.724632521881404,1870.0,1748.0,1870.1905551742875,1747.6828271161828,504.5054771503798,0.37001339526652016
R_xml,23,542090.1833838446,3363595.7394858003,16.724632521881404,1932.0,2120.0,1931.701130508514,2119.7977809038316,558.5226340466745,0.36085389813081314
R_xml,104,542090.1833838446,3363595.7394858003,16.724632521881404,2667.0,697.0,2667.7009242950016,697.0848544866999,372.58373887097264,0.7060418905678693
R_xml,221,542090.1833838446,3363595.7394858003,16.724632521881404,626.0,637.0,627.4583804079323,635.7725490856296,371.3561588075367,1.9061765819119105
R_xml,66,542507.838547958,3362705.3464772496,14.77510326330804,1948.0,2829.0,1949.6128346002765,2828.6759190983553,425.3143525552436,1.645072605893127
R_xml,69,542507.838547958,3362705.3464772496,14.77510326330804,1855.0,920.0,1855.934414558073,918.9847938402661,373.6250079933978,1.3797732107489753
R_xml,67,542507.838547958,3362705.3464772496,14.77510326330804,1858.0,260.0,1858.9534497406903,259.64516835812924,372.2724659278805,1.0173356880081939
R_xml,41,542507.838547958,3362705.3464772496,14.77510326330804,2417.0,851.0,2416.5825683416856,850.9520019465929,375.6663290506217,0.4201821063467395
R_xml,63,542507.838547958,3362705.3464772496,14.77510326330804,2115.0,1812.0,2114.3768626567194,1811.9296916773878,546.415130392318,0.6270912284663057
R_xml,13,541829.2776356222,3363410.6981498185,24.60562481547754,4702.0,3254.0,4703.751407365875,3253.4186844916176,369.19208759938994,1.845360528874187
R_xml,7,541829.2776356222,3363410.6981498185,24.60562481547754,4748.0,1262.0,4749.414489238517,1261.2416427077926,367.6108682094936,1.6049565690458245
R_xml,11,541829.2776356222,3363410.6981498185,24.60562481547754,4736.0,2608.0,4737.630517014806,2607.807247890493,368.4528973103947,1.6418706134442824
R_xml,696,541829.2776356222,3363410.6981498185,24.60562481547754,2345.0,2717.0,2345.9363672033223,2717.5237069461095,429.22099383558947,1.0728711501671908
R_xml,777,541503.4998657762,3363462.347678238,22.006042747648166,754.0,3370.0,756.0012094920403,3367.7049951032886,883.4413568995557,3.044977324539754
R_xml,718,541503.4998657762,3363462.347678238,22.006042747648166,1807.0,3844.0,1808.1733077641716,3842.5883934884273,1168.0137957014956,1.835560964114167
R_xml,714,541503.4998657762,3363462.347678238,22.006042747648166,1713.0,3686.0,1713.929012968381,3683.913411567531,1056.24504354287,2.2840570005875724
R_xml,748,541503.4998657762,3363462.347678238,22.006042747648166,4077.0,252.0,4079.163018538845,248.59531722174825,968.2879624863953,4.033672522641212
R_xml,779,541503.4998657762,3363462.347678238,22.006042747648166,860.0,3490.0,862.2937108565889,3489.0100656530158,938.4034985311953,2.4982152639379755
R_xml,746,541503.4998657762,3363462.347678238,22.006042747648166,4013.0,149.0,4014.671228825945,145.34823839417936,1020.7848184894725,4.016014020694568
R_xml,716,541503.4998657762,3363462.347678238,22.006042747648166,1755.0,3765.0,1755.807939159327,3763.055708633263,1111.5813093920935,2.1054772864940925
R_xml,712,541503.4998657762,3363462.347678238,22.006042747648166,1671.0,3593.0,1672.4458332712102,3590.5899204653897,1001.931215321598,2.8105012384423067
R_xml,750,541503.4998657762,3363462.347678238,22.006042747648166,4160.0,357.0,4162.492573000499,354.82067568854563,913.3967277655469,3.31094769172089
R_xml,133,542251.8694456288,3363139.508938992,14.094106468869597,4521.0,685.0,4523.455917685787,682.7507943580372,377.000116160356,3.3302338805556637
R_xml,91,542251.8694456288,3363139.508938992,14.094106468869597,1775.0,1768.0,1775.01238231272,1768.5671371320852,376.71253600410586,0.5672722875816907
R_xml,134,542251.8694456288,3363139.508938992,14.094106468869597,4518.0,741.0,4520.326366530941,739.2333733816511,377.0915062641942,2.9211215046525174
R_xml,94,542251.8694456288,3363139.508938992,14.094106468869597,1747.0,2499.0,1746.7348819970257,2498.8210540702435,378.12399485224853,0.31985809553224526
R_xml,1015,542671.5322410604,3362863.075289329,28.19476291849662,3560.0,2723.0,3559.3317050760425,2723.0060489399957,424.59545120710834,0.6683222987919035
R_xml,75,542671.5322410604,3362863.075289329,28.19476291849662,4042.0,2469.0,4043.057884711745,2468.6342555602982,364.8537504290699,1.1193252693102136
R_xml,153,542671.5322410604,3362863.075289329,28.19476291849662,2308.0,3790.0,2308.3599974777544,3788.3119447747918,339.99476204610556,1.7260152453968631
R_xml,276,542671.5322410604,3362863.075289329,28.19476291849662,4267.0,406.0,4268.254126430567,404.54446073127883,360.6638012030451,1.9213088420753515
R_xml,169,542671.5322410604,3362863.075289329,28.19476291849662,2182.0,2009.0,2182.277393797712,2008.2618288142746,525.5499663197808,0.788570870907874
R_xml,968,542671.5322410604,3362863.075289329,28.19476291849662,2682.0,2076.0,2681.0884262361005,2075.239586292152,491.339755596226,1.1870955033664294
R_xml,1024,542671.5322410604,3362863.075289329,28.19476291849662,3456.0,1203.0,3457.630454243533,1202.3587310312246,429.0482903664737,1.7520293749163522
R_xml,170,542671.5322410604,3362863.075289329,28.19476291849662,2188.0,2239.0,2187.9142637753566,2239.4722766682657,561.5319387755872,0.47999578290261574
R_xml,77,542380.5673786812,3362924.761478131,21.99166481287625,1833.0,3671.0,1833.3114711208946,3669.383822259757,352.6602913358406,1.6459176003702398
R_xml,68,542380.5673786812,3362924.761478131,21.99166481287625,2092.0,1698.0,2091.029157522181,1698.0383414716048,548.2361178748712,0.9715992924981027
R_xml,79,542380.5673786812,3362924.761478131,21.99166481287625,1847.0,1264.0,1847.136676183653,1262.6519366943917,368.29988528897456,1.3549741898300407
R_xml,967,542380.5673786812,3362924.761478131,21.99166481287625,874.0,3066.0,876.0603132633266,3064.2839238138886,394.1784098472104,2.6813817743056227
R_xml,50,542380.5673786812,3362924.761478131,21.99166481287625,2322.0,2208.0,2321.7988013772065,2207.963353307526,567.4985319601261,0.2045088405993316
R_xml,66,542380.5673786812,3362924.761478131,21.99166481287625,2137.0,1417.0,2136.7655727561028,1417.268746226007,596.2121928019907,0.3566239849956926
R_xml,968,542380.5673786812,3362924.761478131,21.99166481287625,672.0,3773.0,675.815596658065,3770.4370921047257,340.7098182190871,4.596441529781092
R_xml,1027,542380.5673786812,3362924.761478131,21.99166481287625,4935.0,1280.0,4937.420946769465,1279.0130992387071,445.9360170940897,2.614374948859789
R_xml,975,542706.1194230086,3362807.507813425,19.663852665152092,3282.0,358.0,3282.3065882355954,356.28453765932954,366.91397780156797,1.7426437927654859
R_xml,192,542706.1194230086,3362807.507813425,19.663852665152092,1971.0,2815.0,1971.3775234477348,2813.668960965134,372.85990370258753,1.3835421446153342
R_xml,68,542706.1194230086,3362807.507813425,19.663852665152092,4031.0,3462.0,4031.3538305627044,3461.869561867093,369.5041682380211,0.37710764195377366
R_xml,1087,542706.1194230086,3362807.507813425,19.663852665152092,4877.0,562.0,4881.407868866416,559.2388560935619,379.4163856822711,5.201271346082404
R_xml,49,542706.1194230086,3362807.507813425,19.663852665152092,233.0,3263.0,235.73360886133833,3260.220353154499,372.5428233691511,3.898596413132542
R_xml,162,542706.1194230086,3362807.507813425,19.663852665152092,2181.0,2860.0,2181.4408081332954,2860.7435503317606,372.54888207689356,0.8643951100282078
R_xml,1038,542706.1194230086,3362807.507813425,19.663852665152092,1317.0,3179.0,1318.3445386125773,3176.5930572552634,390.82975186065795,2.757019669344316
R_xml,195,542706.1194230086,3362807.507813425,19.663852665152092,1976.0,3618.0,1977.4682450818918,3616.4229968584623,374.52479047262875,2.154688499277655
R_xml,754,542757.8490103369,3363621.1996112773,26.131680857199967,1706.0,1918.0,1705.7454334082981,1917.3664009917354,518.3823220268025,0.6828263709645105
R_xml,776,542757.8490103369,3363621.1996112773,26.131680857199967,2800.0,2284.0,2799.706221818363,2283.5854975375682,471.5353897963772,0.5080530595991459
R_xml,753,542757.8490103369,3363621.1996112773,26.131680857199967,1650.0,1618.0,1650.253205523521,1617.8798707659334,479.2656383355684,0.28025714980885663
R_xml,778,542757.8490103369,3363621.1996112773,26.131680857199967,2809.0,2815.0,2807.9562339870135,2814.887753578785,417.5840388634098,1.049784143974933
R_xml,793,542757.8490103369,3363621.1996112773,26.131680857199967,2640.0,2635.0,2640.587282259909,2635.4269602981485,642.8016137508912,0.7260823293531373
R_xml,738,542757.8490103369,3363621.1996112773,26.131680857199967,1892.0,1775.0,1892.4564638637971,1773.830427961849,536.3338193495039,1.2554911434882332
R_xml,751,542757.8490103369,3363621.1996112773,26.131680857199967,1549.0,1116.0,1549.1178884259364,1115.9874117404747,423.80956152283835,0.11855861524001926
R_xml,739,542757.8490103369,3363621.1996112773,26.131680857199967,1777.0,2173.0,1776.8349810260502,2172.0622539579167,481.3762246981835,0.9521548724899379
R_xml,775,542757.8490103369,3363621.1996112773,26.131680857199967,2792.0,1846.0,2792.0739060533215,1846.2812041039465,526.4436604581343,0.29075393856989695
R_xml,338,542757.8490103369,3363621.1996112773,26.131680857199967,4028.0,932.0,4028.8452022122956,932.0046726544138,408.412602622312,0.8452151284546611
R_xml,826,542757.8490103369,3363621.1996112773,26.131680857199967,2970.0,3230.0,2969.1185783408223,3229.1164879766984,812.9477290557849,1.2479974505527038
R_xml,774,542757.8490103369,3363621.1996112773,26.131680857199967,2788.0,1496.0,2787.775125594738,1495.9088892441337,580.838097889911,0.24263072348027812
R_xml,824,542757.8490103369,3363621.1996112773,26.131680857199967,3060.0,2848.0,3058.913800599469,2848.0458958885647,701.4896360991489,1.087168602517908
R_xml,825,542757.8490103369,3363621.1996112773,26.131680857199967,3012.0,3051.0,3011.085916583231,3051.4553750742743,757.3854752160609,1.02123207503587
R_xml,735,542757.8490103369,3363621.1996112773,26.131680857199967,2094.0,975.0,2093.5874489905473,974.8468969391818,701.8920891678877,0.44004418259122297
R_xml,883,542366.4369302959,3363219.0425643525,23.319878930004506,3803.0,2407.0,3804.1884601534193,2407.4879856601297,459.8981608868594,1.2847441538133828
R_xml,133,542366.4369302959,3363219.0425643525,23.319878930004506,3240.0,672.0,3241.092707103907,671.5997822307602,367.00809496085003,1.1636937216225547
R_xml,137,542366.4369302959,3363219.0425643525,23.319878930004506,3202.0,1487.0,3202.5848873176897,1486.2293999708036,367.9051939111066,0.9674283329486211
R_xml,18,542366.4369302959,3363219.0425643525,23.319878930004506,1130.0,452.0,1131.3273377974556,450.59437746758977,366.05735819880493,1.9332874416841386
R_xml,877,542366.4369302959,3363219.0425643525,23.319878930004506,3544.0,1319.0,3544.967511951777,1318.6019972493532,620.1424738091862,1.0461766420417034
R_xml,17,542366.4369302959,3363219.0425643525,23.319878930004506,1132.0,390.0,1132.4078551209504,390.2082931297168,365.99292199690984,0.4579648759159701
R_xml,134,542366.4369302959,3363219.0425643525,23.319878930004506,3235.0,736.0,3235.867333867822,734.2651551870993,367.07532689372806,1.9395758719677216
R_xml,819,542366.4369302959,3363219.0425643525,23.319878930004506,2081.0,2822.0,2080.8872241805166,2822.1166445950003,418.20793603701617,0.16224779506339201
R_xml,263,542366.4369302959,3363219.0425643525,23.319878930004506,4708.0,1253.0,4709.74818372469,1251.7703402788093,439.5138623246191,2.1373369797925057
R_xml,518,543541.4258324874,3363166.9215570656,15.435011446857573,739.0,2554.0,740.542020183754,2553.3560510591665,641.0282194408554,1.6710764451410287
R_xml,525,543541.4258324874,3363166.9215570656,15.435011446857573,4030.0,1745.0,4030.747603570674,1745.0812258233113,556.533980014531,0.7520031471059342
R_xml,517,543541.4258324874,3363166.9215570656,15.435011446857573,589.0,2272.0,591.7829655398023,2271.808639781032,585.5589868015599,2.789536866422516
R_xml,139,541616.757843831,3364040.5868906965,19.16689801203654,3528.0,3652.0,3528.5188818791207,3650.988025333585,1033.296086554996,1.1372471718784574
R_xml,92,541616.757843831,3364040.5868906965,19.16689801203654,2146.0,101.0,2145.9746478498496,99.74014292843708,1033.0541436035974,1.2601121268698052
R_xml,98,541616.757843831,3364040.5868906965,19.16689801203654,2079.0,290.0,2078.4510834983275,289.1979585771976,928.1323878795072,0.9718949375828861
R_xml,145,541616.757843831,3364040.5868906965,19.16689801203654,3422.0,3824.0,3421.8324328142066,3822.725245564088,1141.2421879718988,1.2857206670317385
R_xml,257,541616.757843831,3364040.5868906965,19.16689801203654,4116.0,3779.0,4116.559956794221,3777.5892275520528,1113.0312054545489,1.5178374456051402
R_xml,20,541616.757843831,3364040.5868906965,19.16689801203654,2960.0,3532.0,2959.2825923154596,3531.977946514062,947.330628008216,0.717746572321741
R_xml,23,541616.757843831,3364040.5868906965,19.16689801203654,2930.0,3636.0,2929.643104436518,3635.19699441426,1001.7593224584298,0.8787447945577768
R_xml,95,541616.757843831,3364040.5868906965,19.16689801203654,2119.0,191.0,2119.694101509335,189.4280673220885,980.6291881934563,1.718356554719322
R_xml,136,541616.757843831,3364040.5868906965,19.16689801203654,3605.0,3557.0,3605.9238230821707,3556.595068481558,978.2902168493601,1.0086717115985047
R_xml,142,541616.757843831,3364040.5868906965,19.16689801203654,3481.0,3742.0,3481.9311527179243,3740.3313551516985,1087.5715813762731,1.9108691775893243
R_xml,329,541616.757843831,3364040.5868906965,19.16689801203654,589.0,259.0,591.2330918755124,258.6908809489146,979.6156557854714,2.254385484388914
R_xml,254,541616.757843831,3364040.5868906965,19.16689801203654,4216.0,3690.0,4216.99977344373,3689.4656613871275,1058.371301638096,1.1336069389319308
R_xml,251,541616.757843831,3364040.5868906965,19.16689801203654,4304.0,3587.0,4305.474872681455,3586.8719071654923,1005.8837508860599,1.4804246690577123
R_xml,301,542917.5629153938,3362949.4404286416,17.564528166454068,2435.0,3370.0,2435.1618266395676,3368.19679581705,378.67236594645357,1.810451100329038
R_xml,299,542917.5629153938,3362949.4404286416,17.564528166454068,2461.0,2789.0,2461.702010515384,2789.0307820864864,427.28843252818456,0.7026850649884846
R_xml,417,542917.5629153938,3362949.4404286416,17.564528166454068,801.0,2497.0,802.1087295391567,2496.755687535105,455.21749663941563,1.1353280457654469
R_xml,397,542917.5629153938,3362949.4404286416,17.564528166454068,3540.0,1464.0,3540.4178787155856,1463.6241817881264,472.9388436772502,0.562015968914906
R_xml,395,542917.5629153938,3362949.4404286416,17.564528166454068,3657.0,1013.0,3657.2704477347324,1013.2789544248286,424.9774234569356,0.38853255764912603
R_xml,985,542917.5629153938,3362949.4404286416,17.564528166454068,3052.0,810.0,3051.841389880477,808.8987832142864,404.57304494793226,1.1125805944526306
R_xml,400,542917.5629153938,3362949.4404286416,17.564528166454068,3372.0,2077.0,3372.6222388935967,2077.036358209994,555.5272588853906,0.6233002167000752
R_xml,184,542917.5629153938,3362949.4404286416,17.564528166454068,4321.0,3043.0,4321.393276871003,3041.7681031840143,404.48820966153784,1.293149822140297
R_xml,421,542917.5629153938,3362949.4404286416,17.564528166454068,419.0,3531.0,421.7117593986377,3528.6871669724196,362.3846061390754,3.5641037652636482
R_xml,302,542917.5629153938,3362949.4404286416,17.564528166454068,2414.0,865.0,2415.2214342562656,864.6678761885325,371.6365715207278,1.2657834998619875
R_xml,1051,542917.5629153938,3362949.4404286416,17.564528166454068,1125.0,837.0,1126.0816183214918,836.1775990356416,403.51505491333216,1.3587647108915761
R_xml,1049,542917.5629153938,3362949.4404286416,17.564528166454068,959.0,158.0,959.7509390331325,156.7933829255976,349.41549438133114,1.4212087094165011
R_xml,393,542917.5629153938,3362949.4404286416,17.564528166454068,3817.0,411.0,3818.7933316881563,408.3936811245562,372.65257933787376,3.1636903489817048
R_xml,842,543631.1789091136,3363575.1337068044,20.103538939810846,3688.0,226.0,3689.581971892001,222.88403091416058,993.265422587076,3.494552676808363
R_xml,918,543631.1789091136,3363575.1337068044,20.103538939810846,2967.0,862.0,2967.6073263237654,860.9192558298021,727.4250453152498,1.2396988444598958
R_xml,908,543631.1789091136,3363575.1337068044,20.103538939810846,2880.0,201.0,2881.4812949580155,199.1439687292086,997.7906315467737,2.374676152825399
R_xml,887,543631.1789091136,3363575.1337068044,20.103538939810846,2072.0,3742.0,2072.194253319185,3741.4306798690723,1074.3147117006195,0.6015478064908615
R_xml,880,543631.1789091136,3363575.1337068044,20.103538939810846,1947.0,3347.0,1948.4295604904892,3345.698055731636,870.4976933007068,1.9335723606561543
R_xml,886,543631.1789091136,3363575.1337068044,20.103538939810846,2042.0,3680.0,2043.8010401468453,3679.0815807046392,1034.1874738347315,2.0216922645742432
R_xml,844,543631.1789091136,3363575.1337068044,20.103538939810846,3749.0,333.0,3750.543581924468,330.54510528002334,939.1515482864389,2.8998540038618943
R_xml,912,543631.1789091136,3363575.1337068044,20.103538939810846,2913.0,414.0,2913.8951229347513,412.6801166189821,889.2439509552212,1.5947843765866954
R_xml,814,543631.1789091136,3363575.1337068044,20.103538939810846,1037.0,3275.0,1038.6896494664368,3272.8121973259204,857.6929140915728,2.7643074829222862
R_xml,946,543631.1789091136,3363575.1337068044,20.103538939810846,2800.0,3377.0,2800.0845125318856,3375.8578174725717,883.2399575045678,1.1453048912880015
R_xml,820,543631.1789091136,3363575.1337068044,20.103538939810846,1289.0,3620.0,1290.8243096696258,3619.2229536940113,1023.2112359795784,1.9829036114599465
R_xml,852,543631.1789091136,3363575.1337068044,20.103538939810846,4047.0,896.0,4047.551034488082,894.6413351655519,723.1669336698099,1.4661545414525108
R_xml,884,543631.1789091136,3363575.1337068044,20.103538939810846,2022.0,3584.0,2022.351658997697,3583.282668886698,979.6494250216185,0.7988917178018169
R_xml,914,543631.1789091136,3363575.1337068044,20.103538939810846,2932.0,544.0,2932.1106215257705,543.3577551095514,835.1917830361248,0.651702095493929
R_xml,952,543631.1789091136,3363575.1337068044,20.103538939810846,2778.0,3718.0,2778.0431198589627,3717.4658513653767,1045.3595838544381,0.5358862622860397
R_xml,522,543542.5443358333,3362739.287464537,20.527093657046635,2608.0,2453.0,2607.111538746848,2452.385800700172,458.1325262399135,1.0800945228366794
R_xml,523,543542.5443358333,3362739.287464537,20.527093657046635,2603.0,3030.0,2603.8414089772896,3029.1647563942847,403.4596909303579,1.1855804266062029
R_xml,1069,543542.5443358333,3362739.287464537,20.527093657046635,563.0,3431.0,566.2780726969177,3429.4530937626346,366.5021636790565,3.6247316470984536
R_xml,711,542788.3676196432,3363951.008704348,23.27273871771979,2314.0,2066.0,2313.131172216348,2066.230550403158,496.45077890773933,0.8988966603795666
R_xml,463,542788.3676196432,3363951.008704348,23.27273871771979,3463.0,1996.0,3463.9017769540715,1996.338471431598,533.9705388846938,0.9632053700548058
R_xml,715,542788.3676196432,3363951.008704348,23.27273871771979,2208.0,3134.0,2208.477305835323,3133.410544290069,390.2974017528338,0.7584714196352882
R_xml,352,542788.3676196432,3363951.008704348,23.27273871771979,315.0,3391.0,318.35275681395433,3388.216790670808,366.19062150798345,4.357434155970384
R_xml,745,542788.3676196432,3363951.008704348,23.27273871771979,3989.0,841.0,3989.9314148622625,838.6918250260485,401.4673479225715,2.4890169457075864
R_xml,506,543159.8770310815,3363167.9526365087,23.48993417676064,2779.0,617.0,2779.703136926878,616.3461617259761,382.10720428565133,0.9601593755819458
R_xml,419,543159.8770310815,3363167.9526365087,23.48993417676064,3332.0,2428.0,3332.606169520376,2428.5871593188804,456.5975341701637,0.8439179777568036
R_xml,417,543159.8770310815,3363167.9526365087,23.48993417676064,3283.0,2066.0,3284.185574262254,2066.1314519436887,499.8458878784078,1.1928394463707892
R_xml,421,543159.8770310815,3363167.9526365087,23.48993417676064,3414.0,2948.0,3414.4979963744354,2946.9818267585374,407.3422265474942,1.133435987862231
R_xml,512,543159.8770310815,3363167.9526365087,23.48993417676064,2675.0,1992.0,2676.00426012609,1992.3488757401767,529.7891439743598,1.0631334266862735
R_xml,424,543159.8770310815,3363167.9526365087,23.48993417676064,3478.0,1106.0,3479.105859031689,1105.1352024671678,367.3717737061426,1.403851477457805
R_xml,415,543159.8770310815,3363167.9526365087,23.48993417676064,3249.0,1899.0,3249.6119260878086,1898.6690809374518,522.5606279592308,0.6956730287272127
R_xml,413,543159.8770310815,3363167.9526365087,23.48993417676064,3225.0,1782.0,3225.1323543345998,1782.499903160962,540.6270219356078,0.5171274893362325
R_xml,538,543159.8770310815,3363167.9526365087,23.48993417676064,1399.0,1022.0,1399.2763503622382,1022.7958243014995,367.0312485061527,0.8424404083175798
R_xml,699,542083.47070974,3363363.986522684,15.861057036198986,3709.0,2953.0,3708.5311967226094,2951.897309396212,415.8623918014275,1.1982082792962392
R_xml,769,542083.47070974,3363363.986522684,15.861057036198986,1735.0,3623.0,1736.3961754448578,3621.8419351870502,361.97875491480585,1.8139514833137873
R_xml,15,542083.47070974,3363363.986522684,15.861057036198986,2815.0,2323.0,2815.25312960127,2322.965760764738,376.09588441273473,0.25543476715268126
R_xml,26,542083.47070974,3363363.986522684,15.861057036198986,2738.0,1467.0,2738.571939239195,1466.901296774081,472.1888040981077,0.5803936768591049
R_xml,700,542083.47070974,3363363.986522684,15.861057036198986,3834.0,3629.0,3834.7492517508535,3628.81489515381,361.7878392449327,0.7717784593003979
R_xml,760,542083.47070974,3363363.986522684,15.861057036198986,2417.0,106.0,2417.8343582414964,103.74208863442277,352.48094419222815,2.4071388430989495
R_xml,762,542083.47070974,3363363.986522684,15.861057036198986,2395.0,1371.0,2394.8708634023583,1371.73114089902,464.003100196747,0.7424575914287196
R_xml,768,542083.47070974,3363363.986522684,15.861057036198986,1851.0,2941.0,1851.3084708042836,2940.4869940091194,416.79186871389174,0.5986062009157577
R_xml,20,542083.47070974,3363363.986522684,15.861057036198986,2807.0,284.0,2807.630038619718,282.9707834434166,364.92836346511507,1.2067457821271406
R_xml,828,542083.47070974,3363363.986522684,15.861057036198986,4254.0,986.0,4255.412734833547,984.6241878612849,422.5967941793853,1.97197331395549
R_xml,29,542083.47070974,3363363.986522684,15.861057036198986,2725.0,1902.0,2724.7875258217505,1901.8672191275443,526.6070510346646,0.2505514647989477
R_xml,694,542083.47070974,3363363.986522684,15.861057036198986,905.0,1582.0,907.1121055209032,1582.1022936335326,486.2096572880014,2.1145812159600887
R_xml,86,542083.47070974,3363363.986522684,15.861057036198986,1941.0,1651.0,1940.8222099026846,1650.942787116013,568.6308710302037,0.18676892888683816
R_xml,693,542083.47070974,3363363.986522684,15.861057036198986,728.0,1097.0,729.3946423888174,1096.1302372823302,430.87717719298513,1.6436284792295943
R_xml,83,542083.47070974,3363363.986522684,15.861057036198986,2026.0,1360.0,2026.5560043313903,1360.2896642173007,621.7571407670544,0.6269339481231216
R_xml,698,542083.47070974,3363363.986522684,15.861057036198986,3609.0,2415.0,3609.304642880517,2414.46356349857,470.2121159895081,0.6169046966236532
R_xml,697,542083.47070974,3363363.986522684,15.861057036198986,3548.0,1980.0,3548.1441543549254,1979.3437401627039,524.3475613994368,0.671905835732893
R_xml,1,542205.5533632989,3363731.588716253,25.309490531590598,939.0,1589.0,940.066080494847,1588.9495810864937,569.3479203166277,1.0672720779316023
R_xml,708,542205.5533632989,3363731.588716253,25.309490531590598,1188.0,318.0,1188.1038956387447,317.6309415822989,355.4303040515719,0.3834037290197184
R_xml,831,542205.5533632989,3363731.588716253,25.309490531590598,204.0,765.0,206.70137047967546,763.1775881300398,776.8556066598832,3.2586174203538967
R_xml,2,542205.5533632989,3363731.588716253,25.309490531590598,769.0,1902.0,770.7040882305951,1901.5637354171952,519.0600058179995,1.7590461858241457
R_xml,3,542205.5533632989,3363731.588716253,25.309490531590598,576.0,2329.0,578.0192655299707,2327.9283962143245,465.0450762122394,2.285993865696437
R_xml,710,542205.5533632989,3363731.588716253,25.309490531590598,1358.0,975.0,1359.2125591950332,975.142432092549,410.74124285529217,1.2208958606070974
R_xml,712,542205.5533632989,3363731.588716253,25.309490531590598,1467.0,1490.0,1467.9717337304742,1489.8696044827784,465.0357074431584,0.9804434883524562
R_xml,121,542205.5533632989,3363731.588716253,25.309490531590598,2072.0,3854.0,2072.852888883168,3851.255886001819,338.2479100713375,2.873600717226528
R_xml,829,542205.5533632989,3363731.588716253,25.309490531590598,4927.0,2737.0,4928.886232860526,2737.651774842728,682.2903118834993,1.9956665176684878
R_xml,716,542205.5533632989,3363731.588716253,25.309490531590598,1665.0,2255.0,1665.7831984997088,2253.7658941779605,574.8054724692539,1.46164875053409
R_xml,748,542205.5533632989,3363731.588716253,25.309490531590598,4680.0,2462.0,4682.160663056248,2461.7164321790665,450.1738215616965,2.1791914903709326
R_xml,119,542205.5533632989,3363731.588716253,25.309490531590598,2277.0,2509.0,2276.6272266875903,2509.5695265043823,447.6911178827918,0.6806764147807957
R_xml,750,542205.5533632989,3363731.588716253,25.309490531590598,4900.0,3005.0,4900.739377043301,3003.959253074538,395.993854817449,1.276648963113527
R_xml,251,542205.5533632989,3363731.588716253,25.309490531590598,3477.0,2372.0,3477.410267988298,2372.0275226708036,590.8914904212188,0.4111901258910666
R_xml,744,542205.5533632989,3363731.588716253,25.309490531590598,4353.0,1643.0,4353.193480262572,1642.8064404457837,556.5014783450923,0.273678484783391
R_xml,688,542205.5533632989,3363731.588716253,25.309490531590598,2993.0,241.0,2992.632174201777,240.17831233997686,352.8957633992848,0.9002590896361886
R_xml,95,542123.2790770374,3363401.4858067213,15.029795339465124,2118.0,2897.0,2119.307609107553,2896.3267547135347,420.23041298701213,1.4707483788547056
R_xml,108,542123.2790770374,3363401.4858067213,15.029795339465124,1800.0,3758.0,1801.1997155956788,3755.7993797985373,379.2340407985488,2.5064011613467927
R_xml,15,542123.2790770374,3363401.4858067213,15.029795339465124,2290.0,2446.0,2290.3468232252803,2445.9430137307704,376.71775736945256,0.35147373226822837
R_xml,763,542123.2790770374,3363401.4858067213,15.029795339465124,2471.0,2074.0,2472.000934834642,2074.0489305627625,559.3689729176743,1.0021301029168803
R_xml,17,542123.2790770374,3363401.4858067213,15.029795339465124,2292.0,3118.0,2292.4105888956733,3118.2474566927804,377.353187915844,0.4793934251238889
R_xml,89,542123.2790770374,3363401.4858067213,15.029795339465124,2250.0,1961.0,2250.368217907284,1960.8917721041573,524.3067338530061,0.38379383096015507
R_xml,92,542123.2790770374,3363401.4858067213,15.029795339465124,2194.0,2378.0,2193.979242619482,2377.776229996842,472.3118617642922,0.22473069029221113
R_xml,762,542123.2790770374,3363401.4858067213,15.029795339465124,2492.0,1688.0,2492.2973100517083,1687.0296952664485,503.20617633128114,1.0148322732350001
R_xml,697,542123.2790770374,3363401.4858067213,15.029795339465124,3406.0,1733.0,3406.3671284126417,1732.0206556489018,562.2741448138487,1.0458960891966465
R_xml,240,542449.6553923913,3363734.2282085107,18.98626578052773,2022.0,2238.0,2022.8089907339136,2237.304921984427,372.293301272902,1.066583074725511
R_xml,835,542449.6553923913,3363734.2282085107,18.98626578052773,463.0,980.0,464.2346600216256,980.3607645073396,712.0120880273214,1.286287836666609
R_xml,760,542449.6553923913,3363734.2282085107,18.98626578052773,3165.0,2856.0,3164.7946111260153,2857.0901946420727,713.761292978514,1.1093732226625403
R_xml,233,542449.6553923913,3363734.2282085107,18.98626578052773,2360.0,1645.0,2359.270665651523,1645.196785788324,567.9050374980686,0.7554159373185003
R_xml,834,542449.6553923913,3363734.2282085107,18.98626578052773,607.0,779.0,608.1220157211626,778.5482555631227,766.1026741376567,1.20954219223045
R_xml,237,542449.6553923913,3363734.2282085107,18.98626578052773,2060.0,3784.0,2061.4995770202354,3782.281673642545,348.87474044110957,2.2806526939329017
R_xml,773,542449.6553923913,3363734.2282085107,18.98626578052773,966.0,2154.0,967.6427427256915,2153.5808217235212,494.16024985390254,1.6953802199754662
R_xml,236,542449.6553923913,3363734.2282085107,18.98626578052773,2159.0,3065.0,2158.5579107080634,3064.0917128411324,403.514015184852,1.0101626131512949
R_xml,764,542449.6553923913,3363734.2282085107,18.98626578052773,2937.0,3479.0,2936.4895862143358,3479.0561933721474,938.8015195399076,0.5134977387188739
R_xml,762,542449.6553923913,3363734.2282085107,18.98626578052773,3036.0,3205.0,3035.4670941244394,3205.3200068365386,826.8754791517462,0.6216052184774677
R_xml,234,542449.6553923913,3363734.2282085107,18.98626578052773,2311.0,2023.0,2310.5485092589624,2023.069656480173,513.5083721768796,0.4568324796604853
R_xml,896,542449.6553923913,3363734.2282085107,18.98626578052773,4720.0,3360.0,4720.951052931845,3359.278362872142,904.7856681266476,1.1938432993796682
R_xml,351,542449.6553923913,3363734.2282085107,18.98626578052773,3971.0,2691.0,3971.9225858629657,2690.056718618072,435.1520833960118,1.3194485363348498
R_xml,418,543107.4716987093,3362907.602917927,19.592054434476097,1752.0,1029.0,1752.1760179978712,1027.9263917663648,370.22592831912425,1.0879416229301886
R_xml,420,543107.4716987093,3362907.602917927,19.592054434476097,1760.0,1720.0,1760.4363683125475,1719.9662928284574,371.53594180605387,0.4376682277810196
R_xml,279,543107.4716987093,3362907.602917927,19.592054434476097,405.0,2649.0,407.82882089794384,2647.753780766663,370.6880835282452,3.0911632195959156
R_xml,300,543107.4716987093,3362907.602917927,19.592054434476097,3847.0,1496.0,3848.020499022451,1496.5416660853402,371.44734431116564,1.1553442789192414
R_xml,396,543107.4716987093,3362907.602917927,19.592054434476097,2404.0,3303.0,2403.7360410654287,3301.3938377104105,373.48016149486267,1.6277074736080375
R_xml,392,543107.4716987093,3362907.602917927,19.592054434476097,2464.0,1955.0,2463.294089796716,1954.2803996952114,371.7253990069587,1.008034629242653
R_xml,281,543107.4716987093,3362907.602917927,19.592054434476097,420.0,3302.0,423.7491975264852,3299.096489648356,371.6441483785037,4.742030625660943
R_xml,416,543107.4716987093,3362907.602917927,19.592054434476097,1761.0,460.0,1762.0589955296632,459.1455674987542,369.3463416840402,1.3607080623821657
R_xml,295,543107.4716987093,3362907.602917927,19.592054434476097,3687.0,2555.0,3687.7153749611184,2554.68290821478,448.1943671406551,0.7825014602217033
R_xml,422,543107.4716987093,3362907.602917927,19.592054434476097,1757.0,2412.0,1757.7070271991513,2411.5453997035393,372.22970534691916,0.8405646256427413
R_xml,509,543107.4716987093,3362907.602917927,19.592054434476097,4474.0,2934.0,4475.808472482236,2933.7399816258894,373.45203757057897,1.8270693128282276
R_xml,511,543107.4716987093,3362907.602917927,19.592054434476097,4414.0,3577.0,4415.214509923526,3576.235663211188,374.0190545840672,1.4350069968730144
R_xml,1046,543107.4716987093,3362907.602917927,19.592054434476097,2267.0,3871.0,2267.1517871603214,3869.4726504150576,342.4810699461655,1.534873316160691
R_xml,2,541988.0266155401,3363519.8427648684,23.64504316235582,2796.0,1538.0,2796.192603047159,1537.331025606571,576.1180523218427,0.696148456034029
R_xml,3,541988.0266155401,3363519.8427648684,23.64504316235582,2820.0,1904.0,2820.208949764688,1903.320504249641,521.9681635066092,0.7108969537977944
R_xml,113,541988.0266155401,3363519.8427648684,23.64504316235582,1285.0,1061.0,1286.5493359584084,1061.2567916832807,420.1770614240289,1.5704725023442343
R_xml,115,541988.0266155401,3363519.8427648684,23.64504316235582,1464.0,1984.0,1465.282526188813,1983.8103704424798,532.0911303032825,1.2964693571684565
R_xml,110,541988.0266155401,3363519.8427648684,23.64504316235582,1244.0,2797.0,1244.7150395420235,2796.2023916817798,368.1055045254955,1.0711958625533067
R_xml,112,541988.0266155401,3363519.8427648684,23.64504316235582,1198.0,433.0,1197.773297361817,432.3934088379283,365.6728619117693,0.647570014795819
R_xml,108,541988.0266155401,3363519.8427648684,23.64504316235582,1293.0,2119.0,1293.2410992886887,2117.659831081326,367.2240286276511,1.3616833690641563
R_xml,224,542615.4214166255,3363497.3377423775,21.706107084967982,4025.0,1550.0,4024.8830021124622,1549.7742273325407,478.6348329542384,0.2542868519211818
R_xml,220,542615.4214166255,3363497.3377423775,21.706107084967982,4400.0,565.0,4401.532583691034,562.4656587672584,379.18931983737616,2.9617052949269094
R_xml,237,542615.4214166255,3363497.3377423775,21.706107084967982,2140.0,1747.0,2139.867373028402,1748.0863099141511,549.3001563366499,1.0943761433703718
R_xml,754,542615.4214166255,3363497.3377423775,21.706107084967982,1123.0,675.0,1124.598170122831,674.2371884446939,387.9487835721021,1.7708837371263455
R_xml,851,542615.4214166255,3363497.3377423775,21.706107084967982,1163.0,811.0,1164.08064537788,810.5059767092889,399.0905749239799,1.1882143933223985
R_xml,320,542615.4214166255,3363497.3377423775,21.706107084967982,2551.0,2504.0,2550.2748545218656,2504.0798459240123,450.76318276584686,0.7295281598678642
R_xml,126,542615.4214166255,3363497.3377423775,21.706107084967982,416.0,2423.0,419.1605474424118,2422.303349066904,456.60467295975525,3.236415093636691
R_xml,436,542615.4214166255,3363497.3377423775,21.706107084967982,1029.0,2118.0,1031.1540219867616,2117.0659524320763,495.89724100200516,2.347819324095534
R_xml,439,542615.4214166255,3363497.3377423775,21.706107084967982,833.0,2584.0,834.260808654436,2583.586536405396,442.78355030662,1.326872490921215
R_xml,704,542615.4214166255,3363497.3377423775,21.706107084967982,4533.0,2035.0,4534.068691137166,2034.62757167913,507.80357926118666,1.1317259389282075
R_xml,489,542615.4214166255,3363497.3377423775,21.706107084967982,5105.0,1458.0,5108.043896844095,1456.5211801230078,460.9221633733879,3.384112324684006
R_xml,705,542615.4214166255,3363497.3377423775,21.706107084967982,4727.0,2481.0,4727.839530727974,2480.935078413636,453.50254918049797,0.8420372055848253
R_xml,317,542615.4214166255,3363497.3377423775,21.706107084967982,2579.0,2052.0,2578.343151422653,2051.3767783403673,503.3547271188125,0.9054586078876959
R_xml,442,542615.4214166255,3363497.3377423775,21.706107084967982,640.0,3131.0,642.853828672778,3130.116001536133,391.9634146283207,2.9876062956302394
R_xml,903,542615.4214166255,3363497.3377423775,21.706107084967982,517.0,1339.0,518.5923948039126,1338.3142624112709,620.1794577575633,1.7337696652450463
R_xml,491,543605.1831263875,3363040.4282497037,21.82208830709135,1089.0,1181.0,1090.0775397934171,1181.244408348386,658.2543990383431,1.104910605957905
R_xml,1010,543605.1831263875,3363040.4282497037,21.82208830709135,1333.0,2281.0,1333.2702275082884,2280.9487579781967,574.0287977076333,0.2750429985188384
R_xml,623,543605.1831263875,3363040.4282497037,21.82208830709135,1729.0,1242.0,1730.1991131202444,1241.2507605039132,368.2255568734591,1.413942041824471
R_xml,986,543605.1831263875,3363040.4282497037,21.82208830709135,4688.0,1898.0,4690.440878888737,1896.389481168414,530.488525322684,2.924322255903705
R_xml,549,543605.1831263875,3363040.4282497037,21.82208830709135,3767.0,2470.0,3766.8646418161234,2470.8600107401826,616.0277231971804,0.8705976746877879
R_xml,906,543605.1831263875,3363040.4282497037,21.82208830709135,4639.0,448.0,4642.618545276216,445.066312718576,908.0151884351123,4.658367845201941
R_xml,890,543605.1831263875,3363040.4282497037,21.82208830709135,531.0,3621.0,533.3331469784393,3618.6264073035636,1032.6554333151573,3.328290418755073
R_xml,984,543605.1831263875,3363040.4282497037,21.82208830709135,4538.0,1555.0,4540.09620213745,1553.1830450721673,582.556153987368,2.774056346007582
R_xml,889,543605.1831263875,3363040.4282497037,21.82208830709135,418.0,3513.0,420.97742832245285,3510.964600299126,977.3311094907955,3.606650989167551
R_xml,531,543605.1831263875,3363040.4282497037,21.82208830709135,4573.0,2208.0,4574.179127399771,2207.696416907562,370.0097981512857,1.217581257618563
R_xml,910,543605.1831263875,3363040.4282497037,21.82208830709135,5061.0,912.0,5064.007592244501,908.8235577447031,743.6490438096575,4.374402417521701
R_xml,500,543605.1831263875,3363040.4282497037,21.82208830709135,522.0,2184.0,524.1475479469104,2182.8528600682166,488.02942679483925,2.434726310567826
R_xml,888,543605.1831263875,3363040.4282497037,21.82208830709135,296.0,3401.0,299.524955317665,3398.766571015868,921.5516702981151,4.17295039734422
R_xml,982,543605.1831263875,3363040.4282497037,21.82208830709135,4367.0,1272.0,4368.420811032711,1270.3258724520576,637.7924776734277,2.1957702606266354
R_xml,980,543605.1831263875,3363040.4282497037,21.82208830709135,4253.0,1061.0,4253.835775089613,1059.1063979992746,687.5839278188746,2.0698426359433486
R_xml,434,543605.1831263875,3363040.4282497037,21.82208830709135,4922.0,2446.0,4923.129757623163,2445.3981196854165,619.6541545373077,1.2800828880105382
R_xml,1062,543605.1831263875,3363040.4282497037,21.82208830709135,3202.0,2068.0,3202.7846271873445,2068.1598653800006,543.8589344455814,0.8007476274351014
R_xml,4,541736.9758277119,3363443.602944179,30.734449661007773,4983.0,2679.0,4984.518250486202,2678.4385856929457,423.4472264165115,1.6187249806618749
R_xml,2,541736.9758277119,3363443.602944179,30.734449661007773,4542.0,1744.0,4543.67517420898,1743.4250195997533,532.9988923305193,1.771104483394376
R_xml,3,541736.9758277119,3363443.602944179,30.734449661007773,4748.0,2159.0,4750.334282782905,2158.7085874034074,478.46983092307954,2.352402476622147
R_xml,620,543474.2279167878,3364348.943259587,25.633113301459957,307.0,3506.0,310.45020141474697,3502.952158834195,963.6190068195181,4.60361005888833
R_xml,645,543474.2279167878,3364348.943259587,25.633113301459957,4703.0,401.0,4706.409092607864,398.30901492895964,903.8435219370452,4.34319157550724
R_xml,641,543474.2279167878,3364348.943259587,25.633113301459957,4448.0,159.0,4450.035534792169,156.16864534300885,1022.8135697715687,3.4871150086847473
R_xml,643,543474.2279167878,3364348.943259587,25.633113301459957,4605.0,295.0,4607.411069216093,292.3524440887493,952.6131491190728,3.5808947300904928
R_xml,651,543474.2279167878,3364348.943259587,25.633113301459957,5053.0,803.0,5057.090683634369,800.3141807133409,760.4743827672804,4.8935996809186095
R_xml,77,541973.1521577217,3363078.976295925,21.308550536658345,535.0,1485.0,535.7671933845168,1484.421620517695,590.6123122005223,0.9607853635426452
R_xml,282,541973.1521577217,3363078.976295925,21.308550536658345,5036.0,3363.0,5038.2568026226845,3363.082568599541,910.2508194816518,2.258312567247031
R_xml,80,541973.1521577217,3363078.976295925,21.308550536658345,351.0,1797.0,352.75903206303474,1795.4242058216491,539.2731583360472,2.3616352578899034
R_xml,161,541973.1521577217,3363078.976295925,21.308550536658345,4712.0,2916.0,4713.935815230231,2915.492196035642,735.0465376188532,2.0013109383133387
R_xml,157,541973.1521577217,3363078.976295925,21.308550536658345,5059.0,2527.0,5061.656149867224,2526.058834260505,638.7867952977177,2.8179647028220085
R_xml,159,541973.1521577217,3363078.976295925,21.308550536658345,4891.0,2724.0,4892.451790576809,2723.616134715101,684.7265860721021,1.5016818690593823
R_xml,182,541973.1521577217,3363078.976295925,21.308550536658345,343.0,531.0,344.301490970503,530.3239870682412,851.5151945644311,1.4665852277334344
R_xml,180,541973.1521577217,3363078.976295925,21.308550536658345,493.0,375.0,493.2240294485009,374.2418439321182,917.1435046007612,0.7905629747601759
R_xml,286,541973.1521577217,3363078.976295925,21.308550536658345,4645.0,3667.0,4646.843423246641,3666.007678730627,1070.348605837028,2.09354024750067
R_xml,76,542324.8085522108,3362740.182729533,12.466094194368452,542.0,1820.0,543.501582292155,1819.2477860011481,377.4427249610028,1.6794568408215413
R_xml,79,542324.8085522108,3362740.182729533,12.466094194368452,546.0,2521.0,547.7599641506445,2520.0454661796257,379.14484266640943,2.0021509997480367
R_xml,75,542324.8085522108,3362740.182729533,12.466094194368452,541.0,1767.0,542.5456367306833,1765.530761202748,377.28379915456367,2.1325232816051702
R_xml,879,542324.8085522108,3362740.182729533,12.466094194368452,1486.0,810.0,1485.6986626287114,808.6802961669807,766.6482663131595,1.353669981280844
R_xml,73,542324.8085522108,3362740.182729533,12.466094194368452,556.0,1112.0,557.8781037141371,1111.437263276339,375.949884649029,1.9605984242603274
R_xml,36,542324.8085522108,3362740.182729533,12.466094194368452,3783.0,1080.0,3784.267105349588,1079.8341390644673,378.4934124469853,1.277914635994867
R_xml,45,542324.8085522108,3362740.182729533,12.466094194368452,3653.0,3389.0,3652.9214635192716,3389.2650540184986,381.2962188801515,0.2764445903386024
R_xml,256,542791.6687276205,3362951.2224294143,23.425048900134584,2954.0,1952.0,2953.8572931848935,1952.2443805893836,519.2041051370329,0.2829966564207316
R_xml,262,542791.6687276205,3362951.2224294143,23.425048900134584,2948.0,2900.0,2948.374147960581,2898.7022663879297,413.51802577602854,1.350592175419307
R_xml,259,542791.6687276205,3362951.2224294143,23.425048900134584,2958.0,2377.0,2957.655477528924,2377.5799507992324,466.003255856298,0.674565536183468
R_xml,315,542791.6687276205,3362951.2224294143,23.425048900134584,1295.0,430.0,1295.3865336743859,429.32369072406095,366.4797043054419,0.7789753000932975
R_xml,527,543491.8123685616,3362656.3723017643,14.420611499772917,1784.0,3505.0,1784.6098154583633,3503.7796802422763,379.28877954790545,1.3642049715309181
R_xml,521,543491.8123685616,3362656.3723017643,14.420611499772917,1978.0,2367.0,1977.9538374565275,2367.4802349988463,477.671118786025,0.4824485822725125
R_xml,523,543491.8123685616,3362656.3723017643,14.420611499772917,1780.0,3467.0,1780.8645168396006,3465.8922778571095,374.5050228288684,1.4051468648517833
R_xml,522,543491.8123685616,3362656.3723017643,14.420611499772917,1878.0,2812.0,1878.7085252603242,2811.800692668936,429.1381783947635,0.7360240870606135
R_xml,518,543491.8123685616,3362656.3723017643,14.420611499772917,2399.0,131.0,2398.9434441584594,129.88942772670657,354.690006241237,1.112011392666682
R_xml,635,543491.8123685616,3362656.3723017643,14.420611499772917,4138.0,1158.0,4138.836634816543,1157.2417155434894,442.9344648899546,1.1291382259215041
R_xml,519,543491.8123685616,3362656.3723017643,14.420611499772917,2395.0,843.0,2394.4635245989166,843.4892530257603,410.3821893347792,0.726067751097083
R_xml,634,543491.8123685616,3362656.3723017643,14.420611499772917,4354.0,564.0,4356.861450450791,561.2615620614722,386.6565646911518,3.960674314495267
R_xml,297,542106.0006568225,3363287.6872101347,4.753232024647502,670.0,352.0,671.7218829870112,351.22621076865994,971.9089673561225,1.8877581400954149
R_xml,182,542106.0006568225,3363287.6872101347,4.753232024647502,1327.0,357.0,1326.8225462531823,356.6451560249284,944.313670463861,0.39674182903277716
R_xml,301,542106.0006568225,3363287.6872101347,4.753232024647502,447.0,549.0,448.999473457603,549.1070601968745,872.8854518328272,2.0023376322223405
R_xml,282,542106.0006568225,3363287.6872101347,4.753232024647502,4109.0,3519.0,4110.267525464329,3518.537894550444,996.123984582274,1.3491338885492532
R_xml,184,542106.0006568225,3363287.6872101347,4.753232024647502,1259.0,468.0,1259.9461427300278,468.2941366603677,897.1911010675752,0.9908089828804804
R_xml,284,542106.0006568225,3363287.6872101347,4.753232024647502,4020.0,3613.0,4021.190401059709,3612.6012877795774,1046.5807656164811,1.2553987883022595
R_xml,172,542106.0006568225,3363287.6872101347,4.753232024647502,3136.0,3816.0,3136.2098235538388,3815.8187949936655,1165.8993566955717,0.277238485903763
R_xml,294,542106.0006568225,3363287.6872101347,4.753232024647502,899.0,123.0,900.9936811674127,121.9233302402024,1092.4512845473776,2.265829289456406
R_xml,171,542106.0006568225,3363287.6872101347,4.753232024647502,3184.0,3733.0,3184.2419546072797,3733.007800956746,1110.4323288652583,0.24208033152246017
R_xml,170,542106.0006568225,3363287.6872101347,4.753232024647502,3234.0,3640.0,3234.902650822475,3639.7084892186876,1055.3412941923766,0.9485552397917625
R_xml,280,542106.0006568225,3363287.6872101347,4.753232024647502,4176.0,3418.0,4176.668350938936,3416.59672468738,949.9411719656194,1.5543083930110952
R_xml,295,542106.0006568225,3363287.6872101347,4.753232024647502,805.0,229.0,806.0123480745947,226.94519532662957,1039.7145791364915,2.290648569693856
R_xml,411,543161.6212792769,3362839.4652050366,14.29675658013332,1974.0,2993.0,1974.8721323523441,2992.43142821974,413.8469360703092,1.041099759539471
R_xml,518,543161.6212792769,3362839.4652050366,14.29675658013332,3622.0,2292.0,3621.69958495509,2291.53612570926,591.3290171915156,0.5526559117732247
R_xml,409,543161.6212792769,3362839.4652050366,14.29675658013332,2078.0,1977.0,2078.2849439973015,1976.9116456377867,522.313513786073,0.298327965367462
R_xml,414,543161.6212792769,3362839.4652050366,14.29675658013332,1879.0,1104.0,1879.3624433857008,1104.0426571970092,375.76469919501926,0.3649449880391894
R_xml,1072,543161.6212792769,3362839.4652050366,14.29675658013332,3170.0,3087.0,3170.605487347362,3086.214081480929,405.456882203602,0.9921102995304505
R_xml,410,543161.6212792769,3362839.4652050366,14.29675658013332,2030.0,2429.0,2030.3727852184434,2428.0138344005695,468.111522927603,1.0542729288898318
R_xml,523,543161.6212792769,3362839.4652050366,14.29675658013332,898.0,1508.0,899.2484716322629,1508.362683417981,597.7972624194987,1.3000848734769364
R_xml,1073,543161.6212792769,3362839.4652050366,14.29675658013332,3242.0,3807.0,3242.876988557097,3806.8448201425317,350.77189658595256,0.8906119903991405
R_xml,514,543161.6212792769,3362839.4652050366,14.29675658013332,4253.0,574.0,4255.294830867682,573.0854649173318,386.5259320871389,2.4703487868514626
R_xml,197,543161.6212792769,3362839.4652050366,14.29675658013332,4831.0,2022.0,4832.979774551874,2021.9466741336737,554.3894268503532,1.9804925963672801
R_xml,524,543161.6212792769,3362839.4652050366,14.29675658013332,742.0,1842.0,743.069841867268,1841.4659494814364,544.0607457610707,1.1957305621826106
R_xml,2,541821.0038794097,3363437.817417828,25.445273146024817,3994.0,1568.0,3994.7416359422677,1567.639897365791,568.6078029511167,0.8244378557705796
R_xml,3,541821.0038794097,3363437.817417828,25.445273146024817,4142.0,1943.0,4142.007371383048,1941.9087988015767,514.2445478579275,1.0912260960627898
R_xml,4,541821.0038794097,3363437.817417828,25.445273146024817,4310.0,2412.0,4310.745374442313,2411.2464993500016,459.362531349162,1.0598803181497156
R_xml,6,541821.0038794097,3363437.817417828,25.445273146024817,4735.0,3642.0,4735.836620456719,3641.2839750588064,349.41994134930565,1.1011927646930448
R_xml,20,541821.0038794097,3363437.817417828,25.445273146024817,4160.0,1777.0,4160.434691888446,1776.8867051635686,498.33813877283967,0.4492134880460859
R_xml,95,541821.0038794097,3363437.817417828,25.445273146024817,700.0,1698.0,701.560451849555,1698.0329000858524,546.6817552189673,1.5607986386554178
R_xml,23,541821.0038794097,3363437.817417828,25.445273146024817,4002.0,2149.0,4003.2317202805834,2148.8686308526703,552.8634263116787,1.238706059753747
R_xml,89,542470.4306121841,3363757.812292238,21.63527588538193,5130.0,1464.0,5133.910958394483,1462.631450637989,603.3898382138664,4.143491633832048
R_xml,237,542470.4306121841,3363757.812292238,21.63527588538193,1735.0,3864.0,1735.88303466227,3862.885406914126,340.29642722135156,1.421994360694806
R_xml,344,542470.4306121841,3363757.812292238,21.63527588538193,2359.0,893.0,2358.4206949913564,892.6117016207527,409.3688619841573,0.6974022686840354
R_xml,233,542470.4306121841,3363757.812292238,21.63527588538193,2157.0,1674.0,2156.307451720629,1674.3044294802396,559.4684186759088,0.7565054049367176
R_xml,235,542470.4306121841,3363757.812292238,21.63527588538193,1989.0,2533.0,1989.101598485736,2533.866388938299,450.17779955731953,0.8723256529021257
R_xml,227,542470.4306121841,3363757.812292238,21.63527588538193,4491.0,218.0,4493.468253906189,215.99895901747936,352.6908167063569,3.177489946348043
R_xml,756,542470.4306121841,3363757.812292238,21.63527588538193,3553.0,1809.0,3552.773302143869,1809.728005802463,509.0401266712627,0.7624856499595671
R_xml,350,542470.4306121841,3363757.812292238,21.63527588538193,3648.0,2236.0,3648.7553357634856,2235.53033651476,480.57017942327184,0.8894469657984283
R_xml,462,542470.4306121841,3363757.812292238,21.63527588538193,735.0,1523.0,736.5115752916063,1522.0404395747566,469.49271819914554,1.7904234336848388
R_xml,238,542470.4306121841,3363757.812292238,21.63527588538193,1739.0,1648.0,1739.3637655610128,1647.550210687662,368.65256083774557,0.5784771463700396
R_xml,354,542470.4306121841,3363757.812292238,21.63527588538193,3858.0,1994.0,3859.1575755859617,1994.8022325608179,370.1759562866468,1.4083885539335146
R_xml,240,542470.4306121841,3363757.812292238,21.63527588538193,1720.0,2333.0,1720.9949950168284,2331.8486930836307,369.5219428323811,1.5216841653881987
R_xml,121,542470.4306121841,3363757.812292238,21.63527588538193,217.0,2749.0,219.12299958687163,2747.8454163424294,421.68245150442107,2.4166486439253374
R_xml,704,542470.4306121841,3363757.812292238,21.63527588538193,2407.0,2017.0,2406.5469492346715,2016.123527419866,508.6553340364269,0.9866403497179835
R_xml,706,542470.4306121841,3363757.812292238,21.63527588538193,2336.0,3055.0,2337.306079115031,3053.982781018941,399.8162861860476,1.6554688490416423
R_xml,349,542470.4306121841,3363757.812292238,21.63527588538193,3557.0,1811.0,3558.1624018360853,1811.1076741906807,535.0721475498684,1.167378156328658
R_xml,705,542470.4306121841,3363757.812292238,21.63527588538193,2366.0,2476.0,2366.9303187840783,2476.011438362391,453.9399775592567,0.930389099325157
R_xml,229,542470.4306121841,3363757.812292238,21.63527588538193,4038.0,1440.0,4039.7220238722593,1439.1979781214188,465.49650594012394,1.8996329409530495
R_xml,346,542470.4306121841,3363757.812292238,21.63527588538193,2348.0,1909.0,2347.794956492521,1908.3472604282715,521.250789332734,0.6841869543184314
R_xml,236,542470.4306121841,3363757.812292238,21.63527588538193,1871.0,3129.0,1872.0342630529317,3128.2157066128775,394.91407576892493,1.2980046917263626
R_xml,347,542470.4306121841,3363757.812292238,21.63527588538193,2356.0,2253.0,2355.6294342118476,2253.4351596003244,577.2707095605965,0.5715617911507429
R_xml,341,542470.4306121841,3363757.812292238,21.63527588538193,2426.0,2588.0,2425.244980689724,2587.8266476457393,371.11117581215547,0.774664571035456
R_xml,351,542470.4306121841,3363757.812292238,21.63527588538193,3747.0,2754.0,3747.231495454109,2753.2319842326106,426.4021474951482,0.8021460990566941
R_xml,460,542470.4306121841,3363757.812292238,21.63527588538193,353.0,384.0,355.63144825219615,382.708498840163,358.7223505157559,2.9312958141147334
R_xml,352,542470.4306121841,3363757.812292238,21.63527588538193,3861.0,3409.0,3862.392747821973,3408.278357562097,371.9853735948904,1.5686026596283495
R_xml,348,542470.4306121841,3363757.812292238,21.63527588538193,3463.0,1511.0,3463.9244473961207,1511.6693641316645,584.786862181751,1.141337517543922
R_xml,7,542023.1235257793,3363787.9069308625,17.39420327060577,1323.0,3508.0,1323.9787583991554,3506.320617270915,373.9573878958953,1.9437835153806877
R_xml,690,542023.1235257793,3363787.9069308625,17.39420327060577,4267.0,500.0,4268.185768925995,498.403628690633,377.28884113548463,1.9885797201081696
R_xml,110,542023.1235257793,3363787.9069308625,17.39420327060577,3013.0,791.0,3014.1160369960207,790.7632297538046,372.2112787442977,1.1408762974005704
R_xml,108,542023.1235257793,3363787.9069308625,17.39420327060577,3064.0,133.0,3064.6831907014816,132.51711312477323,370.95140607250914,0.8366177555235371
R_xml,698,542023.1235257793,3363787.9069308625,17.39420327060577,917.0,1608.0,917.8473787243393,1607.8916234925164,577.8657088056959,0.8542810836236306
R_xml,699,542023.1235257793,3363787.9069308625,17.39420327060577,726.0,1952.0,726.3917934378956,1951.7933706227477,522.0564515857042,0.4429422056224571
R_xml,697,542023.1235257793,3363787.9069308625,17.39420327060577,1105.0,1315.0,1106.519436155435,1315.5337839077856,635.4258095908991,1.610469338625811
R_xml,693,542023.1235257793,3363787.9069308625,17.39420327060577,3768.0,2018.0,3769.331290943171,2018.2782804136066,545.5782466967128,1.360064544044304
R_xml,544,543208.1004920375,3363219.593568513,13.001643538397957,2065.0,2322.0,2064.8131368965505,2322.752705565857,379.0994900944991,0.7755536656498332
R_xml,937,543208.1004920375,3363219.593568513,13.001643538397957,2117.0,3457.0,2117.769834110523,3457.0444719212746,377.6315899776666,0.7711175717790446
R_xml,916,543208.1004920375,3363219.593568513,13.001643538397957,4083.0,3072.0,4083.2595714826325,3071.781342144213,407.94694962988996,0.33939447917350923
R_xml,422,543309.9175700346,3363061.089570515,10.63661449054888,4198.0,2066.0,4199.03264066121,2064.9611584105965,381.07310645037194,1.4647657092720632
R_xml,424,543309.9175700346,3363061.089570515,10.63661449054888,4167.0,2737.0,4168.310778662829,2737.752206755523,382.3611928845663,1.5112761845478682
R_xml,503,543309.9175700346,3363061.089570515,10.63661449054888,2129.0,1170.0,2129.5132334051773,1168.6908178035296,380.16829723610454,1.4061886615048735
R_xml,626,543309.9175700346,3363061.089570515,10.63661449054888,3962.0,699.0,3963.4452318795816,698.5202583506914,402.3665954608893,1.522776160780113
R_xml,638,543309.9175700346,3363061.089570515,10.63661449054888,688.0,2380.0,689.8374181514782,2379.4029629270512,475.27802989302023,1.9319831080671737
R_xml,428,543309.9175700346,3363061.089570515,10.63661449054888,4084.0,655.0,4085.638617236248,652.5549902741643,397.61907118993946,2.9433210844827307
R_xml,986,543309.9175700346,3363061.089570515,10.63661449054888,4010.0,3664.0,4010.9705164801053,3663.5460532616676,364.1759633439597,1.0714335627553462
R_xml,14,542029.3872864776,3363128.3578690155,23.210388206420646,4304.0,3058.0,4304.9709800976725,3058.46790709718,397.92816243012766,1.0778401558986743
R_xml,18,542029.3872864776,3363128.3578690155,23.210388206420646,4431.0,1336.0,4432.683085454095,1334.5946627544008,368.25350520815533,2.1926580717599737
R_xml,16,542029.3872864776,3363128.3578690155,23.210388206420646,4475.0,3675.0,4476.274526001615,3674.632240261966,349.79562254365027,1.3265231825009505
R_xml,21,542029.3872864776,3363128.3578690155,23.210388206420646,4426.0,2088.0,4426.9093128347595,2087.495521171196,368.879925521786,1.0398791853720017
R_xml,829,542029.3872864776,3363128.3578690155,23.210388206420646,2760.0,223.0,2760.049470838606,221.73157701976265,353.88566403509583,1.2693873406752416
R_xml,24,542029.3872864776,3363128.3578690155,23.210388206420646,4388.0,2827.0,4388.536407801421,2827.081774201911,369.8774312800106,0.5426051506605054
R_xml,763,542029.3872864776,3363128.3578690155,23.210388206420646,765.0,749.0,765.8808000738788,747.3008810365354,391.12662859404475,1.9138479621301936
R_xml,766,542029.3872864776,3363128.3578690155,23.210388206420646,3473.0,2969.0,3472.348926898611,2968.564151004497,407.23403066649786,0.7834925208534972
R_xml,767,542029.3872864776,3363128.3578690155,23.210388206420646,3558.0,3669.0,3558.9360371479806,3669.354105835645,352.80014760853305,1.000777940023444
R_xml,896,542029.3872864776,3363128.3578690155,23.210388206420646,4514.0,1096.0,4516.154302305435,1095.0557566926223,423.83068945436673,2.352150897950332
R_xml,833,542029.3872864776,3363128.3578690155,23.210388206420646,1413.0,3591.0,1415.0032711068932,3589.1422340262397,355.4948487370236,2.7321035011460317
R_xml,561,542929.3126713242,3363465.7685147203,26.34244830490013,818.0,2839.0,819.8544915238547,2838.634648329507,365.7273317959331,1.8901377344471235
R_xml,478,542929.3126713242,3363465.7685147203,26.34244830490013,3468.0,322.0,3468.7552499459316,320.7050281343038,364.58438949729845,1.4991179452512702
R_xml,559,542929.3126713242,3363465.7685147203,26.34244830490013,824.0,2570.0,825.588816050086,2569.6444156230973,365.7398363191217,1.6281206006031388
R_xml,563,542929.3126713242,3363465.7685147203,26.34244830490013,825.0,3479.0,827.2010425428507,3476.457658563142,366.729528273485,3.362750103264194
R_xml,93,542690.5399163647,3363057.297201731,19.64103697052235,4414.0,1599.0,4416.035543052579,1598.4515312477797,486.5757187104147,2.108139817721712
R_xml,73,542690.5399163647,3363057.297201731,19.64103697052235,4999.0,322.0,5003.203117969352,318.88797406333333,370.7997249250592,5.2298093746118
R_xml,155,542690.5399163647,3363057.297201731,19.64103697052235,1131.0,2897.0,1133.2835798399096,2896.609249224206,372.2300073379768,2.3167699613956776
R_xml,195,542690.5399163647,3363057.297201731,19.64103697052235,3079.0,1435.0,3078.515481906314,1435.5383509356138,371.10508592244116,0.724278615579186
R_xml,85,542690.5399163647,3363057.297201731,19.64103697052235,4940.0,3177.0,4941.59544950742,3177.3614884918516,375.3884910630463,1.635889073399682
R_xml,82,542690.5399163647,3363057.297201731,19.64103697052235,5010.0,2490.0,5011.816876753024,2490.290160146267,373.7329878198539,1.8399005533347554
R_xml,906,542690.5399163647,3363057.297201731,19.64103697052235,3185.0,3701.0,3184.855572311602,3699.31244608996,354.573354548725,1.6937229869337591
R_xml,970,542690.5399163647,3363057.297201731,19.64103697052235,1432.0,2370.0,1433.8733146252098,2369.4050041922665,467.1326757941476,1.9655349643914686
R_xml,152,542690.5399163647,3363057.297201731,19.64103697052235,1154.0,2176.0,1156.1110253686015,2175.7957411917364,371.23630067126317,2.1208841947717225
R_xml,191,542690.5399163647,3363057.297201731,19.64103697052235,3084.0,544.0,3083.53065316877,543.2053543921782,369.90054634449837,0.9229019937219893
R_xml,971,542690.5399163647,3363057.297201731,19.64103697052235,1276.0,2917.0,1277.7114750822375,2916.4535953509653,412.4452411235766,1.796581475359946
R_xml,198,542690.5399163647,3363057.297201731,19.64103697052235,3060.0,2195.0,3059.5737648239133,2193.999083214273,372.36897121951785,1.0878928427394485
R_xml,1024,542690.5399163647,3363057.297201731,19.64103697052235,4408.0,1860.0,4409.710759214584,1859.2595140210046,518.1092708405622,1.8641396340866339
R_xml,967,542690.5399163647,3363057.297201731,19.64103697052235,1731.0,1277.0,1732.1576231277213,1276.0285081801762,629.2796886711677,1.5112536722270558
R_xml,1022,542690.5399163647,3363057.297201731,19.64103697052235,4861.0,884.0,4865.07466896107,882.0846882187539,406.2763653927385,4.5023711932363435
R_xml,1025,542690.5399163647,3363057.297201731,19.64103697052235,4241.0,2206.0,4241.642236954194,2205.5021633674355,573.5641750018976,0.8125943748610559
R_xml,301,542912.562632313,3362987.595711879,18.020334225929957,2584.0,3057.0,2583.8369860327302,3056.1965206535033,402.96848550630017,0.8198491408617902
R_xml,388,542912.562632313,3362987.595711879,18.020334225929957,3766.0,2247.0,3765.9289118528604,2247.7836622769473,374.0858770100642,0.7868799711353709
R_xml,383,542912.562632313,3362987.595711879,18.020334225929957,3782.0,1188.0,3781.779196118119,1187.1359159716005,372.8277010878879,0.891849517793606
R_xml,280,542912.562632313,3362987.595711879,18.020334225929957,1709.0,1285.0,1709.3880590006183,1284.2595028356907,447.7392795677314,0.8360178456893407
R_xml,1018,542912.562632313,3362987.595711879,18.020334225929957,3566.0,143.0,3566.9720226845825,141.13298016162253,352.0762130179717,2.1048969514534464
R_xml,973,542912.562632313,3362987.595711879,18.020334225929957,2766.0,2939.0,2765.003091328315,2938.831997465362,414.1936450984475,1.0109657518065625
R_xml,265,542912.562632313,3362987.595711879,18.020334225929957,1789.0,3264.0,1790.8880716304996,3263.0770289860466,387.21846786395554,2.1015922474389415
R_xml,1022,542912.562632313,3362987.595711879,18.020334225929957,3246.0,1853.0,3245.5356353227703,1853.2884612917019,517.1939779008667,0.5466666902866464
R_xml,277,542912.562632313,3362987.595711879,18.020334225929957,1597.0,3651.0,1598.9123574194048,3650.01225936775,374.30000760031055,2.1523806485261283
R_xml,275,542912.562632313,3362987.595711879,18.020334225929957,1617.0,3006.0,1618.4081392378937,3004.2358322883433,373.6873580997091,2.2572425275427994
R_xml,264,542912.562632313,3362987.595711879,18.020334225929957,1765.0,132.0,1765.7564676500895,131.1910104672263,371.2459003186144,1.1075682235281366
R_xml,313,542912.562632313,3362987.595711879,18.020334225929957,2511.0,3443.0,2512.2681686237042,3441.745513488466,375.83950156045955,1.783812788879244
R_xml,302,542912.562632313,3362987.595711879,18.020334225929957,2565.0,519.0,2564.4002531033357,518.6997071143269,370.55764923117965,0.6707250981172387
R_xml,987,542912.562632313,3362987.595711879,18.020334225929957,2716.0,1296.0,2715.224662322612,1295.8193946675226,449.27456745201243,0.7960947180435067
R_xml,985,542912.562632313,3362987.595711879,18.020334225929957,2729.0,692.0,2728.982023167502,690.42771796693,393.99832447374706,1.5723847996026217
R_xml,191,542912.562632313,3362987.595711879,18.020334225929957,4580.0,2238.0,4580.9149125348595,2236.531886233823,374.6075269982691,1.7298621265525909
R_xml,307,542912.562632313,3362987.595711879,18.020334225929957,2546.0,1965.0,2546.3643793815236,1964.9477218263257,373.4272039884152,0.36811050123871925
R_xml,189,542912.562632313,3362987.595711879,18.020334225929957,4589.0,1569.0,4591.325539996253,1567.5646675367907,373.7174443590531,2.7328219031092216
R_xml,273,542912.562632313,3362987.595711879,18.020334225929957,1646.0,2339.0,1646.5359927285149,2339.671950395179,373.02309776506513,0.8595379797321688
R_xml,420,542912.562632313,3362987.595711879,18.020334225929957,595.0,194.0,596.2817682057193,193.5226241302123,371.0146424375381,1.3677782913354581
R_xml,424,542912.562632313,3362987.595711879,18.020334225929957,524.0,1463.0,524.976743523106,1462.2910610086276,371.8312020275027,1.2069061286685667
R_xml,386,542912.562632313,3362987.595711879,18.020334225929957,3771.0,1941.0,3771.747136539837,1940.248216008756,373.771829731658,1.0599019665282177
R_xml,1021,542912.562632313,3362987.595711879,18.020334225929957,3336.0,1404.0,3336.3296348256417,1403.2689148042132,461.473422090826,0.8019630177099851
R_xml,426,542912.562632313,3362987.595711879,18.020334225929957,516.0,2125.0,517.2985977543681,2124.5120320873957,372.4773795164456,1.3872522522530624
R_xml,304,542912.562632313,3362987.595711879,18.020334225929957,2557.0,1205.0,2557.4013615582176,1204.5411829103577,372.075481456164,0.6095934892718374
R_xml,306,542912.562632313,3362987.595711879,18.020334225929957,2547.0,1899.0,2547.50493373234,1898.9713714581385,373.3276849127077,0.5057446662731776
R_xml,270,542912.562632313,3362987.595711879,18.020334225929957,1670.0,1579.0,1669.4834699295277,1579.156559255656,372.0549288560557,0.5397352260448505
R_xml,267,542912.562632313,3362987.595711879,18.020334225929957,1719.0,839.0,1719.1814323965173,839.2283745731536,371.6408129765275,0.29167217928537803
R_xml,187,542912.562632313,3362987.595711879,18.020334225929957,4584.0,912.0,4587.029443428438,910.9588741197251,372.73566573224474,3.203353022175885
R_xml,278,542912.562632313,3362987.595711879,18.020334225929957,1640.0,765.0,1640.279328512798,763.5383245944322,398.61090035235935,1.4881261402528112
R_xml,262,542912.562632313,3362987.595711879,18.020334225929957,1905.0,2673.0,1906.3229560547193,2673.339426196355,439.70265753014036,1.365804841655768
R_xml,303,542912.562632313,3362987.595711879,18.020334225929957,2565.0,3688.0,2565.4845652052036,3685.9812079807202,355.63909002897634,2.0761321381842937
R_xml,310,542912.562632313,3362987.595711879,18.020334225929957,2534.0,2713.0,2534.001692513788,2713.5805527294624,374.61972710850483,0.5805551965912988
R_xml,318,542912.562632313,3362987.595711879,18.020334225929957,2496.0,1246.0,2495.6116937755737,1246.6278598319832,447.2949834241425,0.7382341718900272
R_xml,392,542912.562632313,3362987.595711879,18.020334225929957,3672.0,3580.0,3672.880947826673,3579.7328290678524,376.20581765445365,0.920570138720861
R_xml,429,542912.562632313,3362987.595711879,18.020334225929957,527.0,2812.0,529.7624832648676,2811.202532235645,373.90266636075904,2.87528583341882
R_xml,390,542912.562632313,3362987.595711879,18.020334225929957,3725.0,2935.0,3724.5396903864116,2934.2402829406547,375.0580992554267,0.8882876508328967
R_xml,979,542073.87236963,3362769.7006828827,33.50891140212258,1684.0,3372.0,1685.2881941620128,3369.7546967264543,838.0164728572751,2.5885963357076123
R_xml,949,542073.87236963,3362769.7006828827,33.50891140212258,3172.0,646.0,3171.9288803822456,644.8034965551319,773.809065422922,1.1986152400210561
R_xml,987,542073.87236963,3362769.7006828827,33.50891140212258,1914.0,3778.0,1915.3435401203383,3776.3677676064444,1033.1081921451491,2.1140677949230313
R_xml,943,542073.87236963,3362769.7006828827,33.50891140212258,3105.0,229.0,3106.430430615425,227.1697625847603,932.6486940298245,2.3229078203166598
R_xml,983,542073.87236963,3362769.7006828827,33.50891140212258,1815.0,3556.0,1815.4041530923528,3553.830238383037,925.6844356805174,2.2070806955126714
R_xml,947,542073.87236963,3362769.7006828827,33.50891140212258,3132.0,485.0,3132.996314775626,484.1382226036899,826.9350568546153,1.317309156167242
R_xml,951,542073.87236963,3362769.7006828827,33.50891140212258,3214.0,824.0,3213.4731804233697,823.3519340667949,719.6002924581605,0.8351816090539046
R_xml,1008,542073.87236963,3362769.7006828827,33.50891140212258,3775.0,115.0,3777.095145502107,113.4890933939514,1035.4683150202004,2.5831131309332127
R_xml,985,542073.87236963,3362769.7006828827,33.50891140212258,1877.0,3668.0,1877.8916253357725,3666.549050492951,980.4374241754857,1.7030120996036637
R_xml,945,542073.87236963,3362769.7006828827,33.50891140212258,3120.0,349.0,3120.9851774528925,347.92512504700517,879.8003414747418,1.4580571930700508
R_xml,911,542073.87236963,3362769.7006828827,33.50891140212258,2621.0,3317.0,2621.3461758751537,3317.3067821932177,821.8641687412878,0.46255059249111813
R_xml,39,542471.102990725,3362972.2608148083,19.673874275105845,1380.0,3006.0,1381.896616985984,3004.357149743825,372.6954957091906,2.509205642377112
R_xml,36,542471.102990725,3362972.2608148083,19.673874275105845,1384.0,2276.0,1384.6474343660361,2275.29782437029,371.87260905682416,0.9551030694554014
R_xml,41,542471.102990725,3362972.2608148083,19.673874275105845,1370.0,3261.0,1371.3334645028517,3260.5506844891806,372.73395817693483,1.4071289950208634
R_xml,82,542471.102990725,3362972.2608148083,19.673874275105845,2837.0,2091.0,2837.073476845332,2090.3816986806733,372.0831429888699,0.6226518837048203
R_xml,5,542098.8760623944,3363603.237335544,14.661959538731253,1624.0,3093.0,1625.8692277717735,3092.2618497995045,404.9190432183881,2.009696042007538
R_xml,690,542098.8760623944,3363603.237335544,14.661959538731253,2379.0,204.0,2379.2707950923345,203.28076404908006,360.27096593073514,0.7685247784737834
R_xml,7,542098.8760623944,3363603.237335544,14.661959538731253,1540.0,1597.0,1540.7577028207509,1596.9022601770378,375.8151896874365,0.7639807835060426
R_xml,9,542098.8760623944,3363603.237335544,14.661959538731253,1539.0,2263.0,1539.6625839056753,2262.878922654023,376.3032807888465,0.6735556070353816
R_xml,104,542098.8760623944,3363603.237335544,14.661959538731253,2778.0,690.0,2779.216326366114,689.381762018686,374.6557224945546,1.364429562287324
R_xml,11,542098.8760623944,3363603.237335544,14.661959538731253,1539.0,2916.0,1539.2114627762626,2915.297016193128,377.01476750521755,0.7340999512797453
R_xml,106,542098.8760623944,3363603.237335544,14.661959538731253,2730.0,1359.0,2730.64057825031,1358.6080870404026,375.73091616146684,0.7509568980114261
R_xml,112,542098.8760623944,3363603.237335544,14.661959538731253,2552.0,291.0,2552.5987549033657,290.46204061172375,367.6497226891878,0.8049271630023701
R_xml,113,542098.8760623944,3363603.237335544,14.661959538731253,2486.0,952.0,2485.7943778068757,950.943432949087,423.1978164927459,1.0763895295757566
R_xml,120,542098.8760623944,3363603.237335544,14.661959538731253,3565.0,2732.0,3565.636034076818,2731.7497187291956,438.15794086643456,0.6835057142328835
R_xml,691,542098.8760623944,3363603.237335544,14.661959538731253,2385.0,893.0,2386.153851497603,892.3881761912621,415.5887056602208,1.3060251343135358
R_xml,121,542098.8760623944,3363603.237335544,14.661959538731253,3635.0,3366.0,3635.184323903077,3365.539490770324,383.7420798041357,0.4960282772809503
R_xml,125,542098.8760623944,3363603.237335544,14.661959538731253,3570.0,2571.0,3569.6686005987012,2571.0544542107236,378.16100998933024,0.33584345199321014
R_xml,123,542098.8760623944,3363603.237335544,14.661959538731253,3600.0,1899.0,3600.504681993725,1898.0494062530047,377.47769354614525,1.076258512912672
R_xml,129,542098.8760623944,3363603.237335544,14.661959538731253,3484.0,3853.0,3484.042673343187,3852.8355617270568,379.76057403139816,0.16988513715831066
R_xml,228,542098.8760623944,3363603.237335544,14.661959538731253,584.0,339.0,586.1901160498874,338.17171290872807,363.91916566317695,2.3415097303965986
R_xml,108,542098.8760623944,3363603.237335544,14.661959538731253,2676.0,2040.0,2675.618754219557,2039.7113437741098,376.93395375304664,0.47819531767961476
R_xml,110,542098.8760623944,3363603.237335544,14.661959538731253,2615.0,2716.0,2614.7832192704373,2716.4500218846547,378.0150115704481,0.49951334454438034
R_xml,701,542098.8760623944,3363603.237335544,14.661959538731253,1912.0,3165.0,1912.8160492389268,3164.831217073147,398.38411809299635,0.8333210886267435
R_xml,221,542098.8760623944,3363603.237335544,14.661959538731253,736.0,620.0,737.1225083322668,619.2780628479752,373.41535031428634,1.3346228708822487
R_xml,223,542098.8760623944,3363603.237335544,14.661959538731253,689.0,1272.0,689.6978515328983,1271.8510143962835,374.55184105659276,0.7135779369370165
R_xml,791,542283.2028744294,3363686.406229516,21.629684676713453,1318.0,3168.0,1319.0618448340704,3168.0206447121254,801.9452246128441,1.0620455055131468
R_xml,789,542283.2028744294,3363686.406229516,21.629684676713453,1134.0,2790.0,1135.9219518841992,2789.5586992814974,691.1512888369501,1.9719648499219535
R_xml,120,542283.2028744294,3363686.406229516,21.629684676713453,1899.0,2514.0,1900.0533615345,2514.306735342593,451.1022815811227,1.0971130720030529
R_xml,781,542283.2028744294,3363686.406229516,21.629684676713453,373.0,1203.0,375.2826600418193,1202.4092501125815,432.6148048579344,2.357863926524085
R_xml,686,542283.2028744294,3363686.406229516,21.629684676713453,2264.0,3159.0,2263.486996420771,3158.8288536849186,390.14680951985576,0.5407991618592892
R_xml,712,542283.2028744294,3363686.406229516,21.629684676713453,2045.0,1171.0,2044.696765106893,1170.5890784679857,436.08554300798926,0.5106935537781538
R_xml,341,542283.2028744294,3363686.406229516,21.629684676713453,528.0,2183.0,529.6383706683232,2182.960642815455,369.22769891113666,1.638843322223681
R_xml,337,542283.2028744294,3363686.406229516,21.629684676713453,601.0,862.0,601.9061495000392,862.4722513898082,366.639159060684,1.021825959543532
R_xml,750,542283.2028744294,3363686.406229516,21.629684676713453,4336.0,3418.0,4337.354708957443,3418.608683420166,368.70943868467805,1.4851706519324952
R_xml,335,542283.2028744294,3363686.406229516,21.629684676713453,666.0,227.0,667.1941279099533,226.1387822111949,365.60136146541953,1.4722898984519937
R_xml,816,542724.0553640779,3363759.9756857133,27.52674974667167,4624.0,1005.0,4626.570372732532,1003.9480010188917,409.6519953024373,2.7773220627783854
R_xml,449,542724.0553640779,3363759.9756857133,27.52674974667167,2635.0,486.0,2635.9375198059943,485.1750230081409,362.33751360099535,1.2488116045778996
R_xml,474,542724.0553640779,3363759.9756857133,27.52674974667167,3744.0,2512.0,3744.3554537430823,2512.2177572118276,364.6431815163342,0.41685197225651016
R_xml,451,542724.0553640779,3363759.9756857133,27.52674974667167,2605.0,1174.0,2605.6622288775243,1174.4331476172306,363.0771913155313,0.7913052157919919
R_xml,472,542724.0553640779,3363759.9756857133,27.52674974667167,3778.0,1813.0,3777.4401958911385,1812.3077247207816,364.2523907502182,0.8902952895051848
R_xml,367,542724.0553640779,3363759.9756857133,27.52674974667167,1749.0,1302.0,1749.7320608982636,1301.2890998193332,439.17532862679417,1.0204372717804329
R_xml,740,542724.0553640779,3363759.9756857133,27.52674974667167,2848.0,3004.0,2848.0290300214515,3003.905826748232,397.95925912220736,0.0985461490574414
R_xml,326,542724.0553640779,3363759.9756857133,27.52674974667167,4343.0,2357.0,4344.173779716263,2357.7851496109542,458.66573313290223,1.4121680968965848
R_xml,434,543084.8255898486,3362990.240642552,18.52272439217751,2035.0,1401.0,2036.0501129408765,1401.2692252317943,461.8518828473019,1.0840753728551122
R_xml,1022,543084.8255898486,3362990.240642552,18.52272439217751,2637.0,2503.0,2637.60717343924,2503.8365473500075,622.8192776543251,1.0336687351966518
R_xml,510,543084.8255898486,3362990.240642552,18.52272439217751,4129.0,835.0,4130.2215767524285,833.8968502996706,404.6308283268845,1.6459614282876072
R_xml,253,543084.8255898486,3362990.240642552,18.52272439217751,1404.0,1188.0,1403.5535566282845,1187.80530269682,660.4850905475679,0.4870510486738359
R_xml,1036,543084.8255898486,3362990.240642552,18.52272439217751,2114.0,674.0,2113.9824926231213,672.9572242578245,795.1096481451581,1.0429226992998633
R_xml,1054,543084.8255898486,3362990.240642552,18.52272439217751,1578.0,1185.0,1578.6783248312042,1184.673833288663,436.2075560848819,0.7526681208956942
R_xml,410,543084.8255898486,3362990.240642552,18.52272439217751,2191.0,1545.0,2191.8545398866327,1545.4451239657963,582.858305576466,0.9635215424536985
R_xml,1020,543084.8255898486,3362990.240642552,18.52272439217751,2680.0,1852.0,2680.2815810759,1851.9478931727033,515.4270516863694,0.2863617009235259
R_xml,384,543084.8255898486,3362990.240642552,18.52272439217751,2316.0,3497.0,2315.867561790132,3495.644929517359,368.85407392892347,1.3615270442992888
R_xml,312,543084.8255898486,3362990.240642552,18.52272439217751,3886.0,755.0,3888.0227303021375,753.353717760446,399.71670295246156,2.6080036594023555
R_xml,275,543084.8255898486,3362990.240642552,18.52272439217751,247.0,2121.0,249.71086398945909,2119.8515121523915,371.0193905984906,2.9441141121652334
R_xml,411,543084.8255898486,3362990.240642552,18.52272439217751,2170.0,1906.0,2169.4746650095058,1906.4578741371379,528.9901061589045,0.6968684077337192
R_xml,1005,543084.8255898486,3362990.240642552,18.52272439217751,2761.0,1994.0,2761.81074982907,1994.2397189544185,517.1982786357669,0.845446901020253
R_xml,419,543084.8255898486,3362990.240642552,18.52272439217751,1991.0,3371.0,1991.2155455871725,3370.550130466151,378.0212974219865,0.49884115471254803
R_xml,1006,543084.8255898486,3362990.240642552,18.52272439217751,2768.0,2458.0,2767.8267109716753,2458.350683036165,462.20199098749544,0.391161960307344
R_xml,509,543084.8255898486,3362990.240642552,18.52272439217751,4216.0,3694.0,4216.895630510055,3693.134351052662,375.2091409526006,1.245593075834876
R_xml,431,543084.8255898486,3362990.240642552,18.52272439217751,1980.0,862.0,1980.8451764099582,861.8105516854105,408.16061079281786,0.8661488485535372
R_xml,515,543084.8255898486,3362990.240642552,18.52272439217751,3706.0,2011.0,3705.5929349331063,2011.1773608904898,540.7716674309482,0.44402573592133354
R_xml,285,543084.8255898486,3362990.240642552,18.52272439217751,805.0,1982.0,806.3269100919929,1981.1920592370861,532.2289899494244,1.5535310323937521
R_xml,1018,543084.8255898486,3362990.240642552,18.52272439217751,2692.0,1376.0,2692.214211430797,1375.2311496764814,458.17105826218506,0.7981336711721676
R_xml,1039,543084.8255898486,3362990.240642552,18.52272439217751,1975.0,1306.0,1974.4463843881683,1305.1360313592963,630.8281101014569,1.0261247769073163
R_xml,413,543084.8255898486,3362990.240642552,18.52272439217751,2097.0,2456.0,2097.185424041424,2457.027951305431,461.5163660850218,1.0445410291010686
R_xml,1070,543084.8255898486,3362990.240642552,18.52272439217751,4255.0,2065.0,4255.405790819043,2065.6723507244237,507.97642185006106,0.7853162964392396
R_xml,178,543084.8255898486,3362990.240642552,18.52272439217751,4744.0,1487.0,4746.928232486213,1485.9065775468007,597.6174922715281,3.1257188220432743
R_xml,978,543084.8255898486,3362990.240642552,18.52272439217751,3455.0,3320.0,3455.087760420773,3319.0979011143572,383.8979249591111,0.9063577058381513
R_xml,948,543084.8255898486,3362990.240642552,18.52272439217751,816.0,712.0,817.927844087646,710.6892276313595,391.18694982023635,2.3312458104333764
R_xml,1002,543084.8255898486,3362990.240642552,18.52272439217751,2740.0,1080.0,2740.510732026791,1079.8684771281905,681.7907746245802,0.5273949838586164
R_xml,516,543084.8255898486,3362990.240642552,18.52272439217751,3582.0,2345.0,3581.796221824301,2344.2196338280887,596.5073184987791,0.8065338846909472
R_xml,1087,543084.8255898486,3362990.240642552,18.52272439217751,3786.0,2702.0,3785.880991764754,2702.5263434828994,681.5353585509946,0.539629893581715
R_xml,273,543084.8255898486,3362990.240642552,18.52272439217751,282.0,1473.0,283.95529250231266,1472.5792257628784,370.62579887550567,2.000054931301974
R_xml,307,543084.8255898486,3362990.240642552,18.52272439217751,4003.0,2801.0,4002.7317754387996,2800.253627688055,374.8118092223226,0.7931053166315178
R_xml,1003,543084.8255898486,3362990.240642552,18.52272439217751,2731.0,1320.0,2732.1129456539957,1319.272801421645,626.4552055827411,1.3294607181520541
R_xml,508,543084.8255898486,3362990.240642552,18.52272439217751,4321.0,234.0,4323.529276648734,232.30794960961248,355.5467978475664,3.0430699777428822
R_xml,1042,543084.8255898486,3362990.240642552,18.52272439217751,1712.0,2407.0,1712.5845903024397,2407.45148275513,465.85125914687376,0.7386355663562751
R_xml,1085,543084.8255898486,3362990.240642552,18.52272439217751,4047.0,2153.0,4047.867236083991,2153.175287323241,567.5047616343138,0.8847734574821559
R_xml,933,543084.8255898486,3362990.240642552,18.52272439217751,1723.0,814.0,1723.0048323547715,812.2895080872227,746.1361056416955,1.7104987387687047
R_xml,1004,543084.8255898486,3362990.240642552,18.52272439217751,2746.0,1618.0,2746.8546199501648,1617.9967681805501,571.7792917721404,0.8546260608456628
R_xml,1059,543084.8255898486,3362990.240642552,18.52272439217751,1976.0,2906.0,1975.6805668869165,2904.5894289924713,716.3923040530171,1.4462876895744903
R_xml,507,543084.8255898486,3362990.240642552,18.52272439217751,4278.0,3066.0,4279.381651829485,3065.2403542051707,374.2264778494542,1.5767128817643996
R_xml,512,543084.8255898486,3362990.240642552,18.52272439217751,3948.0,1336.0,3948.733261744051,1335.0557257125347,454.329435373729,1.19554452667267
R_xml,528,543084.8255898486,3362990.240642552,18.52272439217751,610.0,2230.0,612.0359229318112,2229.2861651906105,485.40401555810354,2.1574388332861134
R_xml,286,543084.8255898486,3362990.240642552,18.52272439217751,941.0,2307.0,941.3796231124559,2306.7025110626482,587.3182649288335,0.48230008848990724
R_xml,1053,543084.8255898486,3362990.240642552,18.52272439217751,1456.0,558.0,1456.5923111791524,557.8012829489933,380.2916359506868,0.624756752112121
R_xml,287,543084.8255898486,3362990.240642552,18.52272439217751,1051.0,2584.0,1051.6646354640898,2582.375688292419,642.2854575892025,1.7550295790984636
R_xml,259,543084.8255898486,3362990.240642552,18.52272439217751,1130.0,1750.0,1129.7395190213474,1749.9784882058,554.4097538608112,0.2613677438581848
R_xml,1041,543084.8255898486,3362990.240642552,18.52272439217751,1818.0,1955.0,1817.9983490420263,1955.2271641929603,520.9241109972519,0.22717019220301662
R_xml,526,543084.8255898486,3362990.240642552,18.52272439217751,839.0,1745.0,840.9617664497546,1744.7119324432224,552.0819899574816,1.9828037019963671
R_xml,1084,543084.8255898486,3362990.240642552,18.52272439217751,4211.0,1789.0,4211.422864584035,1788.30232419662,510.9151845905405,0.8158222741828534
R_xml,1086,543084.8255898486,3362990.240642552,18.52272439217751,3908.0,2450.0,3907.99046201894,2450.4326244270087,624.4656775600538,0.4327295551811908
R_xml,1060,543084.8255898486,3362990.240642552,18.52272439217751,2015.0,3094.0,2015.65911902868,3092.287533597031,772.3975350416767,1.8349329893118889
R_xml,597,543084.8255898486,3362990.240642552,18.52272439217751,4892.0,1330.0,4893.561391088477,1327.9192279299818,634.9841171103965,2.601452390212479
R_xml,1071,543084.8255898486,3362990.240642552,18.52272439217751,4451.0,2529.0,4452.5829379760835,2528.8964621096497,452.11478541495745,1.5863205006761598
R_xml,514,543084.8255898486,3362990.240642552,18.52272439217751,3810.0,1752.0,3811.1107184669117,1751.4829173158685,503.8522713932216,1.2251816252978416
R_xml,1023,543084.8255898486,3362990.240642552,18.52272439217751,2619.0,2754.0,2619.1371057619494,2754.89357250237,678.6904179383342,0.9040297599919903
R_xml,905,543084.8255898486,3362990.240642552,18.52272439217751,4385.0,1346.0,4385.518545013225,1344.3290159709604,629.7322052180622,1.749593254458219
R_xml,279,543084.8255898486,3362990.240642552,18.52272439217751,242.0,3384.0,246.64870808544492,3380.713919404431,372.31640926867993,5.69287383877905
R_xml,262,543084.8255898486,3362990.240642552,18.52272439217751,934.0,2112.0,934.5299120674022,2111.472560812836,500.61425349193127,0.7476622869548921
R_xml,306,543084.8255898486,3362990.240642552,18.52272439217751,4005.0,2738.0,4005.0629094839223,2736.860389992785,374.75627576851474,1.1413450712700326
R_xml,1058,543084.8255898486,3362990.240642552,18.52272439217751,1916.0,2681.0,1916.5358387048823,2680.3545658139287,660.1974465142803,0.8388732956766493
R_xml,494,543084.8255898486,3362990.240642552,18.52272439217751,4176.0,2711.0,4175.859388131783,2710.789942839927,436.18259699936203,0.2527760035713149
R_xml,310,543084.8255898486,3362990.240642552,18.52272439217751,3967.0,3507.0,3968.1647298129456,3506.698066050498,375.80404683899945,1.2032288423347313
R_xml,994,543084.8255898486,3362990.240642552,18.52272439217751,3057.0,2962.0,3056.799003823222,2962.4913227099396,730.985331203979,0.5308459930919568
R_xml,381,543084.8255898486,3362990.240642552,18.52272439217751,2366.0,2846.0,2365.7757436091183,2845.952031520089,421.4595575601546,0.22932924784306152
R_xml,1072,543084.8255898486,3362990.240642552,18.52272439217751,4670.0,3088.0,4672.05185579846,3088.0710596723266,397.04934788012775,2.053085895598055
R_xml,600,543084.8255898486,3362990.240642552,18.52272439217751,5057.0,1595.0,5059.258417950982,1594.1142396938644,582.713743200291,2.42590662665407
R_xml,496,543084.8255898486,3362990.240642552,18.52272439217751,4354.0,232.0,4356.757660502884,228.70738318210988,372.31027934412924,4.294882647828863
R_xml,1037,543084.8255898486,3362990.240642552,18.52272439217751,2081.0,848.0,2081.2700119174056,846.6795719548027,740.5264116137888,1.3477524468850617
R_xml,546,543084.8255898486,3362990.240642552,18.52272439217751,195.0,885.0,197.0633296398596,884.4463924461197,404.48766246236664,2.1363076853385308
R_xml,1088,543084.8255898486,3362990.240642552,18.52272439217751,3687.0,2916.0,3688.2040083913853,2915.5319897783907,738.0092845372462,1.2917700159304737
R_xml,713,543240.9882314758,3363784.2251132773,19.07401394902979,4439.0,1165.0,4440.088304387317,1164.1098313161922,659.8988200325688,1.4059895892524268
R_xml,673,543240.9882314758,3363784.2251132773,19.07401394902979,2828.0,1522.0,2828.2703829672537,1521.9572878512524,477.96799744245453,0.2737357788662997
R_xml,586,543240.9882314758,3363784.2251132773,19.07401394902979,1559.0,2440.0,1559.65550095058,2438.863639681846,460.3923997773381,1.3118674738274085
R_xml,876,543240.9882314758,3363784.2251132773,19.07401394902979,3899.0,2317.0,3899.475778536873,2317.0351157598006,593.6426094107903,0.4770726702875454
R_xml,567,543240.9882314758,3363784.2251132773,19.07401394902979,4819.0,3659.0,4819.940248588495,3658.476559208176,376.5531777070608,1.0761308799175022
R_xml,573,543240.9882314758,3363784.2251132773,19.07401394902979,4180.0,2004.0,4180.942981264519,2004.8895776629895,543.657265223401,1.29636495005244
R_xml,671,543240.9882314758,3363784.2251132773,19.07401394902979,2868.0,1063.0,2867.630316201577,1062.3744771559327,428.6106633049245,0.7265981965753135
R_xml,589,543240.9882314758,3363784.2251132773,19.07401394902979,1299.0,427.0,1298.8845524672981,426.6240406786301,369.40224532926726,0.3932855757994159
R_xml,599,543240.9882314758,3363784.2251132773,19.07401394902979,1247.0,3236.0,1248.3765523373513,3233.6704945059437,373.22973928330936,2.70582560123633
R_xml,568,543240.9882314758,3363784.2251132773,19.07401394902979,4708.0,866.0,4710.421065353052,863.8055534173959,406.85316639427134,3.267591352609797
R_xml,572,543240.9882314758,3363784.2251132773,19.07401394902979,4316.0,1750.0,4317.183623851871,1750.2222665344211,506.08091888987656,1.2043121833815047
R_xml,588,543240.9882314758,3363784.2251132773,19.07401394902979,1429.0,2930.0,1430.6049468013257,2928.557863122299,412.23228193006105,2.1576869580898963
R_xml,878,543240.9882314758,3363784.2251132773,19.07401394902979,3805.0,2594.0,3804.9566772649805,2593.2698754269545,647.8237906819096,0.7314087445022954
R_xml,669,543240.9882314758,3363784.2251132773,19.07401394902979,2926.0,499.0,2926.956720694976,497.3474555719358,379.0496000775311,1.9095071549803706
R_xml,709,543240.9882314758,3363784.2251132773,19.07401394902979,4159.0,745.0,4160.57684172568,744.6749011541615,769.2217549467863,1.610005927756898
R_xml,711,543240.9882314758,3363784.2251132773,19.07401394902979,4298.0,934.0,4299.494969851192,933.5061717903623,714.0054152185526,1.574420895633252
R_xml,700,542011.3204182582,3363562.235341439,25.142065016256424,1793.0,3276.0,1794.363765956857,3274.1989640148104,378.06799644314333,2.2591122603867775
R_xml,691,542011.3204182582,3363562.235341439,25.142065016256424,2427.0,47.0,2427.584207478672,45.018566922454056,339.40091000518896,2.0657626724600817
R_xml,7,542011.3204182582,3363562.235341439,25.142065016256424,2481.0,1659.0,2479.9022405894198,1659.057870810473,365.9349547359891,1.0992837460011342
R_xml,6,542011.3204182582,3363562.235341439,25.142065016256424,2468.0,3870.0,2468.639430772706,3869.262359262235,338.1545053135499,0.9762097987082462
R_xml,5,542011.3204182582,3363562.235341439,25.142065016256424,2490.0,3120.0,2490.1575821904794,3119.5929611389806,392.854875983229,0.4364776983263072
R_xml,110,542011.3204182582,3363562.235341439,25.142065016256424,1655.0,2587.0,1655.2370384599958,2586.9498982254586,366.55290306289027,0.24227550294939068
R_xml,112,542011.3204182582,3363562.235341439,25.142065016256424,1567.0,206.0,1567.4050405277478,205.14408357220827,348.986064514051,0.946916448522243
R_xml,113,542011.3204182582,3363562.235341439,25.142065016256424,1616.0,890.0,1616.731129551485,890.4943827979125,403.79306090017525,0.8825898095528814
R_xml,120,542011.3204182582,3363562.235341439,25.142065016256424,4399.0,2753.0,4399.7760400707775,2751.7296378496894,423.04911325518884,1.4886430681644596
R_xml,11,542011.3204182582,3363562.235341439,25.142065016256424,2469.0,3034.0,2468.1764694007534,3033.836356363012,367.09430137827593,0.8396319954731389
R_xml,108,542011.3204182582,3363562.235341439,25.142065016256424,1711.0,1896.0,1710.6668257682581,1894.996462146907,365.59705558514844,1.05739930550718
R_xml,692,542011.3204182582,3363562.235341439,25.142065016256424,2448.0,791.0,2448.143905365536,790.372885013827,395.5223808752806,0.6434142989650655
R_xml,693,542011.3204182582,3363562.235341439,25.142065016256424,2457.0,1371.0,2456.7901951144336,1370.8898441416286,451.3392132474668,0.23696498294280005
R_xml,104,542011.3204182582,3363562.235341439,25.142065016256424,1823.0,527.0,1824.0578005733037,527.1433879828453,363.6476573177443,1.0674746678521265
R_xml,125,542011.3204182582,3363562.235341439,25.142065016256424,4508.0,2689.0,4509.6295529079425,2688.6059908090565,368.4423933978954,1.6765100424190416
R_xml,127,542011.3204182582,3363562.235341439,25.142065016256424,4457.0,3344.0,4457.910315784707,3343.623269671328,368.94172792627216,0.9851906254259838
R_xml,760,542011.3204182582,3363562.235341439,25.142065016256424,4385.0,593.0,4387.609341139868,590.0507227857163,377.2942428247922,3.937879793861161
R_xml,123,542011.3204182582,3363562.235341439,25.142065016256424,4545.0,2012.0,4546.882342546904,2011.012450080784,367.9335975292154,2.12566890809154
R_xml,699,542011.3204182582,3363562.235341439,25.142065016256424,1901.0,2649.0,1901.2887259402469,2648.763966736422,432.55918105302817,0.37292676236327643
R_xml,694,542011.3204182582,3363562.235341439,25.142065016256424,2456.0,1832.0,2456.4760588512436,1831.175979965631,507.30635460714933,0.9516517466430154
R_xml,698,542011.3204182582,3363562.235341439,25.142065016256424,1999.0,2156.0,1998.5822902312016,2156.047322933629,487.61721838775406,0.42038186330631444
R_xml,761,542011.3204182582,3363562.235341439,25.142065016256424,4143.0,1202.0,4143.689134793353,1200.4598865828839,433.9793678179313,1.6872629021558032
R_xml,98,541986.5612913326,3363561.3109039566,26.8858700459391,1968.0,1972.0,1967.6506970847286,1972.6871231661219,504.450673452664,0.7708117617411271
R_xml,698,541986.5612913326,3363561.3109039566,26.8858700459391,1886.0,2277.0,1886.9671783783506,2276.008295335304,470.933732567102,1.3852480490976171
R_xml,104,541986.5612913326,3363561.3109039566,26.8858700459391,1613.0,402.0,1613.348606062239,401.35782641095034,361.62063889919875,0.7306935781178835
R_xml,700,541986.5612913326,3363561.3109039566,26.8858700459391,1647.0,3472.0,1648.1661062062608,3469.818500952967,361.3673548134455,2.4736090589431545
R_xml,86,541986.5612913326,3363561.3109039566,26.8858700459391,2202.0,866.0,2201.5722995970646,866.0038520948381,713.2445251426807,0.42771774958000247
R_xml,35,541986.5612913326,3363561.3109039566,26.8858700459391,2572.0,3188.0,2572.1504967128676,3187.140072091767,782.9457454689804,0.8729978625072842
R_xml,764,541986.5612913326,3363561.3109039566,26.8858700459391,3756.0,2336.0,3756.980857737963,2336.0117058445103,586.1380743366784,0.9809275859704426
R_xml,184,542357.5166021696,3362913.026725948,17.81528095983475,672.0,1596.0,673.4195772954913,1594.991982166477,574.6166538364357,1.7410627934036773
R_xml,46,542357.5166021696,3362913.026725948,17.81528095983475,2527.0,1495.0,2526.1786052694306,1494.0697366581112,473.8234691272814,1.2409992702130477
R_xml,284,542357.5166021696,3362913.026725948,17.81528095983475,4594.0,2843.0,4595.373120133565,2842.4696320063686,715.8073241168677,1.4719881486853341
R_xml,282,542357.5166021696,3362913.026725948,17.81528095983475,4758.0,2640.0,4759.266109799406,2639.308224603352,665.3823479180246,1.4427706760117942
R_xml,1053,542357.5166021696,3362913.026725948,17.81528095983475,903.0,3303.0,905.2194456266018,3301.0406321959085,857.0148348175362,2.960584584360327
R_xml,1074,542357.5166021696,3362913.026725948,17.81528095983475,5069.0,847.0,5072.796493750754,845.3767211276065,750.8259292979697,4.128970706734747
R_xml,920,542357.5166021696,3362913.026725948,17.81528095983475,2665.0,3300.0,2665.996208801435,3299.067687435504,863.5966911255871,1.364418811792592
R_xml,292,542357.5166021696,3362913.026725948,17.81528095983475,530.0,461.0,531.1147735084855,461.2757055742852,869.6654699779652,1.1483612406003179
R_xml,695,541959.8658662703,3363531.4736179253,28.961898556197752,2434.0,2072.0,2434.7528274236693,2072.8719176315376,518.878738215783,1.1519502966771749
R_xml,700,541959.8658662703,3363531.4736179253,28.961898556197752,1714.0,3856.0,1715.6392383569291,3853.3475704315238,333.46774826407915,3.118089961267112
R_xml,4,541959.8658662703,3363531.4736179253,28.961898556197752,3007.0,2491.0,3007.124344613955,2491.510892947437,446.5635554297383,0.5258071764062389
R_xml,112,541959.8658662703,3363531.4736179253,28.961898556197752,956.0,220.0,956.0882881236325,219.64682817152152,343.5956964510927,0.364040015939714
R_xml,104,541959.8658662703,3363531.4736179253,28.961898556197752,1227.0,507.0,1227.470859311544,505.4650630808817,359.60074794501963,1.6055341282389834
R_xml,106,541959.8658662703,3363531.4736179253,28.961898556197752,1163.0,1173.0,1163.8130060491164,1173.2541864713921,360.36438459057723,0.8518154718826747
R_xml,692,541959.8658662703,3363531.4736179253,28.961898556197752,2415.0,251.0,2415.8504528947547,249.46391056979405,349.92847803797696,1.755802057120051
R_xml,108,541959.8658662703,3363531.4736179253,28.961898556197752,1106.0,1864.0,1106.7559963971803,1864.4135195209965,361.3492194942255,0.8617011934509283
R_xml,110,541959.8658662703,3363531.4736179253,28.961898556197752,1055.0,2555.0,1056.0067255716885,2554.338588570811,362.22279230161007,1.204558614328573
R_xml,127,541959.8658662703,3363531.4736179253,28.961898556197752,4994.0,3335.0,4995.758171193771,3334.0749045163598,365.4044874291177,1.9866976620657761
R_xml,795,543079.0478351257,3363447.499974148,17.551117626597375,4413.0,2465.0,4414.123488723955,2464.325988687698,627.3846438631529,1.310159594082144
R_xml,733,543079.0478351257,3363447.499974148,17.551117626597375,495.0,1130.0,497.3045445678731,1128.6251460938065,683.364446270313,2.683495654680469
R_xml,556,543079.0478351257,3363447.499974148,17.551117626597375,2024.0,2729.0,2024.7476118321215,2728.801670326804,374.96528707183154,0.7734714673458105
R_xml,610,543079.0478351257,3363447.499974148,17.551117626597375,4107.0,674.0,4108.815885192236,672.7185354840803,393.3797794769007,2.2225189171172475
R_xml,599,543079.0478351257,3363447.499974148,17.551117626597375,4270.0,1246.0,4271.816669107291,1245.0926400440162,373.86052340008126,2.0306621420385813
R_xml,235,543079.0478351257,3363447.499974148,17.551117626597375,828.0,553.0,828.9329356792107,552.1884998693513,859.7670037136163,1.2364875428354214
R_xml,342,543079.0478351257,3363447.499974148,17.551117626597375,4229.0,2902.0,4229.722905175125,2901.698431809061,744.6249762497098,0.7832849200695314
R_xml,357,543079.0478351257,3363447.499974148,17.551117626597375,1172.0,1444.0,1173.187664750684,1443.1394536458502,607.0277889453828,1.4666586472856928
R_xml,343,543079.0478351257,3363447.499974148,17.551117626597375,4126.0,3027.0,4126.296777117173,3027.630751066495,782.4626055333916,0.6970821796334286
R_xml,665,543079.0478351257,3363447.499974148,17.551117626597375,378.0,1096.0,379.8575024897905,1094.9243049684105,429.28197661408916,2.146493722460912
R_xml,498,543079.0478351257,3363447.499974148,17.551117626597375,2170.0,1125.0,2170.695883487691,1124.5974706753523,433.18625523465346,0.803917710740507
R_xml,794,543079.0478351257,3363447.499974148,17.551117626597375,4597.0,2171.0,4597.461723205084,2170.205392716275,570.9237700982707,0.9190152629101314
R_xml,786,543740.2428550225,3363820.5059819776,24.947868237027535,4041.0,457.0,4041.9739626135333,453.95421610276094,866.702985233652,3.1977183617763223
R_xml,749,543740.2428550225,3363820.5059819776,24.947868237027535,1086.0,3685.0,1088.0424956063052,3682.7763242885812,1045.5750223985187,3.019357874007311
R_xml,784,543740.2428550225,3363820.5059819776,24.947868237027535,3963.0,337.0,3964.5773556316863,333.86233212011575,920.7356892374255,3.511838622896797
R_xml,1077,543740.2428550225,3363820.5059819776,24.947868237027535,4811.0,3563.0,4811.344851767919,3562.173273998752,1000.4454217387952,0.8957670584345231
R_xml,753,543740.2428550225,3363820.5059819776,24.947868237027535,1219.0,3829.0,1220.0039206012507,3826.881364627855,1157.827670101198,2.3444556753582844
R_xml,810,543740.2428550225,3363820.5059819776,24.947868237027535,1719.0,3429.0,1720.9402634233077,3427.57564173811,899.0593972947948,2.4069521412026957
R_xml,848,543740.2428550225,3363820.5059819776,24.947868237027535,3114.0,185.0,3114.9436775620616,183.4295689472906,977.9551959969212,1.8321520222002445
R_xml,747,543740.2428550225,3363820.5059819776,24.947868237027535,1011.0,3586.0,1013.4047836566242,3584.2851349819002,991.4471184937673,2.9535989005735375
R_xml,751,543740.2428550225,3363820.5059819776,24.947868237027535,1156.0,3758.0,1158.3401296193947,3756.4603739231807,1101.8466311400664,2.801188157191601
R_xml,1075,543740.2428550225,3363820.5059819776,24.947868237027535,4912.0,3464.0,4913.034062847451,3462.648424804225,947.3763171831173,1.70177597888588
R_xml,944,543740.2428550225,3363820.5059819776,24.947868237027535,3396.0,3591.0,3396.8954763254133,3590.032764526298,979.9654361552836,1.3181131631857537
R_xml,10,542233.775808747,3363495.2283514836,22.19958573631942,846.0,3776.0,849.1088809239077,3773.5026346972463,342.5310232184588,3.987727931345757
R_xml,13,542233.775808747,3363495.2283514836,22.19958573631942,898.0,2026.0,899.1903514415676,2025.5978662642578,368.4830805752016,1.2564426353256262
R_xml,11,542233.775808747,3363495.2283514836,22.19958573631942,907.0,1345.0,907.6763242654465,1344.6441986532534,367.73738787017584,0.7642048876960011
R_xml,13,542135.3321511503,3363209.188718923,14.448600389185572,3133.0,114.0,3133.959924442008,112.13302978812703,375.4813602635723,2.0992933826373674
R_xml,828,542135.3321511503,3363209.188718923,14.448600389185572,2908.0,688.0,2908.660821308837,687.693110382186,398.67112403294743,0.7286055446777484
R_xml,86,542135.3321511503,3363209.188718923,14.448600389185572,1475.0,2499.0,1476.7141468548534,2498.6322170919725,458.76234570811823,1.7531582094725644
R_xml,26,542135.3321511503,3363209.188718923,14.448600389185572,3104.0,190.0,3104.701609593656,188.37134401358776,359.38819042295677,1.7733517259660052
R_xml,100,542135.3321511503,3363209.188718923,14.448600389185572,1113.0,2767.0,1114.3409268135506,2765.9653765417293,378.68485159069104,1.693673646161818
R_xml,105,542135.3321511503,3363209.188718923,14.448600389185572,1188.0,1085.0,1189.6941960357074,1085.229031161573,433.18241323687045,1.709606820405792
R_xml,134,542135.3321511503,3363209.188718923,14.448600389185572,5067.0,1885.0,5069.574617896502,1883.6851624860287,378.59923484327925,2.8909263223288657
R_xml,699,542135.3321511503,3363209.188718923,14.448600389185572,5100.0,3151.0,5101.605717728018,3151.359168483541,395.9199245152632,1.6453970407293375
R_xml,133,542135.3321511503,3363209.188718923,14.448600389185572,5071.0,1829.0,5073.017188244469,1827.2928974530537,378.49692919016934,2.642583493366964
R_xml,27,542135.3321511503,3363209.188718923,14.448600389185572,3080.0,3689.0,3079.918149507762,3687.130666876038,378.62303669523607,1.8711242159250063
R_xml,10,542135.3321511503,3363209.188718923,14.448600389185572,3041.0,2279.0,3041.1781201077333,2279.850837172198,488.41000883235387,0.8692816956391081
R_xml,12,542135.3321511503,3363209.188718923,14.448600389185572,3075.0,2723.0,3075.5518761422636,2722.855815679994,439.8745335715002,0.5704002055884418
R_xml,107,542135.3321511503,3363209.188718923,14.448600389185572,1273.0,1536.0,1273.9768083960182,1535.9651642097133,483.0069613600663,0.9774293707560537
R_xml,142,542135.3321511503,3363209.188718923,14.448600389185572,4896.0,617.0,4899.200930276482,615.3166331155467,388.99797910010426,3.616583844261331
R_xml,32,542135.3321511503,3363209.188718923,14.448600389185572,2979.0,1426.0,2978.6147602838187,1425.526753730956,468.2726297535679,0.6102226397697399
R_xml,97,542135.3321511503,3363209.188718923,14.448600389185572,1134.0,2039.0,1134.763139694792,2039.5375000367274,377.2361789658991,0.9334283492851267
R_xml,102,542135.3321511503,3363209.188718923,14.448600389185572,1093.0,3401.0,1094.1218850783073,3399.225631393244,379.6327926010856,2.099287993956528
R_xml,24,542135.3321511503,3363209.188718923,14.448600389185572,3098.0,2980.0,3097.3901451782626,2979.4178961870016,378.1512871270475,0.8430704316387876
R_xml,126,542135.3321511503,3363209.188718923,14.448600389185572,4787.0,2553.0,4789.340619452193,2552.6384565323215,455.085942447794,2.368377735709767
R_xml,128,542135.3321511503,3363209.188718923,14.448600389185572,4954.0,2968.0,4955.545817698724,2968.5308599653754,412.3513331670823,1.6344309898330938
R_xml,761,542135.3321511503,3363209.188718923,14.448600389185572,908.0,516.0,908.1209187453176,514.634542013709,380.7520891737883,1.3708015375301075
R_xml,131,542135.3321511503,3363209.188718923,14.448600389185572,5087.0,1190.0,5090.382055147797,1188.2635122061167,377.6338536870675,3.8018004788577247
R_xml,830,542135.3321511503,3363209.188718923,14.448600389185572,2830.0,1747.0,2829.0363619751733,1746.3818061614274,510.62920365791103,1.1448850880943793
R_xml,91,542135.3321511503,3363209.188718923,14.448600389185572,1203.0,606.0,1204.0910114462329,605.7122199136882,374.14029923443195,1.1283276801925881
R_xml,829,542135.3321511503,3363209.188718923,14.448600389185572,2866.0,1280.0,2865.207204228497,1279.534519826932,454.90867731099604,0.9193459233782544
R_xml,29,542135.3321511503,3363209.188718923,14.448600389185572,3043.0,878.0,3043.4506289964456,877.7116763012575,413.97616085657995,0.5349738757118375
R_xml,92,542135.3321511503,3363209.188718923,14.448600389185572,1143.0,3708.0,1144.5598279832313,3706.0636843715847,355.007932273939,2.486439532769065
R_xml,140,542135.3321511503,3363209.188718923,14.448600389185572,4951.0,3265.0,4952.07026666437,3263.6010360521814,380.77133390613307,1.7614116100895512
R_xml,834,542135.3321511503,3363209.188718923,14.448600389185572,1370.0,3140.0,1371.2030913173403,3137.9600410553776,399.1177555643314,2.368303446267938
R_xml,89,542135.3321511503,3363209.188718923,14.448600389185572,1320.0,3046.0,1321.2207056053478,3044.742095120084,406.36986713045434,1.7528396566270559
R_xml,833,542135.3321511503,3363209.188718923,14.448600389185572,1512.0,2550.0,1512.3814902793122,2549.056862652901,453.6762942330576,1.0173705758976648
R_xml,35,542135.3321511503,3363209.188718923,14.448600389185572,2918.0,1862.0,2918.189124906912,1861.8522516791184,522.631152126247,0.23999540982670542
R_xml,83,542135.3321511503,3363209.188718923,14.448600389185572,1621.0,2060.0,1621.801340288258,2059.4374126483317,511.7475438150592,0.9791071370603436
R_xml,145,542135.3321511503,3363209.188718923,14.448600389185572,4634.0,1178.0,4636.677515605182,1176.3448779187863,443.5904144490914,3.147779998620099
R_xml,762,542135.3321511503,3363209.188718923,14.448600389185572,1070.0,1124.0,1070.1626031760895,1123.3537034256092,436.90958672146473,0.6664375851823701
R_xml,60,542753.5429431035,3362309.6305826716,10.081314519575358,2111.0,3318.0,2111.3602957715875,3316.186921722285,390.04545005866134,1.8485307365973354
R_xml,59,542753.5429431035,3362309.6305826716,10.081314519575358,2202.0,2776.0,2202.2289577967176,2775.4808653399514,437.9681898619687,0.5673821181017127
R_xml,175,542753.5429431035,3362309.6305826716,10.081314519575358,587.0,2543.0,589.4237444612513,2542.475573345167,460.57852963545264,2.479830746189287
R_xml,176,542753.5429431035,3362309.6305826716,10.081314519575358,358.0,2995.0,361.08867037382606,2993.4101799909304,411.42400395219676,3.473818121230439
R_xml,991,542645.8819998798,3363347.258134314,18.78152929738917,432.0,2870.0,435.93988802621243,2868.78214485154,705.5083404216743,4.12381968831353
R_xml,871,542645.8819998798,3363347.258134314,18.78152929738917,3348.0,1061.0,3349.305513735706,1060.3151885202983,680.7528355262449,1.474222804344101
R_xml,923,542645.8819998798,3363347.258134314,18.78152929738917,1425.0,2794.0,1427.1333998862717,2793.742926527602,695.668974143539,2.1488326703014855
R_xml,938,542645.8819998798,3363347.258134314,18.78152929738917,4589.0,1385.0,4590.841534078421,1384.85160933013,615.9807445004807,1.8475030589667536
R_xml,322,542645.8819998798,3363347.258134314,18.78152929738917,2007.0,1304.0,2008.1206141442265,1303.8134792155656,371.36475957249934,1.1360308372867476
R_xml,937,542645.8819998798,3363347.258134314,18.78152929738917,4436.0,1137.0,4437.61486305316,1135.1678901396497,671.1920018993661,2.4422139998070063
R_xml,867,542645.8819998798,3363347.258134314,18.78152929738917,3195.0,375.0,3196.7080969057997,373.3893998207734,898.0267069001486,2.3476856639949304
R_xml,822,542645.8819998798,3363347.258134314,18.78152929738917,1806.0,1037.0,1805.5429284720035,1036.3895890270092,424.911029191927,0.7625719229375639
R_xml,840,542645.8819998798,3363347.258134314,18.78152929738917,2580.0,2800.0,2579.23019369371,2799.8891981268534,426.52117089344557,0.7777395478541846
R_xml,889,542645.8819998798,3363347.258134314,18.78152929738917,3493.0,1665.0,3493.7795380739844,1665.6597426764383,494.1307788125452,1.0212443429000615
R_xml,207,542645.8819998798,3363347.258134314,18.78152929738917,4087.0,1729.0,4087.128297924516,1729.568758757137,372.38608712921314,0.583049638757378
R_xml,925,542645.8819998798,3363347.258134314,18.78152929738917,1583.0,3179.0,1584.7938380394119,3179.0083934039594,806.9580399782858,1.7938576757566458
R_xml,379,542645.8819998798,3363347.258134314,18.78152929738917,3999.0,1186.0,4000.5723287382925,1184.7038439534101,440.4191250854177,2.0377041390673205
R_xml,319,542645.8819998798,3363347.258134314,18.78152929738917,2025.0,567.0,2024.586889131559,566.7297663106799,370.09754575668273,0.49364646911287674
R_xml,924,542645.8819998798,3363347.258134314,18.78152929738917,1515.0,3004.0,1516.404635451689,3003.2559611696465,751.647691316401,1.5895265122719586
R_xml,255,542645.8819998798,3363347.258134314,18.78152929738917,2210.0,2273.0,2210.2619504155273,2272.8073669117202,372.65718359502443,0.3251546199811928
R_xml,320,542645.8819998798,3363347.258134314,18.78152929738917,2001.0,3722.0,2001.4224791251286,3720.3390120789554,352.3042528988487,1.713875574546006
R_xml,374,542645.8819998798,3363347.258134314,18.78152929738917,4208.0,3287.0,4208.924682525809,3287.0731309825937,376.4444313954226,0.9275698971781975
R_xml,498,542645.8819998798,3363347.258134314,18.78152929738917,5057.0,1966.0,5058.805002947725,1964.2973896626092,535.2024645288986,2.481313684782141
R_xml,278,542636.0070838581,3363136.7940346636,27.94705950202922,2925.0,2384.0,2925.0400180412153,2385.088193413663,588.3958747434848,1.0889289917904608
R_xml,190,542636.0070838581,3363136.7940346636,27.94705950202922,2953.0,2328.0,2952.583967272418,2327.6229568191393,462.87539957110965,0.5614666425114244
R_xml,995,542636.0070838581,3363136.7940346636,27.94705950202922,1683.0,3687.0,1685.051217140114,3684.6740521128067,1004.9754836587035,3.101213525353601
R_xml,269,542636.0070838581,3363136.7940346636,27.94705950202922,3200.0,759.0,3199.732505093471,758.3467469422847,389.97551517290236,0.7058987763365321
R_xml,188,542636.0070838581,3363136.7940346636,27.94705950202922,2936.0,1934.0,2935.193732597482,1933.3473888916335,510.6360350212785,1.0372889583557596
R_xml,274,542636.0070838581,3363136.7940346636,27.94705950202922,3046.0,1734.0,3045.5466180239637,1733.7549030202188,488.93289515958435,0.5153908669082989
R_xml,393,542636.0070838581,3363136.7940346636,27.94705950202922,4296.0,2334.0,4295.787955384572,2333.777142546146,585.2739032695891,0.30761723565193866
R_xml,152,542636.0070838581,3363136.7940346636,27.94705950202922,1179.0,3136.0,1180.3155627013477,3134.8165143115166,363.90311366156334,1.7695602832405675
R_xml,193,542636.0070838581,3363136.7940346636,27.94705950202922,2990.0,2936.0,2989.2163199725805,2935.8845245799876,403.39338803957895,0.7921420062105031
R_xml,196,542636.0070838581,3363136.7940346636,27.94705950202922,3024.0,3615.0,3025.1931748433376,3613.8140213352076,351.30647195764044,1.682323274557086
R_xml,313,542636.0070838581,3363136.7940346636,27.94705950202922,909.0,797.0,910.0368908149351,796.3866986764447,361.2091099869353,1.2046912781171168
R_xml,272,542636.0070838581,3363136.7940346636,27.94705950202922,3117.0,1346.0,3118.178845417162,1345.121415476909,444.3476197560382,1.47023375072762
R_xml,280,542636.0070838581,3363136.7940346636,27.94705950202922,2877.0,2636.0,2876.311931037393,2636.7361319951106,637.4932187560622,1.0076354556724918
R_xml,299,542636.0070838581,3363136.7940346636,27.94705950202922,1649.0,1201.0,1650.040114945501,1200.6246840387212,629.9805621322347,1.105758188143002
R_xml,391,542636.0070838581,3363136.7940346636,27.94705950202922,4473.0,2046.0,4473.524598432496,2045.7332624366886,534.9366885500398,0.5885171561289926
R_xml,276,542636.0070838581,3363136.7940346636,27.94705950202922,2979.0,2087.0,2979.0373291847604,2087.4406324531055,538.885808522119,0.4422108397186589
R_xml,303,542636.0070838581,3363136.7940346636,27.94705950202922,1474.0,1736.0,1475.1762174862154,1736.7853264405817,534.3166058386834,1.4142931779357095
R_xml,295,542636.0070838581,3363136.7940346636,27.94705950202922,1838.0,756.0,1838.2332774309327,755.0062588978064,745.9042435125076,1.0207544944654579
R_xml,301,542636.0070838581,3363136.7940346636,27.94705950202922,1571.0,1447.0,1571.8520704854052,1446.222463102073,581.4354418298308,1.153511048814192
R_xml,305,542636.0070838581,3363136.7940346636,27.94705950202922,1368.0,2095.0,1369.3359081697329,2095.282622375648,486.9392860668407,1.3654764901586114
R_xml,421,542636.0070838581,3363136.7940346636,27.94705950202922,242.0,1597.0,244.10988727541962,1596.3498241101906,565.8342611512652,2.2077936956760786
R_xml,395,542636.0070838581,3363136.7940346636,27.94705950202922,4131.0,2593.0,4131.045804456842,2592.5279419645585,638.4813055689579,0.47427506480045906
R_xml,413,542636.0070838581,3363136.7940346636,27.94705950202922,668.0,974.0,668.7105651580891,972.625567177766,698.0456558663127,1.5472454319610447
R_xml,419,542636.0070838581,3363136.7940346636,27.94705950202922,410.0,1328.0,411.72687617914016,1327.137633481795,613.5988184982396,1.9302272793126163
R_xml,417,542636.0070838581,3363136.7940346636,27.94705950202922,571.0,1116.0,571.3886594562782,1115.194276535738,658.428665277527,0.8945649634413347
R_xml,603,543483.6251764629,3363394.3108067974,16.54951446974826,1345.0,2749.0,1346.277461465265,2747.9184675138495,431.7215348845624,1.6738041444076512
R_xml,976,543483.6251764629,3363394.3108067974,16.54951446974826,2390.0,674.0,2390.79707410208,672.4307241170443,793.2553800355099,1.7601005428761582
R_xml,978,543483.6251764629,3363394.3108067974,16.54951446974826,2256.0,791.0,2255.6898270552006,789.7390493273938,764.4876811639471,1.2985391231809749
R_xml,552,543483.6251764629,3363394.3108067974,16.54951446974826,4867.0,930.0,4870.195389939323,928.1573262409213,413.00533873019623,3.6886262275708286
R_xml,982,543483.6251764629,3363394.3108067974,16.54951446974826,2302.0,1061.0,2302.6339183097143,1061.605163539025,688.3187903787435,0.8763990714031202
R_xml,550,543483.6251764629,3363394.3108067974,16.54951446974826,5004.0,3600.0,5006.678273913121,3599.3110240073815,377.27688389981967,2.765472667033734
R_xml,657,543483.6251764629,3363394.3108067974,16.54951446974826,3033.0,1325.0,3033.0579063359755,1324.4059258343082,457.5951860274338,0.5968896531927509
R_xml,974,543483.6251764629,3363394.3108067974,16.54951446974826,2409.0,524.0,2409.717345136907,522.2363296865547,846.8691525534733,1.903974007168367
R_xml,1016,543483.6251764629,3363394.3108067974,16.54951446974826,3383.0,3139.0,3382.585705380124,3137.6592937543332,795.1602785053383,1.403258090740219
R_xml,944,543483.6251764629,3363394.3108067974,16.54951446974826,2417.0,2691.0,2416.69653063787,2691.436806488563,674.8282321784188,0.5318773939567261
R_xml,980,543483.6251764629,3363394.3108067974,16.54951446974826,2337.0,873.0,2336.98268683352,872.0973256500758,738.6271175870319,0.9028403667008711
R_xml,918,543483.6251764629,3363394.3108067974,16.54951446974826,3583.0,1593.0,3582.377432431769,1592.8665898469428,578.9578823618465,0.6367013789458613
R_xml,914,543483.6251764629,3363394.3108067974,16.54951446974826,3443.0,1080.0,3443.1616924314717,1078.134773925674,686.0731074681113,1.8722213412791464
R_xml,942,543483.6251764629,3363394.3108067974,16.54951446974826,2396.0,2436.0,2396.40788806128,2435.5797886622872,619.455672313619,0.5856195342346521
R_xml,973,543483.6251764629,3363394.3108067974,16.54951446974826,2429.0,386.0,2429.836095455042,384.1717785778319,901.3796078755674,2.0103355885066727
R_xml,1018,543483.6251764629,3363394.3108067974,16.54951446974826,3306.0,3293.0,3305.259063640294,3292.050012058243,851.0011662470419,1.2047671055514089
R_xml,650,543483.6251764629,3363394.3108067974,16.54951446974826,3150.0,2897.0,3149.4016059550777,2896.7261612815046,376.49565868741,0.6580752819744162
R_xml,652,543483.6251764629,3363394.3108067974,16.54951446974826,3127.0,3543.0,3127.1502974337404,3542.2308578278335,377.71087230224225,0.7836893514614208
R_xml,654,543483.6251764629,3363394.3108067974,16.54951446974826,3089.0,758.0,3089.159860519184,757.6274746827419,402.72698818234585,0.40537698206978856
R_xml,784,543036.6093110419,3363952.9195233975,18.92776971039126,1755.0,1773.0,1755.6248945718469,1772.1197099768576,547.232498053855,1.0795386749754297
R_xml,587,543036.6093110419,3363952.9195233975,18.92776971039126,2177.0,2179.0,2176.611131461734,2178.8474275812564,372.3576369398295,0.4177284800133344
R_xml,816,543036.6093110419,3363952.9195233975,18.92776971039126,3934.0,2712.0,3934.5017444296336,2711.457682018504,679.2280963993347,0.7388208617265737
R_xml,585,543036.6093110419,3363952.9195233975,18.92776971039126,2200.0,1486.0,2200.0479349684765,1485.463782347741,371.64114154437425,0.5383559526902069
R_xml,743,543036.6093110419,3363952.9195233975,18.92776971039126,2827.0,1734.0,2826.5398007959734,1733.961839240603,503.9476008926825,0.4617786817778247
R_xml,472,543036.6093110419,3363952.9195233975,18.92776971039126,222.0,1841.0,225.13148132519746,1839.9522206862569,371.6620138732662,3.3021230716568515
R_xml,882,543327.5906679624,3363672.329093705,20.42211798391895,2970.0,3076.0,2970.3983818291513,3075.2904517995794,770.2339022392144,0.813736278236412
R_xml,976,543327.5906679624,3363672.329093705,20.42211798391895,959.0,678.0,959.4351015964644,677.7492122579763,792.819041116783,0.5022030374213307
R_xml,887,543327.5906679624,3363672.329093705,20.42211798391895,2897.0,3462.0,2896.606690320769,3461.354981934992,919.9893833410991,0.7554738962821458
R_xml,886,543327.5906679624,3363672.329093705,20.42211798391895,2905.0,3376.0,2904.521341070996,3375.1266418014366,880.0497287646477,0.9959261585645044
R_xml,1018,543327.5906679624,3363672.329093705,20.42211798391895,4601.0,3267.0,4603.058993773981,3266.0776197250234,854.0489081362381,2.256156185408397
R_xml,1014,543327.5906679624,3363672.329093705,20.42211798391895,4879.0,2971.0,4879.896864402782,2970.337515493417,750.9645280401865,1.115011873676592
R_xml,980,543327.5906679624,3363672.329093705,20.42211798391895,797.0,877.0,798.7384364371401,876.1044857689628,736.0738040620446,1.9555324042230515
R_xml,530,543327.5906679624,3363672.329093705,20.42211798391895,3982.0,766.0,3983.022532051981,763.5376809450179,760.867596922739,2.6661933399243467
R_xml,950,543327.5906679624,3363672.329093705,20.42211798391895,3825.0,3261.0,3825.1568935922915,3260.2870499580895,837.3938240680453,0.7300091516976515
R_xml,914,543327.5906679624,3363672.329093705,20.42211798391895,1733.0,1042.0,1732.537755548131,1042.153373901976,683.4246434826324,0.4870251401017155
R_xml,912,543327.5906679624,3363672.329093705,20.42211798391895,1802.0,842.0,1801.918863497895,842.462601205352,737.0468955187182,0.46966265251452843
R_xml,978,543327.5906679624,3363672.329093705,20.42211798391895,759.0,806.0,760.474324828124,804.8963377533801,754.966597449904,1.8416579632052146
R_xml,944,543327.5906679624,3363672.329093705,20.42211798391895,4142.0,2698.0,4142.3001417446,2696.8125053037447,673.3881834857995,1.224838242579855
R_xml,986,543327.5906679624,3363672.329093705,20.42211798391895,293.0,1610.0,295.32654564441464,1608.4452195541012,577.5742168349713,2.798241746256751
R_xml,974,543327.5906679624,3363672.329093705,20.42211798391895,1068.0,530.0,1068.3847248171462,529.1770714560764,846.1786077404072,0.9084187213682727
R_xml,816,543327.5906679624,3363672.329093705,20.42211798391895,1927.0,3021.0,1927.3334145198594,3019.6779634649874,759.1048755757948,1.3634316418365375
R_xml,848,543327.5906679624,3363672.329093705,20.42211798391895,2898.0,1049.0,2897.6517640149973,1048.18709850349,680.6947659522599,0.8843512561640823
R_xml,1020,543327.5906679624,3363672.329093705,20.42211798391895,4481.0,3413.0,4481.876092713876,3412.6269763040827,909.9487810000595,0.9522001475643636
R_xml,1016,543327.5906679624,3363672.329093705,20.42211798391895,4765.0,3104.0,4765.341018477482,3103.769437916237,797.0338424125782,0.4116460572545869
R_xml,854,542113.84984164,3363450.544180645,15.858714702010673,1016.0,3185.0,1018.147095505474,3183.857679863174,825.6218206206254,2.432059704165404
R_xml,851,542113.84984164,3363450.544180645,15.858714702010673,806.0,2881.0,807.2023491986254,2879.4616773904863,730.9762078344468,1.9524548769116328
R_xml,788,542113.84984164,3363450.544180645,15.858714702010673,1902.0,3217.0,1902.4129453966118,3216.1832807905776,829.1470719439587,0.915179855341289
R_xml,742,542113.84984164,3363450.544180645,15.858714702010673,2959.0,739.0,2959.8541102689987,737.5347122337027,772.3811870868282,1.696046163779007
R_xml,855,542113.84984164,3363450.544180645,15.858714702010673,1113.0,3329.0,1115.051756400202,3328.1560655631365,881.0810284799135,2.2185422374825863
R_xml,789,542113.84984164,3363450.544180645,15.858714702010673,1947.0,3356.0,1947.9686800055683,3355.29050003894,885.4854356883307,1.2007210949807985
R_xml,790,542113.84984164,3363450.544180645,15.858714702010673,1980.0,3481.0,1980.591406494792,3479.8986815062963,941.6330637794382,1.25006562493973
R_xml,935,542113.84984164,3363450.544180645,15.858714702010673,4858.0,182.0,4861.664867835409,178.71584205379418,1069.738786099277,4.921072003805601
R_xml,716,542113.84984164,3363450.544180645,15.858714702010673,2862.0,2914.0,2861.5988556350626,2912.9561998122986,741.9332687023245,1.1182287929429244
R_xml,763,541818.1802906267,3363464.071758252,29.728345320678443,4394.0,777.0,4396.975869415457,775.3242032174842,388.24308977608297,3.415273581156139
R_xml,13,541818.1802906267,3363464.071758252,29.728345320678443,4544.0,3752.0,4544.637146963785,3751.7572133053695,364.4719690795317,0.6818369545208629
R_xml,694,541818.1802906267,3363464.071758252,29.728345320678443,2513.0,243.0,2512.4311267938283,242.50601532620226,348.98901465060817,0.7534172699421827
R_xml,98,541818.1802906267,3363464.071758252,29.728345320678443,620.0,1915.0,622.0214470894794,1914.0444411681017,508.53667889196487,2.2359206195174766
R_xml,20,541818.1802906267,3363464.071758252,29.728345320678443,4046.0,1925.0,4046.5649184857402,1924.580429970609,512.5101116844256,0.703684520999451
R_xml,95,541818.1802906267,3363464.071758252,29.728345320678443,816.0,1575.0,817.250425342695,1574.4798540136126,560.0417941896828,1.3542951616279946
R_xml,764,541818.1802906267,3363464.071758252,29.728345320678443,4162.0,1360.0,4162.095565657791,1359.7453077160646,444.6284303040149,0.2720311644741976
R_xml,696,541818.1802906267,3363464.071758252,29.728345320678443,1916.0,2567.0,1917.1757907304643,2567.14723091996,438.10616158581803,1.1849729050227373
R_xml,341,542430.6173738505,3363775.39063875,23.73612867225478,2179.0,2229.0,2178.726550204523,2229.520346190142,368.1159279503204,0.5878222080201423
R_xml,225,542430.6173738505,3363775.39063875,23.73612867225478,4276.0,2207.0,4276.149920514267,2206.212702468093,369.0703610451704,0.8014446732899768
R_xml,238,542430.6173738505,3363775.39063875,23.73612867225478,1984.0,2006.0,1983.6454719507367,2006.2025144344113,367.14894245514665,0.40829184887699177
R_xml,339,542430.6173738505,3363775.39063875,23.73612867225478,2219.0,1528.0,2218.6104607131174,1528.2695076210653,366.6701867978053,0.4736826087553425
R_xml,344,542430.6173738505,3363775.39063875,23.73612867225478,2110.0,597.0,2110.5792908656595,596.8672693018864,381.6313668858466,0.5943024021979165
R_xml,236,542430.6173738505,3363775.39063875,23.73612867225478,2068.0,3444.0,2068.0707839865436,3442.66687157138,368.47807400192295,1.3350062846091715
R_xml,354,542430.6173738505,3363775.39063875,23.73612867225478,4109.0,2346.0,4108.734337684138,2345.392226525095,368.5152941674941,0.6632986226936695
R_xml,455,542430.6173738505,3363775.39063875,23.73612867225478,259.0,935.0,261.50616728958676,933.8079090998606,365.77290934389373,2.7752396648919957
R_xml,356,542430.6173738505,3363775.39063875,23.73612867225478,4087.0,3019.0,4087.31345478805,3017.8000368605317,369.09498757457453,1.240227979136937
R_xml,358,542430.6173738505,3363775.39063875,23.73612867225478,4053.0,3659.0,4054.3541365585797,3658.9791896963056,369.9484180341597,1.3542964549986947
R_xml,716,542430.6173738505,3363775.39063875,23.73612867225478,1973.0,1035.0,1973.9840955590655,1035.086363415479,420.2425088127892,0.9878778815752668
R_xml,208,542131.6103906139,3364281.5309685674,25.681649107252838,3295.0,118.0,3295.588070923778,115.82104861364428,1006.5232060485417,2.2569130589136015
R_xml,214,542131.6103906139,3364281.5309685674,25.681649107252838,3370.0,335.0,3370.8690680000586,333.6470948390063,901.4004290012002,1.6079899139513714
R_xml,211,542131.6103906139,3364281.5309685674,25.681649107252838,3341.0,228.0,3342.4014854456977,225.92950314121867,954.4761319188108,2.5002237293342255
R_xml,251,542131.6103906139,3364281.5309685674,25.681649107252838,2285.0,3579.0,2285.954238399632,3577.230078322964,950.3955361881599,2.010769421434026
R_xml,326,542131.6103906139,3364281.5309685674,25.681649107252838,2574.0,149.0,2574.208530754904,148.42547755619603,982.7002399440794,0.611196461193432
R_xml,774,542592.1287407354,3363690.1408668943,28.44496172759716,1759.0,1987.0,1760.1006204598116,1987.3749333028688,503.2650450645151,1.1627297098448939
R_xml,331,542592.1287407354,3363690.1408668943,28.44496172759716,3257.0,362.0,3258.7023982313435,360.3140685738342,360.6575665333847,2.3959391711424844
R_xml,333,542592.1287407354,3363690.1408668943,28.44496172759716,3235.0,1043.0,3235.2987807751615,1042.686218467411,361.80455918821656,0.4332768189045226
R_xml,818,542592.1287407354,3363690.1408668943,28.44496172759716,4883.0,419.0,4887.283515678655,416.06931205171145,357.2337126737974,5.190128940549275
R_xml,1045,542624.7450644155,3362357.455395289,22.977465491877297,3829.0,2538.0,3829.170099689634,2537.901184976379,627.7325645885522,0.196718868710411
R_xml,1047,542624.7450644155,3362357.455395289,22.977465491877297,3730.0,2777.0,3731.3265236230945,2777.331330994015,683.5455197646595,1.3672765448960214
R_xml,1008,542624.7450644155,3362357.455395289,22.977465491877297,1351.0,519.0,1351.8594111224056,518.4189460153725,848.2687938343989,1.037406000737399
R_xml,1007,542624.7450644155,3362357.455395289,22.977465491877297,1427.0,389.0,1427.1495755451306,388.61894558346694,902.7722514568428,0.40935963657945085
R_xml,1013,542624.7450644155,3362357.455395289,22.977465491877297,1044.0,1055.0,1043.6560909743155,1054.529630631935,687.3652998020884,0.582684099972744
R_xml,1051,542624.7450644155,3362357.455395289,22.977465491877297,3561.0,3156.0,3560.8555137434687,3154.769512228315,793.5529916642347,1.238941659075645
R_xml,793,542907.4521718408,3363528.249637119,21.235229589265487,3617.0,2312.0,3618.2464875368714,2311.9326818167124,588.2975688795332,1.2483040164066384
R_xml,882,542907.4521718408,3363528.249637119,21.235229589265487,3834.0,1389.0,3833.6858305042474,1388.1214788059592,457.0909446016154,0.933006945547721
R_xml,468,542907.4521718408,3363528.249637119,21.235229589265487,3144.0,1259.0,3144.714592561042,1259.2315325315033,641.2862439377249,0.7511656551260784
R_xml,467,542907.4521718408,3363528.249637119,21.235229589265487,3115.0,1017.0,3114.5861142809017,1016.940082140979,696.2696835474377,0.4182003566511686
R_xml,733,542907.4521718408,3363528.249637119,21.235229589265487,1405.0,808.0,1405.6289617771965,807.494384834275,756.1478057035936,0.8069941839848169
R_xml,459,542907.4521718408,3363528.249637119,21.235229589265487,2724.0,2444.0,2723.936265765247,2443.843814961764,611.127248618941,0.16868852613120056
R_xml,846,542907.4521718408,3363528.249637119,21.235229589265487,2297.0,2735.0,2298.269266459196,2735.0780331698534,429.5199587306421,1.2716628955966065
R_xml,814,542907.4521718408,3363528.249637119,21.235229589265487,2039.0,669.0,2039.7908376085632,668.0650511126407,389.94551226848006,1.2245625933745565
R_xml,804,542907.4521718408,3363528.249637119,21.235229589265487,2250.0,1908.0,2249.7610830685285,1908.2962192263567,524.4017558423355,0.3805615984398955
R_xml,950,542907.4521718408,3363528.249637119,21.235229589265487,5030.0,1926.0,5032.482827665244,1925.9718442452179,525.5372562525404,2.482987306014593
R_xml,477,542907.4521718408,3363528.249637119,21.235229589265487,3342.0,3435.0,3343.1918470104665,3434.7620934151923,372.05535967568824,1.2153595515125635
R_xml,795,542907.4521718408,3363528.249637119,21.235229589265487,3432.0,2828.0,3432.8527804214077,2827.1777449980705,700.4540029502544,1.184625567567431
R_xml,734,542907.4521718408,3363528.249637119,21.235229589265487,1299.0,1017.0,1299.0589673434365,1017.3202590507487,701.847505440048,0.3256424529732674
R_xml,575,542907.4521718408,3363528.249637119,21.235229589265487,1579.0,2751.0,1580.2150181097272,2749.8880418364856,683.7781945882678,1.6470336864713413
R_xml,736,542907.4521718408,3363528.249637119,21.235229589265487,1041.0,1532.0,1041.4495478665665,1531.1246218359556,592.2930702968781,0.9840631150592875
R_xml,322,542907.4521718408,3363528.249637119,21.235229589265487,5048.0,1153.0,5051.4126985846515,1151.817976448237,369.5917543188617,3.6116050872990835
R_xml,857,542907.4521718408,3363528.249637119,21.235229589265487,2242.0,1495.0,2242.4224694262493,1494.409336432251,470.12168913520117,0.7261982280214492
R_xml,368,542907.4521718408,3363528.249637119,21.235229589265487,1182.0,2065.0,1183.187157939381,2064.22071925264,369.4835833341832,1.4200783275022495
R_xml,731,542907.4521718408,3363528.249637119,21.235229589265487,1553.0,508.0,1553.5038735325265,506.88929592883756,859.1758493777681,1.2196524383928418
R_xml,319,542907.4521718408,3363528.249637119,21.235229589265487,5015.0,452.0,5019.324847657524,450.0071089770613,368.9001345413222,4.761924179372982
R_xml,458,542907.4521718408,3363528.249637119,21.235229589265487,2755.0,2249.0,2755.085897779856,2248.8015321619973,574.6146798436174,0.2162588987895599
R_xml,460,542907.4521718408,3363528.249637119,21.235229589265487,2675.0,2707.0,2674.3173608390043,2706.614632212903,667.1209051226593,0.783903409519917
R_xml,72,542284.1291555574,3362947.6754380898,10.613525975814866,1558.0,2105.0,1558.2773485401692,2105.7862327143334,508.39154313323667,0.8337170346239293
R_xml,48,542284.1291555574,3362947.6754380898,10.613525975814866,2806.0,2158.0,2806.269324986337,2157.501412547269,576.8124546599769,0.5666792710927286
R_xml,157,542284.1291555574,3362947.6754380898,10.613525975814866,4613.0,1178.0,4615.570052015984,1176.8952686767075,446.9920414230057,2.7974271503524704
R_xml,35,541825.4352046627,3363357.865082012,25.20616802199237,3800.0,2952.0,3799.5629727908486,2951.4715542250333,719.9867068256523,0.685746103611872
R_xml,169,541825.4352046627,3363357.865082012,25.20616802199237,3792.0,3852.0,3792.794683994747,3851.3919538633636,1158.4784070017151,1.0006211849575157
R_xml,77,541825.4352046627,3363357.865082012,25.20616802199237,1170.0,595.0,1169.6765046423882,593.8284538932469,807.8508279610783,1.2153886319382676
R_xml,72,541825.4352046627,3363357.865082012,25.20616802199237,1309.0,326.0,1309.5302521808728,325.222302214921,903.7970815323904,0.9412657543102078
R_xml,68,541825.4352046627,3363357.865082012,25.20616802199237,1396.0,124.0,1396.3982071567832,123.06964336708256,994.8050787635731,1.011994270797435
R_xml,167,541825.4352046627,3363357.865082012,25.20616802199237,3869.0,3787.0,3869.4378177400545,3786.299471246073,1107.8881805940478,0.8260901334507655
R_xml,9,542131.2136988767,3363653.789803645,14.15689045747331,1042.0,2528.0,1043.1973649366807,2527.445859462812,376.71699935979524,1.3193765673784101
R_xml,23,542131.2136988767,3363653.789803645,14.15689045747331,1553.0,2234.0,1553.501892270276,2233.7152554784107,581.1385110420899,0.5770401143229518
R_xml,223,542131.2136988767,3363653.789803645,14.15689045747331,1189.0,1009.0,1189.1394610996767,1009.0233216094143,374.80320231238784,0.141397651284309
R_xml,221,542131.2136988767,3363653.789803645,14.15689045747331,1236.0,356.0,1236.3273179959995,355.69425365283905,373.56536846798144,0.44790389516878365
R_xml,238,542131.2136988767,3363653.789803645,14.15689045747331,4999.0,2482.0,5000.901919730582,2482.533953522642,380.0472084230686,1.9754505880737128
R_xml,975,542112.7852563206,3362397.642373937,24.068759042318902,3172.0,3383.0,3172.043136428253,3381.7284510665577,878.8952384455889,1.2722804099650091
R_xml,983,542112.7852563206,3362397.642373937,24.068759042318902,3102.0,3712.0,3101.7566102285537,3710.8223821038428,1039.9247922714314,1.2025067526606734
R_xml,977,542112.7852563206,3362397.642373937,24.068759042318902,3127.0,3504.0,3126.6609355660207,3503.0466721650882,934.4299374622077,1.0118293587395215
R_xml,979,542112.7852563206,3362397.642373937,24.068759042318902,3103.0,3570.0,3102.5571043608993,3569.031247747461,955.3372333405213,1.0651936321317899
R_xml,943,542112.7852563206,3362397.642373937,24.068759042318902,1880.0,79.0,1880.2506271491625,77.40726749652958,1045.7429044296184,1.6123308579533082
R_xml,981,542112.7852563206,3362397.642373937,24.068759042318902,3117.0,3621.0,3116.745968024161,3619.052116410323,987.4269470697808,1.964378457345215
R_xml,917,542112.7852563206,3362397.642373937,24.068759042318902,3733.0,3760.0,3733.5189435732964,3759.373202226052,1101.5890478703818,0.8137431300428019
R_xml,185,542659.5420206373,3362531.435230376,24.94633224746235,305.0,2811.0,308.0671984063915,2808.9203916113624,366.7315048729787,3.705735704858402
R_xml,1043,542659.5420206373,3362531.435230376,24.94633224746235,3171.0,1694.0,3170.5281824350864,1694.5898993380883,488.05768338720026,0.7553760941664086
R_xml,168,542659.5420206373,3362531.435230376,24.94633224746235,3907.0,2869.0,3906.5272750445706,2868.5960291051915,368.7278727848411,0.6218210090838671
R_xml,170,542659.5420206373,3362531.435230376,24.94633224746235,3835.0,493.0,3835.7590417652204,491.40437553833954,371.6811841499808,1.7669640132153834
R_xml,181,542659.5420206373,3362531.435230376,24.94633224746235,289.0,1498.0,290.77963325437395,1497.5235142266351,364.42011769026846,1.8423173484209272
R_xml,1017,542659.5420206373,3362531.435230376,24.94633224746235,1355.0,2082.0,1355.6602785371078,2082.162613362872,496.0931814387434,0.6800079796221562
R_xml,1019,542659.5420206373,3362531.435230376,24.94633224746235,1202.0,2557.0,1203.3284700376967,2556.5158571833963,442.46582659432386,1.4139402066306552
R_xml,515,543098.3352797112,3362964.819472575,16.139221186391126,3756.0,1860.0,3757.070794076036,1858.7957392560834,521.9615980706294,1.6114725851257712
R_xml,512,543098.3352797112,3362964.819472575,16.139221186391126,4014.0,1128.0,4015.423075301489,1127.8717959766393,435.5116125868254,1.428838544172818
R_xml,273,543098.3352797112,3362964.819472575,16.139221186391126,320.0,1205.0,321.62292629106196,1204.8256346046633,372.7718374065356,1.6322662274613968
R_xml,514,543098.3352797112,3362964.819472575,16.139221186391126,3868.0,1579.0,3868.600107209741,1578.417672364917,485.02881933235153,0.8362022110497508
R_xml,1093,542533.5643326079,3362251.813303399,9.809383439641977,1264.0,860.0,1264.441900487861,859.1186198031187,415.3828402502816,0.9859549140940879
R_xml,1094,542533.5643326079,3362251.813303399,9.809383439641977,1403.0,1399.0,1404.3751838608496,1398.856839462744,471.47203031598946,1.3826154890527589
R_xml,1092,542533.5643326079,3362251.813303399,9.809383439641977,1088.0,171.0,1088.4260972645716,170.41506039702267,358.46936473191624,0.7236803286028016
R_xml,835,542656.5807723238,3363570.3252167017,27.75674265296476,1727.0,675.0,1727.8408844859134,674.854705096074,775.5948995358052,0.853344788322251
R_xml,769,542656.5807723238,3363570.3252167017,27.75674265296476,2708.0,690.0,2709.156573766939,689.0563209186441,775.467613881468,1.4927133304690052
R_xml,357,542656.5807723238,3363570.3252167017,27.75674265296476,3194.0,3286.0,3194.57382906025,3284.9419883621667,375.8152522570356,1.203606420794547
R_xml,280,542656.5807723238,3363570.3252167017,27.75674265296476,1786.0,3457.0,1787.0408412308643,3456.873436184713,889.0121780697497,1.0485079242462618
R_xml,510,542656.5807723238,3363570.3252167017,27.75674265296476,3547.0,3489.0,3547.3722296987416,3488.031313664119,911.0789106185345,1.0377418590131433
R_xml,421,542656.5807723238,3363570.3252167017,27.75674265296476,1961.0,536.0,1961.8257722068658,535.4473762936457,822.2319537850792,0.9936260355168268
R_xml,530,542656.5807723238,3363570.3252167017,27.75674265296476,1305.0,285.0,1305.7445583125664,284.8190547985578,931.5051377418922,0.7662298915708308
R_xml,305,542656.5807723238,3363570.3252167017,27.75674265296476,3000.0,759.0,3000.010438118982,757.3683180224082,738.7515330664224,1.6317153643714501
R_xml,532,542656.5807723238,3363570.3252167017,27.75674265296476,1241.0,392.0,1242.436755111441,391.02687612416344,884.8542833172833,1.7352911363731052
R_xml,303,542656.5807723238,3363570.3252167017,27.75674265296476,2964.0,596.0,2964.9209691829456,595.1494781919891,786.8711231044205,1.2536233811785158
R_xml,301,542656.5807723238,3363570.3252167017,27.75674265296476,2941.0,462.0,2942.3592512640016,461.1599969750994,834.4650763118668,1.5978639117685163
R_xml,52,542480.9920871448,3362588.9110444426,15.681905229957465,3054.0,475.0,3055.3711199347063,473.8457538336286,379.74483886567225,1.7922762309231288
R_xml,45,542480.9920871448,3362588.9110444426,15.681905229957465,3176.0,1358.0,3176.0485251481605,1358.1787053983253,375.2942132957486,0.18517642775093607
R_xml,65,542480.9920871448,3362588.9110444426,15.681905229957465,1091.0,465.0,1091.7896120942746,463.95132750121866,370.93907312181295,1.3127076099135908
R_xml,47,542480.9920871448,3362588.9110444426,15.681905229957465,3147.0,2037.0,3147.0901264154613,2036.6480953577152,376.0916414002724,0.36326250566980667
R_xml,67,542480.9920871448,3362588.9110444426,15.681905229957465,1069.0,1112.0,1069.5121510008462,1112.247375520788,372.06554721209426,0.568764710537551
R_xml,51,542480.9920871448,3362588.9110444426,15.681905229957465,3069.0,3374.0,3069.0729886077556,3372.5341775608667,377.62080433509766,1.4676384976991752
R_xml,177,542480.9920871448,3362588.9110444426,15.681905229957465,477.0,1405.0,478.7363991535276,1404.457314026694,611.2751997548221,1.819227881820901
R_xml,427,542153.7726150821,3363753.8861001018,26.246947411245685,861.0,267.0,861.0132759576445,266.13958145351194,967.4723614265491,0.8605209620875077
R_xml,205,542153.7726150821,3363753.8861001018,26.246947411245685,2293.0,784.0,2293.0864212361985,784.425346578257,735.1183463587953,0.43403725842485885
R_xml,320,542153.7726150821,3363753.8861001018,26.246947411245685,1343.0,699.0,1344.0619905220076,697.9539735833825,764.9892069824642,1.490635815045211
R_xml,208,542153.7726150821,3363753.8861001018,26.246947411245685,2272.0,983.0,2272.7063647649024,983.6726876853787,682.8432671452111,0.9754280614970363
R_xml,199,542153.7726150821,3363753.8861001018,26.246947411245685,2364.0,471.0,2363.9420485899573,471.2166080173711,840.3750181667336,0.2242262230769805
R_xml,430,542153.7726150821,3363753.8861001018,26.246947411245685,785.0,365.0,785.3532707732584,363.3987571701823,916.8443714378773,1.6397496270105207
R_xml,425,542153.7726150821,3363753.8861001018,26.246947411245685,921.0,185.0,921.8967305677654,184.18862966606048,1010.4678051113993,1.2093169683594196
R_xml,501,542153.7726150821,3363753.8861001018,26.246947411245685,4604.0,3627.0,4604.855653610804,3626.5665228021844,1015.1106478974151,0.9591900659977305
R_xml,266,542153.7726150821,3363753.8861001018,26.246947411245685,3261.0,3444.0,3261.9035980022973,3442.629154154728,892.897432609178,1.6418610420054256
R_xml,148,542153.7726150821,3363753.8861001018,26.246947411245685,2373.0,3241.0,2373.660046466881,3239.247630650603,809.8957851455922,1.8725543183439972
R_xml,86,542153.7726150821,3363753.8861001018,26.246947411245685,3397.0,702.0,3397.9986791283586,700.4507774239664,767.5401559218946,1.8432174563819708
R_xml,260,542153.7726150821,3363753.8861001018,26.246947411245685,3389.0,3172.0,3388.403463081929,3170.909186727137,784.2625468272003,1.2432738599664854
R_xml,263,542153.7726150821,3363753.8861001018,26.246947411245685,3320.0,3322.0,3320.5642909649887,3320.8239496624037,841.1822587642832,1.3044227419545347
R_xml,269,542153.7726150821,3363753.8861001018,26.246947411245685,3187.0,3558.0,3188.348042647038,3557.577826554013,947.7291534725241,1.4126037649423286
R_xml,196,542153.7726150821,3363753.8861001018,26.246947411245685,2381.0,339.0,2380.3921642294986,338.1827746797446,892.128834704784,1.0184898369485873
R_xml,506,542153.7726150821,3363753.8861001018,26.246947411245685,4428.0,3785.0,4429.098410034529,3783.9757826163996,1112.4419441710588,1.501840821399656
R_xml,317,542153.7726150821,3363753.8861001018,26.246947411245685,1444.0,545.0,1444.37489116892,544.4322025674251,818.1657969541455,0.6803949683623763
R_xml,283,542984.1627564012,3362573.8251980664,10.489301078336837,3059.0,1915.0,3058.7569873466373,1915.8029581517305,381.1491206941936,0.8389260653507578
R_xml,394,542984.1627564012,3362573.8251980664,10.489301078336837,4980.0,577.0,4982.850209707694,575.2776911419357,381.7709549553629,3.3301716442852984
R_xml,1085,542984.1627564012,3362573.8251980664,10.489301078336837,1713.0,165.0,1713.3164429477479,164.32728502371992,360.4475272008297,0.7434255702428234
R_xml,281,542984.1627564012,3362573.8251980664,10.489301078336837,3091.0,1246.0,3091.37923401001,1245.0497991633588,380.67538916255506,1.023083605724308
R_xml,183,542984.1627564012,3362573.8251980664,10.489301078336837,3209.0,3339.0,3208.614200215734,3338.0577736634077,383.6196918416124,1.0181512377382114
R_xml,279,542984.1627564012,3362573.8251980664,10.489301078336837,3121.0,585.0,3120.9067483905533,583.9909832949438,380.0498479197409,1.0133166206802497
R_xml,296,542984.1627564012,3362573.8251980664,10.489301078336837,1209.0,2372.0,1209.8541717861417,2371.7954128215865,381.47639580819276,0.8783310046968051
R_xml,166,542984.1627564012,3362573.8251980664,10.489301078336837,1095.0,824.0,1094.9446869136452,823.5208783709104,378.3754450462299,0.48230392179990306
R_xml,298,542984.1627564012,3362573.8251980664,10.489301078336837,1209.0,3019.0,1210.1795300327296,3018.4413571669647,382.2621998600833,1.3051332931976194
R_xml,396,542984.1627564012,3362573.8251980664,10.489301078336837,4985.0,1188.0,4988.021940907911,1186.5875336967902,382.7781599182836,3.335743981274439
R_xml,462,542523.0778542494,3363945.4239009214,28.074328834672315,1645.0,569.0,1644.5979790835158,568.2553531451076,373.29289911532635,0.846238592710046
R_xml,345,542523.0778542494,3363945.4239009214,28.074328834672315,3723.0,501.0,3724.6203139721238,498.918890556331,369.14379919167976,2.6375052388171225
R_xml,346,542523.0778542494,3363945.4239009214,28.074328834672315,3549.0,1153.0,3549.7811154404626,1152.5056482059074,425.2606256455649,0.9244052291347458
R_xml,238,542523.0778542494,3363945.4239009214,28.074328834672315,384.0,2949.0,386.7241799903827,2947.377847005557,362.3965949698076,3.170573600688246
R_xml,232,542523.0778542494,3363945.4239009214,28.074328834672315,1080.0,1960.0,1080.0899070263445,1959.3112164376012,508.8718735791629,0.6946265681767001
R_xml,147,542727.8112169295,3362984.301175051,28.28401870587612,1381.0,3024.0,1381.194868487326,3022.5827630096264,394.5327526575576,1.430571359365142
R_xml,191,542727.8112169295,3362984.301175051,28.28401870587612,3052.0,1334.0,3051.952118602994,1333.3512183071175,362.4447592929461,0.6505461653093825
R_xml,79,542727.8112169295,3362984.301175051,28.28401870587612,5042.0,2529.0,5044.474845317949,2528.587513875622,364.68807132512444,2.508984685202152
R_xml,200,542727.8112169295,3362984.301175051,28.28401870587612,3019.0,250.0,3020.4284284863934,248.30172965206225,351.1582571408296,2.2191282332088673
R_xml,150,542727.8112169295,3362984.301175051,28.28401870587612,1182.0,3720.0,1183.769001028746,3719.0111837699214,341.67464585049703,2.026603606177436
R_xml,977,542727.8112169295,3362984.301175051,28.28401870587612,1805.0,96.0,1805.1990664906139,94.6261894653478,339.19429983055153,1.3881580791850268
R_xml,1015,542727.8112169295,3362984.301175051,28.28401870587612,4484.0,3637.0,4484.364456869568,3636.0386521675982,348.1319990378127,1.0281140328966352
R_xml,331,542616.0286038391,3363343.03286098,17.26736662115883,1658.0,3394.0,1660.0419629707985,3393.3798226974027,376.20543793010575,2.1340648211263886
R_xml,255,542616.0286038391,3363343.03286098,17.26736662115883,2486.0,2393.0,2485.510919706042,2392.7744659000446,374.41764060599365,0.5385769807379631
R_xml,252,542616.0286038391,3363343.03286098,17.26736662115883,2521.0,1644.0,2520.281259753164,1643.2928997631457,373.99878701360205,1.008255070595541
R_xml,261,542616.0286038391,3363343.03286098,17.26736662115883,2427.0,3834.0,2428.3410905281066,3833.54285673085,375.49419196707703,1.4168640630302234
R_xml,213,542616.0286038391,3363343.03286098,17.26736662115883,3767.0,3090.0,3767.6693685735536,3090.732866302355,376.028991263654,0.9925458701685365
R_xml,247,542616.0286038391,3363343.03286098,17.26736662115883,2575.0,3315.0,2575.275805134504,3313.452608646511,384.53217779476927,1.5717787608536846
R_xml,325,542616.0286038391,3363343.03286098,17.26736662115883,1714.0,1932.0,1714.2035192324645,1932.684472201063,373.9203398811917,0.7140884203031325
R_xml,204,542616.0286038391,3363343.03286098,17.26736662115883,3817.0,877.0,3818.0580255097057,876.509987072465,372.67062473390797,1.1659891287397588
R_xml,879,542616.0286038391,3363343.03286098,17.26736662115883,3910.0,3395.0,3911.480462720546,3394.623570148038,376.6603131306621,1.5275697366647003
R_xml,202,542616.0286038391,3363343.03286098,17.26736662115883,3783.0,3285.0,3783.8480246561776,3284.307019029856,385.1838478176186,1.0951568118160326
R_xml,218,542616.0286038391,3363343.03286098,17.26736662115883,3588.0,1047.0,3588.3362342575974,1045.8433702540606,427.76048361090824,1.2045106247659227
R_xml,210,542616.0286038391,3363343.03286098,17.26736662115883,3795.0,2371.0,3795.5990024253197,2371.9604574270716,374.8460062034562,1.131937442951582
R_xml,216,542616.0286038391,3363343.03286098,17.26736662115883,3731.0,480.0,3731.757610294284,477.92615724310576,378.09081162633163,2.2078942769815093
R_xml,809,542616.0286038391,3363343.03286098,17.26736662115883,2078.0,2155.0,2077.9564324726603,2154.3049817624556,495.92144627206847,0.6963824236422735
R_xml,905,542616.0286038391,3363343.03286098,17.26736662115883,825.0,2453.0,826.4600210161639,2451.9495089710035,463.0904531859777,1.7986641625501512
R_xml,249,542616.0286038391,3363343.03286098,17.26736662115883,2545.0,879.0,2544.1005010065846,878.4575100935008,373.0397597314781,1.0504255032170429
R_xml,245,542616.0286038391,3363343.03286098,17.26736662115883,2601.0,2742.0,2601.303134101654,2742.0069863313583,433.2287948738484,0.3032145979523801
R_xml,783,542616.0286038391,3363343.03286098,17.26736662115883,4252.0,857.0,4253.663305238401,854.3567263508214,408.4942468512642,3.1230561795355487
R_xml,772,542616.0286038391,3363343.03286098,17.26736662115883,4028.0,2029.0,4028.42920831688,2029.0901389780322,513.4958263203342,0.43857133358152306
R_xml,263,542616.0286038391,3363343.03286098,17.26736662115883,2438.0,1025.0,2438.4513157478495,1024.2821211175003,424.1332284703402,0.84795990129015
R_xml,888,542616.0286038391,3363343.03286098,17.26736662115883,3736.0,958.0,3737.4651418524772,956.7507126800715,419.1526721065834,1.925450455247962
R_xml,258,542616.0286038391,3363343.03286098,17.26736662115883,2455.0,3133.0,2454.1337394468096,3132.2685043463634,374.85159283890175,1.133795941650387
R_xml,319,542616.0286038391,3363343.03286098,17.26736662115883,1758.0,466.0,1758.6911310786259,464.8884293690501,371.2847017809801,1.308912310062428
R_xml,371,542616.0286038391,3363343.03286098,17.26736662115883,4508.0,2686.0,4508.914154241869,2686.247395392339,376.6341176844069,0.9470387838299703
R_xml,320,542616.0286038391,3363343.03286098,17.26736662115883,1739.0,3603.0,1740.221862734161,3601.040052407481,361.4775306910294,2.3096196887262117
R_xml,317,542616.0286038391,3363343.03286098,17.26736662115883,1861.0,2939.0,1861.475592883816,2938.8083762127003,413.96939561639124,0.5127458112900917
R_xml,362,542616.0286038391,3363343.03286098,17.26736662115883,4563.0,526.0,4566.066949911296,523.3048039549788,372.66313055614893,4.082923398681315
R_xml,907,542616.0286038391,3363343.03286098,17.26736662115883,376.0,3642.0,380.7067057750951,3638.333766055891,353.7642926864622,5.966100115339256
R_xml,101,542519.8671135934,3362645.142151818,19.034064007998097,2040.0,3197.0,2039.7286902199012,3195.990429209161,823.9294731447445,1.045390921374663
R_xml,111,542519.8671135934,3362645.142151818,19.034064007998097,2002.0,3712.0,2003.784093607479,3710.261054100816,1067.6506151961619,2.491369671593455
R_xml,103,542519.8671135934,3362645.142151818,19.034064007998097,2044.0,3329.0,2043.5479040685946,3328.06133733967,873.9597127417493,1.041862908971791
R_xml,14,542519.8671135934,3362645.142151818,19.034064007998097,2650.0,480.0,2650.4775880794587,479.6967443186502,865.1594852861416,0.5657334901806192
R_xml,90,542519.8671135934,3362645.142151818,19.034064007998097,1909.0,2449.0,1908.6050502714938,2448.837607845733,617.1294283184029,0.42703219997386754
R_xml,135,542519.8671135934,3362645.142151818,19.034064007998097,3797.0,874.0,3798.3666936809564,872.299432498598,737.5127376927954,2.1816923349525594
R_xml,138,542519.8671135934,3362645.142151818,19.034064007998097,3880.0,1074.0,3881.1615541239007,1072.0946975450727,684.0455248461172,2.2314536579330615
R_xml,855,542519.8671135934,3362645.142151818,19.034064007998097,4652.0,3383.0,4653.432258244884,3383.7967847535047,918.8242358501674,1.638972124063023
R_xml,924,542519.8671135934,3362645.142151818,19.034064007998097,3691.0,3719.0,3690.5814183916364,3717.774654689182,1082.8340564746507,1.2948674424834121
R_xml,804,542519.8671135934,3362645.142151818,19.034064007998097,611.0,148.0,612.5209548581945,146.84878797137094,1067.8588243651386,1.9075095846484467
R_xml,936,542519.8671135934,3362645.142151818,19.034064007998097,1921.0,112.0,1921.4666752092244,110.64295709163798,1044.2774788541594,1.4350439735563023
R_xml,859,542519.8671135934,3362645.142151818,19.034064007998097,4231.0,3782.0,4230.490643780486,3780.997441589293,1144.6731350039752,1.1245297351503412
R_xml,805,542519.8671135934,3362645.142151818,19.034064007998097,496.0,238.0,498.5883714665697,236.62640943723522,1012.0572130483132,2.9302590129660238
R_xml,837,542495.5486086176,3363332.2296497105,20.947058735551934,2130.0,2165.0,2130.613708063603,2165.6810163352525,492.53225896400113,0.916744695219003
R_xml,266,542495.5486086176,3363332.2296497105,20.947058735551934,3233.0,1834.0,3233.9884847046715,1833.1716402404757,511.9886998676904,1.2896828689909254
R_xml,188,542495.5486086176,3363332.2296497105,20.947058735551934,2739.0,1036.0,2739.0195790257553,1035.4676073344901,682.5733648736518,0.5327525584530041
R_xml,260,542495.5486086176,3363332.2296497105,20.947058735551934,3446.0,851.0,3446.420476135816,850.5231156276559,404.43074006800555,0.6357821052662413
R_xml,269,542495.5486086176,3363332.2296497105,20.947058735551934,3133.0,2194.0,3134.004385431207,2193.3850386252084,566.4150589633208,1.1776958804830038
R_xml,904,542495.5486086176,3363332.2296497105,20.947058735551934,356.0,2620.0,357.9310015269657,2618.3191326896244,437.7345637290322,2.5600941022222297
R_xml,733,543153.2771475133,3364022.7153530773,24.85340847204509,3037.0,2697.0,3037.294931818057,2697.544939169687,429.951248094189,0.6196317260774523
R_xml,801,543153.2771475133,3364022.7153530773,24.85340847204509,5061.0,3364.0,5062.675671974714,3362.379589446711,364.14501338844985,2.331009851555852
R_xml,729,543153.2771475133,3364022.7153530773,24.85340847204509,3058.0,1592.0,3058.0376056186838,1591.3134983240175,476.6918168638167,0.6875308965300441
R_xml,198,542857.0976122642,3363067.638506491,21.204066594817732,4478.0,2916.0,4478.886704087053,2915.3394993730158,372.55502529563734,1.1056695782387298
R_xml,201,542857.0976122642,3363067.638506491,21.204066594817732,4441.0,3593.0,4442.022227167226,3592.6102363686696,373.515449305345,1.0940128288661362
R_xml,888,542857.0976122642,3363067.638506491,21.204066594817732,841.0,1493.0,841.9976880856796,1492.5227645362131,467.4307527054579,1.1059544313410108
R_xml,842,542879.6297877444,3363247.4907703656,18.094225679238377,4288.0,2831.0,4288.44790937703,2829.874478313065,424.0170769358892,1.211371899043356
R_xml,212,542879.6297877444,3363247.4907703656,18.094225679238377,4874.0,1456.0,4876.248525745393,1455.8100776941806,468.68162138629236,2.256532408351736
R_xml,253,542879.6297877444,3363247.4907703656,18.094225679238377,1077.0,2748.0,1079.257131637466,2746.883940152734,431.2696623178033,2.51798189261357
R_xml,250,542879.6297877444,3363247.4907703656,18.094225679238377,1252.0,2246.0,1253.4018988149674,2246.109877189533,484.0681204272275,1.4061981667555126
R_xml,324,542879.6297877444,3363247.4907703656,18.094225679238377,3434.0,555.0,3434.596855330011,553.9092122319873,384.41375048371884,1.243404294591421
R_xml,425,542879.6297877444,3363247.4907703656,18.094225679238377,1678.0,2505.0,1678.7358799841027,2505.115873876468,456.3479870757833,0.7449470492932049
R_xml,130,542879.6297877444,3363247.4907703656,18.094225679238377,441.0,1398.0,441.60415990349384,1397.1696068317779,614.8740687403493,1.0269186933831196
R_xml,132,542879.6297877444,3363247.4907703656,18.094225679238377,246.0,1661.0,247.28159874377207,1660.0370752233166,566.8626212337768,1.6030344555214338
R_xml,313,542879.6297877444,3363247.4907703656,18.094225679238377,3543.0,1093.0,3544.5136342831456,1092.3427832157179,372.40237305485203,1.6501583695681745
R_xml,772,542879.6297877444,3363247.4907703656,18.094225679238377,4908.0,1298.0,4909.942110866927,1296.262936583741,638.89547243731,2.6056062502879853
R_xml,822,542879.6297877444,3363247.4907703656,18.094225679238377,624.0,1952.0,625.8499956999497,1952.0832107129183,534.3228490740387,1.851866116266672
R_xml,393,542879.6297877444,3363247.4907703656,18.094225679238377,2643.0,2177.0,2642.748322250778,2175.9562465693216,567.9125059173274,1.073667971724201
R_xml,976,542879.6297877444,3363247.4907703656,18.094225679238377,502.0,3338.0,504.91915891113695,3336.177520247991,376.3559567402975,3.4413545581576326
R_xml,908,542879.6297877444,3363247.4907703656,18.094225679238377,2456.0,2807.0,2456.7378729861393,2806.313240377146,427.3766785500296,1.008015537209972
R_xml,322,542879.6297877444,3363247.4907703656,18.094225679238377,3463.0,3323.0,3462.82910218153,3322.757913569939,376.110737095911,0.2963307341090476
R_xml,821,542879.6297877444,3363247.4907703656,18.094225679238377,428.0,1547.0,429.5544407186917,1547.2551846745334,478.6730493105189,1.5752476522894703
R_xml,391,542879.6297877444,3363247.4907703656,18.094225679238377,2675.0,1853.0,2674.3676893753614,1852.479740667305,518.7477108836292,0.8188323999984818
R_xml,395,542879.6297877444,3363247.4907703656,18.094225679238377,2612.0,2459.0,2611.7439145166263,2458.148484336333,619.8548741585826,0.8891899123726881
R_xml,987,542879.6297877444,3363247.4907703656,18.094225679238377,482.0,590.0,482.8947433154199,588.5902565748634,378.6933570821335,1.6697131865097463
R_xml,910,542960.4711255634,3363440.9045158383,18.366145243871586,1508.0,2204.0,1509.1051166241448,2203.7063610331393,488.9007191797209,1.1434625467500892
R_xml,886,542960.4711255634,3363440.9045158383,18.366145243871586,2920.0,2194.0,2920.3047481495055,2194.8129175292015,571.2001518585538,0.868162625266782
R_xml,912,542960.4711255634,3363440.9045158383,18.366145243871586,1374.0,2687.0,1374.1045023984357,2686.646169026949,435.54599666274186,0.3689405219938684
R_xml,518,542960.4711255634,3363440.9045158383,18.366145243871586,2659.0,3690.0,2659.3707881981463,3688.285346995671,1026.2971407806197,1.7542858413439157
R_xml,994,542960.4711255634,3363440.9045158383,18.366145243871586,593.0,2619.0,595.4406182492371,2617.7098699379867,646.1905769123742,2.760625475398581
R_xml,236,542960.4711255634,3363440.9045158383,18.366145243871586,1048.0,803.0,1048.7543617730116,803.1177955124995,764.7620942753535,0.7635034167220559
R_xml,556,542960.4711255634,3363440.9045158383,18.366145243871586,1006.0,2182.0,1006.9453734738868,2182.000136845606,373.2104356205131,0.9453734837911782
R_xml,487,542960.4711255634,3363440.9045158383,18.366145243871586,3254.0,2197.0,3255.1098772472164,2196.5643109802695,373.21865601192917,1.1923306696560605
R_xml,686,542065.8350364639,3363891.7647569743,26.40966204179989,4607.0,2435.0,4607.498612303858,2435.162525758078,448.65885205451275,0.5244319322823536
R_xml,1,542065.8350364639,3363891.7647569743,26.40966204179989,743.0,2722.0,744.9158408231401,2720.196677360779,423.02015846318744,2.6310489544545823
R_xml,685,542065.8350364639,3363891.7647569743,26.40966204179989,4439.0,1990.0,4440.106149257822,1989.69433569751,500.9824656084738,1.1476048302428281
R_xml,2,542065.8350364639,3363891.7647569743,26.40966204179989,534.0,3276.0,537.4910512309684,3274.092019340891,373.58792957133846,3.978420401714724
R_xml,116,542065.8350364639,3363891.7647569743,26.40966204179989,3537.0,830.0,3537.1100977843244,829.8320608913671,399.45928102336546,0.20081102141455476
R_xml,684,542065.8350364639,3363891.7647569743,26.40966204179989,4259.0,1611.0,4261.094885990433,1610.95373583767,556.0976925387375,2.0953967847708643
R_xml,741,542065.8350364639,3363891.7647569743,26.40966204179989,5014.0,1019.0,5016.254841719718,1016.711727433317,693.4893632954025,3.2125538937756564
R_xml,739,542065.8350364639,3363891.7647569743,26.40966204179989,4709.0,657.0,4712.206581042286,654.7950552757254,804.4172817374443,3.89152196677045
R_xml,740,542065.8350364639,3363891.7647569743,26.40966204179989,4853.0,823.0,4855.377699379766,820.3329746142231,748.8370972400846,3.573020955566918
R_xml,791,542065.8350364639,3363891.7647569743,26.40966204179989,296.0,3293.0,300.48117310804173,3291.1910694911667,857.1071250404626,4.832508873248385
R_xml,714,542065.8350364639,3363891.7647569743,26.40966204179989,302.0,2113.0,305.52260274054834,2112.42316279936,545.6518136533002,3.56951974693528
R_xml,650,543238.9139672493,3363398.8915736135,20.551038016229313,1095.0,1642.0,1096.0979010781432,1641.9517008553005,369.7732162569706,1.0989629587782725
R_xml,553,543238.9139672493,3363398.8915736135,20.551038016229313,3144.0,3206.0,3143.9923426426144,3204.8989438397393,372.6661779698008,1.1010827867013897
R_xml,490,543238.9139672493,3363398.8915736135,20.551038016229313,1098.0,1159.0,1098.9663531771082,1159.8000455386277,369.9676479587902,1.2545562270321926
R_xml,487,543238.9139672493,3363398.8915736135,20.551038016229313,1153.0,438.0,1154.386317083856,437.46678328273833,369.70364605301535,1.4853266053492975
R_xml,156,543080.6638831538,3362417.808994767,10.247375800505608,1922.0,991.0,1921.5424658488469,991.0290223283001,715.7685198633683,0.45845369996476787
R_xml,488,543080.6638831538,3362417.808994767,10.247375800505608,4584.0,519.0,4587.387807809317,515.9256327753296,900.2715614238724,4.574819732513435
R_xml,153,543080.6638831538,3362417.808994767,10.247375800505608,1981.0,809.0,1980.856598839619,809.508584697144,768.7172981490986,0.5284148814782416
R_xml,309,543080.6638831538,3362417.808994767,10.247375800505608,1822.0,2753.0,1823.2318419383564,2753.225520381116,702.5825234272514,1.2523154568208354
R_xml,372,543080.6638831538,3362417.808994767,10.247375800505608,3700.0,393.0,3700.686057017155,390.8818766220336,929.8375950621327,2.2264592686764253
R_xml,381,543080.6638831538,3362417.808994767,10.247375800505608,3900.0,807.0,3901.7170336509926,805.7271192966907,768.7167099618739,2.137388556977412
R_xml,558,543080.6638831538,3362417.808994767,10.247375800505608,541.0,3462.0,544.6002481958981,3460.022696169512,979.1679946722488,4.107495284249219
R_xml,31,543080.6638831538,3362417.808994767,10.247375800505608,1192.0,496.0,1192.9294657747955,494.63138591388565,897.0858008832951,1.6543914721814919
R_xml,34,543080.6638831538,3362417.808994767,10.247375800505608,1125.0,624.0,1125.770132556825,622.7301460821707,845.8385950201967,1.485137410379378
R_xml,562,543080.6638831538,3362417.808994767,10.247375800505608,650.0,3591.0,653.100114361747,3588.354429234242,1041.2056298276407,4.075506561464821
R_xml,384,543080.6638831538,3362417.808994767,10.247375800505608,3991.0,994.0,3991.2725459451767,992.9608873919385,715.5526848651106,1.0742608177089095
R_xml,568,543080.6638831538,3362417.808994767,10.247375800505608,852.0,3803.0,854.5644697379637,3799.4137658555514,1187.9835234689397,4.408807137507855
R_xml,555,543080.6638831538,3362417.808994767,10.247375800505608,431.0,3357.0,434.863095876462,3354.453712584741,923.8631231743723,4.626779587558101
R_xml,378,543080.6638831538,3362417.808994767,10.247375800505608,3822.0,649.0,3824.183559708699,647.4750089396539,822.0691492829402,2.6633683064098213
R_xml,375,543080.6638831538,3362417.808994767,10.247375800505608,3755.0,514.0,3756.7108792231948,512.3781484842145,876.0854327706312,2.35743717956918
R_xml,312,543080.6638831538,3362417.808994767,10.247375800505608,1873.0,2952.0,1874.6886847927076,2951.4371804456223,756.1856799033551,1.7800062303014006
R_xml,78,542817.0731840126,3362638.403612379,15.56102080493821,3701.0,1810.0,3700.558205681359,1810.2538034539464,518.2832356939986,0.5095080109462959
R_xml,162,542817.0731840126,3362638.403612379,15.56102080493821,2171.0,865.0,2171.080406365858,864.7331043777319,374.52404191211576,0.2787444292830564
R_xml,194,542817.0731840126,3362638.403612379,15.56102080493821,2216.0,1664.0,2216.770120807233,1664.7240446609221,498.4659289584128,1.057036767923964
R_xml,156,542817.0731840126,3362638.403612379,15.56102080493821,2361.0,2287.0,2360.172763719479,2287.238194910266,483.48620219246317,0.860846489849858
R_xml,381,542817.0731840126,3362638.403612379,15.56102080493821,5113.0,1868.0,5115.7860360146,1866.6683087891438,539.4992760179161,3.087944001389576
R_xml,161,542625.9869487005,3363475.3608448436,23.847834908097468,954.0,2913.0,955.8670010840656,2911.5730995772856,716.9241798583997,2.3498378378612954
R_xml,77,542625.9869487005,3363475.3608448436,23.847834908097468,5095.0,1490.0,5097.91507388541,1488.7527903489856,594.8109692101674,3.170676216673711
R_xml,68,542625.9869487005,3363475.3608448436,23.847834908097468,4451.0,652.0,4452.747108913238,649.8367021984423,797.996523730442,2.780691808334642
R_xml,72,542625.9869487005,3363475.3608448436,23.847834908097468,4742.0,1000.0,4744.477984552803,998.16639272211,697.9161342038642,3.0826162741185446
R_xml,163,542625.9869487005,3363475.3608448436,23.847834908097468,1035.0,3082.0,1036.4697702214341,3080.7789488523686,765.584731605737,1.910808836316873
R_xml,32,541727.6515492445,3363419.2074604863,27.240752743284247,4054.0,3016.0,4054.2557917970194,3015.34555207798,736.580260256834,0.7026603205382304
R_xml,29,541727.6515492445,3363419.2074604863,27.240752743284247,4191.0,2805.0,4191.894512631174,2805.066507714964,681.837055357205,0.8969816739928531
R_xml,23,541727.6515492445,3363419.2074604863,27.240752743284247,4501.0,2282.0,4501.774995040117,2281.621667811101,573.9868298676232,0.8624108982165113
R_xml,38,541727.6515492445,3363419.2074604863,27.240752743284247,3835.0,3346.0,3835.4340733680074,3344.687450081474,845.1936750728893,1.382464096255814
R_xml,35,541727.6515492445,3363419.2074604863,27.240752743284247,3926.0,3193.0,3926.0164927425963,3192.281587514608,791.9876192948575,0.718601774090149
R_xml,42,541727.6515492445,3363419.2074604863,27.240752743284247,3709.0,3492.0,3708.852325088712,3490.669716379357,911.2461064597168,1.3384552255399274
R_xml,46,541727.6515492445,3363419.2074604863,27.240752743284247,3532.0,3666.0,3531.128701236331,3665.0057417601483,1015.3119207037404,1.3220102053630975
R_xml,933,543145.8089104753,3363562.6215715515,20.886601744720792,4609.0,2002.0,4610.125172339957,2000.7062904833922,510.1388377817954,1.7145544925626084
R_xml,928,543145.8089104753,3363562.6215715515,20.886601744720792,1533.0,2327.0,1533.8002697749625,2327.2180082758077,586.8784941862609,0.8294331323495955
R_xml,925,543145.8089104753,3363562.6215715515,20.886601744720792,1138.0,1039.0,1138.8600568285922,1038.4137203564496,418.76275854048754,1.0408753858409678
R_xml,924,543145.8089104753,3363562.6215715515,20.886601744720792,959.0,384.0,960.2323092415113,382.99798831828025,363.00350129909367,1.588273741209935
R_xml,550,543145.8089104753,3363562.6215715515,20.886601744720792,3216.0,602.0,3216.744141133393,599.8850030714755,369.1367189983784,2.2420878738523182
R_xml,616,543145.8089104753,3363562.6215715515,20.886601744720792,2915.0,2053.0,2915.5991313299637,2052.959025782094,546.1847235697146,0.600530796110475
R_xml,927,543145.8089104753,3363562.6215715515,20.886601744720792,1423.0,1984.0,1422.5785050377092,1983.5968543328117,530.816190940347,0.5832533173580695
R_xml,926,543145.8089104753,3363562.6215715515,20.886601744720792,1288.0,1563.0,1288.2112043486086,1562.0143792418385,474.60244549715304,1.0079958113951117
R_xml,957,542770.7455243082,3363108.7876851493,24.882832743195706,2942.0,2524.0,2942.367463082734,2523.857271584601,623.6461373310563,0.39420872356488507
R_xml,241,542770.7455243082,3363108.7876851493,24.882832743195706,2598.0,870.0,2598.966896273792,869.8428441895262,718.803337771575,0.9795847860386409
R_xml,959,542770.7455243082,3363108.7876851493,24.882832743195706,2919.0,2986.0,2920.1252602671134,2985.3525934753843,735.5107741379726,1.298208718526826
R_xml,237,542770.7455243082,3363108.7876851493,24.882832743195706,2623.0,529.0,2622.642187997031,527.3345219940056,836.8794350578358,1.7034806772956153
R_xml,310,542770.7455243082,3363108.7876851493,24.882832743195706,1925.0,949.0,1925.2512723693467,949.150530959556,364.85269828227706,0.2929118867201379
R_xml,236,542770.7455243082,3363108.7876851493,24.882832743195706,2625.0,396.0,2624.9179817254226,394.08943765590084,891.7301822528946,1.9123220095094713
R_xml,281,542829.7615740849,3362539.546912554,17.912830665447416,4523.0,1770.0,4524.691272349046,1768.2573841599894,374.57825620729875,2.4283970277742783
R_xml,168,542829.7615740849,3362539.546912554,17.912830665447416,2450.0,2011.0,2450.104123929106,2012.0859857138375,373.41904805326396,1.0909659771375806
R_xml,183,542829.7615740849,3362539.546912554,17.912830665447416,1743.0,2920.0,1743.7396461440976,2919.488889878084,374.49138463455694,0.8990606070801367
R_xml,283,542829.7615740849,3362539.546912554,17.912830665447416,4486.0,2434.0,4487.886032316654,2433.6770385620275,375.003875121388,1.913484253888493
R_xml,185,542829.7615740849,3362539.546912554,17.912830665447416,1751.0,3568.0,1752.0293527617487,3566.482901491624,375.6125581467281,1.8333453008738405
R_xml,179,542829.7615740849,3362539.546912554,17.912830665447416,1733.0,3679.0,1734.631364729405,3676.913808977817,355.5277301598786,2.648309623398169
R_xml,164,542829.7615740849,3362539.546912554,17.912830665447416,2548.0,656.0,2547.61912652501,655.8803233049314,372.1787922572613,0.39923315906063667
R_xml,166,542829.7615740849,3362539.546912554,17.912830665447416,2501.0,1330.0,2500.2104457911537,1329.7646515060285,372.7721795148673,0.8238839495472557
R_xml,178,542829.7615740849,3362539.546912554,17.912830665447416,1823.0,2978.0,1823.5718978083087,2976.482343167765,409.26144060968176,1.6218351838511957
R_xml,286,542829.7615740849,3362539.546912554,17.912830665447416,4220.0,947.0,4220.795007139543,946.3095729420917,416.5401604965209,1.0529605283274455
R_xml,694,542281.4190905394,3364317.05452568,19.085257553252575,4460.0,3469.0,4460.861097202604,3468.502947869332,953.2438267937714,0.9942581218845806
R_xml,762,542281.4190905394,3364317.05452568,19.085257553252575,5072.0,3392.0,5074.114046320307,3390.546693293897,948.9332174448475,2.565402936462181
R_xml,695,542281.4190905394,3364317.05452568,19.085257553252575,4360.0,3702.0,4360.949318460538,3700.4881020775524,997.1808383623497,1.7852285196634263
R_xml,111,542316.8151246667,3363588.7178114727,21.204320621847728,4085.0,1043.0,4086.3084503657033,1042.551806522838,424.1527658674946,1.3830834220970163
R_xml,242,542316.8151246667,3363588.7178114727,21.204320621847728,3872.0,2365.0,3872.313804134169,2365.4874122588935,371.9341142492779,0.579692802043677
R_xml,702,542316.8151246667,3363588.7178114727,21.204320621847728,2960.0,2375.0,2960.517783428362,2375.0149200584265,466.87429398881847,0.5179983463579099
R_xml,121,542316.8151246667,3363588.7178114727,21.204320621847728,2067.0,2373.0,2067.4133072759596,2372.1441957276134,467.14802599718524,0.9503809010056884
R_xml,227,542316.8151246667,3363588.7178114727,21.204320621847728,2332.0,746.0,2331.7448382689013,746.4505776375163,396.5291681784826,0.5178105024495528
R_xml,703,542316.8151246667,3363588.7178114727,21.204320621847728,3000.0,2927.0,2999.7046662855755,2927.5046252750963,412.1426265485688,0.584695366102503
R_xml,106,542316.8151246667,3363588.7178114727,21.204320621847728,4411.0,2660.0,4411.730769319172,2659.477920433552,372.3893817699234,0.8981040427179808
R_xml,688,542316.8151246667,3363588.7178114727,21.204320621847728,1245.0,493.0,1245.964745519901,491.8606655940671,373.5367031260128,1.4929222373290716
R_xml,10,541999.2676872401,3363083.5570153818,22.505308974629145,4299.0,2015.0,4300.442163846392,2013.9398422315135,512.094776165982,1.789908113262265
R_xml,12,541999.2676872401,3363083.5570153818,22.505308974629145,4453.0,2400.0,4454.920515672115,2399.9878819284386,463.55308328561654,1.9205539030436019
R_xml,15,541999.2676872401,3363083.5570153818,22.505308974629145,4814.0,415.0,4816.451026391838,412.29402894538816,368.8750673762488,3.6510011944512812
R_xml,14,541999.2676872401,3363083.5570153818,22.505308974629145,4638.0,2864.0,4640.28400929523,2863.8912556261535,415.1768554892435,2.2865965537324104
R_xml,18,541999.2676872401,3363083.5570153818,22.505308974629145,4857.0,1123.0,4859.252100516779,1121.444063502846,368.9073737589946,2.7373153126472385
R_xml,16,541999.2676872401,3363083.5570153818,22.505308974629145,4836.0,3428.0,4837.025779696476,3427.0894058165677,367.03724721931894,1.3716434495171523
R_xml,17,541999.2676872401,3363083.5570153818,22.505308974629145,4853.0,1059.0,4855.647062479224,1057.5663977344325,368.9516383241619,3.0103413801019503
R_xml,21,541999.2676872401,3363083.5570153818,22.505308974629145,4862.0,1860.0,4863.862072007505,1859.305229885856,369.5040699657561,1.987465137465671
R_xml,428,544246.2882574329,3362513.1085016974,7.857008524804712,4876.0,3607.0,4876.425612735729,3606.815563011738,1074.4803475938988,0.46385687820078764
R_xml,543,544246.2882574329,3362513.1085016974,7.857008524804712,4234.0,3661.0,4234.040339485126,3660.4363017860073,1072.5095877406984,0.5651397619339718
R_xml,549,544246.2882574329,3362513.1085016974,7.857008524804712,4061.0,3821.0,4060.7782031927354,3819.310926757764,1183.431344916248,1.7035733742199188
R_xml,431,544246.2882574329,3362513.1085016974,7.857008524804712,4739.0,3695.0,4740.615521423929,3693.531480294404,1133.1815910746448,2.1832222967203445
R_xml,497,544246.2882574329,3362513.1085016974,7.857008524804712,879.0,133.0,879.4788730999719,132.24712941898133,1100.3803091095845,0.8922631661343488
R_xml,546,544246.2882574329,3362513.1085016974,7.857008524804712,4103.0,3753.0,4104.0929211210905,3751.8513375868883,1131.7194819637375,1.5855289074063659
R_xml,479,543266.5806755149,3363571.3581853127,23.954854432108505,493.0,2698.0,495.7400064043686,2697.4213816229367,428.0271474586793,2.800434666664519
R_xml,477,543266.5806755149,3363571.3581853127,23.954854432108505,702.0,2265.0,703.7806301260787,2264.128163618481,476.1431842923371,1.9826099772873724
R_xml,553,543266.5806755149,3363571.3581853127,23.954854432108505,4258.0,1888.0,4258.653635044341,1887.0651101362967,367.8979615946514,1.1407268860012676
R_xml,605,543266.5806755149,3363571.3581853127,23.954854432108505,2016.0,2829.0,2016.2970331172382,2828.1528137913506,368.0658402188177,0.8977489319748834
R_xml,566,543266.5806755149,3363571.3581853127,23.954854432108505,3775.0,1697.0,3775.1696988348294,1697.5116655192576,493.09264907421624,0.5390726278894081
R_xml,556,543266.5806755149,3363571.3581853127,23.954854432108505,4236.0,2633.0,4236.478549517175,2633.497926031568,368.6684006946909,0.6906084080736548
R_xml,559,543266.5806755149,3363571.3581853127,23.954854432108505,4185.0,3360.0,4185.8720940642515,3360.070521976104,370.04159523730567,0.8749408014353734
R_xml,482,543266.5806755149,3363571.3581853127,23.954854432108505,233.0,3278.0,237.47547513692234,3276.020154343233,374.98669836325337,4.893839650604497
R_xml,550,543266.5806755149,3363571.3581853127,23.954854432108505,4280.0,1147.0,4280.917281734764,1145.481268028465,366.8143298564962,1.7742470465792664
R_xml,757,542195.1509031913,3363716.801247388,25.104887790484952,4763.0,644.0,4764.966572186837,642.2431754443589,380.28980331753706,2.6370132129634287
R_xml,689,542195.1509031913,3363716.801247388,25.104887790484952,2885.0,808.0,2885.140626027105,808.1965469295967,396.92810379111745,0.24167410914960885
R_xml,1,542195.1509031913,3363716.801247388,25.104887790484952,1054.0,1557.0,1054.5609472408119,1556.9250381820518,574.9707849508765,0.5659338133779697
R_xml,229,542195.1509031913,3363716.801247388,25.104887790484952,1904.0,611.0,1904.7913414500908,610.1034173364665,380.7803627023829,1.1958602607247906
R_xml,759,542195.1509031913,3363716.801247388,25.104887790484952,4293.0,1707.0,4293.709444961701,1706.372761421044,491.7841381881171,0.9469637736540664
R_xml,234,542195.1509031913,3363716.801247388,25.104887790484952,4183.0,2701.0,4183.617821447132,2700.114520094438,427.0653177788446,1.079712000345682
R_xml,113,542195.1509031913,3363716.801247388,25.104887790484952,3817.0,685.0,3817.337673348174,683.6426925955307,388.91414128921974,1.39868033527837
R_xml,2,542195.1509031913,3363716.801247388,25.104887790484952,894.0,1864.0,895.472979978942,1863.3938562580208,524.7201278828422,1.5928214759678956
R_xml,116,542195.1509031913,3363716.801247388,25.104887790484952,3333.0,2137.0,3333.6441611543232,2136.486196049271,557.2361155126756,0.8239769975696931
R_xml,4,542195.1509031913,3363716.801247388,25.104887790484952,490.0,2807.0,492.3414843671021,2805.207335451859,415.49391022924635,2.948931200205539
R_xml,117,542195.1509031913,3363716.801247388,25.104887790484952,2478.0,1675.0,2478.2546305337055,1674.6004191392094,556.4006758754965,0.4738159695549488
R_xml,125,542195.1509031913,3363716.801247388,25.104887790484952,2173.0,3041.0,2173.4250941346972,3040.377062483476,367.3413127203469,0.7541592489965512
R_xml,120,542195.1509031913,3363716.801247388,25.104887790484952,2348.0,3042.0,2347.8602750691543,3042.151075252599,398.2523772759131,0.2057833526982486
R_xml,230,542195.1509031913,3363716.801247388,25.104887790484952,1976.0,1235.0,1975.2375492746637,1234.1878574892748,437.1446032746082,1.1139598584746195
R_xml,231,542195.1509031913,3363716.801247388,25.104887790484952,2009.0,1717.0,2008.7394901391958,1716.431202307982,492.8090639000266,0.6256166574039363
R_xml,9,542195.1509031913,3363716.801247388,25.104887790484952,222.0,2746.0,225.3960805966949,2744.3886632873764,365.47001840675875,3.758958555331013
R_xml,108,542195.1509031913,3363716.801247388,25.104887790484952,4104.0,1637.0,4105.453677300429,1635.809543832448,366.6569780691578,1.8789261775401755
R_xml,110,542195.1509031913,3363716.801247388,25.104887790484952,4041.0,2329.0,4041.543648675846,2327.7877111915814,367.9650053696296,1.3286075559645072
R_xml,121,542195.1509031913,3363716.801247388,25.104887790484952,2253.0,3781.0,2254.291014498428,3779.972392842496,343.4473863304525,1.6500590611565389
R_xml,7,542195.1509031913,3363716.801247388,25.104887790484952,208.0,2100.0,209.88785118334,2099.747275807374,364.82394002445886,1.9046919981919972
R_xml,690,542195.1509031913,3363716.801247388,25.104887790484952,2844.0,1394.0,2843.761444483386,1393.647509847589,453.1039212643184,0.42562664631535885
R_xml,758,542195.1509031913,3363716.801247388,25.104887790484952,4511.0,1228.0,4513.487768017198,1226.153511217877,435.73851785367185,3.098146305437746
R_xml,691,542195.1509031913,3363716.801247388,25.104887790484952,2795.0,1852.0,2794.119573456081,1851.898188281046,508.80700012597725,0.8862937015196444
R_xml,5,542195.1509031913,3363716.801247388,25.104887790484952,238.0,3431.0,241.45800342807843,3428.41091111498,360.42789925885234,4.319857516531749
R_xml,11,542195.1509031913,3363716.801247388,25.104887790484952,252.0,3360.0,256.11472786319746,3357.3181341859463,366.30912738203995,4.911556742292965
R_xml,701,542195.1509031913,3363716.801247388,25.104887790484952,1659.0,2139.0,1659.4700050147494,2138.4575813979877,488.5298743920687,0.7177204565139128
R_xml,223,542195.1509031913,3363716.801247388,25.104887790484952,2011.0,765.0,2010.9993380886604,765.6524148205913,363.8584917172107,0.6524151563642336
R_xml,702,542195.1509031913,3363716.801247388,25.104887790484952,1529.0,2634.0,1530.2880641638515,2633.3463044134223,433.7340507302124,1.4444470257193514
R_xml,703,542195.1509031913,3363716.801247388,25.104887790484952,1384.0,3250.0,1385.9503561387564,3248.2469307924503,379.3942026248937,2.6224303068802395
R_xml,225,542195.1509031913,3363716.801247388,25.104887790484952,1978.0,1462.0,1977.5973982197684,1461.3834849816637,365.0204929189015,0.7363280255971781
R_xml,233,542195.1509031913,3363716.801247388,25.104887790484952,4039.0,2189.0,4040.229261898892,2188.2236830645684,481.5905969110692,1.4538750979042354
R_xml,238,542195.1509031913,3363716.801247388,25.104887790484952,4279.0,2718.0,4279.6880575523355,2716.8903956486497,368.5620382525971,1.3056205466602722
R_xml,346,542195.1509031913,3363716.801247388,25.104887790484952,261.0,1279.0,263.5334224458579,1278.598610339497,435.2474165798363,2.565022991853167
R_xml,232,542195.1509031913,3363716.801247388,25.104887790484952,3891.0,1825.0,3891.665466425724,1824.8945722657795,532.2541201708937,0.6737659615242181
R_xml,67,542761.7217396335,3362668.018427417,21.269413283843278,3848.0,1789.0,3849.54236020752,1788.530512992814,371.39020366295455,1.612232321862116
R_xml,164,542761.7217396335,3362668.018427417,21.269413283843278,2417.0,2088.0,2416.703260112107,2087.8595875532387,370.21809221190273,0.3282837435395573
R_xml,294,542761.7217396335,3362668.018427417,21.269413283843278,465.0,2240.0,466.46581732095956,2239.772542653531,478.18080581383464,1.4833601258250395
R_xml,169,542761.7217396335,3362668.018427417,21.269413283843278,2313.0,539.0,2312.1180534512196,538.3422863422238,378.5680785677386,1.100189515734015
R_xml,63,542761.7217396335,3362668.018427417,21.269413283843278,3702.0,2699.0,3702.331822236686,2699.974508225197,432.76008314315743,1.029452416450634
R_xml,55,542761.7217396335,3362668.018427417,21.269413283843278,690.0,1461.0,692.1849814173629,1460.2286649081018,461.1106140013745,2.3171321969656433
R_xml,56,542761.7217396335,3362668.018427417,21.269413283843278,845.0,1897.0,847.0042157266912,1895.9352841023333,516.4803847219756,2.2694714410762136
R_xml,947,542761.7217396335,3362668.018427417,21.269413283843278,172.0,2460.0,175.1580153419609,2457.880283949707,452.45422193709135,3.803453303766177
R_xml,836,542537.8410912011,3363290.0097204107,28.298736526292657,2567.0,1658.0,2566.7355939232757,1657.3276589784252,553.0541373268186,0.7224631635598704
R_xml,835,542537.8410912011,3363290.0097204107,28.298736526292657,2580.0,1347.0,2579.76422882389,1346.8303357332275,606.634164155568,0.29047204840365237
R_xml,828,542537.8410912011,3363290.0097204107,28.298736526292657,2060.0,2752.0,2059.5787730524994,2751.5740638782654,666.3071586651687,0.5990440059786758
R_xml,215,542537.8410912011,3363290.0097204107,28.298736526292657,2851.0,3459.0,2850.482613181653,3457.7784814084775,365.4033162497294,1.3265733259922645
R_xml,827,542537.8410912011,3363290.0097204107,28.298736526292657,2008.0,2499.0,2008.4599178568888,2498.8315958487956,610.1886086122611,0.48977994367677047
R_xml,207,542537.8410912011,3363290.0097204107,28.298736526292657,2896.0,1660.0,2896.2245987154092,1660.951675009172,362.7217870755761,0.9778189536136515
R_xml,220,542537.8410912011,3363290.0097204107,28.298736526292657,2750.0,1580.0,2749.2946547577617,1580.6624189232866,472.8079797238875,0.9676315107913896
R_xml,202,542537.8410912011,3363290.0097204107,28.298736526292657,2906.0,3309.0,2905.94491709439,3309.501979470364,372.77820152825296,0.5049925892102999
R_xml,359,542537.8410912011,3363290.0097204107,28.298736526292657,4979.0,2390.0,4981.363432432313,2390.4775599782133,453.847422558175,2.4111981243563965
R_xml,826,542537.8410912011,3363290.0097204107,28.298736526292657,1964.0,2184.0,1964.5502647951864,2184.325556556318,554.4976500455793,0.6393578154549117
R_xml,768,542537.8410912011,3363290.0097204107,28.298736526292657,3742.0,1118.0,3742.7542538186917,1117.3149061157333,661.3990223897936,1.0189467372099132
R_xml,45,542628.3180860465,3362923.9505204675,24.599018233358947,297.0,3327.0,300.60251296343495,3324.4619662683062,367.1229400934737,4.406780556702612
R_xml,48,542628.3180860465,3362923.9505204675,24.599018233358947,504.0,1109.0,504.7956035010743,1108.153672099707,420.001096293336,1.1615747267120666
R_xml,71,542628.3180860465,3362923.9505204675,24.599018233358947,3964.0,342.0,3966.222124851191,339.3901560713555,364.96138092821553,3.4276995472420313
R_xml,73,542628.3180860465,3362923.9505204675,24.599018233358947,3980.0,1023.0,3980.6872459778015,1022.4624532501952,366.30179379652566,0.8725041789183872
R_xml,46,542628.3180860465,3362923.9505204675,24.599018233358947,310.0,583.0,312.6391270960585,582.8480302400972,371.2739110114826,2.6434989383532876
R_xml,4,542338.7519250228,3363420.0181726543,24.07120648061067,1333.0,1202.0,1333.884863379189,1201.779447203351,647.4728698055058,0.9119357082270022
R_xml,835,542338.7519250228,3363420.0181726543,24.07120648061067,1123.0,1820.0,1123.1777964227613,1819.9931689053476,532.9467928522525,0.17792760269518684
R_xml,239,542338.7519250228,3363420.0181726543,24.07120648061067,4329.0,2735.0,4330.2136200797695,2735.616993300876,426.6227716810182,1.3614530588108869
R_xml,122,542338.7519250228,3363420.0181726543,24.07120648061067,2599.0,1926.0,2599.396947903432,1926.0170554243239,519.3449568849504,0.39731413961509127
R_xml,32,542338.7519250228,3363420.0181726543,24.07120648061067,950.0,1924.0,950.807208574882,1923.694141133215,515.5978577517313,0.8632122159434668
R_xml,100,542338.7519250228,3363420.0181726543,24.07120648061067,3895.0,2110.0,3895.390692308154,2109.5192325651115,367.60350539518953,0.6194980275190858
R_xml,109,542338.7519250228,3363420.0181726543,24.07120648061067,3411.0,1595.0,3411.405107572322,1595.891232871075,480.87134201161393,0.9789832356262618
R_xml,111,542338.7519250228,3363420.0181726543,24.07120648061067,3290.0,1970.0,3289.60298115536,1969.8168042833968,531.092581931517,0.4372466507374759
R_xml,112,542338.7519250228,3363420.0181726543,24.07120648061067,3221.0,2195.0,3220.257347462712,2194.3626684623932,567.6638914846369,0.9786338845393133
R_xml,199,542338.7519250228,3363420.0181726543,24.07120648061067,2155.0,1530.0,2155.1291964160364,1529.3525590033364,576.3457306297635,0.6602056937632331
R_xml,126,542338.7519250228,3363420.0181726543,24.07120648061067,2543.0,3050.0,2543.4494371087862,3049.5632179288623,398.45668650441314,0.6267154796408709
R_xml,102,542338.7519250228,3363420.0181726543,24.07120648061067,3839.0,2802.0,3839.9593194992285,2802.407893418106,368.99391093565714,1.042435102121162
R_xml,210,542338.7519250228,3363420.0181726543,24.07120648061067,1842.0,307.0,1842.675583549938,306.6363874863016,364.93734516965014,0.7672204331643386
R_xml,215,542338.7519250228,3363420.0181726543,24.07120648061067,1800.0,1316.0,1800.1514349194345,1316.4812549704006,366.49997985439103,0.504518464834976
R_xml,759,542338.7519250228,3363420.0181726543,24.07120648061067,1814.0,1509.0,1814.1271188806636,1507.8432223960222,467.3343932035962,1.163741223333559
R_xml,128,542338.7519250228,3363420.0181726543,24.07120648061067,2509.0,3607.0,2509.975943737548,3605.496484401715,356.2668841708514,1.792491376030931
R_xml,760,542338.7519250228,3363420.0181726543,24.07120648061067,1877.0,1938.0,1877.4259549577923,1937.6681123749202,523.4744694719428,0.5399879829672166
R_xml,752,542338.7519250228,3363420.0181726543,24.07120648061067,1841.0,3306.0,1841.7897495229076,3304.721599434594,377.0716501454352,1.5026683980717999
R_xml,240,542338.7519250228,3363420.0181726543,24.07120648061067,4513.0,216.0,4515.68813839484,213.75602728982312,366.5949568944938,3.5016426936272405
R_xml,703,542338.7519250228,3363420.0181726543,24.07120648061067,4546.0,3436.0,4547.724183560607,3435.031171590327,365.47361512625474,1.9777354317647722
R_xml,202,542338.7519250228,3363420.0181726543,24.07120648061067,2081.0,1869.0,2082.041633294043,1868.512984789201,523.6287306817546,1.1498624851731776
R_xml,219,542338.7519250228,3363420.0181726543,24.07120648061067,1751.0,2688.0,1750.8238720861239,2686.9517875057027,368.3180105377109,1.062906616428459
R_xml,224,542338.7519250228,3363420.0181726543,24.07120648061067,1802.0,1039.0,1801.8273899966348,1038.314329162014,419.3539018982924,0.7070634422215127
R_xml,833,542338.7519250228,3363420.0181726543,24.07120648061067,1377.0,1188.0,1376.8769379122632,1187.3721386254576,642.0599056151613,0.6398079267095435
R_xml,834,542338.7519250228,3363420.0181726543,24.07120648061067,1259.0,1472.0,1258.9625391235088,1471.6530563257265,587.961381820977,0.34896021318462417
R_xml,211,542338.7519250228,3363420.0181726543,24.07120648061067,1835.0,3449.0,1836.468919267877,3448.7669706514307,366.4856537695922,1.4872883018550935
R_xml,38,542338.7519250228,3363420.0181726543,24.07120648061067,1202.0,2541.0,1204.166222756261,2540.179707514962,623.0296218256342,2.3163334800397286
R_xml,77,542338.7519250228,3363420.0181726543,24.07120648061067,3424.0,1111.0,3424.4427712848283,1110.4138956641825,663.5178380565269,0.7345506811190948
R_xml,80,542338.7519250228,3363420.0181726543,24.07120648061067,3499.0,1363.0,3499.6514737773327,1361.7823253547735,609.8092060393229,1.3809958813043415
R_xml,205,542338.7519250228,3363420.0181726543,24.07120648061067,2012.0,2282.0,2012.6530960506539,2281.6359752493795,471.4653477061817,0.7476954396303247
R_xml,686,542338.7519250228,3363420.0181726543,24.07120648061067,266.0,2489.0,269.7038165270719,2488.4239515282848,444.66656751206676,3.7483447957700706
R_xml,836,542338.7519250228,3363420.0181726543,24.07120648061067,954.0,2226.0,954.9374618541317,2224.5406619318774,479.2486923386301,1.734503480833619
R_xml,196,542338.7519250228,3363420.0181726543,24.07120648061067,2201.0,1245.0,2201.412881833923,1244.4348635870028,628.4440456440985,0.6998932590610201
R_xml,242,542338.7519250228,3363420.0181726543,24.07120648061067,4521.0,849.0,4523.889935727608,847.1985551026153,367.4686098615182,3.405426878970846
R_xml,685,542338.7519250228,3363420.0181726543,24.07120648061067,522.0,2013.0,523.5520103565245,2013.2655049299476,500.3977249028516,1.5745567676606314
R_xml,342,542338.7519250228,3363420.0181726543,24.07120648061067,273.0,1533.0,275.4873135027847,1531.3344558840224,468.508442576837,2.993453801781899
R_xml,710,542338.7519250228,3363420.0181726543,24.07120648061067,4222.0,1243.0,4223.536927315159,1241.7950293620024,440.99837040283387,1.9529720455035966
R_xml,178,542858.4949431648,3363080.4699583654,27.80344067021292,3646.0,834.0,3646.513723408425,834.0232045384514,721.6605702211671,0.5142472080318337
R_xml,186,542858.4949431648,3363080.4699583654,27.80344067021292,4298.0,2462.0,4298.794723286008,2461.652583388334,447.9192440840606,0.8673427254463754
R_xml,177,542858.4949431648,3363080.4699583654,27.80344067021292,3574.0,656.0,3574.727892204258,655.6881202359514,775.4666656052628,0.7918939627515581
R_xml,267,542858.4949431648,3363080.4699583654,27.80344067021292,1654.0,1896.0,1654.2939450226481,1896.029991749369,362.82834537843587,0.295471117657581
R_xml,595,543089.7711819591,3363719.181237378,18.453550120601335,2849.0,2666.0,2849.767735558422,2665.8249390129727,373.8570602946644,0.7874415767816685
R_xml,489,543089.7711819591,3363719.181237378,18.453550120601335,952.0,1023.0,951.9100965187422,1022.5845091723919,419.0861350510497,0.4251061794054907
R_xml,596,543089.7711819591,3363719.181237378,18.453550120601335,2847.0,2724.0,2846.760781953101,2724.564028691686,373.91036572901584,0.6126611126938211
R_xml,554,543089.7711819591,3363719.181237378,18.453550120601335,3425.0,2967.0,3426.2266616220477,2967.014850360494,411.2582303622844,1.2267515103766806
R_xml,556,543089.7711819591,3363719.181237378,18.453550120601335,3486.0,497.0,3487.417527715901,495.1037866071615,370.8489597075827,2.3674902442307575
R_xml,599,543089.7711819591,3363719.181237378,18.453550120601335,2827.0,3459.0,2827.0836999493845,3458.166445344097,374.88817824656127,0.8377464090667738
R_xml,561,543089.7711819591,3363719.181237378,18.453550120601335,3456.0,1504.0,3455.456214478155,1504.2682471844075,372.65153205189915,0.6063491120723983
R_xml,601,543089.7711819591,3363719.181237378,18.453550120601335,2805.0,668.0,2804.370296445195,666.6400354058367,392.27539452935594,1.4986761705958722
R_xml,559,542914.2517104975,3363593.3211136656,16.875614255186576,1350.0,1417.0,1350.969694249138,1416.300346256589,373.4735918238675,1.1957517708456318
R_xml,371,542914.2517104975,3363593.3211136656,16.875614255186576,845.0,3281.0,846.9287168335989,3278.340848996643,374.6977746123504,3.2849707278545086
R_xml,806,542914.2517104975,3363593.3211136656,16.875614255186576,2594.0,3223.0,2594.982346895972,3222.401119600057,391.6830454650061,1.1505056094873973
R_xml,487,542914.2517104975,3363593.3211136656,16.875614255186576,2850.0,3680.0,2850.657145266912,3679.118249183365,375.6602516955049,1.0996928682413192
R_xml,593,542914.2517104975,3363593.3211136656,16.875614255186576,4896.0,1803.0,4897.662945186979,1802.7722435186172,375.70902062596736,1.6784694545060617
R_xml,596,542914.2517104975,3363593.3211136656,16.875614255186576,4867.0,2528.0,4868.927316716588,2528.614309818605,376.46602331341825,2.0228510274549114
R_xml,760,542692.7268006889,3363801.216610599,33.72316890035779,2770.0,3432.0,2770.095555718623,3430.8804342627527,876.9300832057263,1.1236362113155747
R_xml,343,542692.7268006889,3363801.216610599,33.72316890035779,4285.0,1002.0,4286.779143483009,999.7367692945849,405.7312016805387,2.878813081647778
R_xml,755,542692.7268006889,3363801.216610599,33.72316890035779,2961.0,2466.0,2959.915970617893,2466.1025318863835,596.4368168879167,1.088867525917038
R_xml,828,542692.7268006889,3363801.216610599,33.72316890035779,3625.0,3563.0,3624.8422740318438,3563.24337062397,945.4480618914989,0.2900116232883012
R_xml,351,542692.7268006889,3363801.216610599,33.72316890035779,1968.0,2202.0,1968.9074915876272,2201.304551713722,470.1612978749387,1.1433237951258866
R_xml,761,542692.7268006889,3363801.216610599,33.72316890035779,2721.0,3545.0,2720.6232354767944,3544.218300337625,933.4753088315075,0.8677591071856685
R_xml,827,542692.7268006889,3363801.216610599,33.72316890035779,3689.0,3448.0,3688.6525705398735,3448.705576208471,889.7941500392969,0.7864763287754624
R_xml,753,542692.7268006889,3363801.216610599,33.72316890035779,3077.0,1865.0,3077.967528093472,1865.012463084542,500.90371416004706,0.9676083609260657
R_xml,759,542692.7268006889,3363801.216610599,33.72316890035779,2798.0,3296.0,2797.62979530748,3295.0171074382097,820.5726540401776,1.0502996250530534
R_xml,754,542692.7268006889,3363801.216610599,33.72316890035779,3029.0,2136.0,3029.087275569368,2136.1453262899668,540.2027506702301,0.1695191893681348
R_xml,756,542692.7268006889,3363801.216610599,33.72316890035779,2908.0,2734.0,2907.273211131959,2734.59446635942,652.1948174646498,0.9389421234507059
R_xml,770,542692.7268006889,3363801.216610599,33.72316890035779,1903.0,528.0,1903.266393259722,526.7716476566532,817.71356269532,1.2569068574206264
R_xml,706,542692.7268006889,3363801.216610599,33.72316890035779,2926.0,1664.0,2925.2045156151926,1664.6659183693623,540.5316093747267,1.0374211686323982
R_xml,757,542692.7268006889,3363801.216610599,33.72316890035779,2860.0,2957.0,2859.7884859208734,2957.226642316027,708.3209843545617,0.3100079758376223
R_xml,353,542692.7268006889,3363801.216610599,33.72316890035779,1737.0,3396.0,1737.16079972923,3393.984587815884,360.796350693938,2.0218167139490553
R_xml,341,542692.7268006889,3363801.216610599,33.72316890035779,4497.0,3384.0,4498.27576372934,3382.647308284182,361.8919258698856,1.859394517347323
R_xml,402,542669.7034834198,3363138.1105971863,21.476074426295497,3541.0,3355.0,3540.4305766395096,3354.4189112862505,872.2887891022464,0.8135767061066067
R_xml,269,542669.7034834198,3363138.1105971863,21.476074426295497,2928.0,583.0,2928.2861850025674,582.2525785733467,382.30819328490924,0.8003378316155026
R_xml,383,542669.7034834198,3363138.1105971863,21.476074426295497,4918.0,3574.0,4918.638038141269,3573.2033073693774,374.14313224751066,1.0206918327303953
R_xml,293,542669.7034834198,3363138.1105971863,21.476074426295497,2033.0,475.0,2032.2900469467695,474.8502890442687,845.3252752159298,0.7255664739066102
R_xml,294,542669.7034834198,3363138.1105971863,21.476074426295497,2029.0,638.0,2028.784918241794,636.5345684841473,793.1564359023033,1.4811312198341677
R_xml,310,542669.7034834198,3363138.1105971863,21.476074426295497,1252.0,240.0,1252.3613436250478,239.2676881997147,366.8901113028403,0.8166087118073994
R_xml,981,542669.7034834198,3363138.1105971863,21.476074426295497,420.0,651.0,421.79344264797646,649.6902319344551,380.43175424804497,2.2207946589232304
R_xml,517,542669.7034834198,3363138.1105971863,21.476074426295497,4298.0,3400.0,4297.613407624128,3399.6312834653936,899.4850651974078,0.534233608054225
R_xml,86,542071.591919355,3363862.1683965786,26.52164710324473,3259.0,434.0,3259.8456748173085,431.7565596787256,861.5660057633835,2.397538398388976
R_xml,311,542071.591919355,3363862.1683965786,26.52164710324473,1638.0,110.0,1638.9356907424785,108.57740354045791,1017.4254499651555,1.7027324664379058
R_xml,379,542071.591919355,3363862.1683965786,26.52164710324473,4114.0,3530.0,4114.087971876714,3529.3984121096737,964.3847742356061,0.607986053195121
R_xml,148,542071.591919355,3363862.1683965786,26.52164710324473,2453.0,3481.0,2453.5488391053345,3478.9393741125496,906.5414687183342,2.1324641641948725
R_xml,145,542071.591919355,3363862.1683965786,26.52164710324473,2452.0,3353.0,2452.5316245489357,3351.8675515045484,853.3420771908874,1.2510252818715395
R_xml,151,542071.591919355,3363862.1683965786,26.52164710324473,2436.0,3597.0,2436.2777905182706,3595.03210126826,959.8467184156355,1.9874086118425138
R_xml,142,542071.591919355,3363862.1683965786,26.52164710324473,2463.0,3204.0,2464.148478944111,3203.4324754244335,800.0476323985515,1.281049580983639
R_xml,199,542071.591919355,3363862.1683965786,26.52164710324473,2334.0,252.0,2334.0972390124007,251.26851488591979,934.1452938118889,0.7379199805220102
R_xml,202,542071.591919355,3363862.1683965786,26.52164710324473,2289.0,365.0,2289.60030729029,364.6422874194634,881.0359093643747,0.6988040734350456
R_xml,260,542071.591919355,3363862.1683965786,26.52164710324473,3359.0,3428.0,3359.085807124154,3426.4044740129066,880.4581836189078,1.5978316676189799
R_xml,196,542071.591919355,3363862.1683965786,26.52164710324473,2349.0,145.0,2349.369133952037,144.1394489509437,985.7589278278544,0.9363802553334372
R_xml,317,542071.591919355,3363862.1683965786,26.52164710324473,1516.0,314.0,1516.7726144277813,313.1552991559297,912.0645324774266,1.144750003270955
R_xml,326,542071.591919355,3363862.1683965786,26.52164710324473,1259.0,727.0,1259.29851181638,725.7148513196794,754.3311100751689,1.3193621318835322
R_xml,501,542071.591919355,3363862.1683965786,26.52164710324473,4475.0,3782.0,4475.623908431731,3780.330300353047,1111.3450143510245,1.7824585948124894
R_xml,4,541968.4036011088,3363576.515766898,21.314607559708975,2767.0,2777.0,2766.9586136216603,2776.851056227251,427.23332447520244,0.15458680329452434
R_xml,3,541968.4036011088,3363576.515766898,21.314607559708975,2754.0,2238.0,2754.4167077072784,2237.1046379241507,482.35840653984303,0.9875821789473858
R_xml,5,541968.4036011088,3363576.515766898,21.314607559708975,2780.0,3438.0,2780.9666354955993,3437.385055711169,372.1520776644323,1.1456616689574282
R_xml,113,541968.4036011088,3363576.515766898,21.314607559708975,1307.0,580.0,1307.6848098315818,578.5389901641777,380.2015649839458,1.6135409030454266
R_xml,18,542026.171988903,3363245.9734289823,29.38673892241718,3918.0,2361.0,3918.5488983999303,2361.659603423998,362.8646422448786,0.8581177835214268
R_xml,10,542026.171988903,3363245.9734289823,29.38673892241718,3772.0,2779.0,3772.7643533827413,2778.565424938629,417.43179247917516,0.8792562639377661
R_xml,8,542026.171988903,3363245.9734289823,29.38673892241718,3679.0,2403.0,3679.460440389087,2402.565740360334,455.83516209258164,0.632919257524593
R_xml,17,542026.171988903,3363245.9734289823,29.38673892241718,3918.0,2294.0,3919.165732963159,2294.199353186385,362.8382403222783,1.1826559238921177
R_xml,12,542026.171988903,3363245.9734289823,29.38673892241718,3893.0,3353.0,3894.067595761102,3351.9769352120065,369.0271467946083,1.4786555615000514
R_xml,13,542026.171988903,3363245.9734289823,29.38673892241718,3923.0,898.0,3924.434464657551,896.9225345376803,361.7237316079979,1.7940514697896761
R_xml,15,542026.171988903,3363245.9734289823,29.38673892241718,3920.0,1588.0,3920.194929693139,1587.2036486789698,362.5476500647839,0.8198615808621507
R_xml,97,542026.171988903,3363245.9734289823,29.38673892241718,406.0,1165.0,408.1412912840551,1163.6871020334959,360.5627120975957,2.511738329050434
R_xml,100,542026.171988903,3363245.9734289823,29.38673892241718,365.0,1911.0,367.5337097533161,1909.4404557727764,362.16303124877265,2.975208112168867
R_xml,102,542026.171988903,3363245.9734289823,29.38673892241718,339.0,2575.0,342.78791262589584,2573.835835342986,363.0755987845674,3.9627719351562716
R_xml,26,542026.171988903,3363245.9734289823,29.38673892241718,3723.0,1030.0,3724.3649513957525,1029.9983136837689,411.36274077275147,1.3649524374238255
R_xml,29,542026.171988903,3363245.9734289823,29.38673892241718,3599.0,1563.0,3600.055796740169,1562.3919475459375,465.7086182758363,1.2183737289696175
R_xml,50,542502.2035496016,3362815.739027422,17.067609844857316,1891.0,1353.0,1890.4428224680457,1352.2489013894415,458.12685770297065,0.9351983345246079
R_xml,1035,542502.2035496016,3362815.739027422,17.067609844857316,603.0,2690.0,604.5255270058892,2688.745353316748,435.8167967785256,1.975188837932258
R_xml,1032,542502.2035496016,3362815.739027422,17.067609844857316,1147.0,1491.0,1146.6313519829923,1490.984502956945,601.248415372771,0.3689736017483284
R_xml,964,542502.2035496016,3362815.739027422,17.067609844857316,2434.0,1465.0,2433.432705790769,1465.4241694472953,599.5044240015933,0.7083378006614146
R_xml,150,542502.2035496016,3362815.739027422,17.067609844857316,4018.0,3554.0,4017.4979452665048,3554.0475293190493,365.96142207198943,0.5042995058437703
R_xml,73,542502.2035496016,3362815.739027422,17.067609844857316,2353.0,1316.0,2352.9247134422203,1315.06407994774,373.12269928090694,0.9389432410984809
R_xml,967,542502.2035496016,3362815.739027422,17.067609844857316,2306.0,2718.0,2306.0608352529403,2717.5119835669584,434.8095621320352,0.49179362228372236
R_xml,48,542502.2035496016,3362815.739027422,17.067609844857316,1846.0,851.0,1845.92181345141,850.33331021152,408.6121651737584,0.6712588252260839
R_xml,188,542502.2035496016,3362815.739027422,17.067609844857316,419.0,3399.0,421.5282015074581,3397.2175829171647,371.6479611914922,3.0933498863685918
R_xml,76,542502.2035496016,3362815.739027422,17.067609844857316,2342.0,2071.0,2342.1779167055543,2071.010511631657,374.3360937101536,0.17822695788060683
R_xml,160,542502.2035496016,3362815.739027422,17.067609844857316,3849.0,3298.0,3850.0881086693407,3297.3282972718152,376.4530271012177,1.2787357159887613
R_xml,75,542502.2035496016,3362815.739027422,17.067609844857316,2342.0,2010.0,2342.2351603355623,2009.7477332827534,374.26576243834927,0.34487516589653283
R_xml,72,542502.2035496016,3362815.739027422,17.067609844857316,2347.0,3801.0,2347.4156782509776,3800.204757137809,348.7335546478397,0.8973291582255338
R_xml,155,542502.2035496016,3362815.739027422,17.067609844857316,3951.0,1893.0,3950.7286639578547,1893.4727798334443,374.9692521647649,0.5451091805122168
R_xml,43,542502.2035496016,3362815.739027422,17.067609844857316,1851.0,2470.0,1851.1820243010466,2469.750266724212,374.5519238102948,0.3090300231487197
R_xml,1033,542502.2035496016,3362815.739027422,17.067609844857316,998.0,1821.0,998.6503209903228,1821.401453802076,546.2862224948677,0.7642529330370771
R_xml,165,542502.2035496016,3362815.739027422,17.067609844857316,3528.0,1483.0,3528.4421446041174,1481.7515365971083,473.70318451331286,1.3244443058543958
R_xml,47,542502.2035496016,3362815.739027422,17.067609844857316,1800.0,3760.0,1800.859984783152,3758.7029363194597,376.39980628120213,1.5562609095616589
R_xml,198,542502.2035496016,3362815.739027422,17.067609844857316,382.0,3223.0,385.0042676451558,3221.02033851877,375.6807664298682,3.597872102228633
R_xml,1093,542502.2035496016,3362815.739027422,17.067609844857316,4719.0,2297.0,4720.491558481486,2296.04196480914,595.7899945682472,1.7727318270452825
R_xml,1092,542502.2035496016,3362815.739027422,17.067609844857316,4905.0,1972.0,4907.2282248126885,1970.678647308595,541.2123518112508,2.5905518236399234
R_xml,392,543177.9932393432,3362762.741777545,9.653218971612432,2612.0,412.0,2612.060161855928,410.95593222442403,379.9194747816452,1.0457996791474262
R_xml,411,543177.9932393432,3362762.741777545,9.653218971612432,1666.0,3668.0,1667.2264029892908,3666.3720725009953,364.8276053020155,2.0381884687528875
R_xml,509,543177.9932393432,3362762.741777545,9.653218971612432,4588.0,1406.0,4590.15723007396,1404.4609853745078,381.9476521106859,2.649944831402339
R_xml,302,543177.9932393432,3362762.741777545,9.653218971612432,3642.0,3661.0,3643.177039170949,3659.5771078709977,386.18287107021695,1.8466302338921385
R_xml,394,543177.9932393432,3362762.741777545,9.653218971612432,2582.0,1060.0,2582.0768478875675,1059.165226329842,380.5220029416003,0.8383034523444921
R_xml,398,543177.9932393432,3362762.741777545,9.653218971612432,2528.0,2396.0,2527.092245757682,2396.602211005721,382.34509526553165,1.0893465288225288
R_xml,420,543177.9932393432,3362762.741777545,9.653218971612432,1710.0,3257.0,1711.2226712733445,3257.090812545409,383.5921352661514,1.2260391352096298
R_xml,418,543177.9932393432,3362762.741777545,9.653218971612432,1697.0,2602.0,1697.3060325422466,2602.3283481354215,382.62075696696746,0.4488523308936864
R_xml,410,543177.9932393432,3362762.741777545,9.653218971612432,1762.0,2978.0,1762.866048922991,2976.207603311727,419.1517604678482,1.9906598466705392
R_xml,414,543177.9932393432,3362762.741777545,9.653218971612432,1678.0,1844.0,1677.816684934125,1843.5412004828847,381.30220617653924,0.494066200303086
R_xml,409,543177.9932393432,3362762.741777545,9.653218971612432,1845.0,2425.0,1844.2346788503123,2424.5769779568245,473.3473740989048,0.8744507482823877
R_xml,1044,543177.9932393432,3362762.741777545,9.653218971612432,3797.0,3266.0,3796.846588626565,3265.3722603181886,396.4038486960294,0.6462137089383673
R_xml,402,543177.9932393432,3362762.741777545,9.653218971612432,2477.0,1287.0,2477.698961335375,1285.9756090866454,459.92494756323856,1.2401305139833287
R_xml,403,543177.9932393432,3362762.741777545,9.653218971612432,2479.0,1757.0,2479.7779425459767,1756.6938324744222,515.8227716888193,0.8360222237232128
R_xml,298,543177.9932393432,3362762.741777545,9.653218971612432,3711.0,2389.0,3712.121109015641,2388.6749372954373,382.973021653973,1.1672836788242975
R_xml,396,543177.9932393432,3362762.741777545,9.653218971612432,2554.0,1727.0,2554.2249536639724,1726.7638878320984,381.4265440869306,0.32611824046782695
R_xml,279,543177.9932393432,3362762.741777545,9.653218971612432,616.0,1132.0,616.5446836189806,1131.1326907516732,379.2847875698462,1.0241609136356473
R_xml,300,543177.9932393432,3362762.741777545,9.653218971612432,3685.0,3042.0,3685.130249044365,3040.6807133755246,384.43596484519384,1.3257005736883274
R_xml,1042,543177.9932393432,3362762.741777545,9.653218971612432,3669.0,2668.0,3669.4927426045083,2668.8729906304643,451.1136033767382,1.0024509540002815
R_xml,412,543177.9932393432,3362762.741777545,9.653218971612432,1691.0,1459.0,1691.3476886536569,1458.358773322857,381.26893823394033,0.729423780364813
R_xml,401,543177.9932393432,3362762.741777545,9.653218971612432,2485.0,700.0,2485.5416715821216,699.3215070149483,404.12392778653407,0.8681940069145896
R_xml,416,543177.9932393432,3362762.741777545,9.653218971612432,1676.0,2037.0,1675.950497414085,2036.5747568194067,381.4692731730448,0.4281147844367798
R_xml,511,543177.9932393432,3362762.741777545,9.653218971612432,4567.0,2062.0,4568.89016077382,2062.044685089056,382.4544742600845,1.8906888977489633
R_xml,292,543177.9932393432,3362762.741777545,9.653218971612432,3455.0,2130.0,3454.7060897769093,2130.504385623484,508.38747083729777,0.5837705683009377
R_xml,296,543177.9932393432,3362762.741777545,9.653218971612432,3735.0,1738.0,3734.8073532166263,1738.1396058367634,381.57388659325864,0.2379129521539993
R_xml,407,543304.9302527091,3362472.0636772634,13.464446198437372,1344.0,3648.0,1345.3411538810599,3646.0803640455506,360.7665306313359,2.3417292606740125
R_xml,289,543304.9302527091,3362472.0636772634,13.464446198437372,716.0,267.0,717.4145865980599,265.83701465417494,359.6853016892108,1.8312810155775219
R_xml,520,543304.9302527091,3362472.0636772634,13.464446198437372,4530.0,1048.0,4532.503912206104,1046.9828552638126,427.48663151898415,2.702620903906472
R_xml,29,542027.0346822666,3363050.6794184097,25.343013263536648,4807.0,258.0,4809.483130374842,255.2245212575383,348.68429873747414,3.7241399958006087
R_xml,83,542027.0346822666,3363050.6794184097,25.343013263536648,165.0,2435.0,167.87012889431026,2433.435953985831,449.11918400864494,3.268620474205056
R_xml,80,542027.0346822666,3363050.6794184097,25.343013263536648,389.0,2029.0,390.91739419278247,2028.26734563272,500.0976633062979,2.0526039346182725
R_xml,393,543132.0828302038,3364243.4634272642,23.228103093910647,325.0,3693.0,328.3825070353728,3690.3520335829717,1075.4569648289048,4.295704830415634
R_xml,427,543132.0828302038,3364243.4634272642,23.228103093910647,4893.0,419.0,4895.865753934208,415.34448929212294,923.7948079764792,4.644922404823894
R_xml,816,543132.0828302038,3364243.4634272642,23.228103093910647,4525.0,3234.0,4526.194012265145,3234.5378477370477,839.5277413164242,1.3095592684425854
R_xml,818,543132.0828302038,3364243.4634272642,23.228103093910647,4404.0,3370.0,4404.2233021630955,3369.4863721070637,895.1008161129274,0.5600691639835684
R_xml,425,543132.0828302038,3364243.4634272642,23.228103093910647,4773.0,317.0,4776.266265434138,314.36595444376235,971.1128015774426,4.1960321589071095
R_xml,501,543132.0828302038,3364243.4634272642,23.228103093910647,707.0,3513.0,709.5524016993484,3511.3937057249786,944.4566495568247,3.0157811148693807
R_xml,824,543132.0828302038,3364243.4634272642,23.228103093910647,3951.0,3820.0,3951.6434330722195,3818.5626337913327,1162.8757308729707,1.5748103810441623
R_xml,498,543132.0828302038,3364243.4634272642,23.228103093910647,604.0,3394.0,606.6462499351821,3392.9043046551433,890.6505662518296,2.8641206343644425
R_xml,591,543133.3608996806,3364015.8225051,27.218773800266717,1055.0,3570.0,1057.0473633590018,3567.9192534348203,365.45754526846633,2.9191099657755313
R_xml,672,543133.3608996806,3364015.8225051,27.218773800266717,3170.0,2281.0,3169.7474359669445,2281.3426316071627,364.87681288039903,0.42565832426978767
R_xml,587,543133.3608996806,3364015.8225051,27.218773800266717,1019.0,2233.0,1020.2629893183775,2232.685418989744,363.1428923177962,1.3015772087546233
R_xml,585,543133.3608996806,3364015.8225051,27.218773800266717,1041.0,1538.0,1042.4548127276162,1536.840427360995,362.7176514937949,1.8604001659759222
R_xml,59,542525.4067383388,3362681.6105934116,11.998424282866836,2323.0,874.0,2322.6088829515966,874.3679586767441,740.0589241075331,0.5369973308528713
R_xml,171,542525.4067383388,3362681.6105934116,11.998424282866836,3580.0,2175.0,3581.1851308714295,2175.3306819501327,578.9097998833048,1.2304006398562621
R_xml,960,542525.4067383388,3362681.6105934116,11.998424282866836,1197.0,1612.0,1197.3961539456816,1611.8489740117811,496.37839325366326,0.4239655620408053
R_xml,57,542525.4067383388,3362681.6105934116,11.998424282866836,2233.0,2715.0,2233.1596811851723,2714.673413348087,678.2775467387728,0.3635339352879001
R_xml,56,542525.4067383388,3362681.6105934116,11.998424282866836,2254.0,2449.0,2253.5040397126327,2449.437915256415,623.8346238090312,0.6616240461520826
R_xml,60,542525.4067383388,3362681.6105934116,11.998424282866836,2257.0,1044.0,2257.1884088939382,1044.0400024431287,690.6832046244178,0.19260868820303975
R_xml,61,542525.4067383388,3362681.6105934116,11.998424282866836,2202.0,1293.0,2201.7324668587025,1292.6675943154307,636.2985412486473,0.4266937084448879
R_xml,147,542525.4067383388,3362681.6105934116,11.998424282866836,4048.0,2117.0,4048.159707811296,2116.6935858765783,511.1469556389704,0.34553755225914956
R_xml,654,543301.123522392,3363237.7887735483,16.38171641613195,1068.0,1107.0,1069.0659531307492,1107.0959213557367,432.0449256081826,1.0702602409883435
R_xml,650,543301.123522392,3363237.7887735483,16.38171641613195,890.0,3269.0,891.4369926661714,3267.8740822602763,376.38333792777576,1.8255516095840323
R_xml,503,543301.123522392,3363237.7887735483,16.38171641613195,1295.0,2674.0,1296.5922900946196,2674.3089478273982,375.29530766764003,1.6219853592057023
R_xml,552,543301.123522392,3363237.7887735483,16.38171641613195,2846.0,1190.0,2845.9558220619397,1189.7576362297868,442.43583918798817,0.24635723517526278
R_xml,541,543301.123522392,3363237.7887735483,16.38171641613195,2953.0,1888.0,2953.241577451525,1888.5697689872347,374.93864492015484,0.61886700017024
R_xml,617,543301.123522392,3363237.7887735483,16.38171641613195,3344.0,2818.0,3344.5283967139876,2818.4400169841083,376.74069711699644,0.6876176507745122
R_xml,502,543301.123522392,3363237.7887735483,16.38171641613195,1296.0,2616.0,1297.7716525409865,2616.1497549911446,375.24069407890266,1.777970551881126
R_xml,935,543301.123522392,3363237.7887735483,16.38171641613195,1919.0,2874.0,1919.5238828840215,2874.2948721430366,421.9530742216104,0.6011679107451855
R_xml,925,543301.123522392,3363237.7887735483,16.38171641613195,4159.0,1192.0,4160.187369531844,1191.2394281256666,443.692807440153,1.4100765869900833
R_xml,555,543301.123522392,3363237.7887735483,16.38171641613195,2806.0,1664.0,2806.703796381162,1663.5977802622835,496.7286846682784,0.8106232562329356
R_xml,603,543301.123522392,3363237.7887735483,16.38171641613195,3318.0,2494.0,3317.955630939907,2494.1595439129396,460.11607604410665,0.16559853154422358
R_xml,646,543301.123522392,3363237.7887735483,16.38171641613195,884.0,1971.0,886.0428267142177,1969.9578588435045,374.6273012602428,2.2932943933091345
R_xml,986,543301.123522392,3363237.7887735483,16.38171641613195,2477.0,2969.0,2477.5622086359053,2968.8994283800384,415.2538806934776,0.5711332603064103
R_xml,611,543301.123522392,3363237.7887735483,16.38171641613195,3396.0,1321.0,3397.2007982169107,1321.2875627781414,374.6380227110085,1.2347504643077851
R_xml,644,543301.123522392,3363237.7887735483,16.38171641613195,895.0,1298.0,896.2385498695539,1296.6457857159953,373.49655980085004,1.8351844883755934
R_xml,614,543301.123522392,3363237.7887735483,16.38171641613195,3375.0,2066.0,3375.125883141978,2066.823114760401,375.67444286541553,0.8326850990766941
R_xml,934,543301.123522392,3363237.7887735483,16.38171641613195,2006.0,2331.0,2005.6001605813894,2331.3249603665377,476.94204820569655,0.5152385859920737
R_xml,648,543301.123522392,3363237.7887735483,16.38171641613195,873.0,2633.0,874.5153797737546,2632.0927649889613,375.0956488887747,1.7661968248071556
R_xml,536,543301.123522392,3363237.7887735483,16.38171641613195,2971.0,3566.0,2971.6896954704002,3564.25841414311,366.69909230149574,1.873179419812893
R_xml,423,543301.123522392,3363237.7887735483,16.38171641613195,4961.0,3601.0,4961.795453899847,3599.8033481744724,357.91363163369937,1.4369142278929035
R_xml,608,543301.123522392,3363237.7887735483,16.38171641613195,3408.0,580.0,3408.2497289034513,579.2690516812906,373.57929611156595,0.7724312071913186
R_xml,936,543301.123522392,3363237.7887735483,16.38171641613195,1812.0,3548.0,1814.0914511939495,3546.5846069279323,367.13771347177766,2.5253723775178294
R_xml,609,543301.123522392,3363237.7887735483,16.38171641613195,3441.0,3726.0,3441.495000483069,3725.836891662051,354.7762276172387,0.5211811663393967
R_xml,421,543301.123522392,3363237.7887735483,16.38171641613195,4758.0,3009.0,4759.6179861486635,3009.4438726242474,406.15586915639494,1.6777669933048427
R_xml,620,543301.123522392,3363237.7887735483,16.38171641613195,3346.0,183.0,3346.4942865659414,181.46163539719691,357.56079557474334,1.615823276360259
R_xml,506,543301.123522392,3363237.7887735483,16.38171641613195,1280.0,486.0,1279.968782811932,485.36356789267484,376.29431026909464,0.6371972536548016
R_xml,505,543301.123522392,3363237.7887735483,16.38171641613195,1281.0,3341.0,1281.8769672575504,3340.039438735378,375.36532602737,1.3006727159080043
R_xml,643,543301.123522392,3363237.7887735483,16.38171641613195,864.0,3712.0,867.1325226664756,3709.798769778966,352.32694947678954,3.828591482774993
R_xml,7,541835.9094329283,3363500.8687553788,26.824551715025905,4305.0,1993.0,4305.975552863232,1992.4863073549468,365.4872439862909,1.1025350436799461
R_xml,9,541835.9094329283,3363500.8687553788,26.824551715025905,4292.0,2678.0,4293.126015620684,2677.3118917122542,365.8766701777285,1.3196227467302242
R_xml,694,541835.9094329283,3363500.8687553788,26.824551715025905,2742.0,560.0,2742.950684834351,559.5815200938844,375.365577772227,1.038714150325849
R_xml,156,542855.5012678859,3362593.2242122823,12.101664064060458,2327.0,1980.0,2326.179350629818,1980.5698910076483,526.9533719388513,0.9991201876542334
R_xml,200,542855.5012678859,3362593.2242122823,12.101664064060458,2358.0,2548.0,2358.6237083557467,2548.752083350985,650.7508708844599,0.9770575622022938
R_xml,164,542855.5012678859,3362593.2242122823,12.101664064060458,2053.0,974.0,2053.125489551553,973.8056948858265,377.95084068945687,0.23130522031068573
R_xml,172,542855.5012678859,3362593.2242122823,12.101664064060458,1935.0,1237.0,1935.3959208064466,1237.4180539236427,450.3586571036418,0.5757797912834121
R_xml,277,542855.5012678859,3362593.2242122823,12.101664064060458,4078.0,752.0,4079.4520442418616,750.9970864988798,379.4165173221261,1.764728866158385
R_xml,288,542855.5012678859,3362593.2242122823,12.101664064060458,3443.0,2027.0,3442.529778608137,2026.6297554155772,554.9317342725019,0.5984891057154795
R_xml,81,542855.5012678859,3362593.2242122823,12.101664064060458,3564.0,2384.0,3565.160474398053,2384.1922347389286,617.6236224142995,1.1762886649913604
R_xml,177,542855.5012678859,3362593.2242122823,12.101664064060458,2318.0,2242.0,2317.6406370507902,2242.5548636500366,491.11701519655753,0.6610714026462616
R_xml,265,542855.5012678859,3362593.2242122823,12.101664064060458,3654.0,1506.0,3653.713805630248,1506.3306015183098,606.1659860739531,0.4372694606150234
R_xml,1049,542855.5012678859,3362593.2242122823,12.101664064060458,3442.0,1790.0,3441.93622978835,1790.9704012013212,518.6484852799937,0.9724942834894185
R_xml,197,542855.5012678859,3362593.2242122823,12.101664064060458,2340.0,2271.0,2340.200853597921,2270.9785140307017,596.704045651814,0.20199954127318226
R_xml,289,542855.5012678859,3362593.2242122823,12.101664064060458,3332.0,2348.0,3331.535738941442,2347.8194875312206,610.9288729460687,0.49811954577001927
R_xml,1087,542855.5012678859,3362593.2242122823,12.101664064060458,2492.0,657.0,2492.682053580568,657.2838920182389,398.8261028237758,0.7387772091677481
R_xml,293,542855.5012678859,3362593.2242122823,12.101664064060458,672.0,2494.0,674.2992158410648,2494.0576597153186,459.0150721006989,2.2999387223519316
R_xml,268,542855.5012678859,3362593.2242122823,12.101664064060458,3739.0,1830.0,3739.163133144551,1830.0937211424161,552.7650514953723,0.1881384473915105
R_xml,271,542855.5012678859,3362593.2242122823,12.101664064060458,3829.0,2224.0,3828.8866199729073,2224.194341048421,498.7499927613516,0.2249966080741987
R_xml,176,542855.5012678859,3362593.2242122823,12.101664064060458,2384.0,1825.0,2384.794348813795,1825.3547478989985,546.4117058084051,0.8699632807315194
R_xml,287,542855.5012678859,3362593.2242122823,12.101664064060458,3574.0,1633.0,3574.1236817821973,1633.0461800803832,498.7659111554898,0.13202190375731174
R_xml,175,542855.5012678859,3362593.2242122823,12.101664064060458,2422.0,1540.0,2422.8735332840424,1539.636737486706,595.040900586378,0.946054994117514
R_xml,292,542855.5012678859,3362593.2242122823,12.101664064060458,855.0,2034.0,856.9221848570098,2034.1622835328121,512.5841494828406,1.929023216433608
R_xml,315,542855.5012678859,3362593.2242122823,12.101664064060458,1075.0,2392.0,1076.8595601449608,2392.161924874385,617.8563982347673,1.8665967956876293
R_xml,660,543734.6125549866,3363363.8156560482,22.84864668469453,4114.0,2461.0,4114.561727660063,2460.0801667437236,617.5738652444174,1.0777899532990158
R_xml,850,543734.6125549866,3363363.8156560482,22.84864668469453,5000.0,794.0,5003.394068110234,792.0043926022299,762.9622160154859,3.9372766251486637
R_xml,600,543734.6125549866,3363363.8156560482,22.84864668469453,520.0,1497.0,521.4102349856353,1496.4490505725264,588.4225219887591,1.5140369831490892
R_xml,663,543734.6125549866,3363363.8156560482,22.84864668469453,3995.0,2694.0,3995.563569887515,2693.6409904236493,668.6839635853038,0.6682057273213096
R_xml,657,543734.6125549866,3363363.8156560482,22.84864668469453,4252.0,2171.0,4252.247889442581,2170.4873832954504,564.1046524568014,0.5694076409098645
R_xml,912,543734.6125549866,3363363.8156560482,22.84864668469453,3876.0,455.0,3877.8001985727515,453.65168595163254,878.1859990339062,2.24914776623535
R_xml,665,543734.6125549866,3363363.8156560482,22.84864668469453,3901.0,2878.0,3901.127545489668,2877.317690756873,716.645177241176,0.6941280538855947
R_xml,667,543734.6125549866,3363363.8156560482,22.84864668469453,3773.0,3052.0,3774.100617753893,3051.519195409706,768.5583062800179,1.2010547423961526
R_xml,562,543734.6125549866,3363363.8156560482,22.84864668469453,4936.0,2763.0,4938.173508747266,2763.0786331773347,695.3935427303468,2.174930677290728
R_xml,848,543734.6125549866,3363363.8156560482,22.84864668469453,4860.0,641.0,4862.074292315392,638.9535582823171,817.1348876481196,2.913865527708449
R_xml,477,543734.6125549866,3363363.8156560482,22.84864668469453,201.0,799.0,202.6404554084902,797.1634772703737,773.2047019114682,2.4625006971935375
R_xml,603,543734.6125549866,3363363.8156560482,22.84864668469453,316.0,1802.0,318.2497705154715,1800.9502954583072,535.5392231640438,2.4826089094207506
R_xml,654,543734.6125549866,3363363.8156560482,22.84864668469453,4420.0,1813.0,4420.913427932401,1811.614839877527,509.48861487867174,1.659222454217471
R_xml,982,543892.1299632781,3363368.3986409595,18.140716199730036,3270.0,346.0,3270.7920454640994,343.4805631666736,927.6002354144074,2.6410032136144883
R_xml,984,543892.1299632781,3363368.3986409595,18.140716199730036,3326.0,474.0,3327.079159947574,472.9403726333528,873.4907112387066,1.5124140797400916
R_xml,944,543892.1299632781,3363368.3986409595,18.140716199730036,1600.0,3432.0,1601.9985351910263,3431.6413057392238,919.1735710312578,2.0304690301712416
R_xml,1010,543892.1299632781,3363368.3986409595,18.140716199730036,2370.0,3376.0,2370.6405666111805,3374.7628428374724,871.0385956635746,1.3931559238479636
R_xml,942,543892.1299632781,3363368.3986409595,18.140716199730036,1529.0,3302.0,1530.934529375867,3300.655522372398,863.7563166501102,2.355848890997552
R_xml,651,543470.9320171567,3363795.1119284695,18.64731391828417,4649.0,2710.0,4651.100187354527,2709.4746793804547,433.37975483462947,2.1648899919941056
R_xml,653,543470.9320171567,3363795.1119284695,18.64731391828417,4847.0,3230.0,4848.750068020134,3229.880445853353,385.0528152114451,1.7541468778512734
R_xml,652,543470.9320171567,3363795.1119284695,18.64731391828417,4878.0,225.0,4881.556016308742,221.04677420933945,371.02234089401907,5.317259269584601
R_xml,773,542573.0739389746,3363701.415358969,25.426526367643987,1724.0,1673.0,1723.8467781720724,1673.0658581074804,552.3926999608012,0.16677595412521345
R_xml,705,542573.0739389746,3363701.415358969,25.426526367643987,3139.0,2087.0,3138.8068268975876,2086.5022185574417,494.4604633785231,0.5339496343767725
R_xml,242,542573.0739389746,3363701.415358969,25.426526367643987,1110.0,2002.0,1111.0064831085817,2001.4767283936221,364.82084314599734,1.1343815151445438
R_xml,706,542573.0739389746,3363701.415358969,25.426526367643987,3208.0,2575.0,3208.262156193511,2575.720678265211,439.7253955910811,0.7668787594814978
R_xml,225,542573.0739389746,3363701.415358969,25.426526367643987,4952.0,3479.0,4952.452396707269,3477.9210453943924,370.26053185584465,1.1699597521751628
R_xml,774,542573.0739389746,3363701.415358969,25.426526367643987,1609.0,2060.0,1609.6083724144505,2060.6668668363604,497.8695167598709,0.9026784433571743
R_xml,902,543390.0324372383,3363039.0066150897,12.838579554706314,4087.0,258.0,4089.911734626349,255.37414214303726,1002.3014496213501,3.920883576344938
R_xml,892,543390.0324372383,3363039.0066150897,12.838579554706314,827.0,3563.0,830.0104840638969,3560.704628089891,1018.9798059316901,3.785729322692753
R_xml,959,543390.0324372383,3363039.0066150897,12.838579554706314,1633.0,3734.0,1633.4753547786981,3732.8014407863984,1105.4958544267172,1.2893821598503727
R_xml,903,543390.0324372383,3363039.0066150897,12.838579554706314,4175.0,371.0,4176.510256732922,368.72652157825246,947.7576299279549,2.729391788199096
R_xml,895,543390.0324372383,3363039.0066150897,12.838579554706314,1053.0,3827.0,1054.9739355772695,3825.1252858933885,1183.3686494170956,2.7223105342223772
R_xml,894,543390.0324372383,3363039.0066150897,12.838579554706314,980.0,3743.0,982.8568269394659,3741.5577052883036,1128.6695353655332,3.200261582659383
R_xml,901,543390.0324372383,3363039.0066150897,12.838579554706314,4010.0,160.0,4012.7181624632494,157.49376112657524,1057.0347505802963,3.6972476881166108
R_xml,904,543390.0324372383,3363039.0066150897,12.838579554706314,4275.0,497.0,4277.2364556322555,495.111896193896,892.878807153676,2.9268873872548746
R_xml,1026,543390.0324372383,3363039.0066150897,12.838579554706314,2223.0,3690.0,2223.9284300900526,3688.9020682654973,1056.7906625930038,1.437858312123724
R_xml,93,542589.3615438432,3363006.2097580447,20.499663285230042,3608.0,1536.0,3609.0718403095693,1536.7119464808275,477.94610087754074,1.2867437354734925
R_xml,30,542589.3615438432,3363006.2097580447,20.499663285230042,361.0,551.0,361.882613875945,550.328730118897,369.3517301702111,1.1088780398613105
R_xml,132,542589.3615438432,3363006.2097580447,20.499663285230042,2575.0,1444.0,2575.8455426953456,1443.838965241785,600.5421007955848,0.8607407524949638
R_xml,261,542589.3615438432,3363006.2097580447,20.499663285230042,4367.0,1205.0,4368.856645930156,1203.164707267531,371.74147485734284,2.610638527988925
R_xml,222,542589.3615438432,3363006.2097580447,20.499663285230042,2164.0,2880.0,2164.7388034113824,2879.1726495542275,721.5783725573241,1.109206581656529
R_xml,159,542589.3615438432,3363006.2097580447,20.499663285230042,2216.0,822.0,2216.6670337722817,821.8252763464602,403.2155656428372,0.6895378223640997
R_xml,220,542589.3615438432,3363006.2097580447,20.499663285230042,2152.0,2696.0,2152.3209113473486,2695.892208433236,671.7875655870965,0.33853081798037526
R_xml,218,542589.3615438432,3363006.2097580447,20.499663285230042,2122.0,2478.0,2121.5511002589556,2478.492448536692,621.7278630631678,0.6663456601492525
R_xml,259,542589.3615438432,3363006.2097580447,20.499663285230042,4425.0,3570.0,4425.099794037363,3569.633663118614,360.5482053016139,0.37968613426973924
R_xml,1023,542589.3615438432,3363006.2097580447,20.499663285230042,5008.0,615.0,5011.586585317581,612.3265315354008,381.53254935697794,4.4733687386011445
R_xml,163,542297.2890716658,3363431.2333890307,24.29910232230293,2470.0,3379.0,2469.4399241895417,3377.456619103613,867.4518605916576,1.6418615973319153
R_xml,169,542297.2890716658,3363431.2333890307,24.29910232230293,2422.0,3678.0,2421.4324919683827,3676.3407107202142,1014.8941255240302,1.7536551200170671
R_xml,83,542297.2890716658,3363431.2333890307,24.29910232230293,3370.0,1541.0,3370.323772384487,1539.7261919354876,577.7559383720401,1.3143118131452498
R_xml,423,542297.2890716658,3363431.2333890307,24.29910232230293,377.0,631.0,378.431513646291,629.7416275270755,817.0757845681001,1.9059728749726723
R_xml,46,542297.2890716658,3363431.2333890307,24.29910232230293,1560.0,3205.0,1561.5515747851946,3204.322760071173,805.0115923727769,1.6929377529162914
R_xml,879,542297.2890716658,3363431.2333890307,24.29910232230293,5075.0,1818.0,5076.303787918576,1817.1633983697493,533.4640872184624,1.549117563118576
R_xml,48,542297.2890716658,3363431.2333890307,24.29910232230293,1607.0,3331.0,1607.1757470909758,3329.384495564785,853.9061392458301,1.6250358827378362
R_xml,421,542297.2890716658,3363431.2333890307,24.29910232230293,485.0,514.0,486.2000203587827,513.8223629353474,864.0825202398934,1.2130967761194196
R_xml,165,542297.2890716658,3363431.2333890307,24.29910232230293,2451.0,3493.0,2450.492441171407,3492.091773761362,916.2178503846924,1.0404282123399722
R_xml,297,542297.2890716658,3363431.2333890307,24.29910232230293,1507.0,201.0,1506.7759050968361,200.00979738019714,977.2901058004675,1.0152436918732677
R_xml,750,542297.2890716658,3363431.2333890307,24.29910232230293,2232.0,2477.0,2232.4385672608596,2477.385204642808,450.444975248335,0.5837155635569374
R_xml,397,542297.2890716658,3363431.2333890307,24.29910232230293,4058.0,3579.0,4059.2031230791326,3577.5800470212907,997.0857674198327,1.8611210614269305
R_xml,50,542297.2890716658,3363431.2333890307,24.29910232230293,1639.0,3446.0,1639.3907693441843,3443.8109611435243,903.0717612378486,2.2236438103964846
R_xml,278,542297.2890716658,3363431.2333890307,24.29910232230293,3348.0,3439.0,3347.4367741815704,3439.136203214396,898.8727728087398,0.5794606441834756
R_xml,280,542297.2890716658,3363431.2333890307,24.29910232230293,3289.0,3550.0,3288.451716133607,3549.652980989912,947.8079109617605,0.648873941154351
R_xml,183,542922.7714092155,3362484.800098316,15.822048706265946,2279.0,3790.0,2279.0735969787597,3789.4167162222484,378.414048961546,0.5879085648897634
R_xml,281,542922.7714092155,3362484.800098316,15.822048706265946,4048.0,842.0,4049.2205183729247,841.0698582309469,375.59208383643266,1.5345451473267435
R_xml,283,542922.7714092155,3362484.800098316,15.822048706265946,4027.0,1504.0,4027.6239035786693,1503.5778236990916,375.98395362303853,0.7533183288126709
R_xml,279,542922.7714092155,3362484.800098316,15.822048706265946,4059.0,209.0,4060.919090661354,206.46384770075474,375.12089844393375,3.180405233844101
R_xml,1076,542922.7714092155,3362484.800098316,15.822048706265946,1696.0,2074.0,1695.726081604144,2073.6629761559343,509.2208147767043,0.43429984924840026
R_xml,298,542922.7714092155,3362484.800098316,15.822048706265946,358.0,3414.0,362.38939833298764,3411.3114135263722,377.33720106609957,5.147359998271818
R_xml,1045,542922.7714092155,3362484.800098316,15.822048706265946,4736.0,803.0,4739.171284532626,801.0115717744843,403.565175743278,3.7431126612617076
R_xml,1047,542922.7714092155,3362484.800098316,15.822048706265946,4517.0,1345.0,4518.831530031959,1344.0988281028142,458.9703602005407,2.041228318009926
R_xml,287,542922.7714092155,3362484.800098316,15.822048706265946,3789.0,784.0,3789.6556632985225,783.6472639775677,404.975102300256,0.7445247225920745
R_xml,286,542922.7714092155,3362484.800098316,15.822048706265946,3989.0,78.0,3991.270938671442,75.5026515435095,349.0482584174551,3.3754868926697927
R_xml,296,542922.7714092155,3362484.800098316,15.822048706265946,330.0,2794.0,333.6368863710286,2792.3570100766347,376.7350290609293,3.9907841790873158
R_xml,1078,542922.7714092155,3362484.800098316,15.822048706265946,1569.0,2534.0,1569.1821328656968,2533.2760437842453,455.2922185801966,0.7465152262993534
R_xml,1033,542904.2098550578,3362299.4691826073,13.680249379049314,4936.0,1484.0,4939.345449446072,1483.0468196752263,617.6165354384456,3.4785894738758008
R_xml,1090,542904.2098550578,3362299.4691826073,13.680249379049314,445.0,1608.0,445.87536710870654,1607.0526851569266,488.10072137454085,1.289834480432443
R_xml,1034,542904.2098550578,3362299.4691826073,13.680249379049314,5121.0,1774.0,5123.784777736616,1772.9732219698162,563.4292138488098,2.968039785046705
R_xml,1091,542904.2098550578,3362299.4691826073,13.680249379049314,644.0,2002.0,645.9469440972762,2001.4548058259581,544.4610818631029,2.021837779182027
R_xml,1031,542904.2098550578,3362299.4691826073,13.680249379049314,4644.0,1006.0,4646.760511630526,1004.5043999372205,719.5620797311568,3.139624819951323
R_xml,1032,542904.2098550578,3362299.4691826073,13.680249379049314,4758.0,1213.0,4760.710924355832,1211.1979625456158,672.9862412900018,3.2552188636164385
R_xml,1089,542904.2098550578,3362299.4691826073,13.680249379049314,216.0,1128.0,218.34936506993063,1127.8262304172458,431.8173922622556,2.355782693649968
R_xml,120,542361.4359633859,3363773.4039907535,23.236378333678886,923.0,2719.0,924.7135110234562,2718.5511378990623,426.740384765695,1.7713263993867183
R_xml,231,542361.4359633859,3363773.4039907535,23.236378333678886,3255.0,1917.0,3256.0562226034035,1917.2829176875475,524.3321675252995,1.0934571806283644
R_xml,121,542361.4359633859,3363773.4039907535,23.236378333678886,665.0,3337.0,668.2883224620086,3335.5461335675873,371.5093803038714,3.59538484969927
R_xml,113,542361.4359633859,3363773.4039907535,23.236378333678886,5063.0,1086.0,5066.320337665052,1083.1075649491352,425.8299995069388,4.403501190352136
R_xml,118,542361.4359633859,3363773.4039907535,23.236378333678886,1311.0,1817.0,1312.1179212562863,1816.8260914178152,536.5523953752484,1.1313673719063553
R_xml,229,542361.4359633859,3363773.4039907535,23.236378333678886,3479.0,942.0,3478.7243074188555,941.804130458492,412.5305124431265,0.33818822656726344
R_xml,688,542361.4359633859,3363773.4039907535,23.236378333678886,2582.0,1483.0,2583.1348479992275,1483.017856168548,465.9845909224485,1.134988468710561
R_xml,233,542361.4359633859,3363773.4039907535,23.236378333678886,2730.0,1999.0,2730.1842255019315,1998.6192644989876,509.46953829319125,0.42296401418212265
R_xml,234,542361.4359633859,3363773.4039907535,23.236378333678886,2719.0,2467.0,2719.0518017164286,2466.624351190518,454.9737332486235,0.379203699731525
R_xml,235,542361.4359633859,3363773.4039907535,23.236378333678886,2695.0,3051.0,2694.7839171487963,3050.7574557542175,400.2114908062655,0.3248376667606911
R_xml,2,542055.9033157538,3363661.864211118,22.96558058123992,1889.0,1968.0,1889.5284447740773,1966.835409703232,512.8728196614836,1.2788762405236063
R_xml,117,542055.9033157538,3363661.864211118,22.96558058123992,3485.0,1801.0,3485.2681889976466,1800.6866898626104,540.1827057262537,0.41241796838860806
R_xml,694,542055.9033157538,3363661.864211118,22.96558058123992,2890.0,2237.0,2889.65212872586,2237.58092873794,572.6468416727248,0.677120832596723
R_xml,230,542055.9033157538,3363661.864211118,22.96558058123992,708.0,1057.0,709.5440289073185,1055.5387748040898,418.4141965494963,2.1258420307722754
R_xml,231,542055.9033157538,3363661.864211118,22.96558058123992,873.0,1558.0,873.9867610760036,1557.4282896591078,473.5503698564287,1.1404166497376802
R_xml,693,542055.9033157538,3363661.864211118,22.96558058123992,2940.0,1877.0,2939.806281305933,1876.7936839148879,516.4635371915615,0.2830075253538826
R_xml,786,543376.5957398337,3363758.3388518146,22.746701386141694,3851.0,1289.0,3852.2701986934676,1288.1080837353943,627.3092239780897,1.5520693747236163
R_xml,782,543376.5957398337,3363758.3388518146,22.746701386141694,3684.0,851.0,3685.663047219864,850.653205072887,734.9952843191604,1.6988209961525234
R_xml,649,543376.5957398337,3363758.3388518146,22.746701386141694,3740.0,2160.0,3739.9972266454424,2159.5055313150315,489.1284096755826,0.49447646244285837
R_xml,662,543376.5957398337,3363758.3388518146,22.746701386141694,4026.0,2261.0,4027.1933965307107,2261.554319577633,369.0288210549945,1.315851615365426
R_xml,596,543376.5957398337,3363758.3388518146,22.746701386141694,284.0,1598.0,285.43366738767827,1597.7035553742453,366.90953991375653,1.4639950801252986
R_xml,651,543376.5957398337,3363758.3388518146,22.746701386141694,3835.0,2590.0,3834.796130168216,2590.3393477435325,441.3312007123695,0.3958785159011858
R_xml,536,543376.5957398337,3363758.3388518146,22.746701386141694,4643.0,1214.0,4645.313761752258,1212.6120390139265,649.1705134498718,2.6981343823230777
R_xml,862,543376.5957398337,3363758.3388518146,22.746701386141694,2437.0,516.0,2437.9016193915445,514.0278329073074,375.82362415844494,2.1684926951015604
R_xml,776,543208.228930001,3363387.6523638326,16.9395146229308,5000.0,1193.0,5003.186142145254,1190.9795635832334,668.5915793674849,3.772752984752769
R_xml,590,543208.228930001,3363387.6523638326,16.9395146229308,3231.0,1517.0,3230.511378982234,1517.6239342928889,593.0615308401531,0.7924925872495218
R_xml,479,543208.228930001,3363387.6523638326,16.9395146229308,1845.0,1996.0,1845.8008430197424,1995.864228299419,521.4652546545561,0.812270581117381
R_xml,564,543208.228930001,3363387.6523638326,16.9395146229308,2728.0,1966.0,2728.178591180057,1965.5094373668442,538.8217770669495,0.5220598688301613
R_xml,1001,543208.228930001,3363387.6523638326,16.9395146229308,4717.0,1958.0,4717.71573846745,1957.5410886638754,526.0094079177427,0.8502241870304347
R_xml,477,543208.228930001,3363387.6523638326,16.9395146229308,1925.0,1675.0,1925.8404383877346,1674.4663871056187,569.838379458053,0.9955297105701888
R_xml,566,543208.228930001,3363387.6523638326,16.9395146229308,2685.0,2270.0,2685.692438942807,2269.2841322175755,588.5322767931845,0.9959610290713332
R_xml,543,543532.1601222503,3363051.7825282533,14.486818114929576,3689.0,1505.0,3689.436937085878,1505.7919435037702,478.35260915132204,0.9044824653797551
R_xml,540,543532.1601222503,3363051.7825282533,14.486818114929576,3813.0,1000.0,3813.4127752600034,998.4226456108885,424.4388504686951,1.6304693447348988
R_xml,538,543532.1601222503,3363051.7825282533,14.486818114929576,3931.0,3786.0,3932.141862046013,3785.589864997313,378.86744025191035,1.213284654380185
R_xml,609,543532.1601222503,3363051.7825282533,14.486818114929576,2494.0,1788.0,2493.010422524781,1787.98884189187,549.8138084784925,0.9896403805614646
R_xml,642,543532.1601222503,3363051.7825282533,14.486818114929576,1936.0,3307.0,1936.4790383358695,3305.2530344874094,378.6164502222565,1.8114541753556714
R_xml,1001,543532.1601222503,3363051.7825282533,14.486818114929576,1430.0,2657.0,1431.5333233750819,2656.2262023971543,445.58046268388904,1.7175107867906183
R_xml,619,543532.1601222503,3363051.7825282533,14.486818114929576,2351.0,365.0,2351.648560823316,364.46115176450917,374.3398523215731,0.8432013771525801
R_xml,537,543532.1601222503,3363051.7825282533,14.486818114929576,3937.0,3725.0,3937.948301666297,3724.1618029039014,378.9046619409599,1.2656422963104426
R_xml,621,543532.1601222503,3363051.7825282533,14.486818114929576,2321.0,1035.0,2320.4905250619204,1034.531345590594,375.4302758176766,0.692243936764355
R_xml,535,543532.1601222503,3363051.7825282533,14.486818114929576,3963.0,3095.0,3963.1082149745916,3094.0460200815423,378.5238293478013,0.9600979978868609
R_xml,507,543532.1601222503,3363051.7825282533,14.486818114929576,357.0,1326.0,358.91201847674347,1325.3319870563262,375.9048010091982,2.025353289755689
R_xml,1002,543532.1601222503,3363051.7825282533,14.486818114929576,1260.0,3249.0,1260.7329914602362,3247.1016933981614,390.3316398817627,2.0349064930269667
R_xml,994,543532.1601222503,3363051.7825282533,14.486818114929576,4685.0,1148.0,4687.686721169597,1147.7135971035582,437.29910628376564,2.7019432381624404
R_xml,618,543532.1601222503,3363051.7825282533,14.486818114929576,2366.0,3272.0,2366.3909026517363,3270.8819580192803,389.93876689235236,1.1844081871491918
R_xml,637,543532.1601222503,3363051.7825282533,14.486818114929576,2056.0,2636.0,2056.3425395081463,2635.6078951920654,445.10026500606017,0.5206529506749613
R_xml,617,543532.1601222503,3363051.7825282533,14.486818114929576,2363.0,112.0,2363.2382951008567,111.43201543187456,373.9420596838216,0.6159472580675622
R_xml,1058,543532.1601222503,3363051.7825282533,14.486818114929576,3033.0,289.0,3033.7038843759433,287.11388693783397,366.27994856689475,2.0131755258720987
R_xml,216,542859.4617496472,3363302.719611244,19.165134377613015,4834.0,1654.0,4835.834245176731,1652.264767268543,491.5614076083102,2.5249728712763346
R_xml,369,542859.4617496472,3363302.719611244,19.165134377613015,2729.0,3558.0,2729.452769831548,3556.9636687812576,364.7448061154239,1.1309212683913334
R_xml,253,542859.4617496472,3363302.719611244,19.165134377613015,829.0,3184.0,832.0209811607101,3182.590109498173,390.02013300169807,3.3337843962240266
R_xml,479,542859.4617496472,3363302.719611244,19.165134377613015,4505.0,2641.0,4505.802408566997,2640.550796282352,442.08455284653036,0.9195887604458887
R_xml,261,542859.4617496472,3363302.719611244,19.165134377613015,627.0,2275.0,627.9515467739845,2274.5189680866497,370.9790998105765,1.0662236935755343
R_xml,243,542859.4617496472,3363302.719611244,19.165134377613015,1467.0,1488.0,1467.9441785328477,1488.555471685052,590.8504128100344,1.095455108521061
R_xml,255,542859.4617496472,3363302.719611244,19.165134377613015,711.0,813.0,712.6298368610164,811.8283933047553,370.4165918463562,2.007244489809368
R_xml,385,542859.4617496472,3363302.719611244,19.165134377613015,2643.0,1183.0,2642.8939522225837,1182.4691547937755,439.65438162281794,0.5413342443135088
R_xml,247,542859.4617496472,3363302.719611244,19.165134377613015,1218.0,2133.0,1219.5772696631032,2133.0441299639665,495.56684808239726,1.577886891974585
R_xml,443,542859.4617496472,3363302.719611244,19.165134377613015,1462.0,125.0,1462.0941827005283,123.64415251777746,348.89564094266063,1.3591147030799204
R_xml,433,542859.4617496472,3363302.719611244,19.165134377613015,1504.0,3785.0,1505.1253793554897,3782.877513451921,346.82230368545004,2.402379620405304
R_xml,882,542859.4617496472,3363302.719611244,19.165134377613015,2385.0,110.0,2385.3665488518136,107.49684199371518,349.44049339233425,2.5298533683187387
R_xml,484,542859.4617496472,3363302.719611244,19.165134377613015,4766.0,843.0,4768.092693553763,840.9281864733136,371.19063917158934,2.9447882095866644
R_xml,919,542859.4617496472,3363302.719611244,19.165134377613015,1818.0,410.0,1818.6407694892825,408.6923676844899,370.5012954410681,1.456189483192932
R_xml,427,542859.4617496472,3363302.719611244,19.165134377613015,1758.0,2542.0,1757.6308515347055,2541.4568412142235,451.4710748842297,0.6567282969353097
R_xml,908,542859.4617496472,3363302.719611244,19.165134377613015,1966.0,2726.0,1966.1653535175333,2725.5351348371737,433.17623279109335,0.4933978165437598
R_xml,314,542859.4617496472,3363302.719611244,19.165134377613015,3680.0,3674.0,3680.156191690585,3673.722224921469,355.18770549578375,0.31867669896076956
R_xml,910,542859.4617496472,3363302.719611244,19.165134377613015,1865.0,3342.0,1866.7865125720627,3340.863924826581,379.50374798744247,2.117142878928492
R_xml,853,542859.4617496472,3363302.719611244,19.165134377613015,3860.0,463.0,3861.145859144312,461.3502805380324,375.1894732415035,2.0086232802091373
R_xml,875,542859.4617496472,3363302.719611244,19.165134377613015,2402.0,3773.0,2403.3280744907174,3771.78070319142,349.26930799332985,1.802905033635437
R_xml,874,542859.4617496472,3363302.719611244,19.165134377613015,2442.0,3042.0,2442.8496113225547,3041.7498753469117,404.1171266289429,0.8856645761774705
R_xml,241,542859.4617496472,3363302.719611244,19.165134377613015,1575.0,1247.0,1575.2659159057428,1247.346155157044,639.0304718159786,0.43650276250574255
R_xml,493,542859.4617496472,3363302.719611244,19.165134377613015,4665.0,3011.0,4666.8850326638185,3011.194389852258,373.9650482130573,1.895029170837111
R_xml,920,542859.4617496472,3363302.719611244,19.165134377613015,1885.0,881.0,1884.8161009613632,880.6111528225968,409.8403941141159,0.4301406558162306
R_xml,948,542859.4617496472,3363302.719611244,19.165134377613015,4415.0,339.0,4416.506234971214,337.0379512489674,363.4540693948242,2.473535746646429
R_xml,950,542859.4617496472,3363302.719611244,19.165134377613015,4229.0,977.0,4229.248972316345,975.8889689587527,416.985116729021,1.1385856089558863
R_xml,444,542859.4617496472,3363302.719611244,19.165134377613015,1517.0,3597.0,1518.6800200847806,3595.348794725706,374.09520344820527,2.355620161045309
R_xml,430,542859.4617496472,3363302.719611244,19.165134377613015,1658.0,3093.0,1658.6730575314054,3091.30754167941,399.5618623204363,1.8213790400452303
R_xml,322,542859.4617496472,3363302.719611244,19.165134377613015,3586.0,2775.0,3585.77648175676,2774.6288852055486,374.07459447494267,0.43322811049355225
R_xml,374,542859.4617496472,3363302.719611244,19.165134377613015,2676.0,1877.0,2675.6639564202665,1876.6711465935452,372.18512606359064,0.4701806572127666
R_xml,940,542859.4617496472,3363302.719611244,19.165134377613015,4376.0,3159.0,4377.635797932235,3158.671533801178,391.43418778987217,1.6684498550666185
R_xml,371,542859.4617496472,3363302.719611244,19.165134377613015,2708.0,1133.0,2708.222753732282,1132.2998695205738,371.4389395598025,0.7347121296583488
R_xml,380,542859.4617496472,3363302.719611244,19.165134377613015,2663.0,3366.0,2663.575019447471,3364.9990422352525,374.6208812624231,1.1543672776797989
R_xml,454,542859.4617496472,3363302.719611244,19.165134377613015,1803.0,2349.0,1804.0730139056732,2349.288191512702,594.966904440269,1.1110414887669
R_xml,264,542859.4617496472,3363302.719611244,19.165134377613015,626.0,2986.0,627.6270317269007,2984.7719249957468,371.85909587071234,2.0384799377018576
R_xml,473,542859.4617496472,3363302.719611244,19.165134377613015,4101.0,1566.0,4101.004249536751,1565.6666192334824,589.2416022610996,0.33340784940740614
R_xml,438,542859.4617496472,3363302.719611244,19.165134377613015,1540.0,2152.0,1541.070074024663,2152.004314535488,372.64417197033333,1.0700827227251584
R_xml,377,542859.4617496472,3363302.719611244,19.165134377613015,2665.0,2631.0,2664.557513246123,2631.7313295158983,373.38279886952273,0.8547732963661101
R_xml,854,542859.4617496472,3363302.719611244,19.165134377613015,3749.0,932.0,3749.389405381784,931.5134660079052,415.0898688774757,0.6231788481856511
R_xml,435,542859.4617496472,3363302.719611244,19.165134377613015,1542.0,1390.0,1542.1394383817064,1389.2154582733463,371.1694983928373,0.7968367355699325
R_xml,220,542859.4617496472,3363302.719611244,19.165134377613015,4450.0,2283.0,4450.676849906949,2282.26142967852,591.9598306774102,1.0018043303502413
R_xml,363,542859.4617496472,3363302.719611244,19.165134377613015,2755.0,2371.0,2754.0025489222508,2370.359507371344,470.2397558772741,1.1853857852470244
R_xml,266,542859.4617496472,3363302.719611244,19.165134377613015,568.0,319.0,570.135550737386,318.0121599175957,357.03619141710726,2.352956646509746
R_xml,884,542859.4617496472,3363302.719611244,19.165134377613015,2407.0,817.0,2407.491676318777,815.5099379231094,404.10002984393907,1.5690859107880784
R_xml,490,542859.4617496472,3363302.719611244,19.165134377613015,4719.0,2293.0,4720.595939438092,2292.9840372550993,373.13285158743844,1.5960192665757098
R_xml,313,542859.4617496472,3363302.719611244,19.165134377613015,3644.0,534.0,3645.321606688439,532.3872087925592,370.4750933408162,2.0851234298535855
R_xml,498,542859.4617496472,3363302.719611244,19.165134377613015,4391.0,1087.0,4393.502712802167,1086.3652734796713,427.3698086231004,2.5819467705080745
R_xml,441,542859.4617496472,3363302.719611244,19.165134377613015,1526.0,2886.0,1527.2748489295834,2884.8244136421,373.33360643141685,1.7341404436033434
R_xml,311,542859.4617496472,3363302.719611244,19.165134377613015,3579.0,2988.0,3579.0965924720185,2987.0253428967285,408.14454140201764,0.9794317610779543
R_xml,482,542859.4617496472,3363302.719611244,19.165134377613015,4696.0,3196.0,4696.2994707527,3196.069378309901,388.82422063120424,0.307402149646273
R_xml,332,542859.4617496472,3363302.719611244,19.165134377613015,3264.0,1675.0,3264.222135697705,1674.9995846386132,497.31095728280496,0.22213608603749382
R_xml,325,542859.4617496472,3363302.719611244,19.165134377613015,3544.0,3486.0,3544.287947575053,3486.53070758619,375.52499817893136,0.6037916428856753
R_xml,366,542859.4617496472,3363302.719611244,19.165134377613015,2742.0,2893.0,2741.87109198643,2891.5787888991217,417.9935554807852,1.4270452933324043
R_xml,258,542859.4617496472,3363302.719611244,19.165134377613015,660.0,1539.0,661.3056988777844,1537.9275970304868,370.7600918121895,1.6896442490856085
R_xml,319,542859.4617496472,3363302.719611244,19.165134377613015,3611.0,2028.0,3611.3208330340785,2027.947810759289,372.8867115169235,0.3250500770681698
R_xml,316,542859.4617496472,3363302.719611244,19.165134377613015,3632.0,1273.0,3633.157885217395,1272.4056368775791,371.70811882389904,1.3015243747065368
R_xml,432,542859.4617496472,3363302.719611244,19.165134377613015,1571.0,653.0,1571.5163888649367,652.2058574404064,370.42145979005977,0.9472696895755682
R_xml,382,542859.4617496472,3363302.719611244,19.165134377613015,2657.0,582.0,2657.0237904182973,581.7799691628777,385.434014237838,0.22131324697698657
R_xml,448,542859.4617496472,3363302.719611244,19.165134377613015,1632.0,1288.0,1632.8765738258226,1288.7318036187535,447.9090609702265,1.1418923804535532
R_xml,487,542859.4617496472,3363302.719611244,19.165134377613015,4754.0,1564.0,4756.7773544801075,1562.724714492077,372.13183727583663,3.056149707539156
R_xml,446,542859.4617496472,3363302.719611244,19.165134377613015,1568.0,829.0,1568.9117756488918,828.6113836418749,403.5793161663805,0.9911394996237426
R_xml,481,542859.4617496472,3363302.719611244,19.165134377613015,4713.0,154.0,4715.71103089006,151.40749227682068,371.81694699761255,3.7511044748986273
R_xml,808,542859.4617496472,3363302.719611244,19.165134377613015,657.0,2861.0,659.3077947580423,2860.271206249167,416.05304892507803,2.420135735139847
R_xml,1035,543166.3874150964,3362756.5174714453,10.649585751023267,3219.0,649.0,3218.915611233837,648.3936288921818,826.7167550827108,0.6122151453951247
R_xml,1022,543166.3874150964,3362756.5174714453,10.649585751023267,1141.0,2288.0,1142.3716830421613,2288.0854219334105,592.3551060092885,1.3743403053321464
R_xml,1020,543166.3874150964,3362756.5174714453,10.649585751023267,873.0,1567.0,873.7290426252216,1566.578070630278,486.16395964647865,0.8423345786704893
R_xml,969,543166.3874150964,3362756.5174714453,10.649585751023267,4380.0,1017.0,4382.311063243117,1015.3718545560141,711.4721252524349,2.8269897241516597
R_xml,970,543166.3874150964,3362756.5174714453,10.649585751023267,4526.0,1243.0,4528.270093021442,1241.4404677583111,656.25695139515,2.7541719515797025
R_xml,967,543166.3874150964,3362756.5174714453,10.649585751023267,4136.0,663.0,4136.706205848324,661.765394034448,823.404884960835,1.4223145187981328
R_xml,1021,543166.3874150964,3362756.5174714453,10.649585751023267,1009.0,1950.0,1009.7515606190489,1950.1557195139917,537.0501375359976,0.7675232446922478
R_xml,1023,543166.3874150964,3362756.5174714453,10.649585751023267,1249.0,2568.0,1250.6754113109155,2567.019048723109,647.6054755073109,1.9414603957788685
R_xml,1038,543166.3874150964,3362756.5174714453,10.649585751023267,3361.0,1239.0,3361.3918043426547,1238.7332351077098,660.9225550902271,0.47399804923829353
R_xml,1036,543166.3874150964,3362756.5174714453,10.649585751023267,3254.0,809.0,3255.454837544184,808.6690691419428,770.9705104041323,1.4920011772053279
R_xml,956,543166.3874150964,3362756.5174714453,10.649585751023267,352.0,2710.0,354.2438269795498,2708.81489813424,694.6602159350518,2.5375629935792845
R_xml,1091,543166.3874150964,3362756.5174714453,10.649585751023267,2470.0,3307.0,2470.7046507263426,3306.094734641165,876.1608699875228,1.1471870013393615
R_xml,1027,543166.3874150964,3362756.5174714453,10.649585751023267,1585.0,3297.0,1587.134748567425,3295.6260735830037,873.9216143259898,2.5386660366112492
R_xml,1037,543166.3874150964,3362756.5174714453,10.649585751023267,3312.0,1003.0,3311.967253372314,1002.7868471102265,715.876903341778,0.21565364834284495
R_xml,9,542081.2893648391,3363675.9632590986,20.036827783406068,1334.0,2969.0,1335.1090577372147,2968.1975515506465,371.30057887057245,1.3689165709953373
R_xml,691,542081.2893648391,3363675.9632590986,20.036827783406068,3012.0,1082.0,3012.4906238235917,1081.737582285989,427.31271810916496,0.5563944580084411
R_xml,690,542081.2893648391,3363675.9632590986,20.036827783406068,3090.0,430.0,3090.878915560569,427.9884808407569,371.55231342864926,2.195154183790427
R_xml,223,542081.2893648391,3363675.9632590986,20.036827783406068,889.0,576.0,890.4015837932359,576.0370794265293,367.95196594560747,1.402074182535731
R_xml,654,543676.4660409678,3363245.409262957,18.057789874890375,3556.0,2134.0,3557.2624781235613,2134.4434246185397,564.3283972894176,1.3380868450134196
R_xml,564,543676.4660409678,3363245.409262957,18.057789874890375,4193.0,3096.0,4193.889276061573,3096.360048410298,798.6584263031042,0.9593991721094911
R_xml,482,543676.4660409678,3363245.409262957,18.057789874890375,504.0,968.0,505.44255527124324,967.8802203342476,725.1490437054966,1.4475195608071767
R_xml,562,543676.4660409678,3363245.409262957,18.057789874890375,4289.0,2949.0,4288.859730162992,2948.929073334486,749.7259726560391,0.15718212066039883
R_xml,609,543676.4660409678,3363245.409262957,18.057789874890375,802.0,2231.0,803.0350680604856,2230.6487894052652,483.07193564041313,1.0930300872763878
R_xml,674,543676.4660409678,3363245.409262957,18.057789874890375,3057.0,3595.0,3056.374167627339,3593.6414036745155,1010.6097002719696,1.495810861803956
R_xml,2,541870.6744340338,3363542.148841051,27.08483696302278,3467.0,1864.0,3466.412586325255,1864.3671198507052,520.5469922086182,0.6926989317585877
R_xml,4,541870.6744340338,3363542.148841051,27.08483696302278,3682.0,2881.0,3681.4328184698543,2880.130341110176,410.98686239415804,1.0382684974459817
R_xml,113,541870.6744340338,3363542.148841051,27.08483696302278,316.0,422.0,317.08709343377905,421.69754762547655,355.9196007230472,1.1283836105777119
R_xml,5,541870.6744340338,3363542.148841051,27.08483696302278,3817.0,3574.0,3817.2351485703152,3573.2308286793373,355.8820461029327,0.8043129805314311
R_xml,114,541870.6744340338,3363542.148841051,27.08483696302278,504.0,1045.0,504.60834911710754,1043.868477949883,411.27827972104103,1.2846909348891409
R_xml,7,541870.6744340338,3363542.148841051,27.08483696302278,3816.0,2183.0,3816.3368109321773,2182.991532288537,365.0292922608288,0.336917358073979
R_xml,11,541870.6744340338,3363542.148841051,27.08483696302278,3770.0,3536.0,3770.190001515878,3535.1297120907157,366.28472989856033,0.8907870795439706
R_xml,7,541787.256508691,3363612.5000311984,27.530899699321765,4166.0,3188.0,4166.321660041283,3187.611550492925,365.3312170925515,0.5043393715598394
R_xml,694,541787.256508691,3363612.5000311984,27.530899699321765,3876.0,710.0,3878.060312579749,708.5290232401601,385.432348125715,2.531533241784589
R_xml,698,541787.256508691,3363612.5000311984,27.530899699321765,372.0,3336.0,375.4305611381701,3333.5819843641293,366.32838354806785,4.1970881975529295
R_xml,54,542308.8083032074,3362426.983785519,10.919001671065303,4760.0,1197.0,4762.20825921707,1195.1309662125018,447.0917044138541,2.8930427007883153
R_xml,60,542308.8083032074,3362426.983785519,10.919001671065303,402.0,1453.0,402.8484520784391,1452.580298206776,611.3633548579597,0.9465836067897434
R_xml,174,542308.8083032074,3362426.983785519,10.919001671065303,4977.0,2633.0,4979.290209075474,2632.186281768295,681.7892788406397,2.430472170174659
R_xml,349,542718.5493416867,3364039.2122851927,21.30960767343049,861.0,2472.0,862.0487520140907,2472.3578950167985,454.73673425981457,1.108137911141264
R_xml,346,542718.5493416867,3364039.2122851927,21.30960767343049,5126.0,1342.0,5128.710873126581,1340.5517400284527,450.6745358628899,3.0734817477258076
R_xml,347,542718.5493416867,3364039.2122851927,21.30960767343049,4871.0,1765.0,4872.055718288631,1764.0453186869686,505.6220276226143,1.4233613435815207
R_xml,579,542718.5493416867,3364039.2122851927,21.30960767343049,4203.0,2489.0,4204.019350952446,2487.7483178488696,456.11546485911504,1.614244272627606
R_xml,258,542723.0609899464,3363116.738425912,20.326452828902006,2737.0,678.0,2737.91004199254,677.3096451336514,370.49493986555956,1.1422636603153604
R_xml,149,542723.0609899464,3363116.738425912,20.326452828902006,631.0,1760.0,632.5878698968907,1760.4851471956993,369.6659961812876,1.6603308739363916
R_xml,838,542723.0609899464,3363116.738425912,20.326452828902006,4331.0,2089.0,4331.449152356578,2087.8934674467423,501.2618459582976,1.1942161156335847
R_xml,321,542723.0609899464,3363116.738425912,20.326452828902006,1460.0,163.0,1460.5713168288714,161.0837504404924,350.4085688312694,1.999603784069434
R_xml,259,542723.0609899464,3363116.738425912,20.326452828902006,2746.0,3854.0,2746.3510487677554,3852.548199061438,343.9983473610784,1.4936402520526864
R_xml,143,542723.0609899464,3363116.738425912,20.326452828902006,737.0,328.0,737.812857334573,327.52823949960316,367.8726923376832,0.9398377605224051
R_xml,261,542723.0609899464,3363116.738425912,20.326452828902006,2698.0,1419.0,2698.491950044358,1418.8941376735506,370.79099869341513,0.5032113654371045
R_xml,374,542723.0609899464,3363116.738425912,20.326452828902006,4703.0,1019.0,4705.458297679073,1018.1558305422072,372.15687871087664,2.59920171445157
R_xml,733,542633.3281972464,3364101.826545094,25.250370340353527,4518.0,928.0,4519.515981356472,926.0314393815356,716.6667965571295,2.4846388835685276
R_xml,723,542633.3281972464,3364101.826545094,25.250370340353527,489.0,1239.0,490.2776661738808,1238.2470264284425,431.5806697968614,1.4830374409782239
R_xml,735,542633.3281972464,3364101.826545094,25.250370340353527,4832.0,1402.0,4833.184248969117,1400.2706371328359,606.8039919295563,2.09598223923321
R_xml,734,542633.3281972464,3364101.826545094,25.250370340353527,4661.0,1149.0,4662.122090713094,1146.9309862631385,662.1133219852929,2.3537003657502313
R_xml,725,542633.3281972464,3364101.826545094,25.250370340353527,875.0,2118.0,875.5264442950372,2117.3969379389896,543.203009550445,0.8005169862078763
R_xml,724,542633.3281972464,3364101.826545094,25.250370340353527,698.0,1724.0,699.2584055496861,1723.1381614639931,487.54672524370363,1.5252377485583424
R_xml,19,542348.4528929176,3362781.1516165296,12.075144591488879,3131.0,1393.0,3130.845538236131,1392.1124907980634,626.3030033055887,0.9008501651327752
R_xml,12,542348.4528929176,3362781.1516165296,12.075144591488879,3026.0,785.0,3026.0649892912297,783.840535139306,776.049631825898,1.1612847933038366
R_xml,10,542348.4528929176,3362781.1516165296,12.075144591488879,3005.0,645.0,3005.2541430369824,643.6561208748301,825.2614191648322,1.3676987191315526
R_xml,128,542348.4528929176,3362781.1516165296,12.075144591488879,4195.0,895.0,4197.364021787447,893.2929821504624,746.3250388703699,2.915906197079212
R_xml,16,542348.4528929176,3362781.1516165296,12.075144591488879,3086.0,1144.0,3085.666245809274,1142.6449432463178,679.8706148552959,1.3955538920180899
R_xml,107,542348.4528929176,3362781.1516165296,12.075144591488879,1584.0,3163.0,1584.2900610321994,3161.9127513027915,825.6597026298756,1.1252755804611079
R_xml,961,542348.4528929176,3362781.1516165296,12.075144591488879,2447.0,1446.0,2447.1825429190576,1446.3494173010195,477.50878049003586,0.3942262897750352
R_xml,14,542348.4528929176,3362781.1516165296,12.075144591488879,3058.0,949.0,3057.4540253579435,948.1862845521589,727.8516991978602,0.9799087405590439
R_xml,22,542348.4528929176,3362781.1516165296,12.075144591488879,3177.0,1690.0,3177.3554167306706,1689.4446115668147,573.2161167329009,0.6593764965151527
R_xml,99,542348.4528929176,3362781.1516165296,12.075144591488879,1458.0,2458.0,1459.1863441888436,2457.2807865178765,636.2181339279884,1.387328572210298
R_xml,101,542348.4528929176,3362781.1516165296,12.075144591488879,1518.0,2659.0,1519.0372560978392,2658.3758447435785,680.0631908508096,1.210565981937056
R_xml,103,542348.4528929176,3362781.1516165296,12.075144591488879,1561.0,2857.0,1562.5347281306995,2856.4629353439454,729.8248350573768,1.6259855103731116
R_xml,105,542348.4528929176,3362781.1516165296,12.075144591488879,1565.0,3017.0,1565.9057316799797,3016.599020827378,776.0490540782206,0.9905221718848699
R_xml,96,542348.4528929176,3362781.1516165296,12.075144591488879,1357.0,2179.0,1358.2872059257998,2178.6193780776293,581.17438191089,1.3423010628034016
R_xml,135,542348.4528929176,3362781.1516165296,12.075144591488879,4490.0,1556.0,4492.166394379254,1555.1859777269399,598.7936735856491,2.314281069252379
R_xml,161,542348.4528929176,3362781.1516165296,12.075144591488879,4934.0,906.0,4936.021847107984,904.0433955775607,416.6251197059185,2.813568302702745
R_xml,622,543454.7726361696,3363538.5265888525,16.404893817503705,1107.0,1938.0,1108.2838665170912,1937.80226574543,531.3559988291476,1.2990042606312333
R_xml,628,543454.7726361696,3363538.5265888525,16.404893817503705,1418.0,2730.0,1418.4717716733946,2728.35829738156,681.2265827451406,1.7081440217997066
R_xml,637,543454.7726361696,3363538.5265888525,16.404893817503705,3155.0,764.0,3155.620621243693,762.8605304806727,764.887132601154,1.2975212960099813
R_xml,62,542379.7741708487,3362724.4934013416,9.604868546661862,1643.0,1220.0,1643.1024497831027,1219.2314523559185,659.5586490981051,0.7753460126169872
R_xml,52,542379.7741708487,3362724.4934013416,9.604868546661862,3053.0,1659.0,3053.7909666619116,1658.5835186843196,504.7567341075001,0.8939155142218199
R_xml,53,542379.7741708487,3362724.4934013416,9.604868546661862,3007.0,1928.0,3007.726709695704,1928.3008381416766,540.9614480165062,0.7865180031744469
R_xml,63,542379.7741708487,3362724.4934013416,9.604868546661862,1549.0,1501.0,1549.7237467011673,1500.088914014661,605.2960915256266,1.1635664829014938
R_xml,56,542379.7741708487,3362724.4934013416,9.604868546661862,2816.0,2803.0,2816.4122736905088,2803.080940659607,708.1862886891807,0.42014400657793616
R_xml,57,542379.7741708487,3362724.4934013416,9.604868546661862,2753.0,3016.0,2752.5390561797176,3014.812819130329,762.9671065913741,1.2735256663174712
R_xml,61,542379.7741708487,3362724.4934013416,9.604868546661862,1708.0,975.0,1707.095300844516,974.9052720047656,712.8732084239297,0.9096449609680317
R_xml,171,542379.7741708487,3362724.4934013416,9.604868546661862,3994.0,2578.0,3994.579997357052,2578.279541297322,664.0743548141996,0.6438480186314809
R_xml,137,542248.9386954338,3363391.5064552166,20.072630210332193,3261.0,3532.0,3261.0042817981853,3531.166751094829,373.8103760249878,0.8332599064902639
R_xml,139,542248.9386954338,3363391.5064552166,20.072630210332193,3210.0,735.0,3209.5693351243826,734.7822541019318,396.9605252462838,0.48258212898536135
R_xml,811,542248.9386954338,3363391.5064552166,20.072630210332193,3507.0,1213.0,3506.8420855833033,1212.3212466803127,644.2795274322893,0.6968809309969651
R_xml,145,542248.9386954338,3363391.5064552166,20.072630210332193,3041.0,1770.0,3040.9211655807994,1770.3364314798011,505.8048161086265,0.34554450690451305
R_xml,142,542248.9386954338,3363391.5064552166,20.072630210332193,3126.0,1313.0,3125.754291142111,1313.4027635921943,451.793448362666,0.471795881756499
R_xml,777,542248.9386954338,3363391.5064552166,20.072630210332193,2332.0,1321.0,2331.2269024493644,1321.3528464851022,450.77611720616017,0.8498120173589879
R_xml,631,543629.737510706,3363163.5429351837,21.929892804890585,1200.0,1523.0,1200.1378102209678,1521.9978983432766,469.7606258590061,1.0115331865099801
R_xml,619,543629.737510706,3363163.5429351837,21.929892804890585,965.0,794.0,966.1810312001244,793.6823720659331,366.7781399132641,1.2229972200159844
R_xml,638,543629.737510706,3363163.5429351837,21.929892804890585,3257.0,2838.0,3257.8292493214476,2838.147325975582,419.0471876285696,0.8422347536183376
R_xml,524,543595.4064520285,3363182.0686189733,16.72782105199832,4207.0,1465.0,4209.109402680583,1464.1258114847458,603.1637729828279,2.2833714610316056
R_xml,523,543595.4064520285,3363182.0686189733,16.72782105199832,4071.0,1190.0,4071.0417009161793,1189.1019110476173,657.9655685467941,0.8990565793108543
R_xml,634,543595.4064520285,3363182.0686189733,16.72782105199832,1661.0,2661.0,1661.732679057072,2660.6503709064336,664.8396058130328,0.8118245523139793
R_xml,697,541897.9834442264,3363637.2258669827,26.743945846686017,1172.0,2046.0,1172.7012602605735,2046.49738534238,499.88526426296625,0.8597430615446193
R_xml,7,541897.9834442264,3363637.2258669827,26.743945846686017,3105.0,2884.0,3105.3216567947834,2884.2145650287616,365.3161011971863,0.3866539088096793
R_xml,692,541897.9834442264,3363637.2258669827,26.743945846686017,3672.0,250.0,3674.321406487077,248.41953423928544,351.1710593392235,2.8083447258189445
R_xml,698,541897.9834442264,3363637.2258669827,26.743945846686017,956.0,2519.0,958.2855491815114,2517.8076438443245,443.0099602334464,2.577876696641031
R_xml,699,541897.9834442264,3363637.2258669827,26.743945846686017,731.0,3094.0,733.3741965576876,3092.5169753995733,387.65870290813,2.7993162129359925
R_xml,763,541897.9834442264,3363637.2258669827,26.743945846686017,4725.0,1821.0,4726.8264028853155,1821.2896901757879,505.67771463506153,1.8492344084611618
R_xml,764,541897.9834442264,3363637.2258669827,26.743945846686017,4500.0,2191.0,4501.370475906292,2190.8370506402994,562.018481037226,1.3801292343668254
R_xml,1046,543523.2807528154,3362738.6284992895,17.42079610036643,4751.0,1875.0,4752.167470285243,1873.8231304278913,539.4820600132058,1.6577119341675077
R_xml,387,543523.2807528154,3362738.6284992895,17.42079610036643,1007.0,1353.0,1008.6805859107585,1352.3433670108575,622.8167260051802,1.8043103629559503
R_xml,1079,543523.2807528154,3362738.6284992895,17.42079610036643,1228.0,2007.0,1229.1103628574342,2007.02058092964,543.9757157243884,1.1105535781016187
R_xml,428,543523.2807528154,3362738.6284992895,17.42079610036643,3647.0,2682.0,3647.5641665098155,2681.1109320354008,668.3859414355435,1.0529604439265918
R_xml,1048,543523.2807528154,3362738.6284992895,17.42079610036643,4958.0,2259.0,4960.7333904857005,2258.1922070403834,485.13193285428105,2.8502549031488673
R_xml,384,543523.2807528154,3362738.6284992895,17.42079610036643,1139.0,1094.0,1140.192532260066,1093.812728935909,675.7970338068236,1.2071469018904675
R_xml,529,543523.2807528154,3362738.6284992895,17.42079610036643,2418.0,3648.0,2418.0750070472836,3647.5122403290734,376.3947595642193,0.49349321547984987
R_xml,625,543728.1812526142,3363018.002231536,26.406000987024754,795.0,1110.0,795.4354675106342,1109.7375777968932,362.9444737262194,0.5084263619260764
R_xml,627,543728.1812526142,3363018.002231536,26.406000987024754,772.0,1793.0,773.1799817704,1792.8411988642729,364.2764361004919,1.1906194938705306
R_xml,629,543728.1812526142,3363018.002231536,26.406000987024754,758.0,2478.0,760.0379502257347,2476.9860832810646,365.1658000018533,2.2762399336424997
R_xml,631,543728.1812526142,3363018.002231536,26.406000987024754,670.0,171.0,671.2729781840605,169.82137508889673,341.14568783709296,1.7348285616069627
R_xml,876,543541.0494348946,3363297.541454041,13.991577364895022,483.0,2355.0,485.32047429922886,2354.290266367857,607.9536899018843,2.4265866565974266
R_xml,946,543541.0494348946,3363297.541454041,13.991577364895022,1847.0,2900.0,1847.3119226322106,2899.468000470415,731.9864496736953,0.6167002740097932
R_xml,880,543541.0494348946,3363297.541454041,13.991577364895022,831.0,2838.0,832.4204308592493,2837.9965502212062,720.8551870322653,1.4204350484557657
R_xml,878,543541.0494348946,3363297.541454041,13.991577364895022,667.0,2622.0,670.089315240914,2620.6484673235136,664.530251631512,3.3720185695446068
R_xml,1050,543541.0494348946,3363297.541454041,13.991577364895022,1721.0,1308.0,1721.216979970035,1308.493248656221,637.1492732618275,0.5388641241169562
R_xml,948,543541.0494348946,3363297.541454041,13.991577364895022,1901.0,3093.0,1901.2753707456206,3091.73832312209,786.7926062024212,1.2913781753599587
R_xml,1016,543541.0494348946,3363297.541454041,13.991577364895022,2864.0,3141.0,2864.6030112394074,3139.578546700491,797.2685720027306,1.544069958757076
R_xml,1048,543541.0494348946,3363297.541454041,13.991577364895022,1800.0,1072.0,1799.5141082073922,1072.0112133013363,691.1645177785689,0.48602116440595783
R_xml,884,543541.0494348946,3363297.541454041,13.991577364895022,1061.0,3189.0,1062.5830449330288,3188.166532820994,829.9404008210824,1.7890496914475615
R_xml,69,542729.753954965,3362490.728720519,22.028207613190318,2701.0,3808.0,2700.339659975979,3807.0959430283806,373.5458450663574,1.119539170934965
R_xml,65,542729.753954965,3362490.728720519,22.028207613190318,2711.0,2493.0,2710.5900337790276,2492.537843170183,370.4013852139393,0.6177873725522055
R_xml,67,542729.753954965,3362490.728720519,22.028207613190318,2707.0,3160.0,2707.136243390107,3159.2795765658298,371.87973528124763,0.733193143618755
R_xml,164,542729.753954965,3362490.728720519,22.028207613190318,3641.0,786.0,3641.5447643848725,785.4191455746584,368.9781550424763,0.7963416970524622
R_xml,931,543322.5428699855,3363455.9799415492,23.740994954044027,3315.0,1691.0,3314.947034964617,1691.127964061775,547.3359098914538,0.1384922238937906
R_xml,928,543322.5428699855,3363455.9799415492,23.740994954044027,2669.0,1884.0,2668.1448147671845,1883.791930700548,514.6755313200579,0.8801332943368425
R_xml,927,543322.5428699855,3363455.9799415492,23.740994954044027,2676.0,1429.0,2676.7989524277828,1428.1948350843468,458.64698646335637,1.1342907578124812
R_xml,652,543322.5428699855,3363455.9799415492,23.740994954044027,2063.0,2259.0,2062.803774865023,2259.8178032235514,367.8677575939818,0.8410151104753217
R_xml,926,543322.5428699855,3363455.9799415492,23.740994954044027,2687.0,855.0,2687.23653040693,854.9050025008912,402.5847952431771,0.2548944060573746
R_xml,553,543322.5428699855,3363455.9799415492,23.740994954044027,4128.0,3137.0,4127.957448811638,3136.037996483677,369.6789301418549,0.9629441152262118
R_xml,86,542131.8508664658,3363212.93436677,14.55609734993817,1476.0,2465.0,1477.256986074491,2465.5558596872206,462.17629459236565,1.3744067750637134
R_xml,18,542131.8508664658,3363212.93436677,14.55609734993817,3147.0,1546.0,3147.4362634414074,1545.61745471099,376.6421683215604,0.5802298582910193
R_xml,12,542131.8508664658,3363212.93436677,14.55609734993817,3088.0,2759.0,3088.56044099758,2758.218206833838,436.3114241216525,0.961922380665962
R_xml,105,542131.8508664658,3363212.93436677,14.55609734993817,1171.0,1051.0,1171.3999410835206,1049.6626478147357,429.4799245031116,1.395873825859223
R_xml,14,542131.8508664658,3363212.93436677,14.55609734993817,3139.0,3306.0,3138.4963607685654,3306.2790281664356,388.3587642243697,0.5757683502107931
R_xml,102,542131.8508664658,3363212.93436677,14.55609734993817,1082.0,3356.0,1083.1849332806903,3353.8804908318107,379.43641168455486,2.428247514922251
R_xml,103,542131.8508664658,3363212.93436677,14.55609734993817,1082.0,523.0,1081.9720663252674,521.8019303504832,382.5044036836136,1.1983952500228792
R_xml,89,542131.8508664658,3363212.93436677,14.55609734993817,1321.0,3005.0,1322.7960855047827,3003.901827148443,409.78858510827405,2.105209431953896
R_xml,963,542228.5438374047,3362852.8689661226,12.571368393120963,1207.0,2191.0,1207.7164975855783,2190.97573387385,499.8870187147484,0.7169083867676778
R_xml,30,542228.5438374047,3362852.8689661226,12.571368393120963,4040.0,1025.0,4040.904795938868,1024.634826528428,378.7335828595591,0.9757086426450227
R_xml,82,542228.5438374047,3362852.8689661226,12.571368393120963,301.0,1837.0,302.86569516894315,1836.4012807369495,377.61496643405513,1.9594088953981845
R_xml,79,542228.5438374047,3362852.8689661226,12.571368393120963,338.0,1150.0,339.067221389259,1149.779505793078,377.00438482299523,1.0897610696744604
R_xml,885,542228.5438374047,3362852.8689661226,12.571368393120963,2020.0,1385.0,2019.851243680387,1385.4386126697696,624.0021158587001,0.46315172104528185
R_xml,416,543162.3366859728,3362604.726894071,9.882290419873016,858.0,3243.0,859.7626437804358,3241.191817450962,382.6726655015857,2.525160831977824
R_xml,412,543162.3366859728,3362604.726894071,9.882290419873016,856.0,2699.0,858.5746347607474,2698.661709022733,382.36009963813666,2.5967643205629973
R_xml,414,543162.3366859728,3362604.726894071,9.882290419873016,882.0,3084.0,883.6152190793339,3082.8445615586443,382.4918077990413,1.9859432685771137
R_xml,418,543162.3366859728,3362604.726894071,9.882290419873016,920.0,3765.0,922.5233198690187,3762.216758090184,384.26135780608905,3.7568043188246816
R_xml,230,542057.7552549933,3363679.747072514,21.28950604718699,763.0,939.0,763.761504797541,938.8017604589037,409.43499121988293,0.7868852980784324
R_xml,708,542057.7552549933,3363679.747072514,21.28950604718699,1289.0,1497.0,1289.09733169565,1497.3476260705067,468.7105605957284,0.36099493607813016
R_xml,752,542057.7552549933,3363679.747072514,21.28950604718699,4884.0,2472.0,4885.807913627481,2471.7425822266146,451.52423920024887,1.8261477471678111
R_xml,696,542057.7552549933,3363679.747072514,21.28950604718699,1815.0,1150.0,1815.1256845880234,1150.96415957083,666.3777203297803,0.9723169718201616
R_xml,685,542057.7552549933,3363679.747072514,21.28950604718699,3078.0,1491.0,3079.214859874718,1490.7098729979682,582.032524659265,1.249022895109587
R_xml,7,542057.7552549933,3363679.747072514,21.28950604718699,1506.0,2457.0,1506.0635632961082,2455.652709569663,369.624130820177,1.3487890110355052
R_xml,223,542057.7552549933,3363679.747072514,21.28950604718699,727.0,438.0,728.3733126753953,436.71136376666846,366.33190034261355,1.883234198461833
R_xml,11,542057.7552549933,3363679.747072514,21.28950604718699,1519.0,3749.0,1520.160073305264,3747.4376279309736,371.1417425055814,1.9459641712169145
R_xml,106,542057.7552549933,3363679.747072514,21.28950604718699,2813.0,495.0,2813.156720389381,494.3814622212101,367.61586885571137,0.6380832737488857
R_xml,110,542057.7552549933,3363679.747072514,21.28950604718699,2701.0,1867.0,2701.4572542883957,1867.9859229038523,369.96050969336693,1.086795959045091
R_xml,214,542057.7552549933,3363679.747072514,21.28950604718699,1412.0,1595.0,1412.0768022714158,1594.0795894754813,571.16203304264,0.9236092910638481
R_xml,118,542057.7552549933,3363679.747072514,21.28950604718699,3510.0,2238.0,3511.20958585232,2238.1346600399656,481.6080334265889,1.2170584458011227
R_xml,119,542057.7552549933,3363679.747072514,21.28950604718699,3580.0,2759.0,3580.4128973621655,2758.6671260696467,427.16163251454566,0.5303671230309311
R_xml,123,542057.7552549933,3363679.747072514,21.28950604718699,3557.0,2757.0,3556.980109446466,2756.315893745682,371.7827070021996,0.6843953545407679
R_xml,125,542057.7552549933,3363679.747072514,21.28950604718699,3514.0,3419.0,3513.988465491653,3418.2632203867906,372.5324967579224,0.7368698957914779
R_xml,211,542057.7552549933,3363679.747072514,21.28950604718699,1534.0,1306.0,1533.3824274158196,1305.3199062514143,624.3135656524164,0.9186530376570842
R_xml,225,542057.7552549933,3363679.747072514,21.28950604718699,678.0,1085.0,678.6323836138015,1083.642645727276,367.30362700731234,1.4974376970968777
R_xml,702,542057.7552549933,3363679.747072514,21.28950604718699,920.0,3822.0,923.3876134134086,3819.5204079546047,340.0690081575244,4.19813069714293
R_xml,254,542057.7552549933,3363679.747072514,21.28950604718699,4178.0,2718.0,4178.247761697936,2718.7637035982866,672.2973222576799,0.8028879404997787
R_xml,687,542057.7552549933,3363679.747072514,21.28950604718699,3148.0,2279.0,3148.8738728316,2279.7754625963876,474.5078416763426,1.1683304173924318
R_xml,710,542057.7552549933,3363679.747072514,21.28950604718699,1432.0,1912.0,1432.254455601307,1911.957725983845,524.3455505599816,0.2579432989600019
R_xml,750,542057.7552549933,3363679.747072514,21.28950604718699,4679.0,2035.0,4681.485534609187,2034.220822812141,505.56029778406514,2.604803137196203
R_xml,748,542057.7552549933,3363679.747072514,21.28950604718699,4503.0,1677.0,4505.261285185252,1675.7424779136982,559.8974616139352,2.5874258417539906
R_xml,781,542057.7552549933,3363679.747072514,21.28950604718699,274.0,2244.0,276.7474816249828,2242.8818081517597,574.2641632243204,2.966312237288777
R_xml,693,542057.7552549933,3363679.747072514,21.28950604718699,3037.0,1922.0,3037.656255220776,1921.7718056772042,525.2393738650732,0.6947974983778424
R_xml,273,542735.0147491924,3362987.210291814,29.322928339620262,3144.0,3298.0,3144.004371753,3297.450999908383,363.6824403968051,0.5490174977355352
R_xml,313,542735.0147491924,3362987.210291814,29.322928339620262,980.0,2580.0,981.7857505596335,2579.2134082429284,362.63109027618134,1.9513153649587938
R_xml,1015,542735.0147491924,3362987.210291814,29.322928339620262,4498.0,3709.0,4499.5387485156225,3708.3790413799543,341.98370274561864,1.6593181136055637
R_xml,306,542735.0147491924,3362987.210291814,29.322928339620262,1015.0,993.0,1015.297058330133,992.2317388387446,360.0077320182108,0.8236922139943533
R_xml,919,542735.0147491924,3362987.210291814,29.322928339620262,3501.0,2168.0,3501.096519426992,2168.225621254613,554.7365593951544,0.24539957277886895
R_xml,941,542735.0147491924,3362987.210291814,29.322928339620262,2476.0,1892.0,2475.5074285419423,1892.3145394534552,514.3490188366262,0.5844328097163421
R_xml,270,542735.0147491924,3362987.210291814,29.322928339620262,3177.0,2532.0,3177.5326058235337,2531.0429204040984,363.231151356403,1.0952946252735962
R_xml,375,542735.0147491924,3362987.210291814,29.322928339620262,5032.0,2962.0,5032.9022425029325,2962.178526230667,398.1819835420065,0.9197353690785718
R_xml,267,542735.0147491924,3362987.210291814,29.322928339620262,3228.0,1756.0,3226.974531559541,1755.9883900492991,362.47365014013775,1.025534160002828
R_xml,307,542735.0147491924,3362987.210291814,29.322928339620262,1013.0,1059.0,1012.8346046621607,1058.2349637403954,360.15302919261984,0.7827107360249701
R_xml,310,542735.0147491924,3362987.210291814,29.322928339620262,992.0,1821.0,993.0742601014349,1820.5300267080966,361.55137936607315,1.1725654184895122
R_xml,532,543475.1489307194,3363259.099188052,13.995115862689374,4350.0,2940.0,4351.138303534193,2939.2363240100217,416.7519438064282,1.370742847373718
R_xml,617,543475.1489307194,3363259.099188052,13.995115862689374,1779.0,2111.0,1779.9278194440608,2111.718161755708,377.2064632042529,1.1732882118809944
R_xml,530,543475.1489307194,3363259.099188052,13.995115862689374,4197.0,2451.0,4197.768944157892,2449.810155216638,465.2739525049297,1.416688295444753
R_xml,512,543475.1489307194,3363259.099188052,13.995115862689374,311.0,1486.0,313.6754411882839,1485.4996434662269,471.95450785513873,2.7218269990679964
R_xml,247,543300.9275085178,3362703.8409229172,13.949921774800316,1751.0,178.0,1751.0837882965302,176.2604535286191,1016.806402958918,1.7415632072161893
R_xml,256,543300.9275085178,3362703.8409229172,13.949921774800316,1567.0,543.0,1567.4952128187272,542.0917093365488,862.2860071002665,1.034518083526999
R_xml,336,543300.9275085178,3362703.8409229172,13.949921774800316,3075.0,3770.0,3075.244394398885,3769.2463409635075,1135.0044625371906,0.7922944941707407
R_xml,446,543300.9275085178,3362703.8409229172,13.949921774800316,2439.0,3483.0,2439.6916725105393,3481.7140598821397,936.2502875300689,1.4601550768867788
R_xml,450,543300.9275085178,3362703.8409229172,13.949921774800316,2423.0,3680.0,2423.4626549686895,3679.911051801758,1047.3607565437171,0.47112779797381643
R_xml,448,543300.9275085178,3362703.8409229172,13.949921774800316,2416.0,3568.0,2416.680533681848,3567.377008732127,981.5449362570703,0.9226289676656301
R_xml,440,543300.9275085178,3362703.8409229172,13.949921774800316,2459.0,3210.0,2459.2582714814284,3209.8497696627564,828.8427704223393,0.29878639920108857
R_xml,327,543300.9275085178,3362703.8409229172,13.949921774800316,3260.0,3429.0,3259.718941456533,3428.736364499512,934.1581089298816,0.3853538399619596
R_xml,482,543300.9275085178,3362703.8409229172,13.949921774800316,3303.0,416.0,3304.1114475219288,414.67464972633934,913.2710407614662,1.7297019806585137
R_xml,477,543300.9275085178,3362703.8409229172,13.949921774800316,3249.0,218.0,3250.241062549458,215.7996275321425,1015.9471335819688,2.5262373698789173
R_xml,443,543300.9275085178,3362703.8409229172,13.949921774800316,2431.0,3355.0,2431.103982350281,3353.940147274247,881.9977041109839,1.0649413737178277
R_xml,479,543300.9275085178,3362703.8409229172,13.949921774800316,3281.0,311.0,3281.9113739627483,309.4466742606244,967.1362358114259,1.8009506802192803
R_xml,1028,543300.9275085178,3362703.8409229172,13.949921774800316,1311.0,3557.0,1312.1874330846306,3555.164856460967,991.2136198874318,2.1858062904408047
R_xml,366,543300.9275085178,3362703.8409229172,13.949921774800316,2415.0,329.0,2415.027298398793,327.9614563014584,939.1269333485326,1.0389024094481434
R_xml,144,543300.9275085178,3362703.8409229172,13.949921774800316,656.0,616.0,658.2166463570952,614.8306894538948,834.5337292142652,2.506154070614231
R_xml,209,543300.9275085178,3362703.8409229172,13.949921774800316,4162.0,3352.0,4161.982802871222,3352.570577712914,907.3129304465028,0.5708368135576175
R_xml,369,543300.9275085178,3362703.8409229172,13.949921774800316,2382.0,450.0,2382.231811357475,448.99647443894946,885.7047510163334,1.0299514829040646
R_xml,361,543300.9275085178,3362703.8409229172,13.949921774800316,2438.0,139.0,2438.526222266437,137.6352807347364,1039.342056247665,1.4626580416063089
R_xml,87,543300.9275085178,3362703.8409229172,13.949921774800316,5045.0,3104.0,5047.579026307523,3102.723738107792,831.9321676627877,2.8775373346664086
R_xml,141,543300.9275085178,3362703.8409229172,13.949921774800316,792.0,469.0,793.3430992894123,468.000723320044,887.0333781022199,1.674057819886655
R_xml,363,543300.9275085178,3362703.8409229172,13.949921774800316,2425.0,227.0,2425.5780470793147,226.01354992914207,991.6073508107019,1.1433381687846766
R_xml,1033,543300.9275085178,3362703.8409229172,13.949921774800316,3527.0,266.0,3528.748373859107,263.872592564024,1000.5322500985928,2.7536654752990515
R_xml,434,543300.9275085178,3362703.8409229172,13.949921774800316,2467.0,2862.0,2466.370217715329,2862.2974579888096,720.3294115629275,0.6964962176436802
R_xml,113,542281.2912279315,3363596.648583965,18.383037232807112,3595.0,1671.0,3595.3603463265504,1671.3603868530495,500.2292245185381,0.5096353195268665
R_xml,5,542281.2912279315,3363596.648583965,18.383037232807112,589.0,2378.0,591.6565989748624,2376.8906560909536,468.52730383911285,2.878916813973314
R_xml,114,542281.2912279315,3363596.648583965,18.383037232807112,3444.0,2061.0,3444.8078837126627,2061.9754192342807,556.6648078168814,1.266538106726542
R_xml,6,542281.2912279315,3363596.648583965,18.383037232807112,361.0,2891.0,365.02855540984456,2889.7395775049836,414.0391550837907,4.221128232609297
R_xml,108,542281.2912279315,3363596.648583965,18.383037232807112,4099.0,3069.0,4099.473649608106,3068.893781864418,376.0507335314609,0.4854134769301168
R_xml,104,542281.2912279315,3363596.648583965,18.383037232807112,4232.0,1728.0,4234.000196619904,1726.9935112757128,373.19166689161034,2.2391529805696235
R_xml,689,542281.2912279315,3363596.648583965,18.383037232807112,1571.0,911.0,1571.690723557957,910.9316521130415,412.3813184500457,0.6940968716025341
R_xml,120,542281.2912279315,3363596.648583965,18.383037232807112,2337.0,2079.0,2336.911380484978,2079.3708859437593,506.2318643792689,0.3813263716567924
R_xml,121,542281.2912279315,3363596.648583965,18.383037232807112,2261.0,2554.0,2260.4242165259984,2553.307224241097,451.4784141936752,0.9008134440919038
R_xml,119,542281.2912279315,3363596.648583965,18.383037232807112,2392.0,1699.0,2392.094906632428,1699.5797421083694,560.8136540372666,0.5874590888694838
R_xml,347,542356.1111826827,3363978.6080225706,22.946744782574285,2443.0,796.0,2442.7661034929906,795.5595787702109,398.8657549093724,0.4986766844761379
R_xml,346,542356.1111826827,3363978.6080225706,22.946744782574285,2459.0,75.0,2459.4141511140338,72.47911762439139,343.4401095119084,2.5546759279621942
R_xml,348,542356.1111826827,3363978.6080225706,22.946744782574285,3698.0,2907.0,3697.931753357606,2907.6253168878197,410.66066930175884,0.629030058415836
R_xml,349,542356.1111826827,3363978.6080225706,22.946744782574285,3832.0,3515.0,3832.7642957385888,3515.010017614997,361.4381773103595,0.7643613861487165
R_xml,816,542938.0095584252,3363411.1101564844,19.498694300486477,1094.0,1043.0,1094.9004284602727,1043.137749747248,423.78926819288995,0.9109041689090812
R_xml,859,542938.0095584252,3363411.1101564844,19.498694300486477,3031.0,2397.0,3031.3320369495987,2396.6026935064997,607.215285439913,0.5177846904614835
R_xml,450,542938.0095584252,3363411.1101564844,19.498694300486477,2618.0,1539.0,2618.894400777908,1539.613139527211,476.80983230428393,1.0843859236224354
R_xml,344,542938.0095584252,3363411.1101564844,19.498694300486477,3435.0,3135.0,3435.0084640343407,3134.373349636231,803.8942828240649,0.6267075221257954
R_xml,447,542938.0095584252,3363411.1101564844,19.498694300486477,2666.0,3838.0,2666.4861781419536,3836.4325068640906,373.8965967125499,1.6411593209791262
R_xml,588,542938.0095584252,3363411.1101564844,19.498694300486477,4757.0,1904.0,4757.850680083351,1903.104912592713,531.3390449883753,1.2348433386037792
R_xml,353,542938.0095584252,3363411.1101564844,19.498694300486477,2098.0,1019.0,2097.6127686929235,1018.2404450194017,693.0263485212664,0.852567800079175
R_xml,886,542938.0095584252,3363411.1101564844,19.498694300486477,2833.0,2048.0,2832.327324788226,2048.6046278436706,545.8617964844564,0.9044704361540876
R_xml,473,542938.0095584252,3363411.1101564844,19.498694300486477,3389.0,1776.0,3389.8772263765404,1775.298118986917,552.4545570465943,1.123460311815557
R_xml,479,542938.0095584252,3363411.1101564844,19.498694300486477,3587.0,3035.0,3587.6708183060937,3034.3868402166026,405.9331467960276,0.9088245814051676
R_xml,239,542938.0095584252,3363411.1101564844,19.498694300486477,938.0,1199.0,939.0316384116086,1199.6870124125908,651.4041052215587,1.239461119745221
R_xml,340,542938.0095584252,3363411.1101564844,19.498694300486477,3713.0,2608.0,3712.7827050230694,2607.6798096682146,660.5091268288829,0.38696118095760984
R_xml,467,542938.0095584252,3363411.1101564844,19.498694300486477,3226.0,740.0,3226.2614349625487,738.6704074417862,778.9326960803925,1.3550515158105025
R_xml,119,542938.0095584252,3363411.1101564844,19.498694300486477,716.0,424.0,716.738161559022,423.4286488467835,911.672867462693,0.9334477101046758
R_xml,352,542938.0095584252,3363411.1101564844,19.498694300486477,2144.0,815.0,2143.5291133883775,815.0039619999175,747.5628879764076,0.4709032792927675
R_xml,846,542938.0095584252,3363411.1101564844,19.498694300486477,3331.0,2993.0,3331.418281458362,2993.5416816216193,408.5757100726657,0.6843817338368137
R_xml,870,542938.0095584252,3363411.1101564844,19.498694300486477,2921.0,1832.0,2921.536530621226,1831.9235550233514,536.3761307508224,0.5419492060775608
R_xml,804,542938.0095584252,3363411.1101564844,19.498694300486477,1485.0,1767.0,1486.4683978251128,1767.48681528222,547.9373183442826,1.5469910445115556
R_xml,907,542938.0095584252,3363411.1101564844,19.498694300486477,1775.0,1628.0,1776.015672718228,1627.479953333201,572.838878819065,1.1410695010390115
R_xml,322,542938.0095584252,3363411.1101564844,19.498694300486477,4745.0,2256.0,4747.353320446828,2255.762421435984,373.2322724972029,2.3652823720513743
R_xml,235,542938.0095584252,3363411.1101564844,19.498694300486477,1336.0,599.0,1336.150226129705,598.1448827268835,829.1626655368705,0.8682127854555256
R_xml,562,542938.0095584252,3363411.1101564844,19.498694300486477,684.0,500.0,684.3979282732423,498.3888456578211,372.70678988095926,1.659567782577004
R_xml,573,542938.0095584252,3363411.1101564844,19.498694300486477,1388.0,2620.0,1389.6077775050546,2619.5294466520554,656.0498324149663,1.6752220625999241
R_xml,448,542938.0095584252,3363411.1101564844,19.498694300486477,2649.0,908.0,2648.9966467194413,907.4328744344732,411.50252662210625,0.5671354790211873
R_xml,791,542938.0095584252,3363411.1101564844,19.498694300486477,4621.0,1732.0,4621.993469733174,1730.7659455005255,501.4866825367818,1.5842577499906592
R_xml,477,542938.0095584252,3363411.1101564844,19.498694300486477,3512.0,2526.0,3512.4323906814243,2525.5345038489186,454.7356607818316,0.635333273215079
R_xml,452,542938.0095584252,3363411.1101564844,19.498694300486477,2609.0,1806.0,2608.7665139394267,1805.877388135569,510.1867656009529,0.26372222087135483
R_xml,471,542938.0095584252,3363411.1101564844,19.498694300486477,3357.0,1540.0,3357.82608002249,1539.317209741468,591.827494102168,1.0717325882433586
R_xml,355,542938.0095584252,3363411.1101564844,19.498694300486477,2024.0,1355.0,2024.1414503618962,1354.196072486574,619.4743353952803,0.8162767004661937
R_xml,454,542938.0095584252,3363411.1101564844,19.498694300486477,2570.0,2140.0,2568.979661583439,2140.238486180557,559.3491248151546,1.0478387961071096
R_xml,908,542938.0095584252,3363411.1101564844,19.498694300486477,1681.0,1979.0,1682.2633588274114,1978.391356820209,518.0789338192203,1.4023273680222845
R_xml,475,542938.0095584252,3363411.1101564844,19.498694300486477,3453.0,2115.0,3453.673686917311,2114.5223270851066,503.18516180976036,0.8258483372743349
R_xml,818,542938.0095584252,3363411.1101564844,19.498694300486477,1249.0,1548.0,1250.0884351866382,1548.4242245785692,478.87635616939735,1.1681856224823164
R_xml,469,542938.0095584252,3363411.1101564844,19.498694300486477,3300.0,1149.0,3301.360844497555,1147.9391855705794,668.7669567710733,1.7254637058460915
R_xml,844,542938.0095584252,3363411.1101564844,19.498694300486477,3278.0,2449.0,3279.1567973727606,2449.0664270587704,461.9313972506298,1.1587030317396667
R_xml,363,542938.0095584252,3363411.1101564844,19.498694300486477,1717.0,2722.0,1717.3850277684705,2722.4565328068275,432.73638056655886,0.5972173693079883
R_xml,237,542938.0095584252,3363411.1101564844,19.498694300486477,1108.0,940.0,1109.2516301227956,940.6206248659117,719.1936080246522,1.3970516055169078
R_xml,120,542938.0095584252,3363411.1101564844,19.498694300486477,586.0,544.0,588.1752332719775,543.9531317819865,856.5507424470658,2.1757381316182607
R_xml,227,542938.0095584252,3363411.1101564844,19.498694300486477,4568.0,2913.0,4569.868672725681,2912.3539304843166,744.5416226932513,1.9772060021148499
R_xml,572,542938.0095584252,3363411.1101564844,19.498694300486477,1344.0,2456.0,1344.8018019468043,2455.850612617576,620.1707082585699,0.8155997498323467
R_xml,796,542938.0095584252,3363411.1101564844,19.498694300486477,3875.0,3076.0,3875.40160952353,3075.3764930257466,782.3565358237812,0.7416543375000979
R_xml,776,542938.0095584252,3363411.1101564844,19.498694300486477,4693.0,2032.0,4694.030903723602,2031.6224114311274,511.4689234066312,1.0978777776600606
R_xml,570,542938.0095584252,3363411.1101564844,19.498694300486477,1244.0,2190.0,1245.1770700609686,2189.9061649743685,570.3751613930642,1.1808043616382562
R_xml,575,542938.0095584252,3363411.1101564844,19.498694300486477,1529.0,3036.0,1530.8380746445143,3035.582054780433,767.9478976265584,1.8849924682516783
R_xml,566,542938.0095584252,3363411.1101564844,19.498694300486477,1002.0,1501.0,1003.9068972208631,1501.3482121014304,470.9745879725394,1.9384294360430239
R_xml,357,542938.0095584252,3363411.1101564844,19.498694300486477,1972.0,1584.0,1971.9367549802025,1584.5501010212906,577.4811948334036,0.553724720555419
R_xml,342,542938.0095584252,3363411.1101564844,19.498694300486477,3614.0,2813.0,3613.4817569527017,2812.3545939917467,710.4577824571815,0.8277226416876884
R_xml,343,542938.0095584252,3363411.1101564844,19.498694300486477,3536.0,2949.0,3535.883217496159,2948.587495325861,747.8312846070075,0.4287169921872306
R_xml,924,542938.0095584252,3363411.1101564844,19.498694300486477,1676.0,2066.0,1676.250495076146,2065.8467531255296,547.2752118883997,0.29365351642431897
R_xml,368,542938.0095584252,3363411.1101564844,19.498694300486477,1518.0,917.0,1518.2160564920855,915.5839611184435,370.1357519580416,1.43242679458741
R_xml,350,542938.0095584252,3363411.1101564844,19.498694300486477,2232.0,485.0,2231.163474198431,484.74543076819305,856.1943960486287,0.8744031738699342
R_xml,328,542938.0095584252,3363411.1101564844,19.498694300486477,4606.0,3673.0,4607.908982460302,3672.7663492106094,376.23348985460666,1.9232282041197921
R_xml,325,542938.0095584252,3363411.1101564844,19.498694300486477,4697.0,2967.0,4699.07868721251,2966.5977860400244,374.64993268202034,2.117242687329855
R_xml,338,542938.0095584252,3363411.1101564844,19.498694300486477,3830.0,2377.0,3829.8018962574542,2375.865937852463,610.725476443619,1.1512350095817785
R_xml,234,542938.0095584252,3363411.1101564844,19.498694300486477,1432.0,456.0,1432.4538649164724,455.8981715362595,883.9336898694245,0.465147716787109
R_xml,590,542938.0095584252,3363411.1101564844,19.498694300486477,4954.0,2265.0,4956.399603386739,2264.363735704125,481.5286866304352,2.4825246560415017
R_xml,774,542938.0095584252,3363411.1101564844,19.498694300486477,4361.0,1354.0,4362.453703575096,1352.3437080231786,620.8727784235024,2.2037597865309593
R_xml,466,542938.0095584252,3363411.1101564844,19.498694300486477,3197.0,575.0,3198.693458178212,573.6767119276788,833.4441357060516,2.1491607486879447
R_xml,858,542938.0095584252,3363411.1101564844,19.498694300486477,3077.0,2072.0,3077.5432046371784,2072.103844643427,551.3635965344048,0.5530415787448162
R_xml,366,542938.0095584252,3363411.1101564844,19.498694300486477,1574.0,3318.0,1574.40936072038,3317.107724332801,380.4154281331106,0.9816985615073405
R_xml,371,542938.0095584252,3363411.1101564844,19.498694300486477,1488.0,1663.0,1487.8165441692443,1662.3481994556528,370.734809462393,0.6771262743754816
R_xml,446,542938.0095584252,3363411.1101564844,19.498694300486477,2689.0,357.0,2688.2918098640157,356.0997495223037,366.562516898,1.1454187842435202
R_xml,797,542938.0095584252,3363411.1101564844,19.498694300486477,3788.0,3231.0,3788.481642035362,3230.325506699226,838.3439471331825,0.828806529303691
R_xml,468,542938.0095584252,3363411.1101564844,19.498694300486477,3263.0,931.0,3262.6774144215,929.6951775018913,724.0104300397185,1.344106843605361
R_xml,377,542739.3261562737,3363188.104665739,28.578628264286806,4280.0,2267.0,4281.110894756256,2267.3890393037914,364.86728707681664,1.1770466173316358
R_xml,272,542739.3261562737,3363188.104665739,28.578628264286806,2150.0,1277.0,2150.854922377565,1276.3585319116887,435.19645315190115,1.068818777895925
R_xml,841,542739.3261562737,3363188.104665739,28.578628264286806,4350.0,3382.0,4351.246030444695,3381.896804754956,365.5856679829676,1.2502964159375878
R_xml,193,542739.3261562737,3363188.104665739,28.578628264286806,4040.0,2983.0,4040.507189513357,2983.870428207351,397.6189822069954,1.0074157367300212
R_xml,195,542739.3261562737,3363188.104665739,28.578628264286806,4150.0,561.0,4152.209333266987,559.2354004434771,360.9606765218643,2.8275369280520337
R_xml,204,542739.3261562737,3363188.104665739,28.578628264286806,4117.0,2813.0,4117.172970987666,2812.843957278531,364.7624262320323,0.23295556120795868
R_xml,209,542739.3261562737,3363188.104665739,28.578628264286806,3988.0,793.0,3989.4870179437307,792.6633612044438,392.01608806181,1.5246468586694688
R_xml,261,542739.3261562737,3363188.104665739,28.578628264286806,2174.0,1942.0,2173.9829795542028,1941.664759064573,362.53962027811855,0.3356727280568279
R_xml,190,542739.3261562737,3363188.104665739,28.578628264286806,3878.0,2370.0,3877.8122421290464,2370.7762229349455,457.3259450172829,0.7986082035895105
R_xml,840,542739.3261562737,3363188.104665739,28.578628264286806,4174.0,2729.0,4174.484410921848,2728.007147642815,420.26842583191035,1.104721568710156
R_xml,952,542739.3261562737,3363188.104665739,28.578628264286806,4099.0,286.0,4100.248886523423,282.8143716687032,350.17427693288636,3.4216875096285078
R_xml,972,542739.3261562737,3363188.104665739,28.578628264286806,587.0,2644.0,589.4565221581433,2643.2503717809823,426.1443690373194,2.5683542551986305
R_xml,886,542739.3261562737,3363188.104665739,28.578628264286806,1916.0,64.0,1916.975175147833,62.192912583208454,336.81125050465124,2.0534194653984716
R_xml,7,541932.9579978132,3363617.2672564522,25.047333287028778,2897.0,2536.0,2897.020153452371,2535.388864446619,366.714467302736,0.611467763866998
R_xml,9,541932.9579978132,3363617.2672564522,25.047333287028778,2888.0,3216.0,2888.1881016347234,3214.8419474982206,367.2661554665056,1.1732296543571707
R_xml,106,541932.9579978132,3363617.2672564522,25.047333287028778,1441.0,334.0,1440.7317218128321,332.2187855096854,362.8756244859883,1.8013045956241744
R_xml,108,541932.9579978132,3363617.2672564522,25.047333287028778,1374.0,1000.0,1373.907092506997,1000.2135174301147,363.87828484254555,0.23285509489571377
R_xml,110,541932.9579978132,3363617.2672564522,25.047333287028778,1309.0,1688.0,1310.4736623207207,1688.4731062815003,364.84172432731185,1.5477435798952426
R_xml,113,541932.9579978132,3363617.2672564522,25.047333287028778,1113.0,88.0,1113.7478208649445,86.3206530154389,338.8554268069413,1.838325961466259
R_xml,125,541932.9579978132,3363617.2672564522,25.047333287028778,4790.0,3494.0,4792.15785793312,3493.26172403513,369.8319882554248,2.2806582952807735
R_xml,698,541932.9579978132,3363617.2672564522,25.047333287028778,1275.0,2398.0,1276.3452947133105,2397.3022019785485,458.726189524492,1.5154998991761286
R_xml,763,541932.9579978132,3363617.2672564522,25.047333287028778,4440.0,1908.0,4442.070279797385,1906.9977355062867,520.3601292910029,2.3001288126582096
R_xml,67,542841.0691507609,3362792.512528043,17.345439480378502,5001.0,1152.0,5003.753604352316,1149.6009409672406,375.6041985508369,3.652098187584481
R_xml,69,542841.0691507609,3362792.512528043,17.345439480378502,5014.0,1812.0,5015.866009369709,1810.0357924100026,376.61077109582044,2.709262339539138
R_xml,181,542841.0691507609,3362792.512528043,17.345439480378502,3068.0,153.0,3069.436228292048,151.74719040640412,371.23963719089153,1.905855079664934
R_xml,182,542841.0691507609,3362792.512528043,17.345439480378502,3067.0,3311.0,3067.136170648758,3311.1293857210594,384.0061546690639,0.18783798976027757
R_xml,1037,542841.0691507609,3362792.512528043,17.345439480378502,2204.0,1945.0,2202.905459092994,1944.8692495397258,525.0817779257965,1.1023227657865227
R_xml,158,542841.0691507609,3362792.512528043,17.345439480378502,1247.0,675.0,1248.1249786364133,674.2810261462623,371.8830023085418,1.3351031176447432
R_xml,275,542841.0691507609,3362792.512528043,17.345439480378502,3237.0,1762.0,3237.9924662605704,1761.7199032812025,374.45753252824454,1.0312339454516026
R_xml,1040,542841.0691507609,3362792.512528043,17.345439480378502,1991.0,3625.0,1992.782696766269,3623.2020953645942,360.600061238904,2.531890368574369
R_xml,1015,542841.0691507609,3362792.512528043,17.345439480378502,2230.0,3747.0,2231.1676025428123,3744.563767676718,353.21380568000933,2.70157798906246
R_xml,273,542841.0691507609,3362792.512528043,17.345439480378502,3272.0,1086.0,3271.984701781207,1085.5657131770681,373.8130601334753,0.43455618747234614
R_xml,164,542841.0691507609,3362792.512528043,17.345439480378502,1116.0,2680.0,1117.695961762694,2678.940270861047,373.82652879094843,1.9998280297231428
R_xml,185,542841.0691507609,3362792.512528043,17.345439480378502,3078.0,1498.0,3079.2700940502177,1497.7197541272258,373.625369332694,1.3006447038316988
R_xml,306,542841.0691507609,3362792.512528043,17.345439480378502,1008.0,3155.0,1009.3873278241153,3154.3845921068687,375.5878744968053,1.5176973896310593
R_xml,189,542841.0691507609,3362792.512528043,17.345439480378502,3060.0,2867.0,3060.4222573606717,2867.5158096090036,375.7084945165196,0.666603953920017
R_xml,191,542841.0691507609,3362792.512528043,17.345439480378502,3043.0,3522.0,3042.686617665379,3520.9297711960558,376.65938495385944,1.1151673329346183
R_xml,162,542841.0691507609,3362792.512528043,17.345439480378502,1156.0,2009.0,1157.0044025244515,2009.185054263252,373.43590660217507,1.0213077457222524
R_xml,983,542841.0691507609,3362792.512528043,17.345439480378502,3802.0,1301.0,3803.2676936367643,1300.8661275154561,452.87356016230547,1.2747427186733262
R_xml,160,542841.0691507609,3362792.512528043,17.345439480378502,1201.0,1336.0,1201.6348193124413,1336.447329916599,372.79895190326175,0.7765948839214744
R_xml,1013,542841.0691507609,3362792.512528043,17.345439480378502,2298.0,3058.0,2298.5747039332205,3056.747569657493,406.62937734192604,1.377993604372474
R_xml,183,542841.0691507609,3362792.512528043,17.345439480378502,3072.0,813.0,3073.0078592873256,812.0745180919887,372.51087311003806,1.368319080150774
R_xml,192,542841.0691507609,3362792.512528043,17.345439480378502,3040.0,3578.0,3039.272187446069,3577.046279792044,376.706407057483,1.1997055258366984
R_xml,281,542841.0691507609,3362792.512528043,17.345439480378502,3124.0,3768.0,3125.2625499966607,3766.592935129477,375.9722110732575,1.8904666206858631
R_xml,1011,542841.0691507609,3362792.512528043,17.345439480378502,2353.0,2494.0,2353.696293490089,2494.4359813607416,460.7437182619515,0.8215256363950622
R_xml,279,542841.0691507609,3362792.512528043,17.345439480378502,3156.0,3121.0,3155.3892062119758,3120.366718211136,375.64865944917995,0.8798379825831972
R_xml,302,542841.0691507609,3362792.512528043,17.345439480378502,999.0,1827.0,1000.088019199595,1825.5790673333947,372.9432717735016,1.7896467309816544
R_xml,1039,542841.0691507609,3362792.512528043,17.345439480378502,2079.0,2939.0,2079.4944429289712,2938.275888235005,415.2276714616238,0.8768190567123625
R_xml,1009,542841.0691507609,3362792.512528043,17.345439480378502,2376.0,2038.0,2375.859160832584,2038.1180478360045,514.9760553079597,0.1837687749965491
R_xml,300,542841.0691507609,3362792.512528043,17.345439480378502,1023.0,1163.0,1023.5849813384662,1162.0496282111885,371.9713219510686,1.1159792575681602
R_xml,304,542841.0691507609,3362792.512528043,17.345439480378502,995.0,2497.0,996.89541975659,2496.076713924477,374.3309962605206,2.10833423131291
R_xml,1038,542841.0691507609,3362792.512528043,17.345439480378502,2144.0,2392.0,2143.0601645871593,2392.1985403950157,469.7732759327427,0.9605773741258048
R_xml,270,542841.0691507609,3362792.512528043,17.345439480378502,3288.0,352.0,3288.4653301589865,350.18422795768606,373.3485548553668,1.8744493235378012
R_xml,956,542841.0691507609,3362792.512528043,17.345439480378502,789.0,1731.0,790.492736459114,1729.48359562968,501.81414840032835,2.127849701152301
R_xml,182,542994.680577553,3363627.05929979,16.03827534591352,5082.0,640.0,5086.5286342011295,636.8608067278251,837.6182139722866,5.510268789061777
R_xml,278,542994.680577553,3363627.05929979,16.03827534591352,228.0,2972.0,231.76319049280482,2971.1719546024783,751.504202650178,3.853214484750813
R_xml,818,542994.680577553,3363627.05929979,16.03827534591352,2497.0,2290.0,2497.1806688004767,2290.1062073113612,593.8790362746014,0.20957387349638743
R_xml,393,542994.680577553,3363627.05929979,16.03827534591352,1230.0,3010.0,1231.7716043062653,3008.7306062020502,757.0591266408996,2.1794362647829675
R_xml,816,542994.680577553,3363627.05929979,16.03827534591352,2491.0,1956.0,2491.150571803393,1955.1706558671372,538.6677632150106,0.8429018677705578
R_xml,382,542994.680577553,3363627.05929979,16.03827534591352,759.0,1960.0,760.0333757344636,1959.1487359871896,537.3482544642791,1.3388486949928673
R_xml,391,542994.680577553,3363627.05929979,16.03827534591352,1158.0,2833.0,1159.824985631753,2832.6933786281747,709.175531401371,1.8505645683857466
R_xml,425,542994.680577553,3363627.05929979,16.03827534591352,3606.0,1257.0,3606.6586828236,1255.5542377780444,648.8543828171453,1.5887389541834003
R_xml,501,542994.680577553,3363627.05929979,16.03827534591352,2169.0,2509.0,2169.4958171559324,2509.006108745068,628.684414409458,0.49585478608479827
R_xml,545,542994.680577553,3363627.05929979,16.03827534591352,2409.0,1782.0,2408.357636381795,1781.6804296576827,551.4793372859458,0.7174651362136284
R_xml,180,542994.680577553,3363627.05929979,16.03827534591352,4900.0,455.0,4904.540206914581,451.9165523550889,905.3360411485261,5.488271877933744
R_xml,972,542994.680577553,3363627.05929979,16.03827534591352,296.0,897.0,298.5495524884882,896.7670505347228,741.2394907128698,2.5601725224932124
R_xml,430,542994.680577553,3363627.05929979,16.03827534591352,3810.0,1799.0,3810.341209811506,1799.3474270111878,549.2369988900675,0.4869596118476517
R_xml,820,542994.680577553,3363627.05929979,16.03827534591352,2501.0,2571.0,2500.440920370799,2570.056045651688,648.9556410492597,1.0970960958297473
R_xml,814,542994.680577553,3363627.05929979,16.03827534591352,2474.0,1542.0,2473.2516985345446,1541.5776121433578,483.3267315753485,0.8592825988238447
R_xml,421,542994.680577553,3363627.05929979,16.03827534591352,3468.0,837.0,3467.8647253451827,835.9034107368343,748.5186598648006,1.104901463627515
R_xml,780,542994.680577553,3363627.05929979,16.03827534591352,3581.0,2031.0,3580.9504201983714,2030.329137179478,516.6698110388885,0.6726924116475632
R_xml,782,542994.680577553,3363627.05929979,16.03827534591352,3672.0,2473.0,3672.665395547318,2472.005244535784,462.91053760007156,1.1967830496701648
R_xml,778,542994.680577553,3363627.05929979,16.03827534591352,3507.0,1673.0,3506.510522644706,1672.740198926571,570.2640402297153,0.5541522165439674
R_xml,311,542994.680577553,3363627.05929979,16.03827534591352,5089.0,1750.0,5090.857411733674,1748.2160067048699,556.6984288816451,2.5753854906515716
R_xml,584,542994.680577553,3363627.05929979,16.03827534591352,3749.0,1866.0,3749.726636132985,1865.6012025512205,537.8392929272744,0.828878443990553
R_xml,395,542994.680577553,3363627.05929979,16.03827534591352,1292.0,3164.0,1293.884950577323,3162.816837335513,807.8052896341445,2.2255140012110948
R_xml,308,542994.680577553,3363627.05929979,16.03827534591352,4906.0,1451.0,4908.574139733278,1449.009015286139,609.4604105065979,3.2542611292376598
R_xml,280,542994.680577553,3363627.05929979,16.03827534591352,346.0,3124.0,348.93090232458144,3122.699638293914,799.8109431225125,3.206419966706063
R_xml,389,542994.680577553,3363627.05929979,16.03827534591352,1073.0,2624.0,1074.5649530239855,2623.981047202711,661.0659893622884,1.565067786329517
R_xml,282,542994.680577553,3363627.05929979,16.03827534591352,479.0,3261.0,482.26137801026516,3259.3029765930655,850.5032044505953,3.676475889969176
R_xml,572,542994.680577553,3363627.05929979,16.03827534591352,2214.0,1767.0,2213.369537892862,1766.7894112008178,511.7393570075558,0.6647030245741543
R_xml,574,542994.680577553,3363627.05929979,16.03827534591352,2226.0,2344.0,2225.0379823388735,2343.7890556547395,604.1643761288627,0.9848733406467804
R_xml,456,542994.680577553,3363627.05929979,16.03827534591352,3718.0,1715.0,3717.696227045801,1714.1898940594003,503.73139036799637,0.8651876343878075
R_xml,583,542994.680577553,3363627.05929979,16.03827534591352,3669.0,1521.0,3669.738317640167,1521.2795770934504,591.7611050441484,0.7894784917679876
R_xml,108,542134.9492576987,3363532.7291303542,14.528326903511754,2584.0,2808.0,2584.501425624223,2808.2216694310705,378.41700974098535,0.5482380808540365
R_xml,225,542134.9492576987,3363532.7291303542,14.528326903511754,615.0,2676.0,616.7418519942594,2675.367277366166,376.8538964837547,1.8532097294346257
R_xml,11,542134.9492576987,3363532.7291303542,14.528326903511754,1568.0,2150.0,1568.778912896368,2149.490212403091,376.46938866969566,0.9309074573181998
R_xml,7,542134.9492576987,3363532.7291303542,14.528326903511754,1581.0,830.0,1581.6599072137594,830.4148407089835,375.56060903560734,0.7794679881827729
R_xml,13,542134.9492576987,3363532.7291303542,14.528326903511754,1571.0,2821.0,1572.0957243389444,2819.439996084634,377.24580196490183,1.9063640898087397
R_xml,100,542134.9492576987,3363532.7291303542,14.528326903511754,2772.0,124.0,2772.1982298975668,123.3979283277597,373.4873271091093,0.6338654358801712
R_xml,9,542134.9492576987,3363532.7291303542,14.528326903511754,1574.0,1488.0,1574.2450001148975,1487.993102755081,375.9269157456342,0.24509718131234576
R_xml,104,542134.9492576987,3363532.7291303542,14.528326903511754,2695.0,1459.0,2695.627337511884,1458.5304337145508,376.1029364742131,0.7836101391938206
R_xml,123,542134.9492576987,3363532.7291303542,14.528326903511754,3660.0,1129.0,3660.7342797149377,1128.695458165104,376.77635583152454,0.7949291974577416
R_xml,106,542134.9492576987,3363532.7291303542,14.528326903511754,2641.0,2135.0,2641.1275057823295,2135.6477673659647,377.2110788647834,0.6601971561104227
R_xml,110,542134.9492576987,3363532.7291303542,14.528326903511754,2524.0,3462.0,2524.0561954888813,3460.618951864125,379.43565045794423,1.3821909732647613
R_xml,125,542134.9492576987,3363532.7291303542,14.528326903511754,3640.0,1801.0,3640.9929047433297,1801.029908645358,377.396066102563,0.9933551008546057
R_xml,127,542134.9492576987,3363532.7291303542,14.528326903511754,3613.0,2473.0,3612.890789829658,2473.168258662818,378.0539938406947,0.20059371605178802
R_xml,102,542134.9492576987,3363532.7291303542,14.528326903511754,2739.0,781.0,2738.7531299538346,780.8649528055646,374.8716009860953,0.28139396656396154
R_xml,131,542134.9492576987,3363532.7291303542,14.528326903511754,3513.0,3768.0,3513.248339288905,3767.298624600895,379.7407012498059,0.7440429106466153
R_xml,111,542134.9492576987,3363532.7291303542,14.528326903511754,2511.0,554.0,2511.2317458789717,553.7533139545237,387.95444303702664,0.3384673654180989
R_xml,129,542134.9492576987,3363532.7291303542,14.528326903511754,3571.0,3133.0,3570.294704543189,3132.3945976062387,378.9043833083259,0.9294911187152141
R_xml,15,542134.9492576987,3363532.7291303542,14.528326903511754,1575.0,3466.0,1576.2402899292654,3465.0742044041244,377.76757915173226,1.5477133436071762
R_xml,223,542134.9492576987,3363532.7291303542,14.528326903511754,635.0,2029.0,636.2003933881163,2027.8243962219292,376.1295760977637,1.6801751483841134
R_xml,217,542134.9492576987,3363532.7291303542,14.528326903511754,767.0,118.0,768.7703878395027,116.71325526858618,373.8376337076708,2.188603460218507
R_xml,221,542134.9492576987,3363532.7291303542,14.528326903511754,664.0,1365.0,664.3351551260257,1364.0257477636114,375.07671051442065,1.0302894635050053
R_xml,690,542134.9492576987,3363532.7291303542,14.528326903511754,1586.0,183.0,1586.9068305293922,182.18869407772718,357.5666625150808,1.2167821943769188
R_xml,1,541799.5180963633,3363710.9892358184,22.483284267704448,3448.0,2561.0,3447.810559757546,2561.8505779713337,445.24429806275566,0.8714186656132558
R_xml,2,541799.5180963633,3363710.9892358184,22.483284267704448,3533.0,3073.0,3533.7274857455277,3072.4134614439517,396.9643876536326,0.9344854133035818
R_xml,116,541799.5180963633,3363710.9892358184,22.483284267704448,640.0,824.0,640.9926034637608,824.5973426424837,397.61874643755993,1.1584817084440115
R_xml,783,541799.5180963633,3363710.9892358184,22.483284267704448,201.0,3062.0,204.8579895651269,3060.455612030717,774.2804473738324,4.155624824775939
R_xml,129,542348.3153502818,3363619.175184889,17.461998480310285,1368.0,2749.0,1369.3683742513633,2748.8376720780843,374.58914775826275,1.377968956844671
R_xml,683,542348.3153502818,3363619.175184889,17.461998480310285,1775.0,1810.0,1774.927007604057,1808.772544288129,539.5713553992871,1.229624094782741
R_xml,219,542348.3153502818,3363619.175184889,17.461998480310285,2868.0,1042.0,2867.0910310230724,1041.7253592037548,372.49097241984583,0.949553667771821
R_xml,748,542363.332976995,3363666.565638554,20.477044362677475,3769.0,3277.0,3769.072574183366,3276.4920659898653,382.77415199457954,0.5130925557273217
R_xml,683,542363.332976995,3363666.565638554,20.477044362677475,1970.0,1976.0,1969.7551491165227,1975.9049866860914,512.1122938149613,0.2626394581160535
R_xml,712,542363.332976995,3363666.565638554,20.477044362677475,2519.0,700.0,2520.1993365209455,699.1259127284391,394.50591403308476,1.484060864243283
R_xml,343,542363.332976995,3363666.565638554,20.477044362677475,1036.0,410.0,1036.4521661478334,409.2676725658764,367.2319719239079,0.8606728158926208
R_xml,344,542363.332976995,3363666.565638554,20.477044362677475,1173.0,1051.0,1174.1884154703725,1051.0522454296108,422.86429933211673,1.1895633296029353
R_xml,684,542363.332976995,3363666.565638554,20.477044362677475,1872.0,2427.0,1872.515200664811,2427.751448510895,457.7148615247851,0.911101854650664
R_xml,335,542363.332976995,3363666.565638554,20.477044362677475,1170.0,756.0,1170.022195675901,756.0277052466249,368.10294881654625,0.03549970026986039
R_xml,685,542363.332976995,3363666.565638554,20.477044362677475,1781.0,2995.0,1780.951037734747,2995.000062565975,403.9551005226842,0.048962305227725135
R_xml,341,542363.332976995,3363666.565638554,20.477044362677475,1072.0,2766.0,1072.6753411547513,2765.4149325003973,371.94726770656706,0.8935265269661591
R_xml,236,542363.332976995,3363666.565638554,20.477044362677475,3141.0,2950.0,3141.9221769254323,2950.2938292402623,412.07944440702954,0.9678563448326607
R_xml,682,542363.332976995,3363666.565638554,20.477044362677475,2024.0,1620.0,2025.1260258897914,1619.5016665185735,566.32375626905,1.2313693853556782
R_xml,7,541839.8517383407,3363568.8391336594,22.861522719604636,3932.0,2559.0,3932.1804779357535,2559.8024605837722,369.5299771647237,0.8225054855755929
R_xml,9,541839.8517383407,3363568.8391336594,22.861522719604636,3911.0,3229.0,3910.9356184842272,3228.480459993344,370.02719427942134,0.5235138948387407
R_xml,110,541839.8517383407,3363568.8391336594,22.861522719604636,349.0,1584.0,350.43085785550784,1583.0646214366234,366.02959205491885,1.70946987674337
R_xml,108,541839.8517383407,3363568.8391336594,22.861522719604636,417.0,925.0,418.1537322384147,924.8010229375523,365.20557939908315,1.1707646857237095
R_xml,3,541834.1824560611,3363565.3768146513,25.294714942144992,3787.0,2566.0,3786.435086858115,2566.5917102173753,440.86535078833276,0.8180756928430692
R_xml,114,541834.1824560611,3363565.3768146513,25.294714942144992,246.0,740.0,248.59352246134995,739.2538305951946,383.6025040052058,2.69872702180016
R_xml,9,541834.1824560611,3363565.3768146513,25.294714942144992,3982.0,3234.0,3982.3927436174863,3232.6500080749215,367.62746890655336,1.4059607913641616
R_xml,1,542026.9666760421,3363869.9711027164,25.452362376797623,1106.0,2734.0,1107.5272991757142,2733.423681109268,423.7352120363583,1.6324172983499499
R_xml,117,542026.9666760421,3363869.9711027164,25.452362376797623,3004.0,2989.0,3003.7303483514056,2989.124495265257,403.0405567594135,0.29700350614269544
R_xml,685,542026.9666760421,3363869.9711027164,25.452362376797623,4341.0,1773.0,4341.638919617463,1772.4556629234075,532.4267175402732,0.8393575701288237
R_xml,686,542026.9666760421,3363869.9711027164,25.452362376797623,4489.0,2170.0,4489.649249875196,2169.231906271772,480.15902782351446,1.0057302698959911
R_xml,684,542026.9666760421,3363869.9711027164,25.452362376797623,4176.0,1434.0,4177.062567052072,1433.6276836503087,587.5666161511101,1.1259077246367912
R_xml,687,542026.9666760421,3363869.9711027164,25.452362376797623,4702.0,2682.0,4703.550870845371,2681.0284648516454,425.47508824497737,1.8300494319852751
R_xml,712,542026.9666760421,3363869.9711027164,25.452362376797623,233.0,1961.0,236.36421053013646,1960.7747560830076,524.6757580221159,3.3717424743332853
R_xml,683,542026.9666760421,3363869.9711027164,25.452362376797623,4066.0,1168.0,4067.526204261485,1167.5222641077046,640.9601067046908,1.5992282609315525
R_xml,998,543736.7459560685,3363341.22588161,24.458615586285646,2703.0,3386.0,2703.821595701647,3384.415949678795,372.7536954260414,1.7844424667311811
R_xml,1062,543736.7459560685,3363341.22588161,24.458615586285646,1491.0,268.0,1491.1548139956883,267.4486470479569,352.5851814883588,0.5726756944271393
R_xml,997,543736.7459560685,3363341.22588161,24.458615586285646,3604.0,452.0,3605.2105913531523,449.4416033584914,368.3038240622552,2.83035771583901
R_xml,125,542160.7640074657,3363560.1392270075,14.370236632966396,3287.0,1893.0,3287.0657252655988,1893.6882006842172,377.43249936486126,0.691332041999428
R_xml,122,542160.7640074657,3363560.1392270075,14.370236632966396,3326.0,3452.0,3326.4652700325173,3450.660488648673,377.7843525704082,1.418015113985953
R_xml,223,542160.7640074657,3363560.1392270075,14.370236632966396,963.0,1932.0,964.5123438492981,1932.5082640208873,376.26135766252276,1.595467402812803
R_xml,108,542160.7640074657,3363560.1392270075,14.370236632966396,2944.0,2727.0,2943.4831376432226,2725.9169137424037,378.6537037239281,1.200092720270996
R_xml,708,542160.7640074657,3363560.1392270075,14.370236632966396,2491.0,1257.0,2491.379696550375,1256.839338090919,453.004882037248,0.41228839347725393
R_xml,127,542160.7640074657,3363560.1392270075,14.370236632966396,3260.0,2567.0,3259.066212942631,2567.032061634061,378.1656956265929,0.934337314297464
R_xml,225,542160.7640074657,3363560.1392270075,14.370236632966396,940.0,2592.0,940.350800966057,2591.14323629699,377.06462470629856,0.9257998490937847
R_xml,4,542388.2612246224,3362945.473185036,19.341454560505326,2480.0,284.0,2480.881752651929,282.4925159398333,959.2975869597288,1.7464237546600354
R_xml,113,542388.2612246224,3362945.473185036,19.341454560505326,2052.0,3446.0,2053.68448188338,3445.129895233808,928.2382677459639,1.8959328889984803
R_xml,16,542388.2612246224,3362945.473185036,19.341454560505326,2418.0,1527.0,2417.8522279797426,1527.1909141116028,588.6820779925422,0.24142238500195348
R_xml,135,542388.2612246224,3362945.473185036,19.341454560505326,3974.0,2045.0,3975.257459983689,2045.2498525604824,510.46572210257176,1.2820420868905116
R_xml,19,542388.2612246224,3362945.473185036,19.341454560505326,2400.0,1862.0,2400.461119017447,1861.086688737331,535.5251827307236,1.0231169096291337
R_xml,101,542388.2612246224,3362945.473185036,19.341454560505326,2096.0,2292.0,2095.7703801990983,2291.5513192545413,590.4143620698236,0.5040234759527206
R_xml,105,542388.2612246224,3362945.473185036,19.341454560505326,2075.0,2759.0,2076.293898891647,2758.4487862080528,688.3072091432356,1.4064177850974937
R_xml,121,542388.2612246224,3362945.473185036,19.341454560505326,3499.0,464.0,3498.944438605374,462.99312408259925,879.1680774581152,1.0084077457131915
R_xml,119,542388.2612246224,3362945.473185036,19.341454560505326,3422.0,218.0,3422.43750056857,216.4196943088491,987.2054851802503,1.6397477931020756
R_xml,124,542388.2612246224,3362945.473185036,19.341454560505326,3624.0,823.0,3624.76983823586,823.1566590237708,749.9970438442933,0.7856162925504168
R_xml,122,542388.2612246224,3362945.473185036,19.341454560505326,3539.0,606.0,3539.279215354316,605.448131123539,824.7649827150298,0.6184823933565694
R_xml,220,542388.2612246224,3362945.473185036,19.341454560505326,969.0,2514.0,970.3408077360555,2514.490155782674,634.4669853274429,1.427591705059525
R_xml,118,542388.2612246224,3362945.473185036,19.341454560505326,3394.0,116.0,3394.789831503783,114.2659629904399,1041.0540335973642,1.9054443457870753
R_xml,964,542451.2465618546,3362561.5949861594,16.548103474161394,3872.0,2290.0,3872.3466391305383,2289.6796854131967,481.7474747757681,0.4719747041307473
R_xml,1093,542451.2465618546,3362561.5949861594,16.548103474161394,3818.0,1466.0,3818.7190850317397,1465.2215559989834,472.45160682219193,1.0597444718378521
R_xml,962,542451.2465618546,3362561.5949861594,16.548103474161394,757.0,1808.0,757.9384512692961,1808.2260654441848,515.0707023291931,0.9652960011820154
R_xml,760,542106.8850802599,3363725.6435070145,22.990509471695248,4616.0,1743.0,4616.608019187795,1741.8879438208976,498.98365524935446,1.267421113208736
R_xml,766,542106.8850802599,3363725.6435070145,22.990509471695248,557.0,1165.0,558.6885882315491,1163.5394533266067,661.364551921288,2.2326053840494384
R_xml,860,542106.8850802599,3363725.6435070145,22.990509471695248,583.0,3661.0,586.2753329601219,3659.3405759177977,1059.6186278101154,3.6717154416231534
R_xml,701,542106.8850802599,3363725.6435070145,22.990509471695248,1138.0,2595.0,1138.0937977609806,2594.556640343044,439.33865916303193,0.45317304132217745
R_xml,702,542106.8850802599,3363725.6435070145,22.990509471695248,940.0,3197.0,941.8860992909063,3195.364690435603,384.48223162955327,2.4963188711713036
R_xml,759,542106.8850802599,3363725.6435070145,22.990509471695248,4858.0,1279.0,4860.725363182415,1277.9761650490605,442.90038125137414,2.9113300195665057
R_xml,804,542106.8850802599,3363725.6435070145,22.990509471695248,4563.0,333.0,4566.468771360915,329.58649181970395,938.7217621712705,4.866663420789389
R_xml,765,542106.8850802599,3363725.6435070145,22.990509471695248,733.0,980.0,733.3456047389116,979.8489086636567,713.8146862770853,0.3771885834382045
R_xml,925,542934.7590023271,3363500.602475435,29.63622653188895,1192.0,2281.0,1192.8451496602013,2280.5092760720095,565.4443217641219,0.9772859978741152
R_xml,616,542934.7590023271,3363500.602475435,29.63622653188895,4231.0,2319.0,4231.400395647281,2319.700312171354,580.6406394772182,0.8066931335446851
R_xml,575,542934.7590023271,3363500.602475435,29.63622653188895,1658.0,2894.0,1657.7294535784176,2893.783203861953,705.1904586943241,0.3466928492240289
R_xml,923,542934.7590023271,3363500.602475435,29.63622653188895,875.0,1472.0,876.9461414506586,1470.8949103516954,453.67450123916535,2.2380102047938717
R_xml,733,542934.7590023271,3363500.602475435,29.63622653188895,1207.0,799.0,1207.726356152924,798.9196300254309,743.3866791465666,0.7307890213342558
R_xml,573,542934.7590023271,3363500.602475435,29.63622653188895,1523.0,2401.0,1523.8856691404753,2401.727520965504,593.1445695854839,1.1461660358072998
R_xml,71,542576.7941052446,3362738.035424919,16.056020481164524,2607.0,1659.0,2606.7896462220942,1658.6050946929017,374.7930468748413,0.44743593223343975
R_xml,185,542576.7941052446,3362738.035424919,16.056020481164524,629.0,710.0,630.013865633957,709.4796876582143,372.48911360402826,1.1395825800413235
R_xml,189,542576.7941052446,3362738.035424919,16.056020481164524,596.0,2027.0,597.8464844949981,2027.0120341002316,374.73841485263966,1.8465237095246714
R_xml,49,542576.7941052446,3362738.035424919,16.056020481164524,1552.0,3414.0,1553.164788931274,3412.4202707343993,376.83576965932184,1.9627220401813479
R_xml,69,542576.7941052446,3362738.035424919,16.056020481164524,2604.0,971.0,2603.6035593073448,970.4632906929718,373.30744490934495,0.6672496557089188
R_xml,160,542576.7941052446,3362738.035424919,16.056020481164524,3668.0,2286.0,3668.5316982733593,2285.6797650376575,376.1486007763432,0.6206879127224862
R_xml,47,542576.7941052446,3362738.035424919,16.056020481164524,1572.0,2767.0,1573.0952221440934,2766.0559804321238,375.96739608799976,1.4459199457251688
R_xml,162,542576.7941052446,3362738.035424919,16.056020481164524,3613.0,2959.0,3613.2510030367416,2958.36897659193,377.0196447361549,0.6791119686664474
R_xml,1037,542576.7941052446,3362738.035424919,16.056020481164524,1156.0,3817.0,1157.164795821682,3814.1110454360905,346.24234688769525,3.1149330295435167
R_xml,186,542576.7941052446,3362738.035424919,16.056020481164524,540.0,3746.0,543.2906163900057,3743.6108259383464,347.636745859335,4.066486065763957
R_xml,979,542774.4795739242,3362841.4072852167,20.996451052071166,3254.0,682.0,3255.3731437505235,681.6496701791464,390.4294981946112,1.417129049515602
R_xml,307,542774.4795739242,3362841.4072852167,20.996451052071166,674.0,2498.0,676.0382581759673,2497.5086025397845,370.6802352972626,2.0966563513851244
R_xml,195,542774.4795739242,3362841.4072852167,20.996451052071166,2714.0,3676.0,2714.6653932556933,3675.4077398266572,373.4611482205498,0.8907975626651192
R_xml,185,542774.4795739242,3362841.4072852167,20.996451052071166,2751.0,742.0,2750.580230362545,740.8296262350575,368.6994614124119,1.2433749628308866
R_xml,1015,542774.4795739242,3362841.4072852167,20.996451052071166,2989.0,3411.0,2988.776374726325,3409.31270289224,374.3434608696028,1.7020516422487837
R_xml,270,542774.4795739242,3362841.4072852167,20.996451052071166,3601.0,1083.0,3600.9257143076584,1082.5235167540395,370.72249044317283,0.48223920181556096
R_xml,306,542774.4795739242,3362841.4072852167,20.996451052071166,673.0,2434.0,675.3006987336539,2433.5245393097366,370.57679517377017,2.349314268254138
R_xml,273,542774.4795739242,3362841.4072852167,20.996451052071166,3579.0,1843.0,3579.9066797458995,1843.6012243535145,371.06754919607624,1.0879057334545452
R_xml,197,542774.4795739242,3362841.4072852167,20.996451052071166,2699.0,861.0,2698.7159718982093,860.7787439926378,407.28909448781326,0.36003636399767636
R_xml,302,542774.4795739242,3362841.4072852167,20.996451052071166,686.0,1090.0,687.9525718858463,1088.745692705579,367.5795087744701,2.3207377616256597
R_xml,977,542774.4795739242,3362841.4072852167,20.996451052071166,3316.0,372.0,3315.813153137723,370.77063545073634,366.7340714786881,1.2434825873043034
R_xml,287,543042.4855308402,3362527.655140982,8.999122145813772,2676.0,502.0,2675.3712062309596,501.18737268402674,388.6093002158264,1.0274944080869328
R_xml,166,543042.4855308402,3362527.655140982,8.999122145813772,916.0,199.0,917.5223982988252,198.34101266831203,378.9133917259103,1.658903518469716
R_xml,1089,543042.4855308402,3362527.655140982,8.999122145813772,1588.0,2305.0,1588.0997603946396,2304.356275585139,604.4940928020832,0.6514086725142804
R_xml,407,543167.14614579,3362951.2489536805,14.427481001595993,2555.0,1006.0,2554.969735533403,1006.024424538655,697.1556954308446,0.03889082188537441
R_xml,176,543167.14614579,3362951.2489536805,14.427481001595993,4868.0,1247.0,4870.396020979366,1245.7611274134063,654.2777698696985,2.6973545965213392
R_xml,177,543167.14614579,3362951.2489536805,14.427481001595993,5007.0,1506.0,5010.2171682014105,1505.055761888827,603.1001910468647,3.3528729243379076
R_xml,288,543167.14614579,3362951.2489536805,14.427481001595993,765.0,2561.0,767.4598464023845,2560.6586974093243,644.6047973748923,2.483411319480937
R_xml,287,543167.14614579,3362951.2489536805,14.427481001595993,634.0,2285.0,635.0904567648918,2284.76561739633,589.6369512034628,1.1153614485902394
R_xml,816,543357.3096773113,3363783.1857597493,26.42652411125499,2342.0,3224.0,2342.6369301310283,3222.975005898451,813.0520115553401,1.2067696134814105
R_xml,776,543357.3096773113,3363783.1857597493,26.42652411125499,3385.0,384.0,3386.167453110045,382.92540769321135,891.0564540943584,1.5867247366706656
R_xml,778,543357.3096773113,3363783.1857597493,26.42652411125499,3432.0,522.0,3432.8643524401195,520.8411630205674,837.5239029684176,1.445686095126175
R_xml,757,543357.3096773113,3363783.1857597493,26.42652411125499,1608.0,3819.0,1609.4966705383597,3817.380915752386,1110.0855906968477,2.2048710849538447
R_xml,846,543357.3096773113,3363783.1857597493,26.42652411125499,2486.0,639.0,2486.309995851041,638.9281956594657,787.0547463429181,0.31820322277164004
R_xml,914,543357.3096773113,3363783.1857597493,26.42652411125499,1404.0,807.0,1403.8777433640269,806.3303760542699,735.1342403826699,0.6806929658330766
R_xml,878,543357.3096773113,3363783.1857597493,26.42652411125499,3398.0,2924.0,3398.130194389781,2924.341163852663,714.5048141195039,0.365162092083005
R_xml,812,543357.3096773113,3363783.1857597493,26.42652411125499,2287.0,2869.0,2287.371821209704,2869.937998519149,702.5434220244947,1.0090055668387645
R_xml,848,543357.3096773113,3363783.1857597493,26.42652411125499,2473.0,801.0,2473.7810406925473,800.2953331222734,732.8932367844344,1.0519410496694896
R_xml,974,543357.3096773113,3363783.1857597493,26.42652411125499,858.0,385.0,859.4377345249161,383.2785360001783,898.2993714976453,2.2428818218572872
R_xml,972,543357.3096773113,3363783.1857597493,26.42652411125499,1058.0,157.0,1058.6964183258942,156.66724477568596,1006.7469123674939,0.7718319272675938
R_xml,980,543357.3096773113,3363783.1857597493,26.42652411125499,579.0,686.0,580.5722857112833,684.4799700937801,787.955570357843,2.186909525725346
R_xml,775,543357.3096773113,3363783.1857597493,26.42652411125499,3344.0,257.0,3344.2189907855245,255.84859899932758,945.2233301087766,1.1720414789989717
R_xml,948,543357.3096773113,3363783.1857597493,26.42652411125499,4159.0,3272.0,4159.654805555231,3272.9945669668978,838.6887855983725,1.19077024098095
R_xml,784,543357.3096773113,3363783.1857597493,26.42652411125499,3606.0,1043.0,3606.9010041825545,1041.491013566209,675.5936046662897,1.7575120467143792
R_xml,756,543357.3096773113,3363783.1857597493,26.42652411125499,1572.0,3735.0,1573.406687974591,3732.932649775051,1054.8684093914922,2.500541543437461
R_xml,814,543357.3096773113,3363783.1857597493,26.42652411125499,2316.0,3057.0,2315.5735681571723,3057.3813842407403,757.7471579220262,0.5720996903184737
R_xml,773,543357.3096773113,3363783.1857597493,26.42652411125499,3278.0,51.0,3279.7727095751306,48.7027398822936,1052.709436603103,2.9017069607671115
R_xml,973,543357.3096773113,3363783.1857597493,26.42652411125499,966.0,266.0,966.50845104125,263.9708237486418,952.8362374024242,2.091907913944674
R_xml,755,543357.3096773113,3363783.1857597493,26.42652411125499,1529.0,3636.0,1530.224680894494,3633.489440432079,1000.3658264190763,2.793340766433374
R_xml,780,543357.3096773113,3363783.1857597493,26.42652411125499,3473.0,670.0,3473.3109759258923,669.1961062292864,783.9453071596485,0.8619461822391462
R_xml,774,543357.3096773113,3363783.1857597493,26.42652411125499,3307.0,147.0,3307.0928392266424,145.7719733902852,999.0608437321232,1.2315309481174839
R_xml,704,543357.3096773113,3363783.1857597493,26.42652411125499,3940.0,89.0,3942.18661542662,85.90523167184756,1053.496201522426,3.7893110229786813
R_xml,754,542645.0839418938,3363881.8367675818,25.956428137920113,3654.0,2100.0,3654.756749590103,2100.090225267634,546.414852435802,0.7621092710633836
R_xml,751,542645.0839418938,3363881.8367675818,25.956428137920113,3899.0,1380.0,3899.8804350338496,1380.532130999108,451.57501578943226,1.0287513057300992
R_xml,341,542645.0839418938,3363881.8367675818,25.956428137920113,4527.0,2466.0,4528.267199681382,2464.9739588052307,367.6889619053205,1.6305077632011575
R_xml,755,542645.0839418938,3363881.8367675818,25.956428137920113,3529.0,2429.0,3528.066269390558,2428.7775460905973,603.0269124353284,0.9598638407699966
R_xml,753,542645.0839418938,3363881.8367675818,25.956428137920113,3750.0,1831.0,3750.0756554350683,1831.6610045161394,507.0106371266949,0.6653200096285147
R_xml,457,542645.0839418938,3363881.8367675818,25.956428137920113,2488.0,1813.0,2487.4440712664564,1813.7994903617946,365.32078199885626,0.9737769741485328
R_xml,4,541992.0098942086,3363661.351917417,25.553822665017265,2182.0,3267.0,2182.119151326194,3267.115449027531,380.117386301948,0.16590815679658724
R_xml,694,541992.0098942086,3363661.351917417,25.553822665017265,3131.0,2002.0,3131.350108327983,2002.1216304481272,531.1611375794278,0.37063433089052855
R_xml,700,541992.0098942086,3363661.351917417,25.553822665017265,984.0,2978.0,986.0685167120314,2977.074632746937,399.48222259918526,2.2660683884196215
R_xml,695,541992.0098942086,3363661.351917417,25.553822665017265,3065.0,2468.0,3064.8276354655477,2467.684017680167,586.6730770245696,0.3599366043958179
R_xml,701,541992.0098942086,3363661.351917417,25.553822665017265,787.0,3674.0,789.5210215667641,3671.925304483463,345.4874011731003,3.264951948563418
R_xml,698,541992.0098942086,3363661.351917417,25.553822665017265,1342.0,1976.0,1343.4313058278776,1976.5527407374107,509.5731912845148,1.5343267890869028
R_xml,762,541992.0098942086,3363661.351917417,25.553822665017265,4529.0,1880.0,4529.526819776639,1880.0950751869775,516.1625742441545,0.535330148821114
R_xml,763,541992.0098942086,3363661.351917417,25.553822665017265,4318.0,2238.0,4318.619152910821,2237.836259777585,572.8804595479827,0.6404382775994907
R_xml,766,541992.0098942086,3363661.351917417,25.553822665017265,229.0,1613.0,230.58678960686666,1611.6868263221534,567.1360803495019,2.059690842007437
R_xml,696,541992.0098942086,3363661.351917417,25.553822665017265,1644.0,1349.0,1644.053982368806,1349.0158765926985,617.0421800498711,0.056268662127451685
R_xml,697,541992.0098942086,3363661.351917417,25.553822665017265,1507.0,1609.0,1507.916280664669,1609.6775679631892,566.2926477550828,1.1395914185298084
R_xml,693,541992.0098942086,3363661.351917417,25.553822665017265,3212.0,1581.0,3211.3892115149206,1581.6747204187118,474.89889355366347,0.9101154964795453
R_xml,789,542374.4701519152,3363278.280604886,26.974830410620882,3168.0,3138.0,3167.3606039005117,3138.046693316488,779.5096715981356,0.6410987738605458
R_xml,740,542374.4701519152,3363278.280604886,26.974830410620882,1642.0,647.0,1642.3316140812062,646.6387555331203,776.8764104878139,0.4903727803472235
R_xml,941,542374.4701519152,3363278.280604886,26.974830410620882,4924.0,1238.0,4925.764578422469,1236.9402549248632,632.6790870282485,2.0583480350317123
R_xml,921,542374.4701519152,3363278.280604886,26.974830410620882,1213.0,3095.0,1214.553207913666,3093.4564339295193,770.9330141088536,2.189760497637561
R_xml,213,542397.9099534274,3363317.207295013,22.321439401638372,1793.0,2236.0,1793.6227358533033,2235.817091173063,369.6184370393848,0.6490420494550714
R_xml,88,542397.9099534274,3363317.207295013,22.321439401638372,3935.0,335.0,3935.544034460894,333.4558699627821,367.7667994671281,1.637165558665013
R_xml,137,542397.9099534274,3363317.207295013,22.321439401638372,2409.0,2156.0,2408.447661438302,2155.8911626520003,369.2732617025929,0.5629595501083589
R_xml,210,542397.9099534274,3363317.207295013,22.321439401638372,1811.0,1478.0,1811.326439694817,1477.4822634491168,368.47946973310553,0.6120571954259774
R_xml,142,542397.9099534274,3363317.207295013,22.321439401638372,2347.0,134.0,2348.0735183998113,132.46675276813176,348.1369413710641,1.8717074634581738
R_xml,215,542397.9099534274,3363317.207295013,22.321439401638372,1789.0,2505.0,1789.4834736164971,2505.368470261111,370.0223002320127,0.6078791583628099
R_xml,2,541938.9571510605,3363633.0741207153,25.17660540290126,2734.0,2124.0,2734.3159682488226,2124.1116633961174,489.470518395996,0.33511885696943666
R_xml,106,541938.9571510605,3363633.0741207153,25.17660540290126,1576.0,234.0,1576.4618703370638,234.01168447132363,362.64005081417014,0.4620181112570886
R_xml,7,541938.9571510605,3363633.0741207153,25.17660540290126,2765.0,2645.0,2765.4333756571555,2644.589197121231,366.5651153931247,0.597137727345984
R_xml,115,541938.9571510605,3363633.0741207153,25.17660540290126,1432.0,1303.0,1432.8121514980191,1303.4360262532,443.8239392048861,0.9217965877645536
R_xml,3,541938.9571510605,3363633.0741207153,25.17660540290126,2751.0,2632.0,2751.0878671524365,2632.047022569821,435.06161949738737,0.09965820864264945
R_xml,4,541938.9571510605,3363633.0741207153,25.17660540290126,2762.0,3285.0,2762.017649899891,3283.2684409747426,379.7083309982877,1.7316489762410134
R_xml,114,541938.9571510605,3363633.0741207153,25.17660540290126,1330.0,713.0,1330.95986868686,713.3197848445154,387.57162498307804,1.0117362515973565
R_xml,118,541938.9571510605,3363633.0741207153,25.17660540290126,4505.0,2344.0,4506.59740667079,2343.885317396048,462.75167382222776,1.6015180834242646
R_xml,119,541938.9571510605,3363633.0741207153,25.17660540290126,4686.0,2884.0,4687.712233794377,2883.3330298216715,408.55402395231596,1.837551029328885
R_xml,9,541938.9571510605,3363633.0741207153,25.17660540290126,2758.0,3321.0,2757.520475990126,3320.324563221481,367.14061857583135,0.828346616955311
R_xml,692,541938.9571510605,3363633.0741207153,25.17660540290126,3384.0,557.0,3385.464725575345,556.0543944202727,376.14914386965063,1.7434422627321233
R_xml,134,542265.2289646281,3363400.657970044,22.82008176153016,3126.0,2809.0,3126.4605386420835,2809.036766961793,370.04263155988787,0.46200395055846377
R_xml,15,542265.2289646281,3363400.657970044,22.82008176153016,1071.0,1740.0,1072.2088384022563,1739.4856173542125,367.49927211161895,1.3137274409317008
R_xml,137,542265.2289646281,3363400.657970044,22.82008176153016,3083.0,3539.0,3083.490349842922,3537.1571828683263,370.9423922256363,1.9069394193952938
R_xml,759,542265.2289646281,3363400.657970044,22.82008176153016,1911.0,998.0,1910.6433118206073,997.6205442156571,416.1244961507049,0.52078128767242
R_xml,768,542265.2289646281,3363400.657970044,22.82008176153016,2420.0,1829.0,2419.725275754086,1828.6738869205165,535.79710655609,0.4264072606127747
R_xml,129,542265.2289646281,3363400.657970044,22.82008176153016,3209.0,1361.0,3209.2990442694895,1360.0819010917448,368.12749696817434,0.9655739642584791
R_xml,97,542265.2289646281,3363400.657970044,22.82008176153016,3213.0,1123.0,3214.019782211424,1122.7253875280585,367.02376686954824,1.056109733163652
R_xml,760,542265.2289646281,3363400.657970044,22.82008176153016,1968.0,1531.0,1967.8420034912506,1530.7765271623111,472.22873231521567,0.2736841353855153
R_xml,127,542265.2289646281,3363400.657970044,22.82008176153016,3238.0,679.0,3238.107030356529,677.8554326124836,367.3786547015153,1.149560786467968
R_xml,12,542265.2289646281,3363400.657970044,22.82008176153016,1097.0,3500.0,1099.052504448289,3499.160561691377,362.23683733378283,2.2175281698841904
R_xml,104,542265.2289646281,3363400.657970044,22.82008176153016,3057.0,3258.0,3056.1907667308883,3257.8167572001576,371.0202988538175,0.8297206804288472
R_xml,18,542265.2289646281,3363400.657970044,22.82008176153016,1079.0,2488.0,1079.1514209047223,2487.622925602485,368.53614989667795,0.4063414717307345
R_xml,769,542265.2289646281,3363400.657970044,22.82008176153016,2391.0,2245.0,2390.3675003124513,2244.3863307834945,481.0305709215434,0.881275077393951
R_xml,133,542265.2289646281,3363400.657970044,22.82008176153016,3128.0,2745.0,3129.0111617620564,2745.497774502729,369.97691346233745,1.12704372790597
R_xml,761,542265.2289646281,3363400.657970044,22.82008176153016,1992.0,1948.0,1991.8876980749465,1947.8752036950043,527.4585429875192,0.16788639048866044
R_xml,131,542265.2289646281,3363400.657970044,22.82008176153016,3165.0,2058.0,3166.0902841087063,2057.579557041525,369.0880141725981,1.1685425619244307
R_xml,95,542265.2289646281,3363400.657970044,22.82008176153016,3241.0,3539.0,3241.9937820454534,3538.4171793549094,361.2405552979887,1.152077540015986
R_xml,762,542265.2289646281,3363400.657970044,22.82008176153016,2030.0,2290.0,2031.1341159069098,2290.439775089973,583.734459053536,1.2163967362939028
R_xml,827,542265.2289646281,3363400.657970044,22.82008176153016,3619.0,1652.0,3619.9741493850897,1652.3813715837955,487.44064030760995,1.046141151756009
R_xml,217,542265.2289646281,3363400.657970044,22.82008176153016,1069.0,1790.0,1070.6736672140064,1789.422719754356,368.2520927692471,1.770427752056203
R_xml,770,542265.2289646281,3363400.657970044,22.82008176153016,2363.0,2765.0,2363.885661252653,2763.993825630748,426.13927795909757,1.340441239215944
R_xml,215,542265.2289646281,3363400.657970044,22.82008176153016,1095.0,1122.0,1095.4412584728707,1121.226049966691,367.4794014858692,0.8909027410099298
R_xml,847,542265.2289646281,3363400.657970044,22.82008176153016,938.0,2061.0,939.6448024186923,2060.3204892716403,539.7142699430294,1.7796375548104917
R_xml,248,542265.2289646281,3363400.657970044,22.82008176153016,5058.0,3059.0,5060.523847387193,3058.91042574741,372.01041213773544,2.5254364336821054
R_xml,249,542265.2289646281,3363400.657970044,22.82008176153016,5052.0,3120.0,5053.90937011889,3119.6237617728702,372.07142469949673,1.9460856750064095
R_xml,763,542265.2289646281,3363400.657970044,22.82008176153016,2051.0,2573.0,2052.21782662283,2572.058171446117,639.7636032686869,1.5395267805997115
