candidate,corr_dx_x,corr_dy_y,corr_norm_radius,cx_offset_px,cy_offset_px,direction_consistency,distortion_scale,focal_scale,good_matches,image_name,inlier_ratio,inliers,median_dx_px,median_dy_px,median_residual_norm_px,p90_residual_norm_px,query_image,query_keypoints,render_image,render_keypoints,scale,status,xml_photo_id
raw_query_vs_pinhole_render,0.525293815930686,0.5727611856125326,0.9681317301100544,0.0,0.0,0.668380618095398,0.0,1.0,1782,0000,0.7901234567901234,1408,12.1597900390625,23.929443359375,35.26472091674805,66.31222534179688,data_caiwangcun/query/images/exif_test/0000.jpg,9000,docs/experiments/dom_dsm_prepare/query_dom_patch_alignment_batch/images/000_0000/gpu_pinhole_render.png,9000,0.25,ok,7
undistorted_query_vs_pinhole_render,-0.09565731710044374,0.10052361080741486,0.9909552354441366,0.0,0.0,0.5035948753356934,1.0,1.0,1863,0000,0.9892646269457863,1843,-0.183837890625,25.8858642578125,38.68708801269531,61.029335021972656,data_caiwangcun/query/images/exif_test/0000.jpg,9000,docs/experiments/dom_dsm_prepare/query_dom_patch_alignment_batch/images/000_0000/gpu_pinhole_render.png,9000,0.25,ok,7
raw_query_vs_distorted_render,-0.11538509106159542,0.11770234472137958,0.9907979070078322,0.0,0.0,0.5083833336830139,1.0,1.0,1828,0000,0.9912472647702407,1812,-0.2724609375,25.8114013671875,37.57275390625,59.05924987792969,data_caiwangcun/query/images/exif_test/0000.jpg,9000,docs/experiments/dom_dsm_prepare/query_dom_patch_alignment_batch/images/000_0000/gpu_pinhole_render.png,9000,0.25,ok,7
undistorted_query_with_scaled_distortion_vs_pinhole_render,0.8075199817576524,0.7303135646772618,0.944063317634015,0.0,0.0,0.7446412444114685,-1.0,0.995,1698,0000,0.6584216725559482,1118,20.27099609375,23.05780029296875,35.991188049316406,87.15235137939453,data_caiwangcun/query/images/exif_test/0000.jpg,9000,docs/experiments/dom_dsm_prepare/query_dom_patch_alignment_batch/images/000_0000/gpu_pinhole_render.png,9000,0.25,ok,7
raw_query_vs_distorted_render_with_scaled_distortion,0.8199440968492387,0.705291770334826,0.9460753376928155,0.0,0.0,0.8378825187683105,-1.0,0.995,1700,0000,0.6235294117647059,1060,20.4755859375,27.0374755859375,36.98139953613281,94.27115631103516,data_caiwangcun/query/images/exif_test/0000.jpg,9000,docs/experiments/dom_dsm_prepare/query_dom_patch_alignment_batch/images/000_0000/gpu_pinhole_render.png,9000,0.25,ok,7
undistorted_query_with_scaled_distortion_vs_pinhole_render,0.8142838264863433,0.7385420681245438,0.9510022117569388,0.0,-30.0,0.8878172039985657,-1.0,0.995,1707,0000,0.6332747510251904,1081,21.7412109375,30.3265380859375,40.2597770690918,95.78207397460938,data_caiwangcun/query/images/exif_test/0000.jpg,9001,docs/experiments/dom_dsm_prepare/query_dom_patch_alignment_batch/images/000_0000/gpu_pinhole_render.png,9000,0.25,ok,7
raw_query_vs_distorted_render_with_scaled_distortion,0.6375600369939918,0.6258593967608782,0.9465529328938251,0.0,-30.0,0.5569278597831726,-1.0,0.995,1728,0000,0.5648148148148148,976,15.3360595703125,15.48699951171875,32.825477600097656,58.20408630371094,data_caiwangcun/query/images/exif_test/0000.jpg,9000,docs/experiments/dom_dsm_prepare/query_dom_patch_alignment_batch/images/000_0000/gpu_pinhole_render.png,9001,0.25,ok,7
undistorted_query_with_scaled_distortion_vs_pinhole_render,0.8066183130471638,0.7100919285895799,0.943976762972736,0.0,30.0,0.7160109281539917,-1.0,0.995,1690,0000,0.6408284023668639,1083,19.21484375,20.608154296875,34.87416458129883,86.49726867675781,data_caiwangcun/query/images/exif_test/0000.jpg,9000,docs/experiments/dom_dsm_prepare/query_dom_patch_alignment_batch/images/000_0000/gpu_pinhole_render.png,9000,0.25,ok,7
raw_query_vs_distorted_render_with_scaled_distortion,0.7705421330141264,0.7050331681477134,0.9514339512782752,0.0,30.0,0.8547559976577759,-1.0,0.995,1687,0000,0.6081802015411973,1026,20.5655517578125,25.963134765625,36.389984130859375,87.4372787475586,data_caiwangcun/query/images/exif_test/0000.jpg,9000,docs/experiments/dom_dsm_prepare/query_dom_patch_alignment_batch/images/000_0000/gpu_pinhole_render.png,9000,0.25,ok,7
undistorted_query_with_scaled_distortion_vs_pinhole_render,0.7865078200891717,0.7173084217857343,0.9502094556690213,-30.0,0.0,0.8503477573394775,-1.0,0.995,1697,0000,0.624042427813789,1059,20.084716796875,25.6962890625,35.527503967285156,87.72676849365234,data_caiwangcun/query/images/exif_test/0000.jpg,9000,docs/experiments/dom_dsm_prepare/query_dom_patch_alignment_batch/images/000_0000/gpu_pinhole_render.png,9000,0.25,ok,7
raw_query_vs_distorted_render_with_scaled_distortion,0.8304456314525335,0.7211372155433546,0.9492622299232387,-30.0,0.0,0.8788123726844788,-1.0,0.995,1678,0000,0.6114421930870083,1026,22.36474609375,29.788330078125,40.03916549682617,98.54718017578125,data_caiwangcun/query/images/exif_test/0000.jpg,9000,docs/experiments/dom_dsm_prepare/query_dom_patch_alignment_batch/images/000_0000/gpu_pinhole_render.png,9000,0.25,ok,7
undistorted_query_with_scaled_distortion_vs_pinhole_render,0.811985304375399,0.7279746232988427,0.9400675956284164,30.0,0.0,0.7490060329437256,-1.0,0.995,1700,0000,0.6470588235294118,1100,19.4150390625,22.93511962890625,35.172447204589844,88.25196075439453,data_caiwangcun/query/images/exif_test/0000.jpg,9000,docs/experiments/dom_dsm_prepare/query_dom_patch_alignment_batch/images/000_0000/gpu_pinhole_render.png,9000,0.25,ok,7
raw_query_vs_distorted_render_with_scaled_distortion,0.8131615642592539,0.7339296331614565,0.9477776633785764,30.0,0.0,0.8951511979103088,-1.0,0.995,1671,0000,0.6295631358467983,1052,22.0587158203125,29.618408203125,39.18236541748047,99.24158477783203,data_caiwangcun/query/images/exif_test/0000.jpg,9000,docs/experiments/dom_dsm_prepare/query_dom_patch_alignment_batch/images/000_0000/gpu_pinhole_render.png,9001,0.25,ok,7
undistorted_query_with_scaled_distortion_vs_pinhole_render,0.8060096627115613,0.7212652710927249,0.9514369383449304,0.0,0.0,0.8716665506362915,-1.0,1.0,1705,0000,0.6357771260997067,1084,21.3316650390625,28.40606689453125,38.24231719970703,93.43029022216797,data_caiwangcun/query/images/exif_test/0000.jpg,9000,docs/experiments/dom_dsm_prepare/query_dom_patch_alignment_batch/images/000_0000/gpu_pinhole_render.png,9000,0.25,ok,7
raw_query_vs_distorted_render_with_scaled_distortion,0.827934606184785,0.7229948146130118,0.9474962863408011,0.0,0.0,0.8778444528579712,-1.0,1.0,1723,0000,0.6331979106210098,1091,22.10498046875,29.8880615234375,40.234344482421875,100.88316345214844,data_caiwangcun/query/images/exif_test/0000.jpg,9000,docs/experiments/dom_dsm_prepare/query_dom_patch_alignment_batch/images/000_0000/gpu_pinhole_render.png,9000,0.25,ok,7
undistorted_query_with_scaled_distortion_vs_pinhole_render,0.8122647321521382,0.7587962347402911,0.9510874972154684,0.0,-30.0,0.8971784710884094,-1.0,1.0,1741,0000,0.6266513497989661,1091,22.544189453125,31.0438232421875,41.394100189208984,97.1928939819336,data_caiwangcun/query/images/exif_test/0000.jpg,9000,docs/experiments/dom_dsm_prepare/query_dom_patch_alignment_batch/images/000_0000/gpu_pinhole_render.png,9000,0.25,ok,7
raw_query_vs_distorted_render_with_scaled_distortion,0.7953347284055642,0.7331410503790056,0.9466528534688385,0.0,-30.0,0.8297186493873596,-1.0,1.0,1690,0000,0.6485207100591716,1096,22.4984130859375,26.319580078125,38.47573471069336,99.87748718261719,data_caiwangcun/query/images/exif_test/0000.jpg,9000,docs/experiments/dom_dsm_prepare/query_dom_patch_alignment_batch/images/000_0000/gpu_pinhole_render.png,9000,0.25,ok,7
undistorted_query_with_scaled_distortion_vs_pinhole_render,0.7906324120017112,0.7305698878353927,0.9521590419456031,0.0,30.0,0.8605549335479736,-1.0,1.0,1678,0000,0.635280095351609,1066,21.1324462890625,27.14013671875,37.23980712890625,91.0138168334961,data_caiwangcun/query/images/exif_test/0000.jpg,9000,docs/experiments/dom_dsm_prepare/query_dom_patch_alignment_batch/images/000_0000/gpu_pinhole_render.png,9000,0.25,ok,7
raw_query_vs_distorted_render_with_scaled_distortion,0.6886845915489217,0.6885081480160247,0.9490607056985834,0.0,30.0,0.7666290402412415,-1.0,1.0,1700,0000,0.5823529411764706,990,19.9337158203125,19.36029052734375,33.71941375732422,75.80951690673828,data_caiwangcun/query/images/exif_test/0000.jpg,9000,docs/experiments/dom_dsm_prepare/query_dom_patch_alignment_batch/images/000_0000/gpu_pinhole_render.png,9000,0.25,ok,7
undistorted_query_with_scaled_distortion_vs_pinhole_render,0.7682563863144436,0.7038679059154935,0.9434546012643021,-30.0,0.0,0.6920897960662842,-1.0,1.0,1717,0000,0.6790914385556203,1166,19.0294189453125,20.50189208984375,35.93410110473633,80.05398559570312,data_caiwangcun/query/images/exif_test/0000.jpg,9000,docs/experiments/dom_dsm_prepare/query_dom_patch_alignment_batch/images/000_0000/gpu_pinhole_render.png,9000,0.25,ok,7
raw_query_vs_distorted_render_with_scaled_distortion,0.8497195769748646,0.7163533365899899,0.9446529006236851,-30.0,0.0,0.7949507832527161,-1.0,1.0,1658,0000,0.6055488540410132,1004,21.4376220703125,24.38702392578125,36.43385696411133,94.95535278320312,data_caiwangcun/query/images/exif_test/0000.jpg,9000,docs/experiments/dom_dsm_prepare/query_dom_patch_alignment_batch/images/000_0000/gpu_pinhole_render.png,9000,0.25,ok,7
undistorted_query_with_scaled_distortion_vs_pinhole_render,0.8119446276563728,0.7341020022100864,0.9481510954317711,30.0,0.0,0.9046528339385986,-1.0,1.0,1717,0000,0.6150262085032032,1056,22.23779296875,29.4609375,38.654014587402344,93.89193725585938,data_caiwangcun/query/images/exif_test/0000.jpg,9000,docs/experiments/dom_dsm_prepare/query_dom_patch_alignment_batch/images/000_0000/gpu_pinhole_render.png,9000,0.25,ok,7
raw_query_vs_distorted_render_with_scaled_distortion,0.8196109283163782,0.7468625649347203,0.9466971081037409,30.0,0.0,0.9028360247612,-1.0,1.0,1708,0000,0.6135831381733021,1048,22.084228515625,30.7294921875,39.96989440917969,101.43746948242188,data_caiwangcun/query/images/exif_test/0000.jpg,9000,docs/experiments/dom_dsm_prepare/query_dom_patch_alignment_batch/images/000_0000/gpu_pinhole_render.png,9000,0.25,ok,7
undistorted_query_with_scaled_distortion_vs_pinhole_render,0.6898417777179475,0.7304367294810769,0.9458057083910095,0.0,0.0,0.7421329021453857,-1.0,1.005,1728,0000,0.6666666666666666,1152,18.98876953125,21.661865234375,34.874107360839844,77.6045913696289,data_caiwangcun/query/images/exif_test/0000.jpg,9000,docs/experiments/dom_dsm_prepare/query_dom_patch_alignment_batch/images/000_0000/gpu_pinhole_render.png,9000,0.25,ok,7
raw_query_vs_distorted_render_with_scaled_distortion,0.8332385475947427,0.7556290267445656,0.9467927544588478,0.0,0.0,0.9046595692634583,-1.0,1.005,1705,0000,0.6146627565982404,1048,24.8521728515625,30.95538330078125,41.70336151123047,102.79778289794922,data_caiwangcun/query/images/exif_test/0000.jpg,9000,docs/experiments/dom_dsm_prepare/query_dom_patch_alignment_batch/images/000_0000/gpu_pinhole_render.png,9000,0.25,ok,7
undistorted_query_with_scaled_distortion_vs_pinhole_render,0.8020608060886024,0.7516664740011358,0.9510620842850386,0.0,-30.0,0.8931674957275391,-1.0,1.005,1733,0000,0.61800346220427,1071,22.361328125,30.1785888671875,39.810264587402344,94.17996978759766,data_caiwangcun/query/images/exif_test/0000.jpg,9000,docs/experiments/dom_dsm_prepare/query_dom_patch_alignment_batch/images/000_0000/gpu_pinhole_render.png,9000,0.25,ok,7
raw_query_vs_distorted_render_with_scaled_distortion,0.6036469171985375,0.6376203589582875,0.9364677520353559,0.0,-30.0,0.4536520540714264,-1.0,1.005,1719,0000,0.5445026178010471,936,12.746826171875,13.78790283203125,31.726089477539062,53.014381408691406,data_caiwangcun/query/images/exif_test/0000.jpg,9000,docs/experiments/dom_dsm_prepare/query_dom_patch_alignment_batch/images/000_0000/gpu_pinhole_render.png,9000,0.25,ok,7
undistorted_query_with_scaled_distortion_vs_pinhole_render,0.7965744425417776,0.7419231468015428,0.9519321334392896,0.0,30.0,0.8806551098823547,-1.0,1.005,1679,0000,0.6402620607504467,1075,22.299072265625,28.4871826171875,38.332523345947266,93.60989379882812,data_caiwangcun/query/images/exif_test/0000.jpg,9000,docs/experiments/dom_dsm_prepare/query_dom_patch_alignment_batch/images/000_0000/gpu_pinhole_render.png,9000,0.25,ok,7
raw_query_vs_distorted_render_with_scaled_distortion,0.8075604716943405,0.7092473820970893,0.949183105854558,0.0,30.0,0.8175551295280457,-1.0,1.005,1675,0000,0.6782089552238806,1136,21.9820556640625,26.48187255859375,37.96006393432617,95.99819946289062,data_caiwangcun/query/images/exif_test/0000.jpg,9000,docs/experiments/dom_dsm_prepare/query_dom_patch_alignment_batch/images/000_0000/gpu_pinhole_render.png,9000,0.25,ok,7
undistorted_query_with_scaled_distortion_vs_pinhole_render,0.6874103381944285,0.7326519784347725,0.9467929508385367,-30.0,0.0,0.7663177847862244,-1.0,1.005,1697,0000,0.6593989393046553,1119,19.568359375,21.271240234375,33.977638244628906,77.41509246826172,data_caiwangcun/query/images/exif_test/0000.jpg,9000,docs/experiments/dom_dsm_prepare/query_dom_patch_alignment_batch/images/000_0000/gpu_pinhole_render.png,9000,0.25,ok,7
raw_query_vs_distorted_render_with_scaled_distortion,0.714454348697651,0.6596648544113667,0.9458456455257551,-30.0,0.0,0.721825897693634,-1.0,1.005,1711,0000,0.6288720046756283,1076,19.5062255859375,19.482177734375,34.20930480957031,77.24100494384766,data_caiwangcun/query/images/exif_test/0000.jpg,9000,docs/experiments/dom_dsm_prepare/query_dom_patch_alignment_batch/images/000_0000/gpu_pinhole_render.png,9000,0.25,ok,7
undistorted_query_with_scaled_distortion_vs_pinhole_render,0.793141940901195,0.6754857013024124,0.9470508697159498,30.0,0.0,0.7837063074111938,-1.0,1.005,1689,0000,0.655417406749556,1107,18.014892578125,24.2113037109375,35.106143951416016,83.27570343017578,data_caiwangcun/query/images/exif_test/0000.jpg,9001,docs/experiments/dom_dsm_prepare/query_dom_patch_alignment_batch/images/000_0000/gpu_pinhole_render.png,9000,0.25,ok,7
raw_query_vs_distorted_render_with_scaled_distortion,0.8244662687067336,0.7130419627896002,0.9477786811405127,30.0,0.0,0.8760475516319275,-1.0,1.005,1688,0000,0.6232227488151659,1052,20.1072998046875,29.58416748046875,38.394596099853516,97.6187515258789,data_caiwangcun/query/images/exif_test/0000.jpg,9000,docs/experiments/dom_dsm_prepare/query_dom_patch_alignment_batch/images/000_0000/gpu_pinhole_render.png,9000,0.25,ok,7
undistorted_query_with_scaled_distortion_vs_pinhole_render,0.5916928570187759,0.5950134669759533,0.9588282703763422,0.0,0.0,0.6328052282333374,-0.5,0.995,1750,0000,0.6434285714285715,1126,16.1646728515625,18.5224609375,33.53348159790039,62.29185485839844,data_caiwangcun/query/images/exif_test/0000.jpg,9000,docs/experiments/dom_dsm_prepare/query_dom_patch_alignment_batch/images/000_0000/gpu_pinhole_render.png,9000,0.25,ok,7
raw_query_vs_distorted_render_with_scaled_distortion,0.6355586183248365,0.6771120508407141,0.9545469148927143,0.0,0.0,0.6997460722923279,-0.5,0.995,1741,0000,0.7110855829982768,1238,17.60693359375,22.96807861328125,34.94109344482422,74.77518463134766,data_caiwangcun/query/images/exif_test/0000.jpg,9000,docs/experiments/dom_dsm_prepare/query_dom_patch_alignment_batch/images/000_0000/gpu_pinhole_render.png,9000,0.25,ok,7
undistorted_query_with_scaled_distortion_vs_pinhole_render,0.6064954998228221,0.7650377658265018,0.9434459234183094,0.0,-30.0,0.803276538848877,-0.5,0.995,1732,0000,0.6472286374133949,1121,21.078125,21.572998046875,34.637657165527344,75.80086517333984,data_caiwangcun/query/images/exif_test/0000.jpg,9000,docs/experiments/dom_dsm_prepare/query_dom_patch_alignment_batch/images/000_0000/gpu_pinhole_render.png,9000,0.25,ok,7
raw_query_vs_distorted_render_with_scaled_distortion,0.7408053983672157,0.7065833151272883,0.9588667167736429,0.0,-30.0,0.8848670721054077,-0.5,0.995,1758,0000,0.6353811149032992,1117,17.82275390625,31.238525390625,38.03654479980469,84.4934310913086,data_caiwangcun/query/images/exif_test/0000.jpg,9000,docs/experiments/dom_dsm_prepare/query_dom_patch_alignment_batch/images/000_0000/gpu_pinhole_render.png,9000,0.25,ok,7
undistorted_query_with_scaled_distortion_vs_pinhole_render,0.7399616218068016,0.6293619841956395,0.9566863767729598,0.0,30.0,0.7601638436317444,-0.5,0.995,1746,0000,0.7010309278350515,1224,16.6226806640625,26.90838623046875,35.660560607910156,77.26988983154297,data_caiwangcun/query/images/exif_test/0000.jpg,9000,docs/experiments/dom_dsm_prepare/query_dom_patch_alignment_batch/images/000_0000/gpu_pinhole_render.png,9000,0.25,ok,7
raw_query_vs_distorted_render_with_scaled_distortion,0.7303037847432559,0.6693286068695798,0.9606069571910851,0.0,30.0,0.849734902381897,-0.5,0.995,1786,0000,0.6472564389697648,1156,17.304443359375,29.92388916015625,36.78242874145508,82.0106201171875,data_caiwangcun/query/images/exif_test/0000.jpg,9000,docs/experiments/dom_dsm_prepare/query_dom_patch_alignment_batch/images/000_0000/gpu_pinhole_render.png,9000,0.25,ok,7
undistorted_query_with_scaled_distortion_vs_pinhole_render,0.5555728837539887,0.7044246324492902,0.955288270868922,-30.0,0.0,0.698133111000061,-0.5,0.995,1705,0000,0.6780058651026393,1156,18.4232177734375,19.9791259765625,33.65184783935547,68.76715850830078,data_caiwangcun/query/images/exif_test/0000.jpg,9001,docs/experiments/dom_dsm_prepare/query_dom_patch_alignment_batch/images/000_0000/gpu_pinhole_render.png,9000,0.25,ok,7
raw_query_vs_distorted_render_with_scaled_distortion,0.6694560954428923,0.710794664081276,0.9586262353163133,-30.0,0.0,0.8233809471130371,-0.5,0.995,1753,0000,0.6600114090131204,1157,18.02734375,28.2921142578125,35.06452941894531,79.95181274414062,data_caiwangcun/query/images/exif_test/0000.jpg,9000,docs/experiments/dom_dsm_prepare/query_dom_patch_alignment_batch/images/000_0000/gpu_pinhole_render.png,9000,0.25,ok,7
undistorted_query_with_scaled_distortion_vs_pinhole_render,0.7451802407249686,0.6839204523256903,0.961485911611935,30.0,0.0,0.8823175430297852,-0.5,0.995,1713,0000,0.6281377699941623,1076,17.136962890625,31.12030029296875,38.20586395263672,81.30855560302734,data_caiwangcun/query/images/exif_test/0000.jpg,9000,docs/experiments/dom_dsm_prepare/query_dom_patch_alignment_batch/images/000_0000/gpu_pinhole_render.png,9000,0.25,ok,7
raw_query_vs_distorted_render_with_scaled_distortion,0.6491037050109162,0.6811625310470016,0.9518567321363487,30.0,0.0,0.6943702697753906,-0.5,0.995,1789,0000,0.7266629401900503,1300,16.9854736328125,23.21319580078125,35.4957275390625,76.743408203125,data_caiwangcun/query/images/exif_test/0000.jpg,9000,docs/experiments/dom_dsm_prepare/query_dom_patch_alignment_batch/images/000_0000/gpu_pinhole_render.png,9000,0.25,ok,7
undistorted_query_with_scaled_distortion_vs_pinhole_render,0.6573984945053879,0.6652669289936588,0.9533838624256971,0.0,0.0,0.6848410367965698,-0.5,1.0,1719,0000,0.7230948225712623,1243,16.62548828125,23.423095703125,35.57769012451172,72.75004577636719,data_caiwangcun/query/images/exif_test/0000.jpg,9000,docs/experiments/dom_dsm_prepare/query_dom_patch_alignment_batch/images/000_0000/gpu_pinhole_render.png,9000,0.25,ok,7
raw_query_vs_distorted_render_with_scaled_distortion,0.7310703795421944,0.7040844497588403,0.9582275473519813,0.0,0.0,0.878771960735321,-0.5,1.0,1755,0000,0.6387464387464388,1121,17.87939453125,30.813232421875,37.98554992675781,84.57815551757812,data_caiwangcun/query/images/exif_test/0000.jpg,9000,docs/experiments/dom_dsm_prepare/query_dom_patch_alignment_batch/images/000_0000/gpu_pinhole_render.png,9000,0.25,ok,7
undistorted_query_with_scaled_distortion_vs_pinhole_render,0.698442564117939,0.6891296904078347,0.9525472512742709,0.0,-30.0,0.7510509490966797,-0.5,1.0,1756,0000,0.714123006833713,1254,17.791748046875,26.658203125,36.15184783935547,77.81401824951172,data_caiwangcun/query/images/exif_test/0000.jpg,9000,docs/experiments/dom_dsm_prepare/query_dom_patch_alignment_batch/images/000_0000/gpu_pinhole_render.png,9000,0.25,ok,7
raw_query_vs_distorted_render_with_scaled_distortion,0.6565629245588002,0.6631840376441215,0.9558739644771096,0.0,-30.0,0.7620896697044373,-0.5,1.0,1753,0000,0.6862521391899601,1203,17.44189453125,25.49609375,34.22617721557617,76.0221176147461,data_caiwangcun/query/images/exif_test/0000.jpg,9000,docs/experiments/dom_dsm_prepare/query_dom_patch_alignment_batch/images/000_0000/gpu_pinhole_render.png,9001,0.25,ok,7
undistorted_query_with_scaled_distortion_vs_pinhole_render,0.7081877537804359,0.6343707076623554,0.9578309434858794,0.0,30.0,0.761448860168457,-0.5,1.0,1749,0000,0.6986849628359062,1222,17.310302734375,26.63958740234375,35.34623718261719,75.28419494628906,data_caiwangcun/query/images/exif_test/0000.jpg,9000,docs/experiments/dom_dsm_prepare/query_dom_patch_alignment_batch/images/000_0000/gpu_pinhole_render.png,9000,0.25,ok,7
raw_query_vs_distorted_render_with_scaled_distortion,0.7081307405072202,0.6360713044196699,0.9556767497833388,0.0,30.0,0.6894634366035461,-0.5,1.0,1781,0000,0.7158899494665918,1275,16.44091796875,24.7125244140625,35.48476028442383,76.69017028808594,data_caiwangcun/query/images/exif_test/0000.jpg,9000,docs/experiments/dom_dsm_prepare/query_dom_patch_alignment_batch/images/000_0000/gpu_pinhole_render.png,9000,0.25,ok,7
undistorted_query_with_scaled_distortion_vs_pinhole_render,0.6855957446837517,0.6940212567412064,0.949864511061304,-30.0,0.0,0.6832179427146912,-0.5,1.0,1707,0000,0.6994727592267135,1194,17.53985595703125,21.57305908203125,35.48017501831055,75.60529327392578,data_caiwangcun/query/images/exif_test/0000.jpg,9001,docs/experiments/dom_dsm_prepare/query_dom_patch_alignment_batch/images/000_0000/gpu_pinhole_render.png,9000,0.25,ok,7
raw_query_vs_distorted_render_with_scaled_distortion,0.7802543810685496,0.6584845605548991,0.9512528986225081,-30.0,0.0,0.7572364211082458,-0.5,1.0,1771,0000,0.6583850931677019,1166,18.02294921875,26.95703125,36.0615119934082,83.64151763916016,data_caiwangcun/query/images/exif_test/0000.jpg,9000,docs/experiments/dom_dsm_prepare/query_dom_patch_alignment_batch/images/000_0000/gpu_pinhole_render.png,9000,0.25,ok,7
undistorted_query_with_scaled_distortion_vs_pinhole_render,0.6609104363649089,0.7066582580385548,0.9586153646254706,30.0,0.0,0.8249562382698059,-0.5,1.0,1729,0000,0.6639676113360324,1148,17.3211669921875,28.328857421875,35.38153839111328,78.62495422363281,data_caiwangcun/query/images/exif_test/0000.jpg,9000,docs/experiments/dom_dsm_prepare/query_dom_patch_alignment_batch/images/000_0000/gpu_pinhole_render.png,9000,0.25,ok,7
raw_query_vs_distorted_render_with_scaled_distortion,0.7791127385078394,0.6859099049077741,0.9453907613459993,30.0,0.0,0.8996047973632812,-0.5,1.0,1758,0000,0.6353811149032992,1117,18.631591796875,32.07275390625,40.160858154296875,88.89466857910156,data_caiwangcun/query/images/exif_test/0000.jpg,9000,docs/experiments/dom_dsm_prepare/query_dom_patch_alignment_batch/images/000_0000/gpu_pinhole_render.png,9000,0.25,ok,7
undistorted_query_with_scaled_distortion_vs_pinhole_render,0.7782801594911746,0.7100362746798256,0.9513225571356785,0.0,0.0,0.9084111452102661,-0.5,1.005,1740,0000,0.621264367816092,1081,19.188720703125,33.193359375,42.28797912597656,85.35205841064453,data_caiwangcun/query/images/exif_test/0000.jpg,9000,docs/experiments/dom_dsm_prepare/query_dom_patch_alignment_batch/images/000_0000/gpu_pinhole_render.png,9000,0.25,ok,7
raw_query_vs_distorted_render_with_scaled_distortion,0.6196794987387859,0.7406879313154138,0.9540483288249728,0.0,0.0,0.7768661975860596,-0.5,1.005,1769,0000,0.7043527416619559,1246,17.757080078125,27.547607421875,35.05204772949219,80.668212890625,data_caiwangcun/query/images/exif_test/0000.jpg,9000,docs/experiments/dom_dsm_prepare/query_dom_patch_alignment_batch/images/000_0000/gpu_pinhole_render.png,9000,0.25,ok,7
undistorted_query_with_scaled_distortion_vs_pinhole_render,0.6656168673448754,0.6947093500640281,0.952490969501186,0.0,-30.0,0.7127242088317871,-0.5,1.005,1742,0000,0.7617680826636051,1327,18.24462890625,24.9404296875,36.848812103271484,78.8685531616211,data_caiwangcun/query/images/exif_test/0000.jpg,9000,docs/experiments/dom_dsm_prepare/query_dom_patch_alignment_batch/images/000_0000/gpu_pinhole_render.png,9000,0.25,ok,7
raw_query_vs_distorted_render_with_scaled_distortion,0.6258604089986575,0.6994768585551812,0.9541903002249718,0.0,-30.0,0.8034457564353943,-0.5,1.005,1754,0000,0.6533637400228051,1146,18.8453369140625,25.38519287109375,34.378292083740234,75.99874877929688,data_caiwangcun/query/images/exif_test/0000.jpg,9000,docs/experiments/dom_dsm_prepare/query_dom_patch_alignment_batch/images/000_0000/gpu_pinhole_render.png,9001,0.25,ok,7
undistorted_query_with_scaled_distortion_vs_pinhole_render,0.6402862722051771,0.7004850354301194,0.9562607686804416,0.0,30.0,0.7658015489578247,-0.5,1.005,1727,0000,0.7133757961783439,1232,17.82666015625,26.07421875,34.9560661315918,75.02833557128906,data_caiwangcun/query/images/exif_test/0000.jpg,9000,docs/experiments/dom_dsm_prepare/query_dom_patch_alignment_batch/images/000_0000/gpu_pinhole_render.png,9000,0.25,ok,7
raw_query_vs_distorted_render_with_scaled_distortion,0.6362453482567106,0.7232989181147028,0.9566994741708658,0.0,30.0,0.785144567489624,-0.5,1.005,1786,0000,0.700447928331467,1251,18.1708984375,27.382568359375,35.798702239990234,80.7666015625,data_caiwangcun/query/images/exif_test/0000.jpg,9000,docs/experiments/dom_dsm_prepare/query_dom_patch_alignment_batch/images/000_0000/gpu_pinhole_render.png,9000,0.25,ok,7
undistorted_query_with_scaled_distortion_vs_pinhole_render,0.6294264143439263,0.7210029721529126,0.9546556802483946,-30.0,0.0,0.7667766213417053,-0.5,1.005,1709,0000,0.7197191339964891,1230,18.3155517578125,25.907958984375,34.969181060791016,77.50640869140625,data_caiwangcun/query/images/exif_test/0000.jpg,9001,docs/experiments/dom_dsm_prepare/query_dom_patch_alignment_batch/images/000_0000/gpu_pinhole_render.png,9000,0.25,ok,7
raw_query_vs_distorted_render_with_scaled_distortion,0.7182402983319082,0.6873725697610875,0.9506021080355775,-30.0,0.0,0.692890465259552,-0.5,1.005,1785,0000,0.6829131652661065,1219,17.815185546875,24.1395263671875,36.15190124511719,77.71980285644531,data_caiwangcun/query/images/exif_test/0000.jpg,9000,docs/experiments/dom_dsm_prepare/query_dom_patch_alignment_batch/images/000_0000/gpu_pinhole_render.png,9000,0.25,ok,7
undistorted_query_with_scaled_distortion_vs_pinhole_render,0.5997928448259356,0.6671484215463271,0.9556385428926144,30.0,0.0,0.7013559937477112,-0.5,1.005,1724,0000,0.691415313225058,1192,17.61376953125,21.36981201171875,34.92474365234375,68.74580383300781,data_caiwangcun/query/images/exif_test/0000.jpg,9000,docs/experiments/dom_dsm_prepare/query_dom_patch_alignment_batch/images/000_0000/gpu_pinhole_render.png,9000,0.25,ok,7
raw_query_vs_distorted_render_with_scaled_distortion,0.6719242394422019,0.6597186902601276,0.9560742227052964,30.0,0.0,0.77464359998703,-0.5,1.005,1759,0000,0.6805002842524162,1197,16.477783203125,26.586669921875,33.887454986572266,77.01525115966797,data_caiwangcun/query/images/exif_test/0000.jpg,9000,docs/experiments/dom_dsm_prepare/query_dom_patch_alignment_batch/images/000_0000/gpu_pinhole_render.png,9000,0.25,ok,7
undistorted_query_with_scaled_distortion_vs_pinhole_render,0.525293815930686,0.5727611856125326,0.9681317301100544,0.0,0.0,0.668380618095398,0.0,0.995,1782,0000,0.7901234567901234,1408,12.1597900390625,23.929443359375,35.26472091674805,66.31222534179688,data_caiwangcun/query/images/exif_test/0000.jpg,9000,docs/experiments/dom_dsm_prepare/query_dom_patch_alignment_batch/images/000_0000/gpu_pinhole_render.png,9000,0.25,ok,7
raw_query_vs_distorted_render_with_scaled_distortion,0.525293815930686,0.5727611856125326,0.9681317301100544,0.0,0.0,0.668380618095398,0.0,0.995,1782,0000,0.7901234567901234,1408,12.1597900390625,23.929443359375,35.26472091674805,66.31222534179688,data_caiwangcun/query/images/exif_test/0000.jpg,9000,docs/experiments/dom_dsm_prepare/query_dom_patch_alignment_batch/images/000_0000/gpu_pinhole_render.png,9000,0.25,ok,7
undistorted_query_with_scaled_distortion_vs_pinhole_render,0.525293815930686,0.5727611856125326,0.9681317301100544,0.0,-30.0,0.668380618095398,0.0,0.995,1782,0000,0.7901234567901234,1408,12.1597900390625,23.929443359375,35.26472091674805,66.31222534179688,data_caiwangcun/query/images/exif_test/0000.jpg,9000,docs/experiments/dom_dsm_prepare/query_dom_patch_alignment_batch/images/000_0000/gpu_pinhole_render.png,9000,0.25,ok,7
raw_query_vs_distorted_render_with_scaled_distortion,0.525293815930686,0.5727611856125326,0.9681317301100544,0.0,-30.0,0.668380618095398,0.0,0.995,1782,0000,0.7901234567901234,1408,12.1597900390625,23.929443359375,35.26472091674805,66.31222534179688,data_caiwangcun/query/images/exif_test/0000.jpg,9000,docs/experiments/dom_dsm_prepare/query_dom_patch_alignment_batch/images/000_0000/gpu_pinhole_render.png,9000,0.25,ok,7
undistorted_query_with_scaled_distortion_vs_pinhole_render,0.525293815930686,0.5727611856125326,0.9681317301100544,0.0,30.0,0.668380618095398,0.0,0.995,1782,0000,0.7901234567901234,1408,12.1597900390625,23.929443359375,35.26472091674805,66.31222534179688,data_caiwangcun/query/images/exif_test/0000.jpg,9000,docs/experiments/dom_dsm_prepare/query_dom_patch_alignment_batch/images/000_0000/gpu_pinhole_render.png,9000,0.25,ok,7
raw_query_vs_distorted_render_with_scaled_distortion,0.525293815930686,0.5727611856125326,0.9681317301100544,0.0,30.0,0.668380618095398,0.0,0.995,1782,0000,0.7901234567901234,1408,12.1597900390625,23.929443359375,35.26472091674805,66.31222534179688,data_caiwangcun/query/images/exif_test/0000.jpg,9000,docs/experiments/dom_dsm_prepare/query_dom_patch_alignment_batch/images/000_0000/gpu_pinhole_render.png,9000,0.25,ok,7
undistorted_query_with_scaled_distortion_vs_pinhole_render,0.525293815930686,0.5727611856125326,0.9681317301100544,-30.0,0.0,0.668380618095398,0.0,0.995,1782,0000,0.7901234567901234,1408,12.1597900390625,23.929443359375,35.26472091674805,66.31222534179688,data_caiwangcun/query/images/exif_test/0000.jpg,9000,docs/experiments/dom_dsm_prepare/query_dom_patch_alignment_batch/images/000_0000/gpu_pinhole_render.png,9000,0.25,ok,7
raw_query_vs_distorted_render_with_scaled_distortion,0.525293815930686,0.5727611856125326,0.9681317301100544,-30.0,0.0,0.668380618095398,0.0,0.995,1782,0000,0.7901234567901234,1408,12.1597900390625,23.929443359375,35.26472091674805,66.31222534179688,data_caiwangcun/query/images/exif_test/0000.jpg,9000,docs/experiments/dom_dsm_prepare/query_dom_patch_alignment_batch/images/000_0000/gpu_pinhole_render.png,9000,0.25,ok,7
undistorted_query_with_scaled_distortion_vs_pinhole_render,0.525293815930686,0.5727611856125326,0.9681317301100544,30.0,0.0,0.668380618095398,0.0,0.995,1782,0000,0.7901234567901234,1408,12.1597900390625,23.929443359375,35.26472091674805,66.31222534179688,data_caiwangcun/query/images/exif_test/0000.jpg,9000,docs/experiments/dom_dsm_prepare/query_dom_patch_alignment_batch/images/000_0000/gpu_pinhole_render.png,9000,0.25,ok,7
raw_query_vs_distorted_render_with_scaled_distortion,0.525293815930686,0.5727611856125326,0.9681317301100544,30.0,0.0,0.668380618095398,0.0,0.995,1782,0000,0.7901234567901234,1408,12.1597900390625,23.929443359375,35.26472091674805,66.31222534179688,data_caiwangcun/query/images/exif_test/0000.jpg,9000,docs/experiments/dom_dsm_prepare/query_dom_patch_alignment_batch/images/000_0000/gpu_pinhole_render.png,9000,0.25,ok,7
undistorted_query_with_scaled_distortion_vs_pinhole_render,0.525293815930686,0.5727611856125326,0.9681317301100544,0.0,0.0,0.668380618095398,0.0,1.0,1782,0000,0.7901234567901234,1408,12.1597900390625,23.929443359375,35.26472091674805,66.31222534179688,data_caiwangcun/query/images/exif_test/0000.jpg,9000,docs/experiments/dom_dsm_prepare/query_dom_patch_alignment_batch/images/000_0000/gpu_pinhole_render.png,9000,0.25,ok,7
raw_query_vs_distorted_render_with_scaled_distortion,0.525293815930686,0.5727611856125326,0.9681317301100544,0.0,0.0,0.668380618095398,0.0,1.0,1782,0000,0.7901234567901234,1408,12.1597900390625,23.929443359375,35.26472091674805,66.31222534179688,data_caiwangcun/query/images/exif_test/0000.jpg,9000,docs/experiments/dom_dsm_prepare/query_dom_patch_alignment_batch/images/000_0000/gpu_pinhole_render.png,9000,0.25,ok,7
undistorted_query_with_scaled_distortion_vs_pinhole_render,0.525293815930686,0.5727611856125326,0.9681317301100544,0.0,-30.0,0.668380618095398,0.0,1.0,1782,0000,0.7901234567901234,1408,12.1597900390625,23.929443359375,35.26472091674805,66.31222534179688,data_caiwangcun/query/images/exif_test/0000.jpg,9000,docs/experiments/dom_dsm_prepare/query_dom_patch_alignment_batch/images/000_0000/gpu_pinhole_render.png,9000,0.25,ok,7
raw_query_vs_distorted_render_with_scaled_distortion,0.525293815930686,0.5727611856125326,0.9681317301100544,0.0,-30.0,0.668380618095398,0.0,1.0,1782,0000,0.7901234567901234,1408,12.1597900390625,23.929443359375,35.26472091674805,66.31222534179688,data_caiwangcun/query/images/exif_test/0000.jpg,9000,docs/experiments/dom_dsm_prepare/query_dom_patch_alignment_batch/images/000_0000/gpu_pinhole_render.png,9000,0.25,ok,7
undistorted_query_with_scaled_distortion_vs_pinhole_render,0.525293815930686,0.5727611856125326,0.9681317301100544,0.0,30.0,0.668380618095398,0.0,1.0,1782,0000,0.7901234567901234,1408,12.1597900390625,23.929443359375,35.26472091674805,66.31222534179688,data_caiwangcun/query/images/exif_test/0000.jpg,9000,docs/experiments/dom_dsm_prepare/query_dom_patch_alignment_batch/images/000_0000/gpu_pinhole_render.png,9000,0.25,ok,7
raw_query_vs_distorted_render_with_scaled_distortion,0.525293815930686,0.5727611856125326,0.9681317301100544,0.0,30.0,0.668380618095398,0.0,1.0,1782,0000,0.7901234567901234,1408,12.1597900390625,23.929443359375,35.26472091674805,66.31222534179688,data_caiwangcun/query/images/exif_test/0000.jpg,9000,docs/experiments/dom_dsm_prepare/query_dom_patch_alignment_batch/images/000_0000/gpu_pinhole_render.png,9000,0.25,ok,7
undistorted_query_with_scaled_distortion_vs_pinhole_render,0.525293815930686,0.5727611856125326,0.9681317301100544,-30.0,0.0,0.668380618095398,0.0,1.0,1782,0000,0.7901234567901234,1408,12.1597900390625,23.929443359375,35.26472091674805,66.31222534179688,data_caiwangcun/query/images/exif_test/0000.jpg,9000,docs/experiments/dom_dsm_prepare/query_dom_patch_alignment_batch/images/000_0000/gpu_pinhole_render.png,9000,0.25,ok,7
raw_query_vs_distorted_render_with_scaled_distortion,0.525293815930686,0.5727611856125326,0.9681317301100544,-30.0,0.0,0.668380618095398,0.0,1.0,1782,0000,0.7901234567901234,1408,12.1597900390625,23.929443359375,35.26472091674805,66.31222534179688,data_caiwangcun/query/images/exif_test/0000.jpg,9000,docs/experiments/dom_dsm_prepare/query_dom_patch_alignment_batch/images/000_0000/gpu_pinhole_render.png,9000,0.25,ok,7
undistorted_query_with_scaled_distortion_vs_pinhole_render,0.525293815930686,0.5727611856125326,0.9681317301100544,30.0,0.0,0.668380618095398,0.0,1.0,1782,0000,0.7901234567901234,1408,12.1597900390625,23.929443359375,35.26472091674805,66.31222534179688,data_caiwangcun/query/images/exif_test/0000.jpg,9000,docs/experiments/dom_dsm_prepare/query_dom_patch_alignment_batch/images/000_0000/gpu_pinhole_render.png,9000,0.25,ok,7
raw_query_vs_distorted_render_with_scaled_distortion,0.525293815930686,0.5727611856125326,0.9681317301100544,30.0,0.0,0.668380618095398,0.0,1.0,1782,0000,0.7901234567901234,1408,12.1597900390625,23.929443359375,35.26472091674805,66.31222534179688,data_caiwangcun/query/images/exif_test/0000.jpg,9000,docs/experiments/dom_dsm_prepare/query_dom_patch_alignment_batch/images/000_0000/gpu_pinhole_render.png,9000,0.25,ok,7
undistorted_query_with_scaled_distortion_vs_pinhole_render,0.525293815930686,0.5727611856125326,0.9681317301100544,0.0,0.0,0.668380618095398,0.0,1.005,1782,0000,0.7901234567901234,1408,12.1597900390625,23.929443359375,35.26472091674805,66.31222534179688,data_caiwangcun/query/images/exif_test/0000.jpg,9000,docs/experiments/dom_dsm_prepare/query_dom_patch_alignment_batch/images/000_0000/gpu_pinhole_render.png,9000,0.25,ok,7
raw_query_vs_distorted_render_with_scaled_distortion,0.525293815930686,0.5727611856125326,0.9681317301100544,0.0,0.0,0.668380618095398,0.0,1.005,1782,0000,0.7901234567901234,1408,12.1597900390625,23.929443359375,35.26472091674805,66.31222534179688,data_caiwangcun/query/images/exif_test/0000.jpg,9000,docs/experiments/dom_dsm_prepare/query_dom_patch_alignment_batch/images/000_0000/gpu_pinhole_render.png,9000,0.25,ok,7
undistorted_query_with_scaled_distortion_vs_pinhole_render,0.525293815930686,0.5727611856125326,0.9681317301100544,0.0,-30.0,0.668380618095398,0.0,1.005,1782,0000,0.7901234567901234,1408,12.1597900390625,23.929443359375,35.26472091674805,66.31222534179688,data_caiwangcun/query/images/exif_test/0000.jpg,9000,docs/experiments/dom_dsm_prepare/query_dom_patch_alignment_batch/images/000_0000/gpu_pinhole_render.png,9000,0.25,ok,7
raw_query_vs_distorted_render_with_scaled_distortion,0.525293815930686,0.5727611856125326,0.9681317301100544,0.0,-30.0,0.668380618095398,0.0,1.005,1782,0000,0.7901234567901234,1408,12.1597900390625,23.929443359375,35.26472091674805,66.31222534179688,data_caiwangcun/query/images/exif_test/0000.jpg,9000,docs/experiments/dom_dsm_prepare/query_dom_patch_alignment_batch/images/000_0000/gpu_pinhole_render.png,9000,0.25,ok,7
undistorted_query_with_scaled_distortion_vs_pinhole_render,0.525293815930686,0.5727611856125326,0.9681317301100544,0.0,30.0,0.668380618095398,0.0,1.005,1782,0000,0.7901234567901234,1408,12.1597900390625,23.929443359375,35.26472091674805,66.31222534179688,data_caiwangcun/query/images/exif_test/0000.jpg,9000,docs/experiments/dom_dsm_prepare/query_dom_patch_alignment_batch/images/000_0000/gpu_pinhole_render.png,9000,0.25,ok,7
raw_query_vs_distorted_render_with_scaled_distortion,0.525293815930686,0.5727611856125326,0.9681317301100544,0.0,30.0,0.668380618095398,0.0,1.005,1782,0000,0.7901234567901234,1408,12.1597900390625,23.929443359375,35.26472091674805,66.31222534179688,data_caiwangcun/query/images/exif_test/0000.jpg,9000,docs/experiments/dom_dsm_prepare/query_dom_patch_alignment_batch/images/000_0000/gpu_pinhole_render.png,9000,0.25,ok,7
undistorted_query_with_scaled_distortion_vs_pinhole_render,0.525293815930686,0.5727611856125326,0.9681317301100544,-30.0,0.0,0.668380618095398,0.0,1.005,1782,0000,0.7901234567901234,1408,12.1597900390625,23.929443359375,35.26472091674805,66.31222534179688,data_caiwangcun/query/images/exif_test/0000.jpg,9000,docs/experiments/dom_dsm_prepare/query_dom_patch_alignment_batch/images/000_0000/gpu_pinhole_render.png,9000,0.25,ok,7
raw_query_vs_distorted_render_with_scaled_distortion,0.525293815930686,0.5727611856125326,0.9681317301100544,-30.0,0.0,0.668380618095398,0.0,1.005,1782,0000,0.7901234567901234,1408,12.1597900390625,23.929443359375,35.26472091674805,66.31222534179688,data_caiwangcun/query/images/exif_test/0000.jpg,9000,docs/experiments/dom_dsm_prepare/query_dom_patch_alignment_batch/images/000_0000/gpu_pinhole_render.png,9000,0.25,ok,7
undistorted_query_with_scaled_distortion_vs_pinhole_render,0.525293815930686,0.5727611856125326,0.9681317301100544,30.0,0.0,0.668380618095398,0.0,1.005,1782,0000,0.7901234567901234,1408,12.1597900390625,23.929443359375,35.26472091674805,66.31222534179688,data_caiwangcun/query/images/exif_test/0000.jpg,9000,docs/experiments/dom_dsm_prepare/query_dom_patch_alignment_batch/images/000_0000/gpu_pinhole_render.png,9000,0.25,ok,7
raw_query_vs_distorted_render_with_scaled_distortion,0.525293815930686,0.5727611856125326,0.9681317301100544,30.0,0.0,0.668380618095398,0.0,1.005,1782,0000,0.7901234567901234,1408,12.1597900390625,23.929443359375,35.26472091674805,66.31222534179688,data_caiwangcun/query/images/exif_test/0000.jpg,9000,docs/experiments/dom_dsm_prepare/query_dom_patch_alignment_batch/images/000_0000/gpu_pinhole_render.png,9000,0.25,ok,7
undistorted_query_with_scaled_distortion_vs_pinhole_render,0.32034607288821926,0.45986596480386416,0.9813560974792149,0.0,0.0,0.7140352129936218,0.5,0.995,1817,0000,0.8293891029168959,1507,9.39306640625,29.5262451171875,35.64850616455078,59.36893081665039,data_caiwangcun/query/images/exif_test/0000.jpg,9000,docs/experiments/dom_dsm_prepare/query_dom_patch_alignment_batch/images/000_0000/gpu_pinhole_render.png,9000,0.25,ok,7
raw_query_vs_distorted_render_with_scaled_distortion,0.3099358029353413,0.5015342737737365,0.9798937113806487,0.0,0.0,0.7194206714630127,0.5,0.995,1826,0000,0.8658269441401971,1581,10.5654296875,29.3017578125,34.614444732666016,62.31572723388672,data_caiwangcun/query/images/exif_test/0000.jpg,9000,docs/experiments/dom_dsm_prepare/query_dom_patch_alignment_batch/images/000_0000/gpu_pinhole_render.png,9000,0.25,ok,7
undistorted_query_with_scaled_distortion_vs_pinhole_render,0.36255166646034764,0.3695194609359547,0.9814122064304324,0.0,-30.0,0.5325716733932495,0.5,0.995,1842,0000,0.7942453854505972,1463,5.36376953125,23.118896484375,33.93319320678711,55.11748504638672,data_caiwangcun/query/images/exif_test/0000.jpg,9000,docs/experiments/dom_dsm_prepare/query_dom_patch_alignment_batch/images/000_0000/gpu_pinhole_render.png,9000,0.25,ok,7
raw_query_vs_distorted_render_with_scaled_distortion,0.2839948127249101,0.4221578243832214,0.9829051086411964,0.0,-30.0,0.6488332748413086,0.5,0.995,1807,0000,0.841726618705036,1521,9.0009765625,24.5369873046875,34.12083053588867,55.511009216308594,data_caiwangcun/query/images/exif_test/0000.jpg,9000,docs/experiments/dom_dsm_prepare/query_dom_patch_alignment_batch/images/000_0000/gpu_pinhole_render.png,9001,0.25,ok,7
undistorted_query_with_scaled_distortion_vs_pinhole_render,0.3378193819867543,0.4712183972223671,0.9790477911033934,0.0,30.0,0.6692885756492615,0.5,0.995,1829,0000,0.8737014762165117,1598,10.2567138671875,28.214813232421875,36.89723205566406,61.80500411987305,data_caiwangcun/query/images/exif_test/0000.jpg,9001,docs/experiments/dom_dsm_prepare/query_dom_patch_alignment_batch/images/000_0000/gpu_pinhole_render.png,9000,0.25,ok,7
raw_query_vs_distorted_render_with_scaled_distortion,0.37122335398777434,0.4816626657115205,0.979811277897787,0.0,30.0,0.7638165950775146,0.5,0.995,1821,0000,0.8352553542009885,1521,10.468017578125,30.1783447265625,34.78538131713867,64.97935485839844,data_caiwangcun/query/images/exif_test/0000.jpg,9000,docs/experiments/dom_dsm_prepare/query_dom_patch_alignment_batch/images/000_0000/gpu_pinhole_render.png,9000,0.25,ok,7
undistorted_query_with_scaled_distortion_vs_pinhole_render,0.29318763984505486,0.4852168759116045,0.9803391812594799,-30.0,0.0,0.6872487664222717,0.5,0.995,1805,0000,0.8559556786703602,1545,11.0029296875,27.4395751953125,35.61281967163086,60.19408416748047,data_caiwangcun/query/images/exif_test/0000.jpg,9001,docs/experiments/dom_dsm_prepare/query_dom_patch_alignment_batch/images/000_0000/gpu_pinhole_render.png,9000,0.25,ok,7
raw_query_vs_distorted_render_with_scaled_distortion,0.2694897057844132,0.4404342469135827,0.9835669088659768,-30.0,0.0,0.6401097774505615,0.5,0.995,1837,0000,0.8660860097985846,1591,9.9931640625,24.550048828125,34.380123138427734,56.613590240478516,data_caiwangcun/query/images/exif_test/0000.jpg,9000,docs/experiments/dom_dsm_prepare/query_dom_patch_alignment_batch/images/000_0000/gpu_pinhole_render.png,9000,0.25,ok,7
undistorted_query_with_scaled_distortion_vs_pinhole_render,0.33790125225108164,0.5427768962791976,0.974594982488463,30.0,0.0,0.7394128441810608,0.5,0.995,1817,0000,0.8651623555310952,1572,12.00244140625,30.302490234375,36.80187225341797,66.5405044555664,data_caiwangcun/query/images/exif_test/0000.jpg,9000,docs/experiments/dom_dsm_prepare/query_dom_patch_alignment_batch/images/000_0000/gpu_pinhole_render.png,9000,0.25,ok,7
raw_query_vs_distorted_render_with_scaled_distortion,0.4246015623751759,0.390893675171701,0.9786484014848434,30.0,0.0,0.6971560120582581,0.5,0.995,1843,0000,0.8719479110146501,1607,10.19189453125,28.582275390625,34.783729553222656,61.49791717529297,data_caiwangcun/query/images/exif_test/0000.jpg,9000,docs/experiments/dom_dsm_prepare/query_dom_patch_alignment_batch/images/000_0000/gpu_pinhole_render.png,9000,0.25,ok,7
undistorted_query_with_scaled_distortion_vs_pinhole_render,0.2550158838979035,0.4560730373497561,0.9824766893985146,0.0,0.0,0.6405915021896362,0.5,1.0,1795,0000,0.8334261838440111,1496,8.27880859375,25.5980224609375,35.21977996826172,56.44723129272461,data_caiwangcun/query/images/exif_test/0000.jpg,9000,docs/experiments/dom_dsm_prepare/query_dom_patch_alignment_batch/images/000_0000/gpu_pinhole_render.png,9000,0.25,ok,7
raw_query_vs_distorted_render_with_scaled_distortion,0.40953823844588916,0.4213997258234176,0.9794572668895842,0.0,0.0,0.7185839414596558,0.5,1.0,1837,0000,0.8639085465432771,1587,9.81787109375,29.87255859375,35.199485778808594,62.79195785522461,data_caiwangcun/query/images/exif_test/0000.jpg,9000,docs/experiments/dom_dsm_prepare/query_dom_patch_alignment_batch/images/000_0000/gpu_pinhole_render.png,9000,0.25,ok,7
undistorted_query_with_scaled_distortion_vs_pinhole_render,0.23092765979306545,0.44943508200378013,0.9837163197322383,0.0,-30.0,0.6033375263214111,0.5,1.0,1868,0000,0.8120985010706638,1517,7.881103515625,23.995849609375,34.75238800048828,55.09435272216797,data_caiwangcun/query/images/exif_test/0000.jpg,9000,docs/experiments/dom_dsm_prepare/query_dom_patch_alignment_batch/images/000_0000/gpu_pinhole_render.png,9000,0.25,ok,7
raw_query_vs_distorted_render_with_scaled_distortion,0.29181361809682377,0.42126247707535236,0.9833544050828142,0.0,-30.0,0.6617532968521118,0.5,1.0,1825,0000,0.8323287671232876,1519,8.17333984375,25.1611328125,33.939422607421875,56.03523635864258,data_caiwangcun/query/images/exif_test/0000.jpg,9000,docs/experiments/dom_dsm_prepare/query_dom_patch_alignment_batch/images/000_0000/gpu_pinhole_render.png,9001,0.25,ok,7
undistorted_query_with_scaled_distortion_vs_pinhole_render,0.27083117012359853,0.4637864354196502,0.9822774854851443,0.0,30.0,0.6396417617797852,0.5,1.0,1785,0000,0.8509803921568627,1519,8.27734375,26.1182861328125,35.97663116455078,57.223121643066406,data_caiwangcun/query/images/exif_test/0000.jpg,9000,docs/experiments/dom_dsm_prepare/query_dom_patch_alignment_batch/images/000_0000/gpu_pinhole_render.png,9000,0.25,ok,7
raw_query_vs_distorted_render_with_scaled_distortion,0.2532051078582675,0.4472981275768528,0.9819219372165671,0.0,30.0,0.571505606174469,0.5,1.0,1849,0000,0.822065981611682,1520,7.224365234375,22.2689208984375,33.96826171875,55.368858337402344,data_caiwangcun/query/images/exif_test/0000.jpg,9000,docs/experiments/dom_dsm_prepare/query_dom_patch_alignment_batch/images/000_0000/gpu_pinhole_render.png,9000,0.25,ok,7
undistorted_query_with_scaled_distortion_vs_pinhole_render,0.1955549150496544,0.4726538855474334,0.9822309660624944,-30.0,0.0,0.6282418370246887,0.5,1.0,1797,0000,0.8152476349471341,1465,7.31787109375,24.9349365234375,34.72581481933594,55.45256805419922,data_caiwangcun/query/images/exif_test/0000.jpg,9000,docs/experiments/dom_dsm_prepare/query_dom_patch_alignment_batch/images/000_0000/gpu_pinhole_render.png,9000,0.25,ok,7
raw_query_vs_distorted_render_with_scaled_distortion,0.20670166917280225,0.44732511008583026,0.9828047906203193,-30.0,0.0,0.6316176056861877,0.5,1.0,1827,0000,0.8188286808976464,1496,7.5411376953125,24.20269775390625,33.48593521118164,54.38463592529297,data_caiwangcun/query/images/exif_test/0000.jpg,9000,docs/experiments/dom_dsm_prepare/query_dom_patch_alignment_batch/images/000_0000/gpu_pinhole_render.png,9000,0.25,ok,7
undistorted_query_with_scaled_distortion_vs_pinhole_render,0.3093306904122311,0.44653116358168216,0.9809408752896467,30.0,0.0,0.6495387554168701,0.5,1.0,1818,0000,0.8663366336633663,1575,9.57763671875,26.20263671875,36.21113586425781,58.05309295654297,data_caiwangcun/query/images/exif_test/0000.jpg,9000,docs/experiments/dom_dsm_prepare/query_dom_patch_alignment_batch/images/000_0000/gpu_pinhole_render.png,9000,0.25,ok,7
raw_query_vs_distorted_render_with_scaled_distortion,0.4036620605222993,0.4044188967478414,0.9822226693727023,30.0,0.0,0.5409225821495056,0.5,1.0,1852,0000,0.8358531317494601,1548,7.880859375,23.71173095703125,34.83230209350586,56.83218765258789,data_caiwangcun/query/images/exif_test/0000.jpg,9000,docs/experiments/dom_dsm_prepare/query_dom_patch_alignment_batch/images/000_0000/gpu_pinhole_render.png,9000,0.25,ok,7
undistorted_query_with_scaled_distortion_vs_pinhole_render,0.31701587365682704,0.5568991382747543,0.977773752302457,0.0,0.0,0.7864539623260498,0.5,1.005,1830,0000,0.8245901639344262,1509,10.6787109375,31.925048828125,36.68424987792969,64.90811920166016,data_caiwangcun/query/images/exif_test/0000.jpg,9001,docs/experiments/dom_dsm_prepare/query_dom_patch_alignment_batch/images/000_0000/gpu_pinhole_render.png,9000,0.25,ok,7
raw_query_vs_distorted_render_with_scaled_distortion,0.23050059293250588,0.4423838846390147,0.9823921207182776,0.0,0.0,0.6461650729179382,0.5,1.005,1830,0000,0.8087431693989071,1480,7.6129150390625,24.53948974609375,33.75172424316406,54.89980697631836,data_caiwangcun/query/images/exif_test/0000.jpg,9000,docs/experiments/dom_dsm_prepare/query_dom_patch_alignment_batch/images/000_0000/gpu_pinhole_render.png,9000,0.25,ok,7
undistorted_query_with_scaled_distortion_vs_pinhole_render,0.30757460011060334,0.44046969843444606,0.9816032244760904,0.0,-30.0,0.6838926076889038,0.5,1.005,1834,0000,0.8255179934569248,1514,8.172119140625,28.2335205078125,34.91340637207031,57.62651443481445,data_caiwangcun/query/images/exif_test/0000.jpg,9001,docs/experiments/dom_dsm_prepare/query_dom_patch_alignment_batch/images/000_0000/gpu_pinhole_render.png,9000,0.25,ok,7
raw_query_vs_distorted_render_with_scaled_distortion,0.2940518600630091,0.4991638025948321,0.9808499550075814,0.0,-30.0,0.6931700706481934,0.5,1.005,1814,0000,0.8699007717750827,1578,11.4161376953125,26.118896484375,34.709869384765625,59.23228073120117,data_caiwangcun/query/images/exif_test/0000.jpg,9000,docs/experiments/dom_dsm_prepare/query_dom_patch_alignment_batch/images/000_0000/gpu_pinhole_render.png,9000,0.25,ok,7
undistorted_query_with_scaled_distortion_vs_pinhole_render,0.23631263899794094,0.4859284723469362,0.9812688047994214,0.0,30.0,0.660426139831543,0.5,1.005,1813,0000,0.8295642581356867,1504,8.129150390625,26.0242919921875,35.21392059326172,57.021705627441406,data_caiwangcun/query/images/exif_test/0000.jpg,9000,docs/experiments/dom_dsm_prepare/query_dom_patch_alignment_batch/images/000_0000/gpu_pinhole_render.png,9000,0.25,ok,7
raw_query_vs_distorted_render_with_scaled_distortion,0.3306135821780297,0.44069570005950903,0.9807849814207136,0.0,30.0,0.6859365105628967,0.5,1.005,1844,0000,0.8530368763557483,1573,9.48828125,26.6552734375,34.507022857666016,58.99470138549805,data_caiwangcun/query/images/exif_test/0000.jpg,9000,docs/experiments/dom_dsm_prepare/query_dom_patch_alignment_batch/images/000_0000/gpu_pinhole_render.png,9000,0.25,ok,7
undistorted_query_with_scaled_distortion_vs_pinhole_render,0.31586263311299556,0.5388361933605424,0.977357944742966,-30.0,0.0,0.7407280802726746,0.5,1.005,1785,0000,0.8481792717086835,1514,11.659423828125,30.219757080078125,36.48066711425781,65.21522521972656,data_caiwangcun/query/images/exif_test/0000.jpg,9001,docs/experiments/dom_dsm_prepare/query_dom_patch_alignment_batch/images/000_0000/gpu_pinhole_render.png,9000,0.25,ok,7
raw_query_vs_distorted_render_with_scaled_distortion,0.3467698244976948,0.4628973777219852,0.9804017050541945,-30.0,0.0,0.6839039325714111,0.5,1.005,1815,0000,0.8958677685950414,1626,11.026611328125,26.39239501953125,35.2030029296875,62.56559753417969,data_caiwangcun/query/images/exif_test/0000.jpg,9000,docs/experiments/dom_dsm_prepare/query_dom_patch_alignment_batch/images/000_0000/gpu_pinhole_render.png,9000,0.25,ok,7
undistorted_query_with_scaled_distortion_vs_pinhole_render,0.30246044893561125,0.4517463702306386,0.9811240066553378,30.0,0.0,0.6356443762779236,0.5,1.005,1814,0000,0.8555678059536935,1552,10.218994140625,25.832275390625,36.40266799926758,57.29163360595703,data_caiwangcun/query/images/exif_test/0000.jpg,9000,docs/experiments/dom_dsm_prepare/query_dom_patch_alignment_batch/images/000_0000/gpu_pinhole_render.png,9000,0.25,ok,7
raw_query_vs_distorted_render_with_scaled_distortion,0.3050094668859738,0.4676390006920174,0.9809605205987237,30.0,0.0,0.6831478476524353,0.5,1.005,1862,0000,0.8721804511278195,1624,10.6361083984375,27.01019287109375,34.888572692871094,58.31079864501953,data_caiwangcun/query/images/exif_test/0000.jpg,9000,docs/experiments/dom_dsm_prepare/query_dom_patch_alignment_batch/images/000_0000/gpu_pinhole_render.png,9000,0.25,ok,7
undistorted_query_with_scaled_distortion_vs_pinhole_render,-0.14143412445441925,0.11660410664010397,0.9911515482738559,0.0,0.0,0.5325217247009277,1.0,0.995,1853,0000,0.9892066918510524,1833,-0.4140625,26.5728759765625,38.68921661376953,60.67891311645508,data_caiwangcun/query/images/exif_test/0000.jpg,9001,docs/experiments/dom_dsm_prepare/query_dom_patch_alignment_batch/images/000_0000/gpu_pinhole_render.png,9000,0.25,ok,7
raw_query_vs_distorted_render_with_scaled_distortion,-0.11909977906760741,0.09638154343213655,0.9907033852374021,0.0,0.0,0.5087732076644897,1.0,0.995,1805,0000,0.992797783933518,1792,-0.475830078125,25.48193359375,36.83998107910156,58.3829460144043,data_caiwangcun/query/images/exif_test/0000.jpg,9000,docs/experiments/dom_dsm_prepare/query_dom_patch_alignment_batch/images/000_0000/gpu_pinhole_render.png,9001,0.25,ok,7
undistorted_query_with_scaled_distortion_vs_pinhole_render,-0.15705398068687873,0.12858558472251794,0.9921695056397933,0.0,-30.0,0.4933696985244751,1.0,0.995,1868,0000,0.9855460385438972,1841,-0.610107421875,26.505126953125,38.64069747924805,60.53403854370117,data_caiwangcun/query/images/exif_test/0000.jpg,9000,docs/experiments/dom_dsm_prepare/query_dom_patch_alignment_batch/images/000_0000/gpu_pinhole_render.png,9000,0.25,ok,7
raw_query_vs_distorted_render_with_scaled_distortion,-0.1395839823274621,0.11266044949193714,0.9919771963195181,0.0,-30.0,0.48644328117370605,1.0,0.995,1873,0000,0.99145755472504,1857,-0.41064453125,25.462646484375,37.12691116333008,58.1265869140625,data_caiwangcun/query/images/exif_test/0000.jpg,9000,docs/experiments/dom_dsm_prepare/query_dom_patch_alignment_batch/images/000_0000/gpu_pinhole_render.png,9000,0.25,ok,7
undistorted_query_with_scaled_distortion_vs_pinhole_render,-0.1411520719621647,0.11424988603747366,0.9889399346340748,0.0,30.0,0.5379341840744019,1.0,0.995,1866,0000,0.9935691318327974,1854,-0.54052734375,26.4989013671875,39.02073669433594,61.85764694213867,data_caiwangcun/query/images/exif_test/0000.jpg,9000,docs/experiments/dom_dsm_prepare/query_dom_patch_alignment_batch/images/000_0000/gpu_pinhole_render.png,9000,0.25,ok,7
raw_query_vs_distorted_render_with_scaled_distortion,-0.13688784593829142,0.11060487580387267,0.9881268374080275,0.0,30.0,0.5126582980155945,1.0,0.995,1855,0000,0.9924528301886792,1841,-0.603271484375,25.9052734375,37.870601654052734,58.50353240966797,data_caiwangcun/query/images/exif_test/0000.jpg,9000,docs/experiments/dom_dsm_prepare/query_dom_patch_alignment_batch/images/000_0000/gpu_pinhole_render.png,9001,0.25,ok,7
undistorted_query_with_scaled_distortion_vs_pinhole_render,-0.18541618601270105,0.13587128778509858,0.9906433858963045,-30.0,0.0,0.5295840501785278,1.0,0.995,1882,0000,0.98990435706695,1863,-2.146484375,27.58837890625,39.181766510009766,61.64155197143555,data_caiwangcun/query/images/exif_test/0000.jpg,9000,docs/experiments/dom_dsm_prepare/query_dom_patch_alignment_batch/images/000_0000/gpu_pinhole_render.png,9000,0.25,ok,7
raw_query_vs_distorted_render_with_scaled_distortion,-0.1331376130296899,0.08877279246907464,0.9896326166033481,-30.0,0.0,0.4965941607952118,1.0,0.995,1828,0000,0.9956236323851203,1820,-2.0205078125,25.65179443359375,37.20423126220703,58.195526123046875,data_caiwangcun/query/images/exif_test/0000.jpg,9000,docs/experiments/dom_dsm_prepare/query_dom_patch_alignment_batch/images/000_0000/gpu_pinhole_render.png,9000,0.25,ok,7
undistorted_query_with_scaled_distortion_vs_pinhole_render,-0.15267803821923168,0.14032091645729836,0.9913064323609302,30.0,0.0,0.5082818865776062,1.0,0.995,1877,0000,0.9888119339371337,1856,1.202880859375,25.76422119140625,38.839515686035156,61.456966400146484,data_caiwangcun/query/images/exif_test/0000.jpg,9000,docs/experiments/dom_dsm_prepare/query_dom_patch_alignment_batch/images/000_0000/gpu_pinhole_render.png,9000,0.25,ok,7
raw_query_vs_distorted_render_with_scaled_distortion,-0.1137492815083522,0.09849289633166662,0.9910891007189087,30.0,0.0,0.5046062469482422,1.0,0.995,1858,0000,0.9913885898815931,1842,1.150390625,25.66387939453125,37.30059814453125,58.27233123779297,data_caiwangcun/query/images/exif_test/0000.jpg,9000,docs/experiments/dom_dsm_prepare/query_dom_patch_alignment_batch/images/000_0000/gpu_pinhole_render.png,9001,0.25,ok,7
undistorted_query_with_scaled_distortion_vs_pinhole_render,-0.09565731710044374,0.10052361080741486,0.9909552354441366,0.0,0.0,0.5035948753356934,1.0,1.0,1863,0000,0.9892646269457863,1843,-0.183837890625,25.8858642578125,38.68708801269531,61.029335021972656,data_caiwangcun/query/images/exif_test/0000.jpg,9000,docs/experiments/dom_dsm_prepare/query_dom_patch_alignment_batch/images/000_0000/gpu_pinhole_render.png,9000,0.25,ok,7
raw_query_vs_distorted_render_with_scaled_distortion,-0.11538509106159542,0.11770234472137958,0.9907979070078322,0.0,0.0,0.5083833336830139,1.0,1.0,1828,0000,0.9912472647702407,1812,-0.2724609375,25.8114013671875,37.57275390625,59.05924987792969,data_caiwangcun/query/images/exif_test/0000.jpg,9000,docs/experiments/dom_dsm_prepare/query_dom_patch_alignment_batch/images/000_0000/gpu_pinhole_render.png,9000,0.25,ok,7
undistorted_query_with_scaled_distortion_vs_pinhole_render,-0.1339830944381992,0.13715830731406428,0.9921192746438281,0.0,-30.0,0.48575618863105774,1.0,1.0,1858,0000,0.984930032292788,1830,-0.060302734375,25.695556640625,38.645118713378906,61.2437629699707,data_caiwangcun/query/images/exif_test/0000.jpg,9002,docs/experiments/dom_dsm_prepare/query_dom_patch_alignment_batch/images/000_0000/gpu_pinhole_render.png,9000,0.25,ok,7
raw_query_vs_distorted_render_with_scaled_distortion,-0.1282708452990565,0.127211464332129,0.9919417318211147,0.0,-30.0,0.494704931974411,1.0,1.0,1849,0000,0.9940508382909681,1838,-0.326904296875,25.6295166015625,37.3519287109375,58.09492111206055,data_caiwangcun/query/images/exif_test/0000.jpg,9000,docs/experiments/dom_dsm_prepare/query_dom_patch_alignment_batch/images/000_0000/gpu_pinhole_render.png,9000,0.25,ok,7
undistorted_query_with_scaled_distortion_vs_pinhole_render,-0.14036272525788662,0.14282170607297318,0.9889526243125337,0.0,30.0,0.5493617653846741,1.0,1.0,1859,0000,0.991393222162453,1843,0.097412109375,27.571533203125,38.858524322509766,62.23588562011719,data_caiwangcun/query/images/exif_test/0000.jpg,9000,docs/experiments/dom_dsm_prepare/query_dom_patch_alignment_batch/images/000_0000/gpu_pinhole_render.png,9000,0.25,ok,7
raw_query_vs_distorted_render_with_scaled_distortion,-0.1279357819648061,0.12880928243681816,0.9882800921351367,0.0,30.0,0.5214899778366089,1.0,1.0,1848,0000,0.9929653679653679,1835,-0.250732421875,25.87939453125,37.789127349853516,59.19435501098633,data_caiwangcun/query/images/exif_test/0000.jpg,9000,docs/experiments/dom_dsm_prepare/query_dom_patch_alignment_batch/images/000_0000/gpu_pinhole_render.png,9000,0.25,ok,7
undistorted_query_with_scaled_distortion_vs_pinhole_render,-0.14563324773330374,0.12736747018557643,0.990735629826802,-30.0,0.0,0.5148155093193054,1.0,1.0,1852,0000,0.9892008639308856,1832,-1.841552734375,26.21697998046875,39.04140090942383,61.6240119934082,data_caiwangcun/query/images/exif_test/0000.jpg,9000,docs/experiments/dom_dsm_prepare/query_dom_patch_alignment_batch/images/000_0000/gpu_pinhole_render.png,9000,0.25,ok,7
raw_query_vs_distorted_render_with_scaled_distortion,-0.09708057496988359,0.08030114786178164,0.9900506662239131,-30.0,0.0,0.4911060631275177,1.0,1.0,1846,0000,0.9918743228602384,1831,-1.86865234375,25.718994140625,38.2433967590332,58.88731384277344,data_caiwangcun/query/images/exif_test/0000.jpg,9000,docs/experiments/dom_dsm_prepare/query_dom_patch_alignment_batch/images/000_0000/gpu_pinhole_render.png,9000,0.25,ok,7
undistorted_query_with_scaled_distortion_vs_pinhole_render,-0.1362661161133388,0.15695553731648343,0.9916566926961565,30.0,0.0,0.5104464292526245,1.0,1.0,1868,0000,0.9892933618843683,1848,1.8956298828125,25.6148681640625,39.211708068847656,61.5599250793457,data_caiwangcun/query/images/exif_test/0000.jpg,9000,docs/experiments/dom_dsm_prepare/query_dom_patch_alignment_batch/images/000_0000/gpu_pinhole_render.png,9000,0.25,ok,7
raw_query_vs_distorted_render_with_scaled_distortion,-0.08207229049656388,0.10208990790943318,0.9912718593158053,30.0,0.0,0.5178021788597107,1.0,1.0,1833,0000,0.9912711402073104,1817,1.330078125,25.8304443359375,37.22305679321289,58.4031982421875,data_caiwangcun/query/images/exif_test/0000.jpg,9000,docs/experiments/dom_dsm_prepare/query_dom_patch_alignment_batch/images/000_0000/gpu_pinhole_render.png,9001,0.25,ok,7
undistorted_query_with_scaled_distortion_vs_pinhole_render,-0.11685197935600392,0.15267296699561533,0.9911808527045728,0.0,0.0,0.5212737321853638,1.0,1.005,1880,0000,0.9909574468085106,1863,-0.10546875,26.5771484375,39.08018493652344,61.14191436767578,data_caiwangcun/query/images/exif_test/0000.jpg,9000,docs/experiments/dom_dsm_prepare/query_dom_patch_alignment_batch/images/000_0000/gpu_pinhole_render.png,9000,0.25,ok,7
raw_query_vs_distorted_render_with_scaled_distortion,-0.12028162426439476,0.14659787193992013,0.9907356530361147,0.0,0.0,0.4946068525314331,1.0,1.005,1837,0000,0.9940119760479041,1826,-0.033447265625,25.41015625,37.4216423034668,58.718814849853516,data_caiwangcun/query/images/exif_test/0000.jpg,9000,docs/experiments/dom_dsm_prepare/query_dom_patch_alignment_batch/images/000_0000/gpu_pinhole_render.png,9000,0.25,ok,7
undistorted_query_with_scaled_distortion_vs_pinhole_render,-0.11288142829865477,0.14833555090879347,0.992175626398891,0.0,-30.0,0.5036093592643738,1.0,1.005,1866,0000,0.9860664523043944,1840,-0.162353515625,26.947265625,39.1470832824707,59.750640869140625,data_caiwangcun/query/images/exif_test/0000.jpg,9000,docs/experiments/dom_dsm_prepare/query_dom_patch_alignment_batch/images/000_0000/gpu_pinhole_render.png,9000,0.25,ok,7
raw_query_vs_distorted_render_with_scaled_distortion,-0.08531525955044847,0.10835776659041421,0.9921194823491687,0.0,-30.0,0.4702772796154022,1.0,1.005,1845,0000,0.9913279132791328,1829,-0.03369140625,25.1351318359375,37.60459899902344,58.41708755493164,data_caiwangcun/query/images/exif_test/0000.jpg,9000,docs/experiments/dom_dsm_prepare/query_dom_patch_alignment_batch/images/000_0000/gpu_pinhole_render.png,9000,0.25,ok,7
undistorted_query_with_scaled_distortion_vs_pinhole_render,-0.10413811796753612,0.1359565853518042,0.9887115618783401,0.0,30.0,0.5259625911712646,1.0,1.005,1869,0000,0.9914392723381488,1853,0.15771484375,26.5396728515625,39.07463073730469,62.548500061035156,data_caiwangcun/query/images/exif_test/0000.jpg,9001,docs/experiments/dom_dsm_prepare/query_dom_patch_alignment_batch/images/000_0000/gpu_pinhole_render.png,9000,0.25,ok,7
raw_query_vs_distorted_render_with_scaled_distortion,-0.06560485779681088,0.09567759876680142,0.9883609372668689,0.0,30.0,0.5045632123947144,1.0,1.005,1850,0000,0.9924324324324324,1836,0.13525390625,24.72039794921875,37.12212371826172,59.32859802246094,data_caiwangcun/query/images/exif_test/0000.jpg,9000,docs/experiments/dom_dsm_prepare/query_dom_patch_alignment_batch/images/000_0000/gpu_pinhole_render.png,9000,0.25,ok,7
undistorted_query_with_scaled_distortion_vs_pinhole_render,-0.14614131777339268,0.16060824284224454,0.9905561323864828,-30.0,0.0,0.5270717144012451,1.0,1.005,1882,0000,0.9872476089266737,1858,-1.6336669921875,26.6822509765625,38.80886459350586,60.93473815917969,data_caiwangcun/query/images/exif_test/0000.jpg,9000,docs/experiments/dom_dsm_prepare/query_dom_patch_alignment_batch/images/000_0000/gpu_pinhole_render.png,9000,0.25,ok,7
raw_query_vs_distorted_render_with_scaled_distortion,-0.11676427311023142,0.12963461660738274,0.9899053411647283,-30.0,0.0,0.4808275103569031,1.0,1.005,1849,0000,0.9886425094645754,1828,-1.4796142578125,25.54608154296875,37.73432922363281,58.44047164916992,data_caiwangcun/query/images/exif_test/0000.jpg,9000,docs/experiments/dom_dsm_prepare/query_dom_patch_alignment_batch/images/000_0000/gpu_pinhole_render.png,9000,0.25,ok,7
undistorted_query_with_scaled_distortion_vs_pinhole_render,-0.08402181435569475,0.14033423088519217,0.9915510233829873,30.0,0.0,0.5160744786262512,1.0,1.005,1847,0000,0.9880887926367081,1825,2.30029296875,25.8060302734375,39.181488037109375,61.56946563720703,data_caiwangcun/query/images/exif_test/0000.jpg,9002,docs/experiments/dom_dsm_prepare/query_dom_patch_alignment_batch/images/000_0000/gpu_pinhole_render.png,9000,0.25,ok,7
raw_query_vs_distorted_render_with_scaled_distortion,-0.06338881109011806,0.10998483986869066,0.9909321786916174,30.0,0.0,0.508682906627655,1.0,1.005,1840,0000,0.9934782608695653,1828,1.6356201171875,25.256103515625,36.93717575073242,58.10966873168945,data_caiwangcun/query/images/exif_test/0000.jpg,9000,docs/experiments/dom_dsm_prepare/query_dom_patch_alignment_batch/images/000_0000/gpu_pinhole_render.png,9000,0.25,ok,7
undistorted_query_with_scaled_distortion_vs_pinhole_render,-0.5689326655036214,-0.11121933117335812,0.9852086673747976,0.0,0.0,0.6009882688522339,1.5,0.995,1846,0000,0.8461538461538461,1562,-5.70361328125,24.0096435546875,35.23663330078125,57.37799072265625,data_caiwangcun/query/images/exif_test/0000.jpg,9001,docs/experiments/dom_dsm_prepare/query_dom_patch_alignment_batch/images/000_0000/gpu_pinhole_render.png,9000,0.25,ok,7
raw_query_vs_distorted_render_with_scaled_distortion,-0.720171824925045,0.027279313859387307,0.981383836594365,0.0,0.0,0.7361720204353333,1.5,0.995,1838,0000,0.8318824809575626,1529,-7.947998046875,27.61669921875,35.133670806884766,63.26586151123047,data_caiwangcun/query/images/exif_test/0000.jpg,9000,docs/experiments/dom_dsm_prepare/query_dom_patch_alignment_batch/images/000_0000/gpu_pinhole_render.png,9000,0.25,ok,7
undistorted_query_with_scaled_distortion_vs_pinhole_render,-0.6896342427542994,-0.030994107464657,0.9791712829395836,0.0,-30.0,0.7018576264381409,1.5,0.995,1875,0000,0.84,1575,-8.931884765625,26.59954833984375,35.81114196777344,64.29756927490234,data_caiwangcun/query/images/exif_test/0000.jpg,9000,docs/experiments/dom_dsm_prepare/query_dom_patch_alignment_batch/images/000_0000/gpu_pinhole_render.png,9000,0.25,ok,7
raw_query_vs_distorted_render_with_scaled_distortion,-0.6325661504314647,-0.052113662616672975,0.9833817930114966,0.0,-30.0,0.6228965520858765,1.5,0.995,1872,0000,0.8867521367521367,1660,-6.6375732421875,24.5765380859375,34.58515167236328,58.608184814453125,data_caiwangcun/query/images/exif_test/0000.jpg,9000,docs/experiments/dom_dsm_prepare/query_dom_patch_alignment_batch/images/000_0000/gpu_pinhole_render.png,9001,0.25,ok,7
undistorted_query_with_scaled_distortion_vs_pinhole_render,-0.653275561855873,-0.034412039469445876,0.9814462217306287,0.0,30.0,0.7132658958435059,1.5,0.995,1850,0000,0.8335135135135135,1542,-8.83447265625,27.3282470703125,35.64571762084961,62.019046783447266,data_caiwangcun/query/images/exif_test/0000.jpg,9000,docs/experiments/dom_dsm_prepare/query_dom_patch_alignment_batch/images/000_0000/gpu_pinhole_render.png,9000,0.25,ok,7
raw_query_vs_distorted_render_with_scaled_distortion,-0.5662654185174968,-0.10085173514580441,0.9840426449498418,0.0,30.0,0.6338997483253479,1.5,0.995,1834,0000,0.8729552889858233,1601,-7.259033203125,26.29052734375,34.7725944519043,56.68119812011719,data_caiwangcun/query/images/exif_test/0000.jpg,9000,docs/experiments/dom_dsm_prepare/query_dom_patch_alignment_batch/images/000_0000/gpu_pinhole_render.png,9001,0.25,ok,7
undistorted_query_with_scaled_distortion_vs_pinhole_render,-0.6427212428844652,-0.06842463278605723,0.9791926294575312,-30.0,0.0,0.6553598642349243,1.5,0.995,1864,0000,0.8374463519313304,1561,-9.416259765625,24.2086181640625,34.61469268798828,61.38924026489258,data_caiwangcun/query/images/exif_test/0000.jpg,9000,docs/experiments/dom_dsm_prepare/query_dom_patch_alignment_batch/images/000_0000/gpu_pinhole_render.png,9000,0.25,ok,7
raw_query_vs_distorted_render_with_scaled_distortion,-0.6056475122797136,-0.10593775931962958,0.9805751594260325,-30.0,0.0,0.6101301312446594,1.5,0.995,1844,0000,0.8834056399132321,1629,-8.613525390625,24.09814453125,34.54399871826172,58.42204666137695,data_caiwangcun/query/images/exif_test/0000.jpg,9000,docs/experiments/dom_dsm_prepare/query_dom_patch_alignment_batch/images/000_0000/gpu_pinhole_render.png,9001,0.25,ok,7
undistorted_query_with_scaled_distortion_vs_pinhole_render,-0.5907424367878705,-0.0540105392699061,0.9864596223095707,30.0,0.0,0.6451117992401123,1.5,0.995,1837,0000,0.8323353293413174,1529,-5.965087890625,26.0421142578125,35.260982513427734,57.304443359375,data_caiwangcun/query/images/exif_test/0000.jpg,9001,docs/experiments/dom_dsm_prepare/query_dom_patch_alignment_batch/images/000_0000/gpu_pinhole_render.png,9000,0.25,ok,7
raw_query_vs_distorted_render_with_scaled_distortion,-0.5552964426855016,-0.09161981013060493,0.987394174958012,30.0,0.0,0.6120978593826294,1.5,0.995,1843,0000,0.8790016277807922,1620,-5.37353515625,25.39111328125,34.82623291015625,55.67707824707031,data_caiwangcun/query/images/exif_test/0000.jpg,9000,docs/experiments/dom_dsm_prepare/query_dom_patch_alignment_batch/images/000_0000/gpu_pinhole_render.png,9001,0.25,ok,7
undistorted_query_with_scaled_distortion_vs_pinhole_render,-0.6732657983845458,-0.016446767337793874,0.9802474505825493,0.0,0.0,0.6940125226974487,1.5,1.0,1885,0000,0.849867374005305,1602,-8.20147705078125,26.7421875,35.443023681640625,63.86170196533203,data_caiwangcun/query/images/exif_test/0000.jpg,9000,docs/experiments/dom_dsm_prepare/query_dom_patch_alignment_batch/images/000_0000/gpu_pinhole_render.png,9000,0.25,ok,7
raw_query_vs_distorted_render_with_scaled_distortion,-0.5874220629291795,-0.06764038726087393,0.9843735323917545,0.0,0.0,0.6427163481712341,1.5,1.0,1831,0000,0.8667394866193336,1587,-8.15869140625,25.46923828125,34.61626434326172,56.858089447021484,data_caiwangcun/query/images/exif_test/0000.jpg,9000,docs/experiments/dom_dsm_prepare/query_dom_patch_alignment_batch/images/000_0000/gpu_pinhole_render.png,9000,0.25,ok,7
undistorted_query_with_scaled_distortion_vs_pinhole_render,-0.6683237394569725,-0.003056766947539598,0.9822998338724396,0.0,-30.0,0.6816075444221497,1.5,1.0,1854,0000,0.8446601941747572,1566,-8.82666015625,25.91912841796875,35.04943084716797,61.04613494873047,data_caiwangcun/query/images/exif_test/0000.jpg,9000,docs/experiments/dom_dsm_prepare/query_dom_patch_alignment_batch/images/000_0000/gpu_pinhole_render.png,9000,0.25,ok,7
raw_query_vs_distorted_render_with_scaled_distortion,-0.6580727793079598,-0.04190044261542558,0.9827349856821619,0.0,-30.0,0.6538482308387756,1.5,1.0,1857,0000,0.8874528809908454,1648,-6.4630126953125,25.88482666015625,34.490074157714844,61.20885467529297,data_caiwangcun/query/images/exif_test/0000.jpg,9000,docs/experiments/dom_dsm_prepare/query_dom_patch_alignment_batch/images/000_0000/gpu_pinhole_render.png,9000,0.25,ok,7
undistorted_query_with_scaled_distortion_vs_pinhole_render,-0.6155786419268904,-0.08964088489878935,0.9817222406348038,0.0,30.0,0.669472873210907,1.5,1.0,1872,0000,0.8723290598290598,1633,-8.431396484375,27.44580078125,36.66876220703125,60.90243911743164,data_caiwangcun/query/images/exif_test/0000.jpg,9000,docs/experiments/dom_dsm_prepare/query_dom_patch_alignment_batch/images/000_0000/gpu_pinhole_render.png,9000,0.25,ok,7
raw_query_vs_distorted_render_with_scaled_distortion,-0.6085154219644879,-0.08572764697427673,0.9824074341916847,0.0,30.0,0.6613956689834595,1.5,1.0,1842,0000,0.8984799131378935,1655,-7.748046875,27.38818359375,35.62371063232422,60.324520111083984,data_caiwangcun/query/images/exif_test/0000.jpg,9000,docs/experiments/dom_dsm_prepare/query_dom_patch_alignment_batch/images/000_0000/gpu_pinhole_render.png,9000,0.25,ok,7
undistorted_query_with_scaled_distortion_vs_pinhole_render,-0.5865553565801703,-0.12720481647448678,0.983288687746296,-30.0,0.0,0.5450811982154846,1.5,1.0,1877,0000,0.8513585508790623,1598,-7.010009765625,22.7913818359375,35.59501647949219,58.69350051879883,data_caiwangcun/query/images/exif_test/0000.jpg,9000,docs/experiments/dom_dsm_prepare/query_dom_patch_alignment_batch/images/000_0000/gpu_pinhole_render.png,9000,0.25,ok,7
raw_query_vs_distorted_render_with_scaled_distortion,-0.572399483909407,-0.0812408698842058,0.9830993579669823,-30.0,0.0,0.5981631278991699,1.5,1.0,1804,0000,0.852549889135255,1538,-7.671630859375,23.19439697265625,33.73163986206055,56.14753341674805,data_caiwangcun/query/images/exif_test/0000.jpg,9000,docs/experiments/dom_dsm_prepare/query_dom_patch_alignment_batch/images/000_0000/gpu_pinhole_render.png,9001,0.25,ok,7
undistorted_query_with_scaled_distortion_vs_pinhole_render,-0.6543133863618313,-0.02112763427040544,0.9826098918031976,30.0,0.0,0.735578715801239,1.5,1.0,1877,0000,0.8321790090570058,1562,-8.8941650390625,28.2366943359375,36.37263488769531,64.056640625,data_caiwangcun/query/images/exif_test/0000.jpg,9001,docs/experiments/dom_dsm_prepare/query_dom_patch_alignment_batch/images/000_0000/gpu_pinhole_render.png,9000,0.25,ok,7
raw_query_vs_distorted_render_with_scaled_distortion,-0.674397514064079,0.019736229978297416,0.9850051650514758,30.0,0.0,0.6975906491279602,1.5,1.0,1877,0000,0.8790623335109217,1650,-5.8629150390625,27.121002197265625,36.0552978515625,61.58333206176758,data_caiwangcun/query/images/exif_test/0000.jpg,9000,docs/experiments/dom_dsm_prepare/query_dom_patch_alignment_batch/images/000_0000/gpu_pinhole_render.png,9000,0.25,ok,7
undistorted_query_with_scaled_distortion_vs_pinhole_render,-0.6357678337556949,-0.04025280604155066,0.9830218756259721,0.0,0.0,0.660944402217865,1.5,1.005,1873,0000,0.8595835557928457,1610,-6.8486328125,26.58636474609375,35.17053985595703,60.164947509765625,data_caiwangcun/query/images/exif_test/0000.jpg,9001,docs/experiments/dom_dsm_prepare/query_dom_patch_alignment_batch/images/000_0000/gpu_pinhole_render.png,9000,0.25,ok,7
raw_query_vs_distorted_render_with_scaled_distortion,-0.5768266579479256,-0.10208904237119477,0.9868132412313853,0.0,0.0,0.48538196086883545,1.5,1.005,1854,0000,0.8683926645091694,1610,-4.8939208984375,22.55194091796875,34.750244140625,55.35517501831055,data_caiwangcun/query/images/exif_test/0000.jpg,9000,docs/experiments/dom_dsm_prepare/query_dom_patch_alignment_batch/images/000_0000/gpu_pinhole_render.png,9000,0.25,ok,7
undistorted_query_with_scaled_distortion_vs_pinhole_render,-0.7097496346585106,0.022453482537171297,0.9799898706431992,0.0,-30.0,0.725733757019043,1.5,1.005,1861,0000,0.831273508866201,1547,-9.03125,27.0615234375,36.31205749511719,65.2800521850586,data_caiwangcun/query/images/exif_test/0000.jpg,9001,docs/experiments/dom_dsm_prepare/query_dom_patch_alignment_batch/images/000_0000/gpu_pinhole_render.png,9000,0.25,ok,7
raw_query_vs_distorted_render_with_scaled_distortion,-0.621884509594337,-0.024723293547453392,0.984476608720989,0.0,-30.0,0.6266836524009705,1.5,1.005,1843,0000,0.8833423765599566,1628,-6.5771484375,24.3082275390625,34.56571960449219,57.07503890991211,data_caiwangcun/query/images/exif_test/0000.jpg,9000,docs/experiments/dom_dsm_prepare/query_dom_patch_alignment_batch/images/000_0000/gpu_pinhole_render.png,9000,0.25,ok,7
undistorted_query_with_scaled_distortion_vs_pinhole_render,-0.5834676143012026,-0.0724609204237116,0.9859869043565774,0.0,30.0,0.5745074152946472,1.5,1.005,1856,0000,0.8475215517241379,1573,-4.878173828125,25.2916259765625,35.548770904541016,56.897247314453125,data_caiwangcun/query/images/exif_test/0000.jpg,9001,docs/experiments/dom_dsm_prepare/query_dom_patch_alignment_batch/images/000_0000/gpu_pinhole_render.png,9000,0.25,ok,7
raw_query_vs_distorted_render_with_scaled_distortion,-0.6628584791354496,-0.004687533875089821,0.9822982493567942,0.0,30.0,0.7039170861244202,1.5,1.005,1842,0000,0.8811074918566775,1623,-8.10693359375,27.999755859375,35.777400970458984,62.02814483642578,data_caiwangcun/query/images/exif_test/0000.jpg,9000,docs/experiments/dom_dsm_prepare/query_dom_patch_alignment_batch/images/000_0000/gpu_pinhole_render.png,9000,0.25,ok,7
undistorted_query_with_scaled_distortion_vs_pinhole_render,-0.7295847900780777,-0.01291203603211845,0.9766980387620929,-30.0,0.0,0.7725178003311157,1.5,1.005,1864,0000,0.7993562231759657,1490,-12.162841796875,28.59649658203125,37.167083740234375,69.83470916748047,data_caiwangcun/query/images/exif_test/0000.jpg,9000,docs/experiments/dom_dsm_prepare/query_dom_patch_alignment_batch/images/000_0000/gpu_pinhole_render.png,9000,0.25,ok,7
raw_query_vs_distorted_render_with_scaled_distortion,-0.649721545534218,-0.09999600145627265,0.9786619272248569,-30.0,0.0,0.6732891798019409,1.5,1.005,1824,0000,0.8958333333333334,1634,-8.7332763671875,26.477035522460938,35.30854797363281,63.47587585449219,data_caiwangcun/query/images/exif_test/0000.jpg,9000,docs/experiments/dom_dsm_prepare/query_dom_patch_alignment_batch/images/000_0000/gpu_pinhole_render.png,9001,0.25,ok,7
undistorted_query_with_scaled_distortion_vs_pinhole_render,-0.6725911117452883,0.03973393393871107,0.9844920887743203,30.0,0.0,0.7372034192085266,1.5,1.005,1835,0000,0.8272479564032698,1518,-7.9527587890625,28.58917236328125,36.29680633544922,62.528472900390625,data_caiwangcun/query/images/exif_test/0000.jpg,9000,docs/experiments/dom_dsm_prepare/query_dom_patch_alignment_batch/images/000_0000/gpu_pinhole_render.png,9000,0.25,ok,7
raw_query_vs_distorted_render_with_scaled_distortion,-0.6207288349311476,-0.029712927581920432,0.9853719426901035,30.0,0.0,0.6802501678466797,1.5,1.005,1834,0000,0.8947655398037078,1641,-6.548828125,26.8037109375,35.3119010925293,60.07483673095703,data_caiwangcun/query/images/exif_test/0000.jpg,9000,docs/experiments/dom_dsm_prepare/query_dom_patch_alignment_batch/images/000_0000/gpu_pinhole_render.png,9001,0.25,ok,7
undistorted_query_with_scaled_distortion_vs_pinhole_render,-0.7889875114388729,-0.44018774035101127,0.9493650698444821,0.0,0.0,0.8338838219642639,2.0,0.995,1769,0000,0.6840022611644997,1210,-20.3199462890625,28.250732421875,40.559242248535156,84.39408874511719,data_caiwangcun/query/images/exif_test/0000.jpg,9000,docs/experiments/dom_dsm_prepare/query_dom_patch_alignment_batch/images/000_0000/gpu_pinhole_render.png,9000,0.25,ok,7
raw_query_vs_distorted_render_with_scaled_distortion,-0.7563475257253598,-0.2250649617383827,0.9670025009396435,0.0,0.0,0.6596837639808655,2.0,0.995,1786,0000,0.8180291153415453,1461,-12.080078125,21.899658203125,34.52113342285156,69.0671157836914,data_caiwangcun/query/images/exif_test/0000.jpg,9000,docs/experiments/dom_dsm_prepare/query_dom_patch_alignment_batch/images/000_0000/gpu_pinhole_render.png,9000,0.25,ok,7
undistorted_query_with_scaled_distortion_vs_pinhole_render,-0.6590078694185342,-0.42075057745389544,0.9671072909047307,0.0,-30.0,0.5918174982070923,2.0,0.995,1738,0000,0.7456846950517837,1296,-12.35443115234375,16.73828125,34.47664260864258,70.76918029785156,data_caiwangcun/query/images/exif_test/0000.jpg,9000,docs/experiments/dom_dsm_prepare/query_dom_patch_alignment_batch/images/000_0000/gpu_pinhole_render.png,9000,0.25,ok,7
raw_query_vs_distorted_render_with_scaled_distortion,-0.7382877405926878,-0.2338495623291253,0.9692006202716151,0.0,-30.0,0.6394822597503662,2.0,0.995,1790,0000,0.7541899441340782,1350,-7.8544921875,23.67486572265625,32.77649688720703,63.498016357421875,data_caiwangcun/query/images/exif_test/0000.jpg,9000,docs/experiments/dom_dsm_prepare/query_dom_patch_alignment_batch/images/000_0000/gpu_pinhole_render.png,9000,0.25,ok,7
undistorted_query_with_scaled_distortion_vs_pinhole_render,-0.8066128076186841,-0.4397473169908768,0.9452981164815477,0.0,30.0,0.8497775793075562,2.0,0.995,1761,0000,0.6740488358886996,1187,-20.7431640625,29.27593994140625,43.153236389160156,85.86638641357422,data_caiwangcun/query/images/exif_test/0000.jpg,9000,docs/experiments/dom_dsm_prepare/query_dom_patch_alignment_batch/images/000_0000/gpu_pinhole_render.png,9000,0.25,ok,7
raw_query_vs_distorted_render_with_scaled_distortion,-0.7062461068837487,-0.25254256774426154,0.9739818921969972,0.0,30.0,0.7406584620475769,2.0,0.995,1781,0000,0.7282425603593486,1297,-14.171875,23.047607421875,34.09480285644531,67.30977630615234,data_caiwangcun/query/images/exif_test/0000.jpg,9000,docs/experiments/dom_dsm_prepare/query_dom_patch_alignment_batch/images/000_0000/gpu_pinhole_render.png,9001,0.25,ok,7
undistorted_query_with_scaled_distortion_vs_pinhole_render,-0.7448414318209673,-0.2598939185309159,0.9677005461181228,-30.0,0.0,0.6833577752113342,2.0,0.995,1754,0000,0.7394526795895097,1297,-15.7806396484375,19.2960205078125,34.898006439208984,74.53014373779297,data_caiwangcun/query/images/exif_test/0000.jpg,9000,docs/experiments/dom_dsm_prepare/query_dom_patch_alignment_batch/images/000_0000/gpu_pinhole_render.png,9000,0.25,ok,7
raw_query_vs_distorted_render_with_scaled_distortion,-0.7537872666101209,-0.24818880603784965,0.9637310250452803,-30.0,0.0,0.6646900177001953,2.0,0.995,1737,0000,0.8042602187679908,1397,-14.658935546875,20.470458984375,35.188209533691406,72.0298843383789,data_caiwangcun/query/images/exif_test/0000.jpg,9000,docs/experiments/dom_dsm_prepare/query_dom_patch_alignment_batch/images/000_0000/gpu_pinhole_render.png,9000,0.25,ok,7
undistorted_query_with_scaled_distortion_vs_pinhole_render,-0.6958271076781578,-0.2611072977187281,0.9760835797503014,30.0,0.0,0.6955181956291199,2.0,0.995,1781,0000,0.7282425603593486,1297,-12.794189453125,22.11773681640625,34.23429489135742,67.53192138671875,data_caiwangcun/query/images/exif_test/0000.jpg,9000,docs/experiments/dom_dsm_prepare/query_dom_patch_alignment_batch/images/000_0000/gpu_pinhole_render.png,9000,0.25,ok,7
raw_query_vs_distorted_render_with_scaled_distortion,-0.6755664174543605,-0.23313193411445143,0.9774822618325383,30.0,0.0,0.5572605729103088,2.0,0.995,1783,0000,0.7784632641615256,1388,-9.6800537109375,16.09844970703125,33.84712600708008,60.81422424316406,data_caiwangcun/query/images/exif_test/0000.jpg,9000,docs/experiments/dom_dsm_prepare/query_dom_patch_alignment_batch/images/000_0000/gpu_pinhole_render.png,9000,0.25,ok,7
undistorted_query_with_scaled_distortion_vs_pinhole_render,-0.6644290673637318,-0.3569744770164541,0.9726392339920372,0.0,0.0,0.6298359036445618,2.0,1.0,1808,0000,0.7621681415929203,1378,-14.0855712890625,17.31707763671875,35.01988983154297,69.19890594482422,data_caiwangcun/query/images/exif_test/0000.jpg,9000,docs/experiments/dom_dsm_prepare/query_dom_patch_alignment_batch/images/000_0000/gpu_pinhole_render.png,9000,0.25,ok,7
raw_query_vs_distorted_render_with_scaled_distortion,-0.703309018569875,-0.22041186521408834,0.9735213040858184,0.0,0.0,0.5981130003929138,2.0,1.0,1821,0000,0.7869302580999451,1433,-11.08203125,17.32373046875,34.11288070678711,64.36189270019531,data_caiwangcun/query/images/exif_test/0000.jpg,9000,docs/experiments/dom_dsm_prepare/query_dom_patch_alignment_batch/images/000_0000/gpu_pinhole_render.png,9000,0.25,ok,7
undistorted_query_with_scaled_distortion_vs_pinhole_render,-0.7429656299059955,-0.25324855066785423,0.9699629377773696,0.0,-30.0,0.6954529285430908,2.0,1.0,1776,0000,0.7246621621621622,1287,-13.991943359375,21.07763671875,34.82963180541992,72.2927474975586,data_caiwangcun/query/images/exif_test/0000.jpg,9001,docs/experiments/dom_dsm_prepare/query_dom_patch_alignment_batch/images/000_0000/gpu_pinhole_render.png,9000,0.25,ok,7
raw_query_vs_distorted_render_with_scaled_distortion,-0.6632265332865657,-0.2693587754194692,0.9720577217359657,0.0,-30.0,0.6240193247795105,2.0,1.0,1763,0000,0.7334089619965967,1293,-11.294189453125,17.432861328125,31.961963653564453,63.37729263305664,data_caiwangcun/query/images/exif_test/0000.jpg,9000,docs/experiments/dom_dsm_prepare/query_dom_patch_alignment_batch/images/000_0000/gpu_pinhole_render.png,9000,0.25,ok,7
undistorted_query_with_scaled_distortion_vs_pinhole_render,-0.6949778212350474,-0.2362988002276252,0.9748969626677598,0.0,30.0,0.603847086429596,2.0,1.0,1830,0000,0.7650273224043715,1400,-11.0965576171875,19.3387451171875,34.87272262573242,65.69954681396484,data_caiwangcun/query/images/exif_test/0000.jpg,9000,docs/experiments/dom_dsm_prepare/query_dom_patch_alignment_batch/images/000_0000/gpu_pinhole_render.png,9000,0.25,ok,7
raw_query_vs_distorted_render_with_scaled_distortion,-0.720947183191111,-0.20772217001736448,0.972762122042915,0.0,30.0,0.6347570419311523,2.0,1.0,1809,0000,0.7910447761194029,1431,-10.345947265625,21.258544921875,33.74456787109375,64.47119903564453,data_caiwangcun/query/images/exif_test/0000.jpg,9000,docs/experiments/dom_dsm_prepare/query_dom_patch_alignment_batch/images/000_0000/gpu_pinhole_render.png,9001,0.25,ok,7
undistorted_query_with_scaled_distortion_vs_pinhole_render,-0.7086736255319526,-0.3107899262646241,0.9690503991628167,-30.0,0.0,0.6863826513290405,2.0,1.0,1759,0000,0.7305287094940307,1285,-15.783203125,19.3076171875,35.14168930053711,72.49681091308594,data_caiwangcun/query/images/exif_test/0000.jpg,9000,docs/experiments/dom_dsm_prepare/query_dom_patch_alignment_batch/images/000_0000/gpu_pinhole_render.png,9000,0.25,ok,7
raw_query_vs_distorted_render_with_scaled_distortion,-0.6968276309699813,-0.2443772757726625,0.9685665451683185,-30.0,0.0,0.5866256952285767,2.0,1.0,1794,0000,0.7670011148272018,1376,-11.876953125,15.70263671875,33.68346405029297,66.2117919921875,data_caiwangcun/query/images/exif_test/0000.jpg,9000,docs/experiments/dom_dsm_prepare/query_dom_patch_alignment_batch/images/000_0000/gpu_pinhole_render.png,9001,0.25,ok,7
undistorted_query_with_scaled_distortion_vs_pinhole_render,-0.8562277142564643,-0.05520040138225671,0.9447549039880384,30.0,0.0,0.5846302509307861,2.0,1.0,1765,0000,0.6385269121813031,1127,-6.3564453125,23.4593505859375,34.97368240356445,66.67361450195312,data_caiwangcun/query/images/exif_test/0000.jpg,9000,docs/experiments/dom_dsm_prepare/query_dom_patch_alignment_batch/images/000_0000/gpu_pinhole_render.png,9000,0.25,ok,7
raw_query_vs_distorted_render_with_scaled_distortion,-0.7707920007701562,-0.2281987243683544,0.9607173480984765,30.0,0.0,0.732276439666748,2.0,1.0,1765,0000,0.7943342776203967,1402,-13.2923583984375,24.48101806640625,34.9625244140625,71.82919311523438,data_caiwangcun/query/images/exif_test/0000.jpg,9000,docs/experiments/dom_dsm_prepare/query_dom_patch_alignment_batch/images/000_0000/gpu_pinhole_render.png,9000,0.25,ok,7
undistorted_query_with_scaled_distortion_vs_pinhole_render,-0.7108224214223888,-0.23463309618001463,0.9717850030470981,0.0,0.0,0.6287415027618408,2.0,1.005,1769,0000,0.7738835500282646,1369,-12.273193359375,19.3358154296875,35.03103256225586,68.98297119140625,data_caiwangcun/query/images/exif_test/0000.jpg,9000,docs/experiments/dom_dsm_prepare/query_dom_patch_alignment_batch/images/000_0000/gpu_pinhole_render.png,9000,0.25,ok,7
raw_query_vs_distorted_render_with_scaled_distortion,-0.784355943988861,-0.20220632697504373,0.9655050727115967,0.0,0.0,0.6940948963165283,2.0,1.005,1829,0000,0.8004373974849645,1464,-11.907958984375,23.7982177734375,35.00672912597656,69.72516632080078,data_caiwangcun/query/images/exif_test/0000.jpg,9000,docs/experiments/dom_dsm_prepare/query_dom_patch_alignment_batch/images/000_0000/gpu_pinhole_render.png,9000,0.25,ok,7
undistorted_query_with_scaled_distortion_vs_pinhole_render,-0.6949309726009466,-0.3038291152350077,0.9690163474141131,0.0,-30.0,0.5696223974227905,2.0,1.005,1811,0000,0.8061844284925456,1460,-11.2940673828125,17.75341796875,35.21510696411133,68.50283813476562,data_caiwangcun/query/images/exif_test/0000.jpg,9000,docs/experiments/dom_dsm_prepare/query_dom_patch_alignment_batch/images/000_0000/gpu_pinhole_render.png,9000,0.25,ok,7
raw_query_vs_distorted_render_with_scaled_distortion,-0.6672919945884873,-0.2846908653952573,0.9713586289627786,0.0,-30.0,0.5268378853797913,2.0,1.005,1811,0000,0.7940364439536168,1438,-9.5914306640625,15.030426025390625,33.64478302001953,62.79669952392578,data_caiwangcun/query/images/exif_test/0000.jpg,9000,docs/experiments/dom_dsm_prepare/query_dom_patch_alignment_batch/images/000_0000/gpu_pinhole_render.png,9000,0.25,ok,7
undistorted_query_with_scaled_distortion_vs_pinhole_render,-0.670355842549052,-0.2739438940899304,0.9763781992115301,0.0,30.0,0.6929523348808289,2.0,1.005,1797,0000,0.7245409015025042,1302,-13.9346923828125,21.2630615234375,34.18806457519531,67.29612731933594,data_caiwangcun/query/images/exif_test/0000.jpg,9000,docs/experiments/dom_dsm_prepare/query_dom_patch_alignment_batch/images/000_0000/gpu_pinhole_render.png,9000,0.25,ok,7
raw_query_vs_distorted_render_with_scaled_distortion,-0.7094553456639199,-0.23027485697967986,0.9724415501508499,0.0,30.0,0.6926069855690002,2.0,1.005,1838,0000,0.7687704026115343,1413,-12.944091796875,22.024169921875,33.77649688720703,66.08776092529297,data_caiwangcun/query/images/exif_test/0000.jpg,9000,docs/experiments/dom_dsm_prepare/query_dom_patch_alignment_batch/images/000_0000/gpu_pinhole_render.png,9000,0.25,ok,7
undistorted_query_with_scaled_distortion_vs_pinhole_render,-0.74773498627877,-0.2503488687992092,0.9665362988446334,-30.0,0.0,0.6805225610733032,2.0,1.005,1730,0000,0.7751445086705202,1341,-14.962158203125,21.7020263671875,35.22792053222656,74.31043243408203,data_caiwangcun/query/images/exif_test/0000.jpg,9001,docs/experiments/dom_dsm_prepare/query_dom_patch_alignment_batch/images/000_0000/gpu_pinhole_render.png,9000,0.25,ok,7
raw_query_vs_distorted_render_with_scaled_distortion,-0.6994985951710732,-0.2402894845297282,0.969756401006676,-30.0,0.0,0.6096071004867554,2.0,1.005,1741,0000,0.7679494543365881,1337,-12.445556640625,16.328125,33.114402770996094,66.4220199584961,data_caiwangcun/query/images/exif_test/0000.jpg,9000,docs/experiments/dom_dsm_prepare/query_dom_patch_alignment_batch/images/000_0000/gpu_pinhole_render.png,9000,0.25,ok,7
undistorted_query_with_scaled_distortion_vs_pinhole_render,-0.7194576587467129,-0.21842372634131949,0.9760046655579504,30.0,0.0,0.6585518717765808,2.0,1.005,1828,0000,0.776258205689278,1419,-11.821044921875,21.9326171875,34.88044357299805,68.1603012084961,data_caiwangcun/query/images/exif_test/0000.jpg,9000,docs/experiments/dom_dsm_prepare/query_dom_patch_alignment_batch/images/000_0000/gpu_pinhole_render.png,9000,0.25,ok,7
raw_query_vs_distorted_render_with_scaled_distortion,-0.7497535761178958,-0.19653241974542113,0.9739916848437777,30.0,0.0,0.6691606640815735,2.0,1.005,1811,0000,0.7984538928768636,1446,-10.2762451171875,22.969757080078125,34.626983642578125,64.39212036132812,data_caiwangcun/query/images/exif_test/0000.jpg,9000,docs/experiments/dom_dsm_prepare/query_dom_patch_alignment_batch/images/000_0000/gpu_pinhole_render.png,9000,0.25,ok,7
raw_query_vs_pinhole_render,0.8896940919989904,0.32169967652717063,0.9623505255588143,0.0,0.0,0.7623759508132935,0.0,1.0,1741,0001,0.5152211372774268,897,26.4052734375,36.058349609375,64.89307403564453,115.61210632324219,data_caiwangcun/query/images/exif_test/0001.JPG,9000,docs/experiments/dom_dsm_prepare/query_dom_patch_alignment_batch/images/001_0001/gpu_pinhole_render.png,9000,0.25,ok,13
undistorted_query_vs_pinhole_render,-0.22071093959339105,0.20794898241272147,0.9902077230807298,0.0,0.0,0.30207559466362,1.0,1.0,1979,0001,0.9853461344113188,1950,-6.586639404296875,22.840240478515625,54.524314880371094,69.93012237548828,data_caiwangcun/query/images/exif_test/0001.JPG,9000,docs/experiments/dom_dsm_prepare/query_dom_patch_alignment_batch/images/001_0001/gpu_pinhole_render.png,9000,0.25,ok,13
raw_query_vs_distorted_render,-0.22228080964165076,0.20577061869051974,0.988432351650815,0.0,0.0,0.2778172492980957,1.0,1.0,1799,0001,0.990550305725403,1782,-5.0105438232421875,20.488037109375,51.609336853027344,65.33794403076172,data_caiwangcun/query/images/exif_test/0001.JPG,9000,docs/experiments/dom_dsm_prepare/query_dom_patch_alignment_batch/images/001_0001/gpu_pinhole_render.png,9000,0.25,ok,13
undistorted_query_with_scaled_distortion_vs_pinhole_render,0.933212164238573,0.5841111684834103,0.9513937848047103,0.0,0.0,0.9015673398971558,-1.0,0.995,1625,0001,0.36553846153846153,594,86.451416015625,48.0882568359375,120.91300201416016,192.30740356445312,data_caiwangcun/query/images/exif_test/0001.JPG,9000,docs/experiments/dom_dsm_prepare/query_dom_patch_alignment_batch/images/001_0001/gpu_pinhole_render.png,9000,0.25,ok,13
raw_query_vs_distorted_render_with_scaled_distortion,0.9501164812841308,0.49157450209576103,0.9540230205134769,0.0,0.0,0.8281506299972534,-1.0,0.995,1524,0001,0.38648293963254593,589,36.42431640625,29.896240234375,72.38330078125,181.31521606445312,data_caiwangcun/query/images/exif_test/0001.JPG,9000,docs/experiments/dom_dsm_prepare/query_dom_patch_alignment_batch/images/001_0001/gpu_pinhole_render.png,9000,0.25,ok,13
undistorted_query_with_scaled_distortion_vs_pinhole_render,0.9215536160631542,0.6739675369991222,0.947406083581887,0.0,-30.0,0.9130901098251343,-1.0,0.995,1628,0001,0.3593366093366093,585,94.17626953125,41.912353515625,130.57806396484375,205.07057189941406,data_caiwangcun/query/images/exif_test/0001.JPG,9000,docs/experiments/dom_dsm_prepare/query_dom_patch_alignment_batch/images/001_0001/gpu_pinhole_render.png,9000,0.25,ok,13
raw_query_vs_distorted_render_with_scaled_distortion,0.9464951503117092,0.528666918093794,0.9566188049509062,0.0,-30.0,0.8336077928543091,-1.0,0.995,1507,0001,0.3928334439283344,592,63.8961181640625,34.0611572265625,87.1905517578125,192.9525146484375,data_caiwangcun/query/images/exif_test/0001.JPG,9000,docs/experiments/dom_dsm_prepare/query_dom_patch_alignment_batch/images/001_0001/gpu_pinhole_render.png,9000,0.25,ok,13
undistorted_query_with_scaled_distortion_vs_pinhole_render,0.9386926995345619,0.5283975181231159,0.953074900999854,0.0,30.0,0.8939058780670166,-1.0,0.995,1627,0001,0.3663183773816841,596,78.696533203125,50.457275390625,109.6612548828125,187.22047424316406,data_caiwangcun/query/images/exif_test/0001.JPG,9000,docs/experiments/dom_dsm_prepare/query_dom_patch_alignment_batch/images/001_0001/gpu_pinhole_render.png,9000,0.25,ok,13
raw_query_vs_distorted_render_with_scaled_distortion,0.9533862921326304,0.4911463295202705,0.9487186204172338,0.0,30.0,0.7958859801292419,-1.0,0.995,1480,0001,0.37635135135135134,557,7.23681640625,26.689453125,70.20458221435547,200.37771606445312,data_caiwangcun/query/images/exif_test/0001.JPG,9000,docs/experiments/dom_dsm_prepare/query_dom_patch_alignment_batch/images/001_0001/gpu_pinhole_render.png,9000,0.25,ok,13
undistorted_query_with_scaled_distortion_vs_pinhole_render,0.9462607624210977,0.5070021426074716,0.9570143421692531,-30.0,0.0,0.823413610458374,-1.0,0.995,1569,0001,0.36966220522625876,580,63.739990234375,29.678955078125,80.09262084960938,181.24655151367188,data_caiwangcun/query/images/exif_test/0001.JPG,9000,docs/experiments/dom_dsm_prepare/query_dom_patch_alignment_batch/images/001_0001/gpu_pinhole_render.png,9000,0.25,ok,13
raw_query_vs_distorted_render_with_scaled_distortion,0.9545927402639719,0.5110285739059864,0.9501645968735382,-30.0,0.0,0.7820647954940796,-1.0,0.995,1543,0001,0.37394685677252104,577,12.553955078125,24.32470703125,75.25514221191406,207.61656188964844,data_caiwangcun/query/images/exif_test/0001.JPG,9000,docs/experiments/dom_dsm_prepare/query_dom_patch_alignment_batch/images/001_0001/gpu_pinhole_render.png,9000,0.25,ok,13
undistorted_query_with_scaled_distortion_vs_pinhole_render,0.9382230206411362,0.5022053150504615,0.9559957906753954,30.0,0.0,0.7764493227005005,-1.0,0.995,1588,0001,0.3797229219143577,603,15.353759765625,30.1064453125,78.98365020751953,175.27903747558594,data_caiwangcun/query/images/exif_test/0001.JPG,9000,docs/experiments/dom_dsm_prepare/query_dom_patch_alignment_batch/images/001_0001/gpu_pinhole_render.png,9000,0.25,ok,13
raw_query_vs_distorted_render_with_scaled_distortion,0.9449526462248337,0.4865409984881325,0.9557134015251058,30.0,0.0,0.8507580757141113,-1.0,0.995,1497,0001,0.39345357381429524,589,32.275390625,41.856689453125,72.05462646484375,186.3380584716797,data_caiwangcun/query/images/exif_test/0001.JPG,9000,docs/experiments/dom_dsm_prepare/query_dom_patch_alignment_batch/images/001_0001/gpu_pinhole_render.png,9000,0.25,ok,13
undistorted_query_with_scaled_distortion_vs_pinhole_render,0.9333590265677206,0.47318213878909227,0.9568479174133233,0.0,0.0,0.8100259304046631,-1.0,1.0,1625,0001,0.36553846153846153,594,1.7685546875,38.30059814453125,49.65879440307617,160.50709533691406,data_caiwangcun/query/images/exif_test/0001.JPG,9001,docs/experiments/dom_dsm_prepare/query_dom_patch_alignment_batch/images/001_0001/gpu_pinhole_render.png,9000,0.25,ok,13
raw_query_vs_distorted_render_with_scaled_distortion,0.7716773852933111,0.6877796295089793,0.9556087623564851,0.0,0.0,0.3570801913738251,-1.0,1.0,1535,0001,0.33355048859934855,512,-20.24615478515625,8.1427001953125,38.776710510253906,72.15696716308594,data_caiwangcun/query/images/exif_test/0001.JPG,9000,docs/experiments/dom_dsm_prepare/query_dom_patch_alignment_batch/images/001_0001/gpu_pinhole_render.png,9000,0.25,ok,13
undistorted_query_with_scaled_distortion_vs_pinhole_render,0.9437523730655147,0.4958482110126081,0.957469742562882,0.0,-30.0,0.7734391689300537,-1.0,1.0,1579,0001,0.36985433818872704,584,13.2332763671875,27.6676025390625,79.32328796386719,181.8787384033203,data_caiwangcun/query/images/exif_test/0001.JPG,9000,docs/experiments/dom_dsm_prepare/query_dom_patch_alignment_batch/images/001_0001/gpu_pinhole_render.png,9000,0.25,ok,13
raw_query_vs_distorted_render_with_scaled_distortion,0.9440382343543166,0.5423223276414021,0.9514271145052277,0.0,-30.0,0.8477857112884521,-1.0,1.0,1513,0001,0.3668208856576338,555,5.36572265625,56.7509765625,74.21124267578125,178.07984924316406,data_caiwangcun/query/images/exif_test/0001.JPG,9000,docs/experiments/dom_dsm_prepare/query_dom_patch_alignment_batch/images/001_0001/gpu_pinhole_render.png,9000,0.25,ok,13
undistorted_query_with_scaled_distortion_vs_pinhole_render,0.9435488333310195,0.48363970456471067,0.9548107173191889,0.0,30.0,0.764289140701294,-1.0,1.0,1624,0001,0.37438423645320196,608,13.2166748046875,26.869140625,79.8497543334961,174.8911895751953,data_caiwangcun/query/images/exif_test/0001.JPG,9000,docs/experiments/dom_dsm_prepare/query_dom_patch_alignment_batch/images/001_0001/gpu_pinhole_render.png,9000,0.25,ok,13
raw_query_vs_distorted_render_with_scaled_distortion,0.9444279016979497,0.5400983240680197,0.9568267344104942,0.0,30.0,0.7437578439712524,-1.0,1.0,1527,0001,0.3791748526522593,579,10.526611328125,23.5252685546875,95.04186248779297,195.8518829345703,data_caiwangcun/query/images/exif_test/0001.JPG,9000,docs/experiments/dom_dsm_prepare/query_dom_patch_alignment_batch/images/001_0001/gpu_pinhole_render.png,9000,0.25,ok,13
undistorted_query_with_scaled_distortion_vs_pinhole_render,0.9478502280066513,0.5399646980229729,0.9497158753003179,-30.0,0.0,0.7756189107894897,-1.0,1.0,1576,0001,0.35786802030456855,564,6.5142822265625,26.5146484375,75.09390258789062,195.8521728515625,data_caiwangcun/query/images/exif_test/0001.JPG,9001,docs/experiments/dom_dsm_prepare/query_dom_patch_alignment_batch/images/001_0001/gpu_pinhole_render.png,9000,0.25,ok,13
raw_query_vs_distorted_render_with_scaled_distortion,0.9474247286191626,0.6013683862382512,0.9545342807593247,-30.0,0.0,0.8625739812850952,-1.0,1.0,1531,0001,0.36577400391900716,560,77.27880859375,30.51220703125,103.59918212890625,216.75643920898438,data_caiwangcun/query/images/exif_test/0001.JPG,9000,docs/experiments/dom_dsm_prepare/query_dom_patch_alignment_batch/images/001_0001/gpu_pinhole_render.png,9000,0.25,ok,13
undistorted_query_with_scaled_distortion_vs_pinhole_render,0.9450424852655422,0.5119642741271432,0.9555656707782335,30.0,0.0,0.7828624844551086,-1.0,1.0,1564,0001,0.3772378516624041,590,17.54248046875,26.1981201171875,78.24594116210938,179.3434295654297,data_caiwangcun/query/images/exif_test/0001.JPG,9000,docs/experiments/dom_dsm_prepare/query_dom_patch_alignment_batch/images/001_0001/gpu_pinhole_render.png,9000,0.25,ok,13
raw_query_vs_distorted_render_with_scaled_distortion,0.9399362846404243,0.573362022303965,0.9573286895917151,30.0,0.0,0.893057107925415,-1.0,1.0,1505,0001,0.37940199335548175,571,85.1787109375,42.288818359375,114.88311767578125,193.14825439453125,data_caiwangcun/query/images/exif_test/0001.JPG,9000,docs/experiments/dom_dsm_prepare/query_dom_patch_alignment_batch/images/001_0001/gpu_pinhole_render.png,9000,0.25,ok,13
undistorted_query_with_scaled_distortion_vs_pinhole_render,0.937398213645713,0.5581596613067976,0.958349905752712,0.0,0.0,0.8656265139579773,-1.0,1.005,1646,0001,0.35662211421628187,587,76.68603515625,41.093994140625,103.89573669433594,178.6196746826172,data_caiwangcun/query/images/exif_test/0001.JPG,9001,docs/experiments/dom_dsm_prepare/query_dom_patch_alignment_batch/images/001_0001/gpu_pinhole_render.png,9000,0.25,ok,13
raw_query_vs_distorted_render_with_scaled_distortion,0.9526400372464688,0.4691127079675264,0.9521765918722684,0.0,0.0,0.799930214881897,-1.0,1.005,1538,0001,0.38686605981794536,595,12.541015625,28.1474609375,69.7681884765625,197.57139587402344,data_caiwangcun/query/images/exif_test/0001.JPG,9000,docs/experiments/dom_dsm_prepare/query_dom_patch_alignment_batch/images/001_0001/gpu_pinhole_render.png,9000,0.25,ok,13
undistorted_query_with_scaled_distortion_vs_pinhole_render,0.9460979861801655,0.5097132497527542,0.9550201497656925,0.0,-30.0,0.7858334183692932,-1.0,1.005,1578,0001,0.38022813688212925,600,6.867919921875,34.16015625,77.3765869140625,185.52549743652344,data_caiwangcun/query/images/exif_test/0001.JPG,9000,docs/experiments/dom_dsm_prepare/query_dom_patch_alignment_batch/images/001_0001/gpu_pinhole_render.png,9000,0.25,ok,13
raw_query_vs_distorted_render_with_scaled_distortion,0.9470979627634525,0.4838398869964163,0.9541224453277837,0.0,-30.0,0.7701189517974854,-1.0,1.005,1492,0001,0.3753351206434316,560,8.0341796875,29.50714111328125,74.7589111328125,171.385498046875,data_caiwangcun/query/images/exif_test/0001.JPG,9000,docs/experiments/dom_dsm_prepare/query_dom_patch_alignment_batch/images/001_0001/gpu_pinhole_render.png,9000,0.25,ok,13
undistorted_query_with_scaled_distortion_vs_pinhole_render,0.9376563012107056,0.5933216534174616,0.9542172269879774,0.0,30.0,0.8610135316848755,-1.0,1.005,1645,0001,0.36838905775075986,606,82.38427734375,36.3388671875,115.39127349853516,190.84405517578125,data_caiwangcun/query/images/exif_test/0001.JPG,9000,docs/experiments/dom_dsm_prepare/query_dom_patch_alignment_batch/images/001_0001/gpu_pinhole_render.png,9000,0.25,ok,13
raw_query_vs_distorted_render_with_scaled_distortion,0.9439652352991184,0.4726660927884625,0.9520362172156185,0.0,30.0,0.7496024966239929,-1.0,1.005,1486,0001,0.39030955585464333,580,5.21728515625,23.30029296875,62.64111328125,164.8440399169922,data_caiwangcun/query/images/exif_test/0001.JPG,9000,docs/experiments/dom_dsm_prepare/query_dom_patch_alignment_batch/images/001_0001/gpu_pinhole_render.png,9000,0.25,ok,13
undistorted_query_with_scaled_distortion_vs_pinhole_render,0.9386750155143707,0.6416125185507263,0.9472652752071052,-30.0,0.0,0.9339984059333801,-1.0,1.005,1572,0001,0.3524173027989822,554,92.48681640625,61.17816162109375,129.2042236328125,204.92080688476562,data_caiwangcun/query/images/exif_test/0001.JPG,9000,docs/experiments/dom_dsm_prepare/query_dom_patch_alignment_batch/images/001_0001/gpu_pinhole_render.png,9000,0.25,ok,13
raw_query_vs_distorted_render_with_scaled_distortion,0.9367398107788947,0.46154012413826984,0.9536254565608417,-30.0,0.0,0.7820342183113098,-1.0,1.005,1538,0001,0.3894668400520156,599,12.57470703125,24.634033203125,59.95390319824219,175.29945373535156,data_caiwangcun/query/images/exif_test/0001.JPG,9000,docs/experiments/dom_dsm_prepare/query_dom_patch_alignment_batch/images/001_0001/gpu_pinhole_render.png,9001,0.25,ok,13
undistorted_query_with_scaled_distortion_vs_pinhole_render,0.936800616712174,0.5164089513240386,0.9512667531029494,30.0,0.0,0.8432890176773071,-1.0,1.005,1581,0001,0.36495888678051863,577,3.97216796875,47.8360595703125,65.8064193725586,165.61825561523438,data_caiwangcun/query/images/exif_test/0001.JPG,9000,docs/experiments/dom_dsm_prepare/query_dom_patch_alignment_batch/images/001_0001/gpu_pinhole_render.png,9000,0.25,ok,13
raw_query_vs_distorted_render_with_scaled_distortion,0.9542480396997126,0.5092954217927834,0.9522417608032491,30.0,0.0,0.7954288721084595,-1.0,1.005,1511,0001,0.36598279285241564,553,7.376953125,26.470947265625,53.027076721191406,209.50645446777344,data_caiwangcun/query/images/exif_test/0001.JPG,9000,docs/experiments/dom_dsm_prepare/query_dom_patch_alignment_batch/images/001_0001/gpu_pinhole_render.png,9000,0.25,ok,13
undistorted_query_with_scaled_distortion_vs_pinhole_render,0.9312023823390184,0.46128835726433354,0.955657645513312,0.0,0.0,0.7986820936203003,-0.5,0.995,1684,0001,0.44477434679334915,749,24.93310546875,48.361328125,76.74575805664062,158.39089965820312,data_caiwangcun/query/images/exif_test/0001.JPG,9000,docs/experiments/dom_dsm_prepare/query_dom_patch_alignment_batch/images/001_0001/gpu_pinhole_render.png,9000,0.25,ok,13
raw_query_vs_distorted_render_with_scaled_distortion,0.9261382965652093,0.4268721153467938,0.9595484804646565,0.0,0.0,0.7329220175743103,-0.5,0.995,1599,0001,0.43089430894308944,689,47.55078125,30.136474609375,84.25313568115234,151.6454315185547,data_caiwangcun/query/images/exif_test/0001.JPG,9000,docs/experiments/dom_dsm_prepare/query_dom_patch_alignment_batch/images/001_0001/gpu_pinhole_render.png,9000,0.25,ok,13
undistorted_query_with_scaled_distortion_vs_pinhole_render,0.9315187106778972,0.4755238456054013,0.954882493649438,0.0,-30.0,0.8592210412025452,-0.5,0.995,1676,0001,0.4146778042959427,695,42.804931640625,59.372314453125,93.5367202758789,163.89132690429688,data_caiwangcun/query/images/exif_test/0001.JPG,9001,docs/experiments/dom_dsm_prepare/query_dom_patch_alignment_batch/images/001_0001/gpu_pinhole_render.png,9000,0.25,ok,13
raw_query_vs_distorted_render_with_scaled_distortion,0.8832548226947053,0.5425925994562718,0.9505677547573815,0.0,-30.0,0.5546078085899353,-0.5,0.995,1644,0001,0.43309002433090027,712,-3.09423828125,18.267333984375,63.41060256958008,146.73965454101562,data_caiwangcun/query/images/exif_test/0001.JPG,9000,docs/experiments/dom_dsm_prepare/query_dom_patch_alignment_batch/images/001_0001/gpu_pinhole_render.png,9001,0.25,ok,13
undistorted_query_with_scaled_distortion_vs_pinhole_render,0.9229476810388078,0.40634680251263366,0.9572067324421065,0.0,30.0,0.7351163029670715,-0.5,0.995,1645,0001,0.435258358662614,716,29.5081787109375,29.776611328125,70.42398071289062,140.7506103515625,data_caiwangcun/query/images/exif_test/0001.JPG,9000,docs/experiments/dom_dsm_prepare/query_dom_patch_alignment_batch/images/001_0001/gpu_pinhole_render.png,9000,0.25,ok,13
raw_query_vs_distorted_render_with_scaled_distortion,0.8960089930717483,0.5785832365618575,0.9459903780912714,0.0,30.0,0.5437081456184387,-0.5,0.995,1576,0001,0.4200507614213198,662,-3.2115478515625,22.617431640625,75.9819107055664,148.5191192626953,data_caiwangcun/query/images/exif_test/0001.JPG,9000,docs/experiments/dom_dsm_prepare/query_dom_patch_alignment_batch/images/001_0001/gpu_pinhole_render.png,9002,0.25,ok,13
undistorted_query_with_scaled_distortion_vs_pinhole_render,0.9183324834599809,0.5177746914916485,0.949927469339818,-30.0,0.0,0.8946279883384705,-0.5,0.995,1674,0001,0.4157706093189964,696,70.3486328125,52.85546875,103.42523193359375,168.42178344726562,data_caiwangcun/query/images/exif_test/0001.JPG,9000,docs/experiments/dom_dsm_prepare/query_dom_patch_alignment_batch/images/001_0001/gpu_pinhole_render.png,9000,0.25,ok,13
raw_query_vs_distorted_render_with_scaled_distortion,0.8823769117694665,0.5380543983278926,0.9528761180717387,-30.0,0.0,0.6256088018417358,-0.5,0.995,1616,0001,0.4245049504950495,686,2.5662841796875,20.342041015625,70.92823791503906,147.0399627685547,data_caiwangcun/query/images/exif_test/0001.JPG,9000,docs/experiments/dom_dsm_prepare/query_dom_patch_alignment_batch/images/001_0001/gpu_pinhole_render.png,9000,0.25,ok,13
undistorted_query_with_scaled_distortion_vs_pinhole_render,0.9307359209038072,0.4098560357180905,0.9558002281406787,30.0,0.0,0.8195473551750183,-0.5,0.995,1657,0001,0.4471937235968618,741,44.37255859375,48.460205078125,81.30327606201172,162.01705932617188,data_caiwangcun/query/images/exif_test/0001.JPG,9001,docs/experiments/dom_dsm_prepare/query_dom_patch_alignment_batch/images/001_0001/gpu_pinhole_render.png,9000,0.25,ok,13
raw_query_vs_distorted_render_with_scaled_distortion,0.9011472050632492,0.518416694357235,0.9582726743076947,30.0,0.0,0.6795207858085632,-0.5,0.995,1644,0001,0.43369829683698297,713,11.2119140625,22.7308349609375,82.10293579101562,153.47450256347656,data_caiwangcun/query/images/exif_test/0001.JPG,9000,docs/experiments/dom_dsm_prepare/query_dom_patch_alignment_batch/images/001_0001/gpu_pinhole_render.png,9000,0.25,ok,13
undistorted_query_with_scaled_distortion_vs_pinhole_render,0.9063315151723857,0.5719876158591214,0.9526360391243299,0.0,0.0,0.8891893029212952,-0.5,1.0,1682,0001,0.4286563614744352,721,69.7021484375,48.633544921875,107.24156951904297,164.4126434326172,data_caiwangcun/query/images/exif_test/0001.JPG,9000,docs/experiments/dom_dsm_prepare/query_dom_patch_alignment_batch/images/001_0001/gpu_pinhole_render.png,9000,0.25,ok,13
raw_query_vs_distorted_render_with_scaled_distortion,0.934226490551951,0.38475574974648946,0.9553533599946523,0.0,0.0,0.7803205251693726,-0.5,1.0,1600,0001,0.440625,705,6.306884765625,36.36474609375,61.62025833129883,141.28553771972656,data_caiwangcun/query/images/exif_test/0001.JPG,9000,docs/experiments/dom_dsm_prepare/query_dom_patch_alignment_batch/images/001_0001/gpu_pinhole_render.png,9000,0.25,ok,13
undistorted_query_with_scaled_distortion_vs_pinhole_render,0.9305303693650073,0.48154817241620446,0.9574197525687673,0.0,-30.0,0.8367953300476074,-0.5,1.0,1680,0001,0.430952380952381,724,62.070068359375,36.5118408203125,98.97842407226562,164.86587524414062,data_caiwangcun/query/images/exif_test/0001.JPG,9000,docs/experiments/dom_dsm_prepare/query_dom_patch_alignment_batch/images/001_0001/gpu_pinhole_render.png,9000,0.25,ok,13
raw_query_vs_distorted_render_with_scaled_distortion,0.9346841035501406,0.4232858837371221,0.9559278373820966,0.0,-30.0,0.8018410801887512,-0.5,1.0,1617,0001,0.4588744588744589,742,53.6270751953125,29.498046875,82.51436614990234,160.13720703125,data_caiwangcun/query/images/exif_test/0001.JPG,9000,docs/experiments/dom_dsm_prepare/query_dom_patch_alignment_batch/images/001_0001/gpu_pinhole_render.png,9000,0.25,ok,13
undistorted_query_with_scaled_distortion_vs_pinhole_render,0.9210366514635252,0.45313154364188735,0.9506888403569721,0.0,30.0,0.8318727016448975,-0.5,1.0,1652,0001,0.39588377723970947,654,3.267333984375,49.40399169921875,57.482688903808594,138.2733154296875,data_caiwangcun/query/images/exif_test/0001.JPG,9001,docs/experiments/dom_dsm_prepare/query_dom_patch_alignment_batch/images/001_0001/gpu_pinhole_render.png,9000,0.25,ok,13
raw_query_vs_distorted_render_with_scaled_distortion,0.9289043751002571,0.4465319674436726,0.9558357604368505,0.0,30.0,0.7568440437316895,-0.5,1.0,1600,0001,0.431875,691,7.335693359375,31.94140625,65.83501434326172,137.85902404785156,data_caiwangcun/query/images/exif_test/0001.JPG,9000,docs/experiments/dom_dsm_prepare/query_dom_patch_alignment_batch/images/001_0001/gpu_pinhole_render.png,9001,0.25,ok,13
undistorted_query_with_scaled_distortion_vs_pinhole_render,0.9253032873927943,0.4074256950064405,0.9544388397066168,-30.0,0.0,0.7807999849319458,-0.5,1.0,1649,0001,0.44329896907216493,731,7.3857421875,40.440185546875,64.34757232666016,143.5489959716797,data_caiwangcun/query/images/exif_test/0001.JPG,9000,docs/experiments/dom_dsm_prepare/query_dom_patch_alignment_batch/images/001_0001/gpu_pinhole_render.png,9000,0.25,ok,13
raw_query_vs_distorted_render_with_scaled_distortion,0.9321205925875017,0.4199274569798164,0.9543408604027265,-30.0,0.0,0.7571699023246765,-0.5,1.0,1603,0001,0.4391765439800374,704,5.1712646484375,33.260009765625,61.69769287109375,139.0833282470703,data_caiwangcun/query/images/exif_test/0001.JPG,9000,docs/experiments/dom_dsm_prepare/query_dom_patch_alignment_batch/images/001_0001/gpu_pinhole_render.png,9000,0.25,ok,13
undistorted_query_with_scaled_distortion_vs_pinhole_render,0.8809478257687019,0.5384266069975716,0.953814425731512,30.0,0.0,0.6347519159317017,-0.5,1.0,1642,0001,0.4354445797807552,715,3.2353515625,26.82177734375,72.21105194091797,152.18099975585938,data_caiwangcun/query/images/exif_test/0001.JPG,9000,docs/experiments/dom_dsm_prepare/query_dom_patch_alignment_batch/images/001_0001/gpu_pinhole_render.png,9000,0.25,ok,13
raw_query_vs_distorted_render_with_scaled_distortion,0.9342489120890612,0.41049782641642507,0.9553507365504821,30.0,0.0,0.8250508904457092,-0.5,1.0,1612,0001,0.45285359801488834,730,46.91552734375,46.1602783203125,80.53050231933594,154.97256469726562,data_caiwangcun/query/images/exif_test/0001.JPG,9000,docs/experiments/dom_dsm_prepare/query_dom_patch_alignment_batch/images/001_0001/gpu_pinhole_render.png,9000,0.25,ok,13
undistorted_query_with_scaled_distortion_vs_pinhole_render,0.9218184600285745,0.3855329496523563,0.9585278562778852,0.0,0.0,0.7497933506965637,-0.5,1.005,1676,0001,0.4200477326968974,704,3.297119140625,33.64892578125,64.60830688476562,134.59286499023438,data_caiwangcun/query/images/exif_test/0001.JPG,9000,docs/experiments/dom_dsm_prepare/query_dom_patch_alignment_batch/images/001_0001/gpu_pinhole_render.png,9000,0.25,ok,13
raw_query_vs_distorted_render_with_scaled_distortion,0.9350508950061399,0.4345883423315285,0.9554073025380101,0.0,0.0,0.7919884324073792,-0.5,1.005,1601,0001,0.45783885071830105,733,42.75,32.9541015625,74.08598327636719,157.36985778808594,data_caiwangcun/query/images/exif_test/0001.JPG,9000,docs/experiments/dom_dsm_prepare/query_dom_patch_alignment_batch/images/001_0001/gpu_pinhole_render.png,9000,0.25,ok,13
undistorted_query_with_scaled_distortion_vs_pinhole_render,0.9128959356475667,0.4626334824479413,0.9628289950949676,0.0,-30.0,0.8014476895332336,-0.5,1.005,1685,0001,0.40474777448071214,682,61.76025390625,29.544189453125,98.81905364990234,154.651611328125,data_caiwangcun/query/images/exif_test/0001.JPG,9000,docs/experiments/dom_dsm_prepare/query_dom_patch_alignment_batch/images/001_0001/gpu_pinhole_render.png,9000,0.25,ok,13
raw_query_vs_distorted_render_with_scaled_distortion,0.9313789521097219,0.48420432582322676,0.9581273381350925,0.0,-30.0,0.8213156461715698,-0.5,1.005,1612,0001,0.4485111662531017,723,66.12548828125,28.509033203125,100.21905517578125,165.0032196044922,data_caiwangcun/query/images/exif_test/0001.JPG,9000,docs/experiments/dom_dsm_prepare/query_dom_patch_alignment_batch/images/001_0001/gpu_pinhole_render.png,9000,0.25,ok,13
undistorted_query_with_scaled_distortion_vs_pinhole_render,0.8835064577407403,0.5642849234359619,0.9524479639408038,0.0,30.0,0.5986835360527039,-0.5,1.005,1683,0001,0.39215686274509803,660,-0.6461181640625,23.0008544921875,72.27864837646484,154.10890197753906,data_caiwangcun/query/images/exif_test/0001.JPG,9000,docs/experiments/dom_dsm_prepare/query_dom_patch_alignment_batch/images/001_0001/gpu_pinhole_render.png,9000,0.25,ok,13
raw_query_vs_distorted_render_with_scaled_distortion,0.9325558310439593,0.45815604316990644,0.9530897203876249,0.0,30.0,0.7842097282409668,-0.5,1.005,1612,0001,0.4174937965260546,673,12.762451171875,29.154541015625,69.28165435791016,178.18455505371094,data_caiwangcun/query/images/exif_test/0001.JPG,9000,docs/experiments/dom_dsm_prepare/query_dom_patch_alignment_batch/images/001_0001/gpu_pinhole_render.png,9000,0.25,ok,13
undistorted_query_with_scaled_distortion_vs_pinhole_render,0.9410134157224528,0.4548691233925802,0.9532008669254065,-30.0,0.0,0.7653899192810059,-0.5,1.005,1646,0001,0.4307411907654921,709,14.65087890625,46.3704833984375,72.8407211303711,157.50439453125,data_caiwangcun/query/images/exif_test/0001.JPG,9000,docs/experiments/dom_dsm_prepare/query_dom_patch_alignment_batch/images/001_0001/gpu_pinhole_render.png,9000,0.25,ok,13
raw_query_vs_distorted_render_with_scaled_distortion,0.9294184918821035,0.4390404769304083,0.9567935120453565,-30.0,0.0,0.7936384677886963,-0.5,1.005,1628,0001,0.457002457002457,744,55.7120361328125,26.628662109375,81.50221252441406,159.7823028564453,data_caiwangcun/query/images/exif_test/0001.JPG,9000,docs/experiments/dom_dsm_prepare/query_dom_patch_alignment_batch/images/001_0001/gpu_pinhole_render.png,9000,0.25,ok,13
undistorted_query_with_scaled_distortion_vs_pinhole_render,0.927620554302413,0.4035095427846698,0.9554465695326736,30.0,0.0,0.8203593492507935,-0.5,1.005,1656,0001,0.4384057971014493,726,9.89501953125,55.8070068359375,69.89730834960938,150.135498046875,data_caiwangcun/query/images/exif_test/0001.JPG,9000,docs/experiments/dom_dsm_prepare/query_dom_patch_alignment_batch/images/001_0001/gpu_pinhole_render.png,9000,0.25,ok,13
raw_query_vs_distorted_render_with_scaled_distortion,0.920344182185035,0.4132561587367149,0.9572905552892357,30.0,0.0,0.7899223566055298,-0.5,1.005,1638,0001,0.409035409035409,670,0.943359375,37.04833984375,49.52137756347656,132.26063537597656,data_caiwangcun/query/images/exif_test/0001.JPG,9000,docs/experiments/dom_dsm_prepare/query_dom_patch_alignment_batch/images/001_0001/gpu_pinhole_render.png,9000,0.25,ok,13
undistorted_query_with_scaled_distortion_vs_pinhole_render,0.8896940919989904,0.32169967652717063,0.9623505255588143,0.0,0.0,0.7623759508132935,0.0,0.995,1741,0001,0.5152211372774268,897,26.4052734375,36.058349609375,64.89307403564453,115.61210632324219,data_caiwangcun/query/images/exif_test/0001.JPG,9000,docs/experiments/dom_dsm_prepare/query_dom_patch_alignment_batch/images/001_0001/gpu_pinhole_render.png,9000,0.25,ok,13
raw_query_vs_distorted_render_with_scaled_distortion,0.8896940919989904,0.32169967652717063,0.9623505255588143,0.0,0.0,0.7623759508132935,0.0,0.995,1741,0001,0.5152211372774268,897,26.4052734375,36.058349609375,64.89307403564453,115.61210632324219,data_caiwangcun/query/images/exif_test/0001.JPG,9000,docs/experiments/dom_dsm_prepare/query_dom_patch_alignment_batch/images/001_0001/gpu_pinhole_render.png,9000,0.25,ok,13
undistorted_query_with_scaled_distortion_vs_pinhole_render,0.8896940919989904,0.32169967652717063,0.9623505255588143,0.0,-30.0,0.7623759508132935,0.0,0.995,1741,0001,0.5152211372774268,897,26.4052734375,36.058349609375,64.89307403564453,115.61210632324219,data_caiwangcun/query/images/exif_test/0001.JPG,9000,docs/experiments/dom_dsm_prepare/query_dom_patch_alignment_batch/images/001_0001/gpu_pinhole_render.png,9000,0.25,ok,13
raw_query_vs_distorted_render_with_scaled_distortion,0.8896940919989904,0.32169967652717063,0.9623505255588143,0.0,-30.0,0.7623759508132935,0.0,0.995,1741,0001,0.5152211372774268,897,26.4052734375,36.058349609375,64.89307403564453,115.61210632324219,data_caiwangcun/query/images/exif_test/0001.JPG,9000,docs/experiments/dom_dsm_prepare/query_dom_patch_alignment_batch/images/001_0001/gpu_pinhole_render.png,9000,0.25,ok,13
undistorted_query_with_scaled_distortion_vs_pinhole_render,0.8896940919989904,0.32169967652717063,0.9623505255588143,0.0,30.0,0.7623759508132935,0.0,0.995,1741,0001,0.5152211372774268,897,26.4052734375,36.058349609375,64.89307403564453,115.61210632324219,data_caiwangcun/query/images/exif_test/0001.JPG,9000,docs/experiments/dom_dsm_prepare/query_dom_patch_alignment_batch/images/001_0001/gpu_pinhole_render.png,9000,0.25,ok,13
raw_query_vs_distorted_render_with_scaled_distortion,0.8896940919989904,0.32169967652717063,0.9623505255588143,0.0,30.0,0.7623759508132935,0.0,0.995,1741,0001,0.5152211372774268,897,26.4052734375,36.058349609375,64.89307403564453,115.61210632324219,data_caiwangcun/query/images/exif_test/0001.JPG,9000,docs/experiments/dom_dsm_prepare/query_dom_patch_alignment_batch/images/001_0001/gpu_pinhole_render.png,9000,0.25,ok,13
undistorted_query_with_scaled_distortion_vs_pinhole_render,0.8896940919989904,0.32169967652717063,0.9623505255588143,-30.0,0.0,0.7623759508132935,0.0,0.995,1741,0001,0.5152211372774268,897,26.4052734375,36.058349609375,64.89307403564453,115.61210632324219,data_caiwangcun/query/images/exif_test/0001.JPG,9000,docs/experiments/dom_dsm_prepare/query_dom_patch_alignment_batch/images/001_0001/gpu_pinhole_render.png,9000,0.25,ok,13
raw_query_vs_distorted_render_with_scaled_distortion,0.8896940919989904,0.32169967652717063,0.9623505255588143,-30.0,0.0,0.7623759508132935,0.0,0.995,1741,0001,0.5152211372774268,897,26.4052734375,36.058349609375,64.89307403564453,115.61210632324219,data_caiwangcun/query/images/exif_test/0001.JPG,9000,docs/experiments/dom_dsm_prepare/query_dom_patch_alignment_batch/images/001_0001/gpu_pinhole_render.png,9000,0.25,ok,13
undistorted_query_with_scaled_distortion_vs_pinhole_render,0.8896940919989904,0.32169967652717063,0.9623505255588143,30.0,0.0,0.7623759508132935,0.0,0.995,1741,0001,0.5152211372774268,897,26.4052734375,36.058349609375,64.89307403564453,115.61210632324219,data_caiwangcun/query/images/exif_test/0001.JPG,9000,docs/experiments/dom_dsm_prepare/query_dom_patch_alignment_batch/images/001_0001/gpu_pinhole_render.png,9000,0.25,ok,13
raw_query_vs_distorted_render_with_scaled_distortion,0.8896940919989904,0.32169967652717063,0.9623505255588143,30.0,0.0,0.7623759508132935,0.0,0.995,1741,0001,0.5152211372774268,897,26.4052734375,36.058349609375,64.89307403564453,115.61210632324219,data_caiwangcun/query/images/exif_test/0001.JPG,9000,docs/experiments/dom_dsm_prepare/query_dom_patch_alignment_batch/images/001_0001/gpu_pinhole_render.png,9000,0.25,ok,13
undistorted_query_with_scaled_distortion_vs_pinhole_render,0.8896940919989904,0.32169967652717063,0.9623505255588143,0.0,0.0,0.7623759508132935,0.0,1.0,1741,0001,0.5152211372774268,897,26.4052734375,36.058349609375,64.89307403564453,115.61210632324219,data_caiwangcun/query/images/exif_test/0001.JPG,9000,docs/experiments/dom_dsm_prepare/query_dom_patch_alignment_batch/images/001_0001/gpu_pinhole_render.png,9000,0.25,ok,13
raw_query_vs_distorted_render_with_scaled_distortion,0.8896940919989904,0.32169967652717063,0.9623505255588143,0.0,0.0,0.7623759508132935,0.0,1.0,1741,0001,0.5152211372774268,897,26.4052734375,36.058349609375,64.89307403564453,115.61210632324219,data_caiwangcun/query/images/exif_test/0001.JPG,9000,docs/experiments/dom_dsm_prepare/query_dom_patch_alignment_batch/images/001_0001/gpu_pinhole_render.png,9000,0.25,ok,13
undistorted_query_with_scaled_distortion_vs_pinhole_render,0.8896940919989904,0.32169967652717063,0.9623505255588143,0.0,-30.0,0.7623759508132935,0.0,1.0,1741,0001,0.5152211372774268,897,26.4052734375,36.058349609375,64.89307403564453,115.61210632324219,data_caiwangcun/query/images/exif_test/0001.JPG,9000,docs/experiments/dom_dsm_prepare/query_dom_patch_alignment_batch/images/001_0001/gpu_pinhole_render.png,9000,0.25,ok,13
raw_query_vs_distorted_render_with_scaled_distortion,0.8896940919989904,0.32169967652717063,0.9623505255588143,0.0,-30.0,0.7623759508132935,0.0,1.0,1741,0001,0.5152211372774268,897,26.4052734375,36.058349609375,64.89307403564453,115.61210632324219,data_caiwangcun/query/images/exif_test/0001.JPG,9000,docs/experiments/dom_dsm_prepare/query_dom_patch_alignment_batch/images/001_0001/gpu_pinhole_render.png,9000,0.25,ok,13
undistorted_query_with_scaled_distortion_vs_pinhole_render,0.8896940919989904,0.32169967652717063,0.9623505255588143,0.0,30.0,0.7623759508132935,0.0,1.0,1741,0001,0.5152211372774268,897,26.4052734375,36.058349609375,64.89307403564453,115.61210632324219,data_caiwangcun/query/images/exif_test/0001.JPG,9000,docs/experiments/dom_dsm_prepare/query_dom_patch_alignment_batch/images/001_0001/gpu_pinhole_render.png,9000,0.25,ok,13
raw_query_vs_distorted_render_with_scaled_distortion,0.8896940919989904,0.32169967652717063,0.9623505255588143,0.0,30.0,0.7623759508132935,0.0,1.0,1741,0001,0.5152211372774268,897,26.4052734375,36.058349609375,64.89307403564453,115.61210632324219,data_caiwangcun/query/images/exif_test/0001.JPG,9000,docs/experiments/dom_dsm_prepare/query_dom_patch_alignment_batch/images/001_0001/gpu_pinhole_render.png,9000,0.25,ok,13
undistorted_query_with_scaled_distortion_vs_pinhole_render,0.8896940919989904,0.32169967652717063,0.9623505255588143,-30.0,0.0,0.7623759508132935,0.0,1.0,1741,0001,0.5152211372774268,897,26.4052734375,36.058349609375,64.89307403564453,115.61210632324219,data_caiwangcun/query/images/exif_test/0001.JPG,9000,docs/experiments/dom_dsm_prepare/query_dom_patch_alignment_batch/images/001_0001/gpu_pinhole_render.png,9000,0.25,ok,13
raw_query_vs_distorted_render_with_scaled_distortion,0.8896940919989904,0.32169967652717063,0.9623505255588143,-30.0,0.0,0.7623759508132935,0.0,1.0,1741,0001,0.5152211372774268,897,26.4052734375,36.058349609375,64.89307403564453,115.61210632324219,data_caiwangcun/query/images/exif_test/0001.JPG,9000,docs/experiments/dom_dsm_prepare/query_dom_patch_alignment_batch/images/001_0001/gpu_pinhole_render.png,9000,0.25,ok,13
undistorted_query_with_scaled_distortion_vs_pinhole_render,0.8896940919989904,0.32169967652717063,0.9623505255588143,30.0,0.0,0.7623759508132935,0.0,1.0,1741,0001,0.5152211372774268,897,26.4052734375,36.058349609375,64.89307403564453,115.61210632324219,data_caiwangcun/query/images/exif_test/0001.JPG,9000,docs/experiments/dom_dsm_prepare/query_dom_patch_alignment_batch/images/001_0001/gpu_pinhole_render.png,9000,0.25,ok,13
raw_query_vs_distorted_render_with_scaled_distortion,0.8896940919989904,0.32169967652717063,0.9623505255588143,30.0,0.0,0.7623759508132935,0.0,1.0,1741,0001,0.5152211372774268,897,26.4052734375,36.058349609375,64.89307403564453,115.61210632324219,data_caiwangcun/query/images/exif_test/0001.JPG,9000,docs/experiments/dom_dsm_prepare/query_dom_patch_alignment_batch/images/001_0001/gpu_pinhole_render.png,9000,0.25,ok,13
undistorted_query_with_scaled_distortion_vs_pinhole_render,0.8896940919989904,0.32169967652717063,0.9623505255588143,0.0,0.0,0.7623759508132935,0.0,1.005,1741,0001,0.5152211372774268,897,26.4052734375,36.058349609375,64.89307403564453,115.61210632324219,data_caiwangcun/query/images/exif_test/0001.JPG,9000,docs/experiments/dom_dsm_prepare/query_dom_patch_alignment_batch/images/001_0001/gpu_pinhole_render.png,9000,0.25,ok,13
raw_query_vs_distorted_render_with_scaled_distortion,0.8896940919989904,0.32169967652717063,0.9623505255588143,0.0,0.0,0.7623759508132935,0.0,1.005,1741,0001,0.5152211372774268,897,26.4052734375,36.058349609375,64.89307403564453,115.61210632324219,data_caiwangcun/query/images/exif_test/0001.JPG,9000,docs/experiments/dom_dsm_prepare/query_dom_patch_alignment_batch/images/001_0001/gpu_pinhole_render.png,9000,0.25,ok,13
undistorted_query_with_scaled_distortion_vs_pinhole_render,0.8896940919989904,0.32169967652717063,0.9623505255588143,0.0,-30.0,0.7623759508132935,0.0,1.005,1741,0001,0.5152211372774268,897,26.4052734375,36.058349609375,64.89307403564453,115.61210632324219,data_caiwangcun/query/images/exif_test/0001.JPG,9000,docs/experiments/dom_dsm_prepare/query_dom_patch_alignment_batch/images/001_0001/gpu_pinhole_render.png,9000,0.25,ok,13
raw_query_vs_distorted_render_with_scaled_distortion,0.8896940919989904,0.32169967652717063,0.9623505255588143,0.0,-30.0,0.7623759508132935,0.0,1.005,1741,0001,0.5152211372774268,897,26.4052734375,36.058349609375,64.89307403564453,115.61210632324219,data_caiwangcun/query/images/exif_test/0001.JPG,9000,docs/experiments/dom_dsm_prepare/query_dom_patch_alignment_batch/images/001_0001/gpu_pinhole_render.png,9000,0.25,ok,13
undistorted_query_with_scaled_distortion_vs_pinhole_render,0.8896940919989904,0.32169967652717063,0.9623505255588143,0.0,30.0,0.7623759508132935,0.0,1.005,1741,0001,0.5152211372774268,897,26.4052734375,36.058349609375,64.89307403564453,115.61210632324219,data_caiwangcun/query/images/exif_test/0001.JPG,9000,docs/experiments/dom_dsm_prepare/query_dom_patch_alignment_batch/images/001_0001/gpu_pinhole_render.png,9000,0.25,ok,13
raw_query_vs_distorted_render_with_scaled_distortion,0.8896940919989904,0.32169967652717063,0.9623505255588143,0.0,30.0,0.7623759508132935,0.0,1.005,1741,0001,0.5152211372774268,897,26.4052734375,36.058349609375,64.89307403564453,115.61210632324219,data_caiwangcun/query/images/exif_test/0001.JPG,9000,docs/experiments/dom_dsm_prepare/query_dom_patch_alignment_batch/images/001_0001/gpu_pinhole_render.png,9000,0.25,ok,13
undistorted_query_with_scaled_distortion_vs_pinhole_render,0.8896940919989904,0.32169967652717063,0.9623505255588143,-30.0,0.0,0.7623759508132935,0.0,1.005,1741,0001,0.5152211372774268,897,26.4052734375,36.058349609375,64.89307403564453,115.61210632324219,data_caiwangcun/query/images/exif_test/0001.JPG,9000,docs/experiments/dom_dsm_prepare/query_dom_patch_alignment_batch/images/001_0001/gpu_pinhole_render.png,9000,0.25,ok,13
raw_query_vs_distorted_render_with_scaled_distortion,0.8896940919989904,0.32169967652717063,0.9623505255588143,-30.0,0.0,0.7623759508132935,0.0,1.005,1741,0001,0.5152211372774268,897,26.4052734375,36.058349609375,64.89307403564453,115.61210632324219,data_caiwangcun/query/images/exif_test/0001.JPG,9000,docs/experiments/dom_dsm_prepare/query_dom_patch_alignment_batch/images/001_0001/gpu_pinhole_render.png,9000,0.25,ok,13
undistorted_query_with_scaled_distortion_vs_pinhole_render,0.8896940919989904,0.32169967652717063,0.9623505255588143,30.0,0.0,0.7623759508132935,0.0,1.005,1741,0001,0.5152211372774268,897,26.4052734375,36.058349609375,64.89307403564453,115.61210632324219,data_caiwangcun/query/images/exif_test/0001.JPG,9000,docs/experiments/dom_dsm_prepare/query_dom_patch_alignment_batch/images/001_0001/gpu_pinhole_render.png,9000,0.25,ok,13
raw_query_vs_distorted_render_with_scaled_distortion,0.8896940919989904,0.32169967652717063,0.9623505255588143,30.0,0.0,0.7623759508132935,0.0,1.005,1741,0001,0.5152211372774268,897,26.4052734375,36.058349609375,64.89307403564453,115.61210632324219,data_caiwangcun/query/images/exif_test/0001.JPG,9000,docs/experiments/dom_dsm_prepare/query_dom_patch_alignment_batch/images/001_0001/gpu_pinhole_render.png,9000,0.25,ok,13
undistorted_query_with_scaled_distortion_vs_pinhole_render,0.6138081329286192,0.4316438202339881,0.9714687466252653,0.0,0.0,0.4535311460494995,0.5,0.995,1868,0001,0.7483940042826552,1398,2.829833984375,27.1849365234375,53.32139587402344,82.57051086425781,data_caiwangcun/query/images/exif_test/0001.JPG,9000,docs/experiments/dom_dsm_prepare/query_dom_patch_alignment_batch/images/001_0001/gpu_pinhole_render.png,9000,0.25,ok,13
raw_query_vs_distorted_render_with_scaled_distortion,0.7268998652931963,0.36041324534449587,0.9758579963123399,0.0,0.0,0.3848210871219635,0.5,0.995,1744,0001,0.7649082568807339,1334,1.93157958984375,26.4405517578125,59.05168914794922,82.0951919555664,data_caiwangcun/query/images/exif_test/0001.JPG,9000,docs/experiments/dom_dsm_prepare/query_dom_patch_alignment_batch/images/001_0001/gpu_pinhole_render.png,9000,0.25,ok,13
undistorted_query_with_scaled_distortion_vs_pinhole_render,0.6207029595271158,0.39349112863975033,0.9720786591373363,0.0,-30.0,0.5557562708854675,0.5,0.995,1880,0001,0.7297872340425532,1372,7.15655517578125,31.49188232421875,52.821372985839844,87.1295166015625,data_caiwangcun/query/images/exif_test/0001.JPG,9000,docs/experiments/dom_dsm_prepare/query_dom_patch_alignment_batch/images/001_0001/gpu_pinhole_render.png,9000,0.25,ok,13
raw_query_vs_distorted_render_with_scaled_distortion,0.7598126802337843,0.231700497924846,0.9773765436051145,0.0,-30.0,0.46717342734336853,0.5,0.995,1771,0001,0.7295313382269905,1292,0.9228515625,28.58245849609375,58.241973876953125,81.44554138183594,data_caiwangcun/query/images/exif_test/0001.JPG,9000,docs/experiments/dom_dsm_prepare/query_dom_patch_alignment_batch/images/001_0001/gpu_pinhole_render.png,9001,0.25,ok,13
undistorted_query_with_scaled_distortion_vs_pinhole_render,0.6404325812169119,0.4254959961645115,0.9720917545798916,0.0,30.0,0.31691253185272217,0.5,0.995,1890,0001,0.7544973544973544,1426,0.6248779296875,22.279296875,54.368255615234375,79.51618957519531,data_caiwangcun/query/images/exif_test/0001.JPG,9000,docs/experiments/dom_dsm_prepare/query_dom_patch_alignment_batch/images/001_0001/gpu_pinhole_render.png,9000,0.25,ok,13
raw_query_vs_distorted_render_with_scaled_distortion,0.6153465364500014,0.3863371606991103,0.9698811390179375,0.0,30.0,0.5454665422439575,0.5,0.995,1742,0001,0.7640642939150402,1331,5.62445068359375,30.226806640625,52.527652740478516,84.69181823730469,data_caiwangcun/query/images/exif_test/0001.JPG,9000,docs/experiments/dom_dsm_prepare/query_dom_patch_alignment_batch/images/001_0001/gpu_pinhole_render.png,9000,0.25,ok,13
undistorted_query_with_scaled_distortion_vs_pinhole_render,0.6066807464797392,0.42090256835081397,0.9716081771842442,-30.0,0.0,0.4860970973968506,0.5,0.995,1855,0001,0.7611859838274933,1412,4.41778564453125,28.25494384765625,53.2954216003418,84.8439712524414,data_caiwangcun/query/images/exif_test/0001.JPG,9000,docs/experiments/dom_dsm_prepare/query_dom_patch_alignment_batch/images/001_0001/gpu_pinhole_render.png,9000,0.25,ok,13
raw_query_vs_distorted_render_with_scaled_distortion,0.6177344218546211,0.4150650009419253,0.9731546683397494,-30.0,0.0,0.4627348780632019,0.5,0.995,1782,0001,0.7951739618406285,1417,3.43505859375,27.4337158203125,54.64860916137695,81.41632843017578,data_caiwangcun/query/images/exif_test/0001.JPG,9000,docs/experiments/dom_dsm_prepare/query_dom_patch_alignment_batch/images/001_0001/gpu_pinhole_render.png,9000,0.25,ok,13
undistorted_query_with_scaled_distortion_vs_pinhole_render,0.637956964563773,0.44671470517004563,0.9653821362796156,30.0,0.0,0.4135555326938629,0.5,0.995,1886,0001,0.7635206786850477,1440,3.10955810546875,25.199951171875,56.206214904785156,86.03440856933594,data_caiwangcun/query/images/exif_test/0001.JPG,9000,docs/experiments/dom_dsm_prepare/query_dom_patch_alignment_batch/images/001_0001/gpu_pinhole_render.png,9000,0.25,ok,13
raw_query_vs_distorted_render_with_scaled_distortion,0.6071640813303487,0.4042009378437877,0.9683292744805916,30.0,0.0,0.5178396701812744,0.5,0.995,1759,0001,0.7697555429221148,1354,6.32037353515625,28.206817626953125,52.628662109375,84.67596435546875,data_caiwangcun/query/images/exif_test/0001.JPG,9000,docs/experiments/dom_dsm_prepare/query_dom_patch_alignment_batch/images/001_0001/gpu_pinhole_render.png,9000,0.25,ok,13
undistorted_query_with_scaled_distortion_vs_pinhole_render,0.6276371451384907,0.4192135314558952,0.9691752648085964,0.0,0.0,0.4945051968097687,0.5,1.0,1860,0001,0.7629032258064516,1419,4.8367919921875,29.163330078125,53.852386474609375,86.45518493652344,data_caiwangcun/query/images/exif_test/0001.JPG,9001,docs/experiments/dom_dsm_prepare/query_dom_patch_alignment_batch/images/001_0001/gpu_pinhole_render.png,9000,0.25,ok,13
raw_query_vs_distorted_render_with_scaled_distortion,0.6157615713867585,0.37356710976616575,0.9709661786838631,0.0,0.0,0.5648636817932129,0.5,1.0,1758,0001,0.7463026166097838,1312,7.05804443359375,31.1573486328125,51.17137908935547,83.75536346435547,data_caiwangcun/query/images/exif_test/0001.JPG,9000,docs/experiments/dom_dsm_prepare/query_dom_patch_alignment_batch/images/001_0001/gpu_pinhole_render.png,9000,0.25,ok,13
undistorted_query_with_scaled_distortion_vs_pinhole_render,0.6650380923181338,0.4231141255143973,0.968930832810031,0.0,-30.0,0.5153636336326599,0.5,1.0,1871,0001,0.7445216461785141,1393,3.6092529296875,33.28515625,56.958465576171875,89.33628845214844,data_caiwangcun/query/images/exif_test/0001.JPG,9000,docs/experiments/dom_dsm_prepare/query_dom_patch_alignment_batch/images/001_0001/gpu_pinhole_render.png,9000,0.25,ok,13
raw_query_vs_distorted_render_with_scaled_distortion,0.6226811930522821,0.39245726907789386,0.9688034110082616,0.0,-30.0,0.48960161209106445,0.5,1.0,1780,0001,0.7629213483146068,1358,6.22821044921875,28.45050048828125,54.626304626464844,85.30550384521484,data_caiwangcun/query/images/exif_test/0001.JPG,9000,docs/experiments/dom_dsm_prepare/query_dom_patch_alignment_batch/images/001_0001/gpu_pinhole_render.png,9000,0.25,ok,13
undistorted_query_with_scaled_distortion_vs_pinhole_render,0.6796100248814193,0.4483321035944679,0.964476302187809,0.0,30.0,0.5504997968673706,0.5,1.0,1879,0001,0.6636508781266631,1247,0.935791015625,40.342529296875,57.61796951293945,92.76371002197266,data_caiwangcun/query/images/exif_test/0001.JPG,9000,docs/experiments/dom_dsm_prepare/query_dom_patch_alignment_batch/images/001_0001/gpu_pinhole_render.png,9000,0.25,ok,13
raw_query_vs_distorted_render_with_scaled_distortion,0.6709073400183517,0.41647671445122014,0.9697735968448978,0.0,30.0,0.29731887578964233,0.5,1.0,1737,0001,0.7973517559009787,1385,0.420166015625,18.521728515625,56.802734375,81.25946807861328,data_caiwangcun/query/images/exif_test/0001.JPG,9000,docs/experiments/dom_dsm_prepare/query_dom_patch_alignment_batch/images/001_0001/gpu_pinhole_render.png,9001,0.25,ok,13
undistorted_query_with_scaled_distortion_vs_pinhole_render,0.6175105766690312,0.4273866139705087,0.9745721470126137,-30.0,0.0,0.40937313437461853,0.5,1.0,1865,0001,0.7351206434316354,1371,2.26416015625,25.231201171875,53.46865463256836,80.80033111572266,data_caiwangcun/query/images/exif_test/0001.JPG,9000,docs/experiments/dom_dsm_prepare/query_dom_patch_alignment_batch/images/001_0001/gpu_pinhole_render.png,9000,0.25,ok,13
raw_query_vs_distorted_render_with_scaled_distortion,0.6242613763559263,0.3975308298813527,0.9736347608915172,-30.0,0.0,0.46458229422569275,0.5,1.0,1782,0001,0.7828282828282829,1395,4.1240234375,27.108642578125,54.352294921875,82.38582611083984,data_caiwangcun/query/images/exif_test/0001.JPG,9000,docs/experiments/dom_dsm_prepare/query_dom_patch_alignment_batch/images/001_0001/gpu_pinhole_render.png,9000,0.25,ok,13
undistorted_query_with_scaled_distortion_vs_pinhole_render,0.6462750303672492,0.3821858090846852,0.9676118994296546,30.0,0.0,0.6011847853660583,0.5,1.0,1874,0001,0.7187833511205977,1347,8.47265625,34.16998291015625,52.916656494140625,90.73948669433594,data_caiwangcun/query/images/exif_test/0001.JPG,9000,docs/experiments/dom_dsm_prepare/query_dom_patch_alignment_batch/images/001_0001/gpu_pinhole_render.png,9000,0.25,ok,13
raw_query_vs_distorted_render_with_scaled_distortion,0.6285263721520049,0.35792265724150024,0.9705381566348759,30.0,0.0,0.5977190732955933,0.5,1.0,1781,0001,0.7456485120718698,1328,9.888916015625,31.93756103515625,53.01812744140625,86.45063781738281,data_caiwangcun/query/images/exif_test/0001.JPG,9000,docs/experiments/dom_dsm_prepare/query_dom_patch_alignment_batch/images/001_0001/gpu_pinhole_render.png,9000,0.25,ok,13
undistorted_query_with_scaled_distortion_vs_pinhole_render,0.6163862116269967,0.42940946034171557,0.9713367373476246,0.0,0.0,0.4355504512786865,0.5,1.005,1843,0001,0.7227346717308736,1332,3.07763671875,26.027984619140625,52.25407791137695,82.80132293701172,data_caiwangcun/query/images/exif_test/0001.JPG,9000,docs/experiments/dom_dsm_prepare/query_dom_patch_alignment_batch/images/001_0001/gpu_pinhole_render.png,9000,0.25,ok,13
raw_query_vs_distorted_render_with_scaled_distortion,0.7230208717842034,0.3864584095981805,0.9784564044285597,0.0,0.0,0.3108333647251129,0.5,1.005,1748,0001,0.7459954233409611,1304,-2.197906494140625,23.7401123046875,57.83294677734375,80.1453628540039,data_caiwangcun/query/images/exif_test/0001.JPG,9000,docs/experiments/dom_dsm_prepare/query_dom_patch_alignment_batch/images/001_0001/gpu_pinhole_render.png,9000,0.25,ok,13
undistorted_query_with_scaled_distortion_vs_pinhole_render,0.6302230089045008,0.42537882674310495,0.9720940978974966,0.0,-30.0,0.45002517104148865,0.5,1.005,1859,0001,0.7541689080150619,1402,2.416015625,25.701171875,53.48535919189453,84.51173400878906,data_caiwangcun/query/images/exif_test/0001.JPG,9001,docs/experiments/dom_dsm_prepare/query_dom_patch_alignment_batch/images/001_0001/gpu_pinhole_render.png,9000,0.25,ok,13
raw_query_vs_distorted_render_with_scaled_distortion,0.6668591493724061,0.42194766735247125,0.9700481654009169,0.0,-30.0,0.3054482638835907,0.5,1.005,1760,0001,0.7909090909090909,1392,0.729736328125,21.791168212890625,57.372310638427734,82.40435028076172,data_caiwangcun/query/images/exif_test/0001.JPG,9000,docs/experiments/dom_dsm_prepare/query_dom_patch_alignment_batch/images/001_0001/gpu_pinhole_render.png,9000,0.25,ok,13
undistorted_query_with_scaled_distortion_vs_pinhole_render,0.6138327756035351,0.4443872836973467,0.975369507200987,0.0,30.0,0.1917603611946106,0.5,1.005,1871,0001,0.6761090326028861,1265,-1.187744140625,15.1943359375,52.314842224121094,75.90705871582031,data_caiwangcun/query/images/exif_test/0001.JPG,9001,docs/experiments/dom_dsm_prepare/query_dom_patch_alignment_batch/images/001_0001/gpu_pinhole_render.png,9000,0.25,ok,13
raw_query_vs_distorted_render_with_scaled_distortion,0.6639125866373148,0.3677835213076627,0.9674193549536602,0.0,30.0,0.4518606662750244,0.5,1.005,1768,0001,0.7760180995475113,1372,4.11297607421875,27.196502685546875,54.848419189453125,85.30674743652344,data_caiwangcun/query/images/exif_test/0001.JPG,9000,docs/experiments/dom_dsm_prepare/query_dom_patch_alignment_batch/images/001_0001/gpu_pinhole_render.png,9002,0.25,ok,13
undistorted_query_with_scaled_distortion_vs_pinhole_render,0.6114215644873594,0.4207812512246609,0.9727746787187629,-30.0,0.0,0.4630265533924103,0.5,1.005,1886,0001,0.7269353128313892,1371,3.49755859375,26.51995849609375,52.28189468383789,82.87480926513672,data_caiwangcun/query/images/exif_test/0001.JPG,9001,docs/experiments/dom_dsm_prepare/query_dom_patch_alignment_batch/images/001_0001/gpu_pinhole_render.png,9000,0.25,ok,13
raw_query_vs_distorted_render_with_scaled_distortion,0.6228567545800238,0.38626778737472073,0.9725697371878121,-30.0,0.0,0.5036304593086243,0.5,1.005,1751,0001,0.7715591090805254,1351,5.984375,28.1329345703125,53.69639587402344,83.41905975341797,data_caiwangcun/query/images/exif_test/0001.JPG,9000,docs/experiments/dom_dsm_prepare/query_dom_patch_alignment_batch/images/001_0001/gpu_pinhole_render.png,9000,0.25,ok,13
undistorted_query_with_scaled_distortion_vs_pinhole_render,0.6645954384631718,0.4950130775507102,0.9650504066847191,30.0,0.0,0.3724610507488251,0.5,1.005,1854,0001,0.7206040992448759,1336,1.83135986328125,24.708251953125,59.798683166503906,90.47920227050781,data_caiwangcun/query/images/exif_test/0001.JPG,9000,docs/experiments/dom_dsm_prepare/query_dom_patch_alignment_batch/images/001_0001/gpu_pinhole_render.png,9000,0.25,ok,13
raw_query_vs_distorted_render_with_scaled_distortion,0.6192252195450361,0.43243513688170854,0.9670987588407883,30.0,0.0,0.47081637382507324,0.5,1.005,1762,0001,0.7979568671963677,1406,5.44281005859375,26.744903564453125,54.458351135253906,84.76371765136719,data_caiwangcun/query/images/exif_test/0001.JPG,9000,docs/experiments/dom_dsm_prepare/query_dom_patch_alignment_batch/images/001_0001/gpu_pinhole_render.png,9000,0.25,ok,13
undistorted_query_with_scaled_distortion_vs_pinhole_render,-0.25547216971573816,0.19967865399935852,0.9905595466066092,0.0,0.0,0.2831479012966156,1.0,0.995,1969,0001,0.9842559674961909,1938,-6.5418701171875,21.57402801513672,54.75926971435547,70.11211395263672,data_caiwangcun/query/images/exif_test/0001.JPG,9000,docs/experiments/dom_dsm_prepare/query_dom_patch_alignment_batch/images/001_0001/gpu_pinhole_render.png,9000,0.25,ok,13
raw_query_vs_distorted_render_with_scaled_distortion,-0.2396659264827531,0.1881431119294184,0.9886287533113923,0.0,0.0,0.2870997488498688,1.0,0.995,1773,0001,0.9887196841511562,1753,-5.49658203125,21.591552734375,51.79871368408203,65.04303741455078,data_caiwangcun/query/images/exif_test/0001.JPG,9000,docs/experiments/dom_dsm_prepare/query_dom_patch_alignment_batch/images/001_0001/gpu_pinhole_render.png,9000,0.25,ok,13
undistorted_query_with_scaled_distortion_vs_pinhole_render,-0.2599772992463924,0.2001167993432242,0.9928064266654336,0.0,-30.0,0.2587517201900482,1.0,0.995,1992,0001,0.9829317269076305,1958,-7.698974609375,18.9183349609375,54.020912170410156,69.19121551513672,data_caiwangcun/query/images/exif_test/0001.JPG,9000,docs/experiments/dom_dsm_prepare/query_dom_patch_alignment_batch/images/001_0001/gpu_pinhole_render.png,9000,0.25,ok,13
raw_query_vs_distorted_render_with_scaled_distortion,-0.21974587541108226,0.1684593120737681,0.9907781891640537,0.0,-30.0,0.26215341687202454,1.0,0.995,1782,0001,0.9882154882154882,1761,-5.40087890625,19.7197265625,51.195556640625,64.48889923095703,data_caiwangcun/query/images/exif_test/0001.JPG,9000,docs/experiments/dom_dsm_prepare/query_dom_patch_alignment_batch/images/001_0001/gpu_pinhole_render.png,9000,0.25,ok,13
undistorted_query_with_scaled_distortion_vs_pinhole_render,-0.27139870777608815,0.2137033852105876,0.9849742917712084,0.0,30.0,0.3201664388179779,1.0,0.995,1992,0001,0.9854417670682731,1963,-7.283203125,23.0732421875,54.6339111328125,70.78007507324219,data_caiwangcun/query/images/exif_test/0001.JPG,9000,docs/experiments/dom_dsm_prepare/query_dom_patch_alignment_batch/images/001_0001/gpu_pinhole_render.png,9000,0.25,ok,13
raw_query_vs_distorted_render_with_scaled_distortion,-0.2190534167732438,0.1627661661441101,0.983415325536189,0.0,30.0,0.3234829902648926,1.0,0.995,1773,0001,0.9892836999435984,1754,-4.7274169921875,23.49420166015625,51.71827697753906,66.06120300292969,data_caiwangcun/query/images/exif_test/0001.JPG,9000,docs/experiments/dom_dsm_prepare/query_dom_patch_alignment_batch/images/001_0001/gpu_pinhole_render.png,9000,0.25,ok,13
undistorted_query_with_scaled_distortion_vs_pinhole_render,-0.28813472157099196,0.2017541664293824,0.9893820794598307,-30.0,0.0,0.3094419240951538,1.0,0.995,1976,0001,0.9868421052631579,1950,-10.495361328125,20.19673728942871,54.1888542175293,70.18400573730469,data_caiwangcun/query/images/exif_test/0001.JPG,9001,docs/experiments/dom_dsm_prepare/query_dom_patch_alignment_batch/images/001_0001/gpu_pinhole_render.png,9000,0.25,ok,13
raw_query_vs_distorted_render_with_scaled_distortion,-0.26369071512367753,0.1864078494382799,0.9869397919607535,-30.0,0.0,0.287918359041214,1.0,0.995,1782,0001,0.9887766554433222,1762,-7.9453125,19.72607421875,51.609230041503906,65.60562896728516,data_caiwangcun/query/images/exif_test/0001.JPG,9000,docs/experiments/dom_dsm_prepare/query_dom_patch_alignment_batch/images/001_0001/gpu_pinhole_render.png,9000,0.25,ok,13
undistorted_query_with_scaled_distortion_vs_pinhole_render,-0.24213818019218744,0.2127601593133823,0.9910662785833125,30.0,0.0,0.28041133284568787,1.0,0.995,1998,0001,0.986986986986987,1972,-2.538330078125,21.499755859375,54.01500701904297,69.67005157470703,data_caiwangcun/query/images/exif_test/0001.JPG,9001,docs/experiments/dom_dsm_prepare/query_dom_patch_alignment_batch/images/001_0001/gpu_pinhole_render.png,9000,0.25,ok,13
raw_query_vs_distorted_render_with_scaled_distortion,-0.20688366661389776,0.17581328443199146,0.9893801715185248,30.0,0.0,0.293392539024353,1.0,0.995,1798,0001,0.9877641824249166,1776,-3.0972900390625,22.0498046875,51.77246856689453,64.95591735839844,data_caiwangcun/query/images/exif_test/0001.JPG,9000,docs/experiments/dom_dsm_prepare/query_dom_patch_alignment_batch/images/001_0001/gpu_pinhole_render.png,9000,0.25,ok,13
undistorted_query_with_scaled_distortion_vs_pinhole_render,-0.22071093959339105,0.20794898241272147,0.9902077230807298,0.0,0.0,0.30207559466362,1.0,1.0,1979,0001,0.9853461344113188,1950,-6.586639404296875,22.840240478515625,54.524314880371094,69.93012237548828,data_caiwangcun/query/images/exif_test/0001.JPG,9000,docs/experiments/dom_dsm_prepare/query_dom_patch_alignment_batch/images/001_0001/gpu_pinhole_render.png,9000,0.25,ok,13
raw_query_vs_distorted_render_with_scaled_distortion,-0.22228080964165076,0.20577061869051974,0.988432351650815,0.0,0.0,0.2778172492980957,1.0,1.0,1799,0001,0.990550305725403,1782,-5.0105438232421875,20.488037109375,51.609336853027344,65.33794403076172,data_caiwangcun/query/images/exif_test/0001.JPG,9000,docs/experiments/dom_dsm_prepare/query_dom_patch_alignment_batch/images/001_0001/gpu_pinhole_render.png,9000,0.25,ok,13
undistorted_query_with_scaled_distortion_vs_pinhole_render,-0.22836299830518583,0.21294601534184596,0.9931933622259608,0.0,-30.0,0.2648546099662781,1.0,1.0,1984,0001,0.9828629032258065,1950,-6.427978515625,20.278419494628906,54.163543701171875,69.10616302490234,data_caiwangcun/query/images/exif_test/0001.JPG,9000,docs/experiments/dom_dsm_prepare/query_dom_patch_alignment_batch/images/001_0001/gpu_pinhole_render.png,9000,0.25,ok,13
raw_query_vs_distorted_render_with_scaled_distortion,-0.21878071332136953,0.2036551124191558,0.9906094040274395,0.0,-30.0,0.25357136130332947,1.0,1.0,1802,0001,0.9872364039955605,1779,-5.1552734375,19.012725830078125,51.28768539428711,64.52857971191406,data_caiwangcun/query/images/exif_test/0001.JPG,9000,docs/experiments/dom_dsm_prepare/query_dom_patch_alignment_batch/images/001_0001/gpu_pinhole_render.png,9000,0.25,ok,13
undistorted_query_with_scaled_distortion_vs_pinhole_render,-0.22646863163681313,0.21052925432694197,0.985169327309745,0.0,30.0,0.31381329894065857,1.0,1.0,1992,0001,0.9879518072289156,1968,-6.471435546875,22.9168701171875,54.25162124633789,70.46510314941406,data_caiwangcun/query/images/exif_test/0001.JPG,9000,docs/experiments/dom_dsm_prepare/query_dom_patch_alignment_batch/images/001_0001/gpu_pinhole_render.png,9000,0.25,ok,13
raw_query_vs_distorted_render_with_scaled_distortion,-0.20524118844768333,0.18236098518655966,0.9830214243280238,0.0,30.0,0.3033010959625244,1.0,1.0,1759,0001,0.9874928936895964,1737,-4.07958984375,22.44287109375,52.05162048339844,65.69440460205078,data_caiwangcun/query/images/exif_test/0001.JPG,9000,docs/experiments/dom_dsm_prepare/query_dom_patch_alignment_batch/images/001_0001/gpu_pinhole_render.png,9000,0.25,ok,13
undistorted_query_with_scaled_distortion_vs_pinhole_render,-0.25695864979671856,0.21459507682046372,0.9894350336863492,-30.0,0.0,0.29982903599739075,1.0,1.0,1952,0001,0.985655737704918,1924,-9.914283752441406,19.768203735351562,54.09712219238281,69.99021911621094,data_caiwangcun/query/images/exif_test/0001.JPG,9000,docs/experiments/dom_dsm_prepare/query_dom_patch_alignment_batch/images/001_0001/gpu_pinhole_render.png,9000,0.25,ok,13
raw_query_vs_distorted_render_with_scaled_distortion,-0.21445775462785935,0.17442552785997173,0.9870632183928457,-30.0,0.0,0.30572524666786194,1.0,1.0,1797,0001,0.9860879243183083,1772,-8.017440795898438,21.48834228515625,51.636741638183594,65.23137664794922,data_caiwangcun/query/images/exif_test/0001.JPG,9000,docs/experiments/dom_dsm_prepare/query_dom_patch_alignment_batch/images/001_0001/gpu_pinhole_render.png,9000,0.25,ok,13
undistorted_query_with_scaled_distortion_vs_pinhole_render,-0.23259237331206525,0.24160212349371277,0.9909026598254014,30.0,0.0,0.2905241847038269,1.0,1.0,1965,0001,0.9867684478371501,1939,-3.9375,22.104736328125,54.50151443481445,69.79154205322266,data_caiwangcun/query/images/exif_test/0001.JPG,9000,docs/experiments/dom_dsm_prepare/query_dom_patch_alignment_batch/images/001_0001/gpu_pinhole_render.png,9000,0.25,ok,13
raw_query_vs_distorted_render_with_scaled_distortion,-0.17675003021665547,0.17709087526679385,0.9887554719724386,30.0,0.0,0.265939861536026,1.0,1.0,1803,0001,0.9894620077648364,1784,-1.89453125,20.6650390625,51.69081497192383,65.44554901123047,data_caiwangcun/query/images/exif_test/0001.JPG,9000,docs/experiments/dom_dsm_prepare/query_dom_patch_alignment_batch/images/001_0001/gpu_pinhole_render.png,9001,0.25,ok,13
undistorted_query_with_scaled_distortion_vs_pinhole_render,-0.19710271772412924,0.22804212375352087,0.9901252981014826,0.0,0.0,0.2787100672721863,1.0,1.005,1946,0001,0.986639260020555,1920,-5.98309326171875,21.15887451171875,54.25837707519531,69.72771453857422,data_caiwangcun/query/images/exif_test/0001.JPG,9000,docs/experiments/dom_dsm_prepare/query_dom_patch_alignment_batch/images/001_0001/gpu_pinhole_render.png,9000,0.25,ok,13
raw_query_vs_distorted_render_with_scaled_distortion,-0.15960557661495176,0.17736816455364302,0.98779994636662,0.0,0.0,0.29917773604393005,1.0,1.005,1809,0001,0.9889441680486457,1789,-4.189453125,22.5888671875,51.77832794189453,65.33535766601562,data_caiwangcun/query/images/exif_test/0001.JPG,9000,docs/experiments/dom_dsm_prepare/query_dom_patch_alignment_batch/images/001_0001/gpu_pinhole_render.png,9000,0.25,ok,13
undistorted_query_with_scaled_distortion_vs_pinhole_render,-0.1999415210034474,0.227383357579313,0.9925643743510936,0.0,-30.0,0.26083606481552124,1.0,1.005,2005,0001,0.9840399002493766,1973,-6.347412109375,19.7900390625,54.20464324951172,69.24986267089844,data_caiwangcun/query/images/exif_test/0001.JPG,9000,docs/experiments/dom_dsm_prepare/query_dom_patch_alignment_batch/images/001_0001/gpu_pinhole_render.png,9000,0.25,ok,13
raw_query_vs_distorted_render_with_scaled_distortion,-0.15968585114886405,0.17804690954434566,0.9906071556187986,0.0,-30.0,0.24780139327049255,1.0,1.005,1781,0001,0.9876473891072431,1759,-4.2386474609375,18.728759765625,51.27373504638672,64.51944732666016,data_caiwangcun/query/images/exif_test/0001.JPG,9000,docs/experiments/dom_dsm_prepare/query_dom_patch_alignment_batch/images/001_0001/gpu_pinhole_render.png,9000,0.25,ok,13
undistorted_query_with_scaled_distortion_vs_pinhole_render,-0.18849599684470453,0.21193744779182289,0.9842845429118294,0.0,30.0,0.2943700850009918,1.0,1.005,1983,0001,0.9853756933938477,1954,-6.08740234375,20.9041748046875,53.957923889160156,70.68792724609375,data_caiwangcun/query/images/exif_test/0001.JPG,9000,docs/experiments/dom_dsm_prepare/query_dom_patch_alignment_batch/images/001_0001/gpu_pinhole_render.png,9000,0.25,ok,13
raw_query_vs_distorted_render_with_scaled_distortion,-0.18385539108020182,0.19678241273429456,0.98344122932919,0.0,30.0,0.31520524621009827,1.0,1.005,1777,0001,0.9887450759707372,1757,-4.59228515625,22.7864990234375,51.775733947753906,66.0411605834961,data_caiwangcun/query/images/exif_test/0001.JPG,9000,docs/experiments/dom_dsm_prepare/query_dom_patch_alignment_batch/images/001_0001/gpu_pinhole_render.png,9000,0.25,ok,13
undistorted_query_with_scaled_distortion_vs_pinhole_render,-0.21785277768333405,0.21823530509943334,0.9898802152111499,-30.0,0.0,0.30156129598617554,1.0,1.005,2026,0001,0.9861796643632774,1998,-10.114013671875,20.8077392578125,54.88835144042969,70.30304718017578,data_caiwangcun/query/images/exif_test/0001.JPG,9000,docs/experiments/dom_dsm_prepare/query_dom_patch_alignment_batch/images/001_0001/gpu_pinhole_render.png,9000,0.25,ok,13
raw_query_vs_distorted_render_with_scaled_distortion,-0.1902178637080398,0.18575945858476414,0.9870383858793309,-30.0,0.0,0.29642587900161743,1.0,1.005,1785,0001,0.9882352941176471,1764,-7.11083984375,21.6890869140625,51.83436965942383,65.14017486572266,data_caiwangcun/query/images/exif_test/0001.JPG,9000,docs/experiments/dom_dsm_prepare/query_dom_patch_alignment_batch/images/001_0001/gpu_pinhole_render.png,9000,0.25,ok,13
undistorted_query_with_scaled_distortion_vs_pinhole_render,-0.19218995148059645,0.24324845151741792,0.9903834394582876,30.0,0.0,0.27121874690055847,1.0,1.005,1967,0001,0.9867819013726487,1941,-3.32470703125,20.39453125,54.62289047241211,70.5182876586914,data_caiwangcun/query/images/exif_test/0001.JPG,9000,docs/experiments/dom_dsm_prepare/query_dom_patch_alignment_batch/images/001_0001/gpu_pinhole_render.png,9000,0.25,ok,13
raw_query_vs_distorted_render_with_scaled_distortion,-0.16594283477699964,0.20330790267743554,0.9887806244551811,30.0,0.0,0.28137898445129395,1.0,1.005,1823,0001,0.9879319802523313,1801,-2.427734375,21.490966796875,51.86157989501953,65.2382583618164,data_caiwangcun/query/images/exif_test/0001.JPG,9000,docs/experiments/dom_dsm_prepare/query_dom_patch_alignment_batch/images/001_0001/gpu_pinhole_render.png,9000,0.25,ok,13
undistorted_query_with_scaled_distortion_vs_pinhole_render,-0.7869189168698921,-0.18056199567769263,0.9742909864018601,0.0,0.0,0.5515428781509399,1.5,0.995,1839,0001,0.7253942359978249,1334,-26.1513671875,18.304931640625,52.610260009765625,87.7249526977539,data_caiwangcun/query/images/exif_test/0001.JPG,9001,docs/experiments/dom_dsm_prepare/query_dom_patch_alignment_batch/images/001_0001/gpu_pinhole_render.png,9000,0.25,ok,13
raw_query_vs_distorted_render_with_scaled_distortion,-0.7439444897444198,-0.23406760534329019,0.9742461900020551,0.0,0.0,0.5341905951499939,1.5,0.995,1752,0001,0.7990867579908676,1400,-25.04833984375,18.5469970703125,51.787410736083984,81.36658477783203,data_caiwangcun/query/images/exif_test/0001.JPG,9000,docs/experiments/dom_dsm_prepare/query_dom_patch_alignment_batch/images/001_0001/gpu_pinhole_render.png,9000,0.25,ok,13
undistorted_query_with_scaled_distortion_vs_pinhole_render,-0.8186961531428041,-0.15497454878059866,0.9756121832797359,0.0,-30.0,0.4553322196006775,1.5,0.995,1869,0001,0.7656500802568218,1431,-26.58642578125,10.6591796875,56.03300857543945,84.75802612304688,data_caiwangcun/query/images/exif_test/0001.JPG,9001,docs/experiments/dom_dsm_prepare/query_dom_patch_alignment_batch/images/001_0001/gpu_pinhole_render.png,9000,0.25,ok,13
raw_query_vs_distorted_render_with_scaled_distortion,-0.5016233477269558,-0.6805432343903997,0.9786375031971968,0.0,-30.0,0.8060897588729858,1.5,0.995,1737,0001,0.6603339090385723,1147,-32.1923828125,28.80126953125,54.47970199584961,82.00756072998047,data_caiwangcun/query/images/exif_test/0001.JPG,9000,docs/experiments/dom_dsm_prepare/query_dom_patch_alignment_batch/images/001_0001/gpu_pinhole_render.png,9000,0.25,ok,13
undistorted_query_with_scaled_distortion_vs_pinhole_render,-0.878104221934245,-0.12558076619529482,0.9687086079673516,0.0,30.0,0.5741788148880005,1.5,0.995,1858,0001,0.6663078579117331,1238,-35.298095703125,13.175048828125,58.974632263183594,93.42777252197266,data_caiwangcun/query/images/exif_test/0001.JPG,9001,docs/experiments/dom_dsm_prepare/query_dom_patch_alignment_batch/images/001_0001/gpu_pinhole_render.png,9000,0.25,ok,13
raw_query_vs_distorted_render_with_scaled_distortion,-0.7396000057126216,-0.2171736049952619,0.9741211403493567,0.0,30.0,0.546450674533844,1.5,0.995,1687,0001,0.7682276229994073,1296,-25.44622802734375,18.42108154296875,50.77232360839844,78.73070526123047,data_caiwangcun/query/images/exif_test/0001.JPG,9000,docs/experiments/dom_dsm_prepare/query_dom_patch_alignment_batch/images/001_0001/gpu_pinhole_render.png,9000,0.25,ok,13
undistorted_query_with_scaled_distortion_vs_pinhole_render,-0.7728100795122679,-0.3329321512829135,0.9661363080213121,-30.0,0.0,0.696036696434021,1.5,0.995,1800,0001,0.7294444444444445,1313,-34.45458984375,18.5537109375,52.396583557128906,96.04046630859375,data_caiwangcun/query/images/exif_test/0001.JPG,9000,docs/experiments/dom_dsm_prepare/query_dom_patch_alignment_batch/images/001_0001/gpu_pinhole_render.png,9000,0.25,ok,13
raw_query_vs_distorted_render_with_scaled_distortion,-0.8463510900675444,-0.04195548088927603,0.9607145302400775,-30.0,0.0,0.3755832612514496,1.5,0.995,1711,0001,0.7089421390999415,1213,-14.679931640625,23.008544921875,58.908748626708984,83.2098617553711,data_caiwangcun/query/images/exif_test/0001.JPG,9000,docs/experiments/dom_dsm_prepare/query_dom_patch_alignment_batch/images/001_0001/gpu_pinhole_render.png,9000,0.25,ok,13
undistorted_query_with_scaled_distortion_vs_pinhole_render,-0.6609509952157361,-0.38196840277624267,0.9821106382029317,30.0,0.0,0.6777687072753906,1.5,0.995,1860,0001,0.6919354838709677,1287,-30.014892578125,24.42724609375,51.219051361083984,82.4179916381836,data_caiwangcun/query/images/exif_test/0001.JPG,9000,docs/experiments/dom_dsm_prepare/query_dom_patch_alignment_batch/images/001_0001/gpu_pinhole_render.png,9000,0.25,ok,13
raw_query_vs_distorted_render_with_scaled_distortion,-0.728018231992991,-0.23785598916615736,0.9797292873863402,30.0,0.0,0.5220135450363159,1.5,0.995,1722,0001,0.8089430894308943,1393,-24.571044921875,21.882080078125,52.386749267578125,78.3812255859375,data_caiwangcun/query/images/exif_test/0001.JPG,9000,docs/experiments/dom_dsm_prepare/query_dom_patch_alignment_batch/images/001_0001/gpu_pinhole_render.png,9000,0.25,ok,13
undistorted_query_with_scaled_distortion_vs_pinhole_render,-0.7953638712537319,-0.12148624438741014,0.9762393003271279,0.0,0.0,0.4689736068248749,1.5,1.0,1839,0001,0.7716150081566069,1419,-25.49169921875,12.7880859375,53.736656188964844,83.53792572021484,data_caiwangcun/query/images/exif_test/0001.JPG,9000,docs/experiments/dom_dsm_prepare/query_dom_patch_alignment_batch/images/001_0001/gpu_pinhole_render.png,9000,0.25,ok,13
raw_query_vs_distorted_render_with_scaled_distortion,-0.8089838339330478,-0.17080990301717439,0.9743367799842925,0.0,0.0,0.4754519760608673,1.5,1.0,1716,0001,0.7913752913752914,1358,-26.92529296875,12.1795654296875,54.6386833190918,81.83135986328125,data_caiwangcun/query/images/exif_test/0001.JPG,9000,docs/experiments/dom_dsm_prepare/query_dom_patch_alignment_batch/images/001_0001/gpu_pinhole_render.png,9000,0.25,ok,13
undistorted_query_with_scaled_distortion_vs_pinhole_render,-0.862754926736474,-0.14480452063421378,0.9776236305006343,0.0,-30.0,0.5450266003608704,1.5,1.0,1842,0001,0.6623235613463626,1220,-32.9876708984375,12.85302734375,59.9014892578125,90.3121337890625,data_caiwangcun/query/images/exif_test/0001.JPG,9000,docs/experiments/dom_dsm_prepare/query_dom_patch_alignment_batch/images/001_0001/gpu_pinhole_render.png,9000,0.25,ok,13
raw_query_vs_distorted_render_with_scaled_distortion,-0.733016516443938,-0.2003212933398072,0.9766659250955949,0.0,-30.0,0.5300539135932922,1.5,1.0,1744,0001,0.7912844036697247,1380,-25.5257568359375,17.7796630859375,51.5958251953125,77.85033416748047,data_caiwangcun/query/images/exif_test/0001.JPG,9000,docs/experiments/dom_dsm_prepare/query_dom_patch_alignment_batch/images/001_0001/gpu_pinhole_render.png,9000,0.25,ok,13
undistorted_query_with_scaled_distortion_vs_pinhole_render,-0.7693843763690157,-0.1541097631379874,0.9747899448184166,0.0,30.0,0.49726688861846924,1.5,1.0,1829,0001,0.74412247129579,1361,-24.92431640625,12.9747314453125,52.69905471801758,82.03451538085938,data_caiwangcun/query/images/exif_test/0001.JPG,9000,docs/experiments/dom_dsm_prepare/query_dom_patch_alignment_batch/images/001_0001/gpu_pinhole_render.png,9000,0.25,ok,13
raw_query_vs_distorted_render_with_scaled_distortion,-0.7689493688920114,-0.20677659811123744,0.9783696806226876,0.0,30.0,0.4318446218967438,1.5,1.0,1728,0001,0.7766203703703703,1342,-24.0272216796875,15.423828125,56.14012145996094,78.17289733886719,data_caiwangcun/query/images/exif_test/0001.JPG,9000,docs/experiments/dom_dsm_prepare/query_dom_patch_alignment_batch/images/001_0001/gpu_pinhole_render.png,9000,0.25,ok,13
undistorted_query_with_scaled_distortion_vs_pinhole_render,-0.732692908717678,-0.3787072979715217,0.9700433266168936,-30.0,0.0,0.7133620977401733,1.5,1.0,1848,0001,0.724025974025974,1338,-34.68017578125,22.621826171875,53.841976165771484,93.70401763916016,data_caiwangcun/query/images/exif_test/0001.JPG,9000,docs/experiments/dom_dsm_prepare/query_dom_patch_alignment_batch/images/001_0001/gpu_pinhole_render.png,9000,0.25,ok,13
raw_query_vs_distorted_render_with_scaled_distortion,-0.7660108126996654,-0.17661716478958625,0.9656399755404245,-30.0,0.0,0.5093891024589539,1.5,1.0,1681,0001,0.8072575847709696,1357,-25.787109375,15.029541015625,51.648536682128906,81.51937866210938,data_caiwangcun/query/images/exif_test/0001.JPG,9000,docs/experiments/dom_dsm_prepare/query_dom_patch_alignment_batch/images/001_0001/gpu_pinhole_render.png,9001,0.25,ok,13
undistorted_query_with_scaled_distortion_vs_pinhole_render,-0.7746652132389965,-0.093943100420683,0.9851283484959731,30.0,0.0,0.33287328481674194,1.5,1.0,1842,0001,0.7339847991313789,1352,-20.379638671875,8.5728759765625,52.827911376953125,74.64920043945312,data_caiwangcun/query/images/exif_test/0001.JPG,9000,docs/experiments/dom_dsm_prepare/query_dom_patch_alignment_batch/images/001_0001/gpu_pinhole_render.png,9000,0.25,ok,13
raw_query_vs_distorted_render_with_scaled_distortion,-0.7673610508730127,-0.13594626509932495,0.9823342082905728,30.0,0.0,0.36479324102401733,1.5,1.0,1765,0001,0.8356940509915014,1475,-20.8817138671875,13.264892578125,54.126747131347656,74.2576904296875,data_caiwangcun/query/images/exif_test/0001.JPG,9000,docs/experiments/dom_dsm_prepare/query_dom_patch_alignment_batch/images/001_0001/gpu_pinhole_render.png,9000,0.25,ok,13
undistorted_query_with_scaled_distortion_vs_pinhole_render,-0.7721857717006895,-0.1659761914774565,0.9749486616995422,0.0,0.0,0.5630707740783691,1.5,1.005,1868,0001,0.7580299785867237,1416,-28.2032470703125,16.7115478515625,53.472347259521484,85.36430358886719,data_caiwangcun/query/images/exif_test/0001.JPG,9000,docs/experiments/dom_dsm_prepare/query_dom_patch_alignment_batch/images/001_0001/gpu_pinhole_render.png,9000,0.25,ok,13
raw_query_vs_distorted_render_with_scaled_distortion,-0.7427990405285884,-0.17486126952366707,0.9767574524714773,0.0,0.0,0.5012484192848206,1.5,1.005,1742,0001,0.812284730195178,1415,-24.078857421875,18.38037109375,51.94340515136719,77.1863021850586,data_caiwangcun/query/images/exif_test/0001.JPG,9000,docs/experiments/dom_dsm_prepare/query_dom_patch_alignment_batch/images/001_0001/gpu_pinhole_render.png,9001,0.25,ok,13
undistorted_query_with_scaled_distortion_vs_pinhole_render,-0.7882881875440019,-0.1610418391199835,0.9754262127899841,0.0,-30.0,0.5549718737602234,1.5,1.005,1868,0001,0.7601713062098501,1420,-28.501708984375,15.44287109375,54.18364334106445,86.47550201416016,data_caiwangcun/query/images/exif_test/0001.JPG,9000,docs/experiments/dom_dsm_prepare/query_dom_patch_alignment_batch/images/001_0001/gpu_pinhole_render.png,9000,0.25,ok,13
raw_query_vs_distorted_render_with_scaled_distortion,-0.7511915083553852,-0.19498993181142224,0.9774106226270425,0.0,-30.0,0.5123112201690674,1.5,1.005,1728,0001,0.8061342592592593,1393,-25.0338134765625,19.74072265625,51.93483352661133,79.56424713134766,data_caiwangcun/query/images/exif_test/0001.JPG,9000,docs/experiments/dom_dsm_prepare/query_dom_patch_alignment_batch/images/001_0001/gpu_pinhole_render.png,9000,0.25,ok,13
undistorted_query_with_scaled_distortion_vs_pinhole_render,-0.7143410567837087,-0.33352713241746595,0.9741726537847655,0.0,30.0,0.7095286250114441,1.5,1.005,1861,0001,0.739924771628157,1377,-32.061279296875,27.3236083984375,52.44572830200195,91.03895568847656,data_caiwangcun/query/images/exif_test/0001.JPG,9000,docs/experiments/dom_dsm_prepare/query_dom_patch_alignment_batch/images/001_0001/gpu_pinhole_render.png,9000,0.25,ok,13
raw_query_vs_distorted_render_with_scaled_distortion,-0.7689958122899725,-0.2155662449490847,0.9786948104544967,0.0,30.0,0.4643438756465912,1.5,1.005,1704,0001,0.7992957746478874,1362,-26.295166015625,18.1424560546875,56.76194763183594,79.0600357055664,data_caiwangcun/query/images/exif_test/0001.JPG,9000,docs/experiments/dom_dsm_prepare/query_dom_patch_alignment_batch/images/001_0001/gpu_pinhole_render.png,9000,0.25,ok,13
undistorted_query_with_scaled_distortion_vs_pinhole_render,-0.6335285021616165,-0.6737162847617484,0.9748797820043701,-30.0,0.0,0.8595423102378845,1.5,1.005,1841,0001,0.6252036936447583,1151,-43.685546875,28.380615234375,60.965431213378906,97.56993865966797,data_caiwangcun/query/images/exif_test/0001.JPG,9000,docs/experiments/dom_dsm_prepare/query_dom_patch_alignment_batch/images/001_0001/gpu_pinhole_render.png,9000,0.25,ok,13
raw_query_vs_distorted_render_with_scaled_distortion,-0.7544713214418197,-0.163422397310539,0.9670224889931546,-30.0,0.0,0.4912952184677124,1.5,1.005,1726,0001,0.7977983777520278,1377,-25.113525390625,13.989990234375,51.36398696899414,79.2271728515625,data_caiwangcun/query/images/exif_test/0001.JPG,9000,docs/experiments/dom_dsm_prepare/query_dom_patch_alignment_batch/images/001_0001/gpu_pinhole_render.png,9001,0.25,ok,13
undistorted_query_with_scaled_distortion_vs_pinhole_render,-0.7724543342011377,-0.16285661413047534,0.9801373435868209,30.0,0.0,0.5242183804512024,1.5,1.005,1857,0001,0.7840603123317178,1456,-27.269287109375,19.38134765625,56.1629638671875,84.23696899414062,data_caiwangcun/query/images/exif_test/0001.JPG,9000,docs/experiments/dom_dsm_prepare/query_dom_patch_alignment_batch/images/001_0001/gpu_pinhole_render.png,9000,0.25,ok,13
raw_query_vs_distorted_render_with_scaled_distortion,-0.7126879609595297,-0.18962768647272488,0.9835477435227419,30.0,0.0,0.49322837591171265,1.5,1.005,1738,0001,0.8055235903337169,1400,-22.7298583984375,19.39453125,51.719932556152344,73.8805923461914,data_caiwangcun/query/images/exif_test/0001.JPG,9000,docs/experiments/dom_dsm_prepare/query_dom_patch_alignment_batch/images/001_0001/gpu_pinhole_render.png,9000,0.25,ok,13
undistorted_query_with_scaled_distortion_vs_pinhole_render,-0.7754364839571515,-0.8196135290811544,0.9633374707019516,0.0,0.0,0.8353918194770813,2.0,0.995,1611,0001,0.5201738050900062,838,-38.051025390625,11.0535888671875,57.58887481689453,121.34628295898438,data_caiwangcun/query/images/exif_test/0001.JPG,9000,docs/experiments/dom_dsm_prepare/query_dom_patch_alignment_batch/images/001_0001/gpu_pinhole_render.png,9000,0.25,ok,13
raw_query_vs_distorted_render_with_scaled_distortion,-0.763858688803924,-0.8090484393240188,0.9604204540338227,0.0,0.0,0.8471056818962097,2.0,0.995,1598,0001,0.5707133917396746,912,-42.83544921875,15.6658935546875,61.91115951538086,115.65454864501953,data_caiwangcun/query/images/exif_test/0001.JPG,9000,docs/experiments/dom_dsm_prepare/query_dom_patch_alignment_batch/images/001_0001/gpu_pinhole_render.png,9000,0.25,ok,13
undistorted_query_with_scaled_distortion_vs_pinhole_render,-0.8607706732653742,-0.6192279993340855,0.9562794651287487,0.0,-30.0,0.6323414444923401,2.0,0.995,1656,0001,0.49516908212560384,820,-28.6463623046875,2.9603271484375,54.044471740722656,116.81845092773438,data_caiwangcun/query/images/exif_test/0001.JPG,9001,docs/experiments/dom_dsm_prepare/query_dom_patch_alignment_batch/images/001_0001/gpu_pinhole_render.png,9000,0.25,ok,13
raw_query_vs_distorted_render_with_scaled_distortion,-0.7557002893677647,-0.8239965329129901,0.9628622962380959,0.0,-30.0,0.8116189241409302,2.0,0.995,1565,0001,0.5667731629392971,887,-37.311279296875,15.15576171875,62.422813415527344,112.709228515625,data_caiwangcun/query/images/exif_test/0001.JPG,9000,docs/experiments/dom_dsm_prepare/query_dom_patch_alignment_batch/images/001_0001/gpu_pinhole_render.png,9000,0.25,ok,13
undistorted_query_with_scaled_distortion_vs_pinhole_render,-0.7920313932672154,-0.799427351120746,0.9637886720995101,0.0,30.0,0.8473678231239319,2.0,0.995,1669,0001,0.5176752546434991,864,-38.96923828125,13.7769775390625,58.80251693725586,122.64923095703125,data_caiwangcun/query/images/exif_test/0001.JPG,9001,docs/experiments/dom_dsm_prepare/query_dom_patch_alignment_batch/images/001_0001/gpu_pinhole_render.png,9000,0.25,ok,13
raw_query_vs_distorted_render_with_scaled_distortion,-0.7471387547145978,-0.7855884675045947,0.9647694428334506,0.0,30.0,0.8261950612068176,2.0,0.995,1600,0001,0.5525,884,-35.1751708984375,15.612060546875,55.76972961425781,109.6874008178711,data_caiwangcun/query/images/exif_test/0001.JPG,9000,docs/experiments/dom_dsm_prepare/query_dom_patch_alignment_batch/images/001_0001/gpu_pinhole_render.png,9000,0.25,ok,13
undistorted_query_with_scaled_distortion_vs_pinhole_render,-0.7805810441534554,-0.8265804250782675,0.95993736054601,-30.0,0.0,0.8377320170402527,2.0,0.995,1617,0001,0.4972170686456401,804,-36.6607666015625,8.7928466796875,52.73750305175781,126.56057739257812,data_caiwangcun/query/images/exif_test/0001.JPG,9000,docs/experiments/dom_dsm_prepare/query_dom_patch_alignment_batch/images/001_0001/gpu_pinhole_render.png,9000,0.25,ok,13
raw_query_vs_distorted_render_with_scaled_distortion,-0.8166137052615994,-0.4840826819399824,0.9493678451142633,-30.0,0.0,0.6265010237693787,2.0,0.995,1553,0001,0.5228589826142949,812,-26.919677734375,3.427001953125,46.590728759765625,98.83000183105469,data_caiwangcun/query/images/exif_test/0001.JPG,9000,docs/experiments/dom_dsm_prepare/query_dom_patch_alignment_batch/images/001_0001/gpu_pinhole_render.png,9001,0.25,ok,13
undistorted_query_with_scaled_distortion_vs_pinhole_render,-0.7808255950077108,-0.7564303509365297,0.962090472867474,30.0,0.0,0.8557764291763306,2.0,0.995,1645,0001,0.4972644376899696,818,-38.1507568359375,8.7213134765625,48.285865783691406,113.68293762207031,data_caiwangcun/query/images/exif_test/0001.JPG,9000,docs/experiments/dom_dsm_prepare/query_dom_patch_alignment_batch/images/001_0001/gpu_pinhole_render.png,9000,0.25,ok,13
raw_query_vs_distorted_render_with_scaled_distortion,-0.7202231582705081,-0.7412251948807594,0.9663062426349518,30.0,0.0,0.8109624981880188,2.0,0.995,1630,0001,0.5306748466257669,865,-33.446044921875,11.320556640625,45.339134216308594,96.90154266357422,data_caiwangcun/query/images/exif_test/0001.JPG,9000,docs/experiments/dom_dsm_prepare/query_dom_patch_alignment_batch/images/001_0001/gpu_pinhole_render.png,9000,0.25,ok,13
undistorted_query_with_scaled_distortion_vs_pinhole_render,-0.7990082315835876,-0.8192592911599058,0.9627518000039995,0.0,0.0,0.8539160490036011,2.0,1.0,1650,0001,0.5412121212121213,893,-41.887939453125,11.97216796875,60.17133331298828,129.0442657470703,data_caiwangcun/query/images/exif_test/0001.JPG,9000,docs/experiments/dom_dsm_prepare/query_dom_patch_alignment_batch/images/001_0001/gpu_pinhole_render.png,9000,0.25,ok,13
raw_query_vs_distorted_render_with_scaled_distortion,-0.8255491117854208,-0.5120319837506633,0.9590700250313873,0.0,0.0,0.6190333366394043,2.0,1.0,1585,0001,0.5905362776025237,936,-26.391357421875,13.333251953125,51.28387451171875,100.76676940917969,data_caiwangcun/query/images/exif_test/0001.JPG,9000,docs/experiments/dom_dsm_prepare/query_dom_patch_alignment_batch/images/001_0001/gpu_pinhole_render.png,9000,0.25,ok,13
undistorted_query_with_scaled_distortion_vs_pinhole_render,-0.7844957216982112,-0.7897643808963606,0.9630715074044345,0.0,-30.0,0.8474651575088501,2.0,1.0,1630,0001,0.48711656441717793,794,-36.4871826171875,5.69464111328125,47.21245574951172,119.0030288696289,data_caiwangcun/query/images/exif_test/0001.JPG,9001,docs/experiments/dom_dsm_prepare/query_dom_patch_alignment_batch/images/001_0001/gpu_pinhole_render.png,9000,0.25,ok,13
raw_query_vs_distorted_render_with_scaled_distortion,-0.8598632968860305,-0.43926679518146294,0.9587042691826252,0.0,-30.0,0.6101162433624268,2.0,1.0,1614,0001,0.5408921933085502,873,-29.004638671875,16.3277587890625,59.093624114990234,102.57327270507812,data_caiwangcun/query/images/exif_test/0001.JPG,9000,docs/experiments/dom_dsm_prepare/query_dom_patch_alignment_batch/images/001_0001/gpu_pinhole_render.png,9000,0.25,ok,13
undistorted_query_with_scaled_distortion_vs_pinhole_render,-0.7755778332647515,-0.7812997797531325,0.9649491345996587,0.0,30.0,0.8205306529998779,2.0,1.0,1625,0001,0.5126153846153846,833,-35.628173828125,12.7860107421875,53.99418640136719,116.40545654296875,data_caiwangcun/query/images/exif_test/0001.JPG,9001,docs/experiments/dom_dsm_prepare/query_dom_patch_alignment_batch/images/001_0001/gpu_pinhole_render.png,9000,0.25,ok,13
raw_query_vs_distorted_render_with_scaled_distortion,-0.8948032095473787,-0.5111153955290054,0.9538576570509407,0.0,30.0,0.6451502442359924,2.0,1.0,1605,0001,0.5744548286604362,922,-35.140625,8.363037109375,57.97435760498047,111.53494262695312,data_caiwangcun/query/images/exif_test/0001.JPG,9000,docs/experiments/dom_dsm_prepare/query_dom_patch_alignment_batch/images/001_0001/gpu_pinhole_render.png,9000,0.25,ok,13
undistorted_query_with_scaled_distortion_vs_pinhole_render,-0.8031929221993982,-0.8400909799339055,0.9590723146529787,-30.0,0.0,0.8497423529624939,2.0,1.0,1637,0001,0.5290164935858277,866,-44.2996826171875,7.6419677734375,61.21070098876953,131.79379272460938,data_caiwangcun/query/images/exif_test/0001.JPG,9001,docs/experiments/dom_dsm_prepare/query_dom_patch_alignment_batch/images/001_0001/gpu_pinhole_render.png,9000,0.25,ok,13
raw_query_vs_distorted_render_with_scaled_distortion,-0.895419367964486,-0.489938250250344,0.9530123228829739,-30.0,0.0,0.6875163316726685,2.0,1.0,1579,0001,0.5535148828372387,874,-37.053955078125,6.35009765625,55.808536529541016,109.72338104248047,data_caiwangcun/query/images/exif_test/0001.JPG,9000,docs/experiments/dom_dsm_prepare/query_dom_patch_alignment_batch/images/001_0001/gpu_pinhole_render.png,9000,0.25,ok,13
undistorted_query_with_scaled_distortion_vs_pinhole_render,-0.7996870156686934,-0.7660050850265042,0.9626456257216858,30.0,0.0,0.8764002919197083,2.0,1.0,1613,0001,0.513949163050217,829,-46.59765625,15.483154296875,60.95604705810547,120.42086029052734,data_caiwangcun/query/images/exif_test/0001.JPG,9001,docs/experiments/dom_dsm_prepare/query_dom_patch_alignment_batch/images/001_0001/gpu_pinhole_render.png,9000,0.25,ok,13
raw_query_vs_distorted_render_with_scaled_distortion,-0.7715727332424793,-0.5827528835349051,0.9679516199025923,30.0,0.0,0.5798110365867615,2.0,1.0,1654,0001,0.5967351874244257,987,-24.651611328125,9.859130859375,50.50638198852539,92.67363739013672,data_caiwangcun/query/images/exif_test/0001.JPG,9000,docs/experiments/dom_dsm_prepare/query_dom_patch_alignment_batch/images/001_0001/gpu_pinhole_render.png,9000,0.25,ok,13
undistorted_query_with_scaled_distortion_vs_pinhole_render,-0.8102393766157598,-0.8222586838255851,0.9615853473385065,0.0,0.0,0.8577383756637573,2.0,1.005,1656,0001,0.5295893719806763,877,-44.218017578125,12.915771484375,66.31551361083984,138.09091186523438,data_caiwangcun/query/images/exif_test/0001.JPG,9000,docs/experiments/dom_dsm_prepare/query_dom_patch_alignment_batch/images/001_0001/gpu_pinhole_render.png,9000,0.25,ok,13
raw_query_vs_distorted_render_with_scaled_distortion,-0.7706928415078027,-0.767794651188377,0.962857529111003,0.0,0.0,0.8514376282691956,2.0,1.005,1590,0001,0.550314465408805,875,-36.268310546875,23.146728515625,63.000648498535156,113.33425903320312,data_caiwangcun/query/images/exif_test/0001.JPG,9000,docs/experiments/dom_dsm_prepare/query_dom_patch_alignment_batch/images/001_0001/gpu_pinhole_render.png,9001,0.25,ok,13
undistorted_query_with_scaled_distortion_vs_pinhole_render,-0.8819901396692482,-0.521201353241213,0.9572260939620035,0.0,-30.0,0.6332952380180359,2.0,1.005,1661,0001,0.5123419626730885,851,-29.1064453125,4.1484375,53.15230178833008,118.43266296386719,data_caiwangcun/query/images/exif_test/0001.JPG,9000,docs/experiments/dom_dsm_prepare/query_dom_patch_alignment_batch/images/001_0001/gpu_pinhole_render.png,9000,0.25,ok,13
raw_query_vs_distorted_render_with_scaled_distortion,-0.7528238905861144,-0.7825939117492344,0.9643137510157496,0.0,-30.0,0.8436419367790222,2.0,1.005,1609,0001,0.5276569297700435,849,-34.8466796875,21.389892578125,60.6293830871582,109.53885650634766,data_caiwangcun/query/images/exif_test/0001.JPG,9000,docs/experiments/dom_dsm_prepare/query_dom_patch_alignment_batch/images/001_0001/gpu_pinhole_render.png,9000,0.25,ok,13
undistorted_query_with_scaled_distortion_vs_pinhole_render,-0.86192819405746,-0.5827462013896871,0.9528302334072744,0.0,30.0,0.6198568940162659,2.0,1.005,1647,0001,0.5258044930176078,866,-31.2757568359375,4.8043212890625,59.89677810668945,116.68354797363281,data_caiwangcun/query/images/exif_test/0001.JPG,9000,docs/experiments/dom_dsm_prepare/query_dom_patch_alignment_batch/images/001_0001/gpu_pinhole_render.png,9000,0.25,ok,13
raw_query_vs_distorted_render_with_scaled_distortion,-0.8372262233395229,-0.5443903772942321,0.958505133367343,0.0,30.0,0.590180516242981,2.0,1.005,1616,0001,0.5928217821782178,958,-28.2021484375,9.02587890625,55.95182418823242,99.18649291992188,data_caiwangcun/query/images/exif_test/0001.JPG,9000,docs/experiments/dom_dsm_prepare/query_dom_patch_alignment_batch/images/001_0001/gpu_pinhole_render.png,9000,0.25,ok,13
undistorted_query_with_scaled_distortion_vs_pinhole_render,-0.9630823113503777,-0.3782776027530112,0.9347984351379053,-30.0,0.0,0.6047985553741455,2.0,1.005,1669,0001,0.4721390053924506,788,-28.7774658203125,-6.2247314453125,59.97547149658203,146.8464813232422,data_caiwangcun/query/images/exif_test/0001.JPG,9000,docs/experiments/dom_dsm_prepare/query_dom_patch_alignment_batch/images/001_0001/gpu_pinhole_render.png,9000,0.25,ok,13
raw_query_vs_distorted_render_with_scaled_distortion,-0.8874568317777131,-0.5038850185979179,0.9496533762331322,-30.0,0.0,0.6000623106956482,2.0,1.005,1580,0001,0.5462025316455696,863,-35.159912109375,5.53369140625,64.38433837890625,108.50585174560547,data_caiwangcun/query/images/exif_test/0001.JPG,9000,docs/experiments/dom_dsm_prepare/query_dom_patch_alignment_batch/images/001_0001/gpu_pinhole_render.png,9000,0.25,ok,13
undistorted_query_with_scaled_distortion_vs_pinhole_render,-0.8034965982364826,-0.7427803206984537,0.9632268688390573,30.0,0.0,0.8776045441627502,2.0,1.005,1661,0001,0.5153521974714028,856,-41.6339111328125,20.485107421875,64.84794616699219,123.92582702636719,data_caiwangcun/query/images/exif_test/0001.JPG,9000,docs/experiments/dom_dsm_prepare/query_dom_patch_alignment_batch/images/001_0001/gpu_pinhole_render.png,9000,0.25,ok,13
raw_query_vs_distorted_render_with_scaled_distortion,-0.7994060750487643,-0.5912611862897511,0.9678109854725708,30.0,0.0,0.6241587400436401,2.0,1.005,1609,0001,0.6003729024238658,966,-28.003662109375,10.6881103515625,53.03969192504883,97.85975646972656,data_caiwangcun/query/images/exif_test/0001.JPG,9000,docs/experiments/dom_dsm_prepare/query_dom_patch_alignment_batch/images/001_0001/gpu_pinhole_render.png,9000,0.25,ok,13
raw_query_vs_pinhole_render,0.6882128637299076,0.48306051217721035,0.9607008486904529,0.0,0.0,0.1069621592760086,0.0,1.0,1660,0002,0.4807228915662651,798,1.11602783203125,4.99993896484375,50.268951416015625,69.32893371582031,data_caiwangcun/query/images/exif_test/0002.JPG,9000,docs/experiments/dom_dsm_prepare/query_dom_patch_alignment_batch/images/002_0002/gpu_pinhole_render.png,9000,0.25,ok,17
undistorted_query_vs_pinhole_render,0.007823536923772108,-0.017670991262619586,0.9908825436045113,0.0,0.0,0.2148800939321518,1.0,1.0,1837,0002,0.9711486118671747,1784,-10.928955078125,18.94158935546875,51.46305465698242,73.03374481201172,data_caiwangcun/query/images/exif_test/0002.JPG,9000,docs/experiments/dom_dsm_prepare/query_dom_patch_alignment_batch/images/002_0002/gpu_pinhole_render.png,9000,0.25,ok,17
raw_query_vs_distorted_render,0.0082414959639517,-0.019919566551346704,0.9882008665961747,0.0,0.0,0.20823100209236145,1.0,1.0,1691,0002,0.9745712596096984,1648,-9.99755859375,19.556503295898438,49.46063232421875,68.18643188476562,data_caiwangcun/query/images/exif_test/0002.JPG,9000,docs/experiments/dom_dsm_prepare/query_dom_patch_alignment_batch/images/002_0002/gpu_pinhole_render.png,9000,0.25,ok,17
undistorted_query_with_scaled_distortion_vs_pinhole_render,0.8340164338191375,0.7490269994166998,0.957911762967052,0.0,0.0,0.07987464219331741,-1.0,0.995,1517,0002,0.32036914963744234,486,0.313720703125,-10.805267333984375,68.7265853881836,89.8260726928711,data_caiwangcun/query/images/exif_test/0002.JPG,9002,docs/experiments/dom_dsm_prepare/query_dom_patch_alignment_batch/images/002_0002/gpu_pinhole_render.png,9000,0.25,ok,17
raw_query_vs_distorted_render_with_scaled_distortion,0.8335142588665382,0.6388682341742544,0.9572940707755616,0.0,0.0,0.25571733713150024,-1.0,0.995,1358,0002,0.3394698085419735,461,1.9222412109375,-9.156982421875,59.23288345336914,92.3133544921875,data_caiwangcun/query/images/exif_test/0002.JPG,9000,docs/experiments/dom_dsm_prepare/query_dom_patch_alignment_batch/images/002_0002/gpu_pinhole_render.png,9000,0.25,ok,17
undistorted_query_with_scaled_distortion_vs_pinhole_render,0.7989936469713104,0.6630301441604115,0.9597968891635202,0.0,-30.0,0.25315794348716736,-1.0,0.995,1481,0002,0.35111411208642807,520,-1.248046875,-7.913543701171875,55.257049560546875,84.89016723632812,data_caiwangcun/query/images/exif_test/0002.JPG,9002,docs/experiments/dom_dsm_prepare/query_dom_patch_alignment_batch/images/002_0002/gpu_pinhole_render.png,9000,0.25,ok,17
raw_query_vs_distorted_render_with_scaled_distortion,0.8362523514300426,0.6348382844337114,0.9523051560307475,0.0,-30.0,0.25806188583374023,-1.0,0.995,1352,0002,0.3468934911242604,469,2.551025390625,-8.426513671875,59.64311218261719,93.26126861572266,data_caiwangcun/query/images/exif_test/0002.JPG,9000,docs/experiments/dom_dsm_prepare/query_dom_patch_alignment_batch/images/002_0002/gpu_pinhole_render.png,9000,0.25,ok,17
undistorted_query_with_scaled_distortion_vs_pinhole_render,0.8096647660626307,0.7002972549632195,0.9562811166960543,0.0,30.0,0.26316845417022705,-1.0,0.995,1498,0002,0.35180240320427236,527,-1.903076171875,-7.55340576171875,60.32453155517578,90.31212615966797,data_caiwangcun/query/images/exif_test/0002.JPG,9000,docs/experiments/dom_dsm_prepare/query_dom_patch_alignment_batch/images/002_0002/gpu_pinhole_render.png,9000,0.25,ok,17
raw_query_vs_distorted_render_with_scaled_distortion,0.8200077666583132,0.6513379934304203,0.9584732795479142,0.0,30.0,0.2081737369298935,-1.0,0.995,1373,0002,0.36125273124544793,496,-0.37701416015625,-7.2012939453125,56.81334686279297,88.26699829101562,data_caiwangcun/query/images/exif_test/0002.JPG,9000,docs/experiments/dom_dsm_prepare/query_dom_patch_alignment_batch/images/002_0002/gpu_pinhole_render.png,9001,0.25,ok,17
undistorted_query_with_scaled_distortion_vs_pinhole_render,0.8295700253399253,0.6627185381833761,0.9684611539793365,-30.0,0.0,0.5827820897102356,-1.0,0.995,1495,0002,0.28561872909699,427,-24.8154296875,8.760986328125,57.264198303222656,90.88888549804688,data_caiwangcun/query/images/exif_test/0002.JPG,9000,docs/experiments/dom_dsm_prepare/query_dom_patch_alignment_batch/images/002_0002/gpu_pinhole_render.png,9000,0.25,ok,17
raw_query_vs_distorted_render_with_scaled_distortion,0.835444979053468,0.7362825777482447,0.9555197499096754,-30.0,0.0,0.23763568699359894,-1.0,0.995,1346,0002,0.34546805349182763,465,5.843017578125,-1.34307861328125,62.096744537353516,109.33341217041016,data_caiwangcun/query/images/exif_test/0002.JPG,9000,docs/experiments/dom_dsm_prepare/query_dom_patch_alignment_batch/images/002_0002/gpu_pinhole_render.png,9000,0.25,ok,17
undistorted_query_with_scaled_distortion_vs_pinhole_render,0.8563199684870162,0.7289755314528165,0.9392014596796596,30.0,0.0,0.11064783483743668,-1.0,0.995,1515,0002,0.3069306930693069,465,0.648681640625,-12.863037109375,70.48094177246094,91.47968292236328,data_caiwangcun/query/images/exif_test/0002.JPG,9000,docs/experiments/dom_dsm_prepare/query_dom_patch_alignment_batch/images/002_0002/gpu_pinhole_render.png,9000,0.25,ok,17
raw_query_vs_distorted_render_with_scaled_distortion,0.8036039055685956,0.6777171800825861,0.9489877869306368,30.0,0.0,0.22297582030296326,-1.0,0.995,1352,0002,0.34985207100591714,473,-0.588623046875,-6.65771484375,56.80388259887695,88.17220306396484,data_caiwangcun/query/images/exif_test/0002.JPG,9000,docs/experiments/dom_dsm_prepare/query_dom_patch_alignment_batch/images/002_0002/gpu_pinhole_render.png,9000,0.25,ok,17
undistorted_query_with_scaled_distortion_vs_pinhole_render,0.8075468485041037,0.7295741478227529,0.952801950953749,0.0,0.0,0.2597622275352478,-1.0,1.0,1503,0002,0.33998669328010644,511,-1.628662109375,-4.1845703125,60.525455474853516,100.13646697998047,data_caiwangcun/query/images/exif_test/0002.JPG,9001,docs/experiments/dom_dsm_prepare/query_dom_patch_alignment_batch/images/002_0002/gpu_pinhole_render.png,9000,0.25,ok,17
raw_query_vs_distorted_render_with_scaled_distortion,0.7999084418613409,0.6511280088981308,0.963277487400848,0.0,0.0,0.2970156669616699,-1.0,1.0,1374,0002,0.33551673944687044,461,6.724609375,-11.180908203125,55.816993713378906,86.57878112792969,data_caiwangcun/query/images/exif_test/0002.JPG,9000,docs/experiments/dom_dsm_prepare/query_dom_patch_alignment_batch/images/002_0002/gpu_pinhole_render.png,9000,0.25,ok,17
undistorted_query_with_scaled_distortion_vs_pinhole_render,0.8303227998519648,0.6867310680087765,0.9509083871252061,0.0,-30.0,0.3067299723625183,-1.0,1.0,1503,0002,0.3333333333333333,501,-0.317626953125,-3.69384765625,57.65655517578125,103.14403533935547,data_caiwangcun/query/images/exif_test/0002.JPG,9000,docs/experiments/dom_dsm_prepare/query_dom_patch_alignment_batch/images/002_0002/gpu_pinhole_render.png,9000,0.25,ok,17
raw_query_vs_distorted_render_with_scaled_distortion,0.8316271150240667,0.6266363550701577,0.954093704726915,0.0,-30.0,0.2583821713924408,-1.0,1.0,1326,0002,0.3506787330316742,465,2.512939453125,-8.501953125,58.735130310058594,92.1292495727539,data_caiwangcun/query/images/exif_test/0002.JPG,9000,docs/experiments/dom_dsm_prepare/query_dom_patch_alignment_batch/images/002_0002/gpu_pinhole_render.png,9000,0.25,ok,17
undistorted_query_with_scaled_distortion_vs_pinhole_render,0.8431980254036084,0.6677946928369733,0.9567787206574697,0.0,30.0,0.3711835741996765,-1.0,1.0,1499,0002,0.3455637091394263,518,-6.25091552734375,-5.788421630859375,58.56394958496094,104.15921020507812,data_caiwangcun/query/images/exif_test/0002.JPG,9000,docs/experiments/dom_dsm_prepare/query_dom_patch_alignment_batch/images/002_0002/gpu_pinhole_render.png,9000,0.25,ok,17
raw_query_vs_distorted_render_with_scaled_distortion,0.831028617446644,0.6575997605524214,0.9562485914227087,0.0,30.0,0.2581244111061096,-1.0,1.0,1349,0002,0.34544106745737585,466,-1.621826171875,-4.519775390625,59.98091506958008,94.27162170410156,data_caiwangcun/query/images/exif_test/0002.JPG,9000,docs/experiments/dom_dsm_prepare/query_dom_patch_alignment_batch/images/002_0002/gpu_pinhole_render.png,9001,0.25,ok,17
undistorted_query_with_scaled_distortion_vs_pinhole_render,0.8009053369488357,0.6928103694234968,0.9601431211293485,-30.0,0.0,0.2609224319458008,-1.0,1.0,1497,0002,0.36072144288577157,540,-2.08837890625,-7.680816650390625,57.824424743652344,88.47750091552734,data_caiwangcun/query/images/exif_test/0002.JPG,9000,docs/experiments/dom_dsm_prepare/query_dom_patch_alignment_batch/images/002_0002/gpu_pinhole_render.png,9000,0.25,ok,17
raw_query_vs_distorted_render_with_scaled_distortion,0.8384562419207053,0.6353170293031859,0.9639570653749414,-30.0,0.0,0.31284213066101074,-1.0,1.0,1353,0002,0.3377679231337768,457,7.8525390625,-12.128173828125,63.25897216796875,92.2262191772461,data_caiwangcun/query/images/exif_test/0002.JPG,9000,docs/experiments/dom_dsm_prepare/query_dom_patch_alignment_batch/images/002_0002/gpu_pinhole_render.png,9000,0.25,ok,17
undistorted_query_with_scaled_distortion_vs_pinhole_render,0.7279323006303515,0.6905833730113575,0.9635887126506035,30.0,0.0,0.1912621259689331,-1.0,1.0,1530,0002,0.3588235294117647,549,-1.16357421875,-10.342529296875,49.0831298828125,74.4960708618164,data_caiwangcun/query/images/exif_test/0002.JPG,9000,docs/experiments/dom_dsm_prepare/query_dom_patch_alignment_batch/images/002_0002/gpu_pinhole_render.png,9000,0.25,ok,17
raw_query_vs_distorted_render_with_scaled_distortion,0.8282101809873579,0.6910849781783432,0.957535957990825,30.0,0.0,0.2727784216403961,-1.0,1.0,1355,0002,0.33948339483394835,460,3.4156494140625,-9.34814453125,61.73030090332031,96.26748657226562,data_caiwangcun/query/images/exif_test/0002.JPG,9000,docs/experiments/dom_dsm_prepare/query_dom_patch_alignment_batch/images/002_0002/gpu_pinhole_render.png,9000,0.25,ok,17
undistorted_query_with_scaled_distortion_vs_pinhole_render,0.7375814907289536,0.6895421167153842,0.9674970180009562,0.0,0.0,0.10183056443929672,-1.0,1.005,1477,0002,0.34190927555856465,505,-0.54931640625,-5.5289306640625,50.82614517211914,72.22463989257812,data_caiwangcun/query/images/exif_test/0002.JPG,9000,docs/experiments/dom_dsm_prepare/query_dom_patch_alignment_batch/images/002_0002/gpu_pinhole_render.png,9000,0.25,ok,17
raw_query_vs_distorted_render_with_scaled_distortion,0.8300282337114099,0.6685165510734298,0.958328927480271,0.0,0.0,0.3045690357685089,-1.0,1.005,1353,0002,0.352549889135255,477,2.393798828125,-9.359130859375,58.25084686279297,97.33246612548828,data_caiwangcun/query/images/exif_test/0002.JPG,9000,docs/experiments/dom_dsm_prepare/query_dom_patch_alignment_batch/images/002_0002/gpu_pinhole_render.png,9000,0.25,ok,17
undistorted_query_with_scaled_distortion_vs_pinhole_render,0.8257287814841819,0.8211405240816732,0.9394337849776234,0.0,-30.0,0.2522287964820862,-1.0,1.005,1506,0002,0.30677290836653387,462,5.531005859375,13.485107421875,59.16716766357422,147.5235137939453,data_caiwangcun/query/images/exif_test/0002.JPG,9000,docs/experiments/dom_dsm_prepare/query_dom_patch_alignment_batch/images/002_0002/gpu_pinhole_render.png,9000,0.25,ok,17
raw_query_vs_distorted_render_with_scaled_distortion,0.8335601563369335,0.6189783633646864,0.9555318018326333,0.0,-30.0,0.2886688709259033,-1.0,1.005,1334,0002,0.35082458770614694,468,2.8428955078125,-9.2164306640625,56.88041305541992,93.65699768066406,data_caiwangcun/query/images/exif_test/0002.JPG,9000,docs/experiments/dom_dsm_prepare/query_dom_patch_alignment_batch/images/002_0002/gpu_pinhole_render.png,9002,0.25,ok,17
undistorted_query_with_scaled_distortion_vs_pinhole_render,0.7781236544445986,0.6120691633249891,0.9696334433075872,0.0,30.0,0.2900160253047943,-1.0,1.005,1531,0002,0.3324624428478119,509,-0.98046875,-13.4013671875,47.98003387451172,77.34297943115234,data_caiwangcun/query/images/exif_test/0002.JPG,9000,docs/experiments/dom_dsm_prepare/query_dom_patch_alignment_batch/images/002_0002/gpu_pinhole_render.png,9000,0.25,ok,17
raw_query_vs_distorted_render_with_scaled_distortion,0.8278923234980496,0.6145171011317956,0.9584134182849494,0.0,30.0,0.3163665533065796,-1.0,1.005,1363,0002,0.33088774761555395,451,6.5146484375,-12.932861328125,55.29413604736328,91.86322021484375,data_caiwangcun/query/images/exif_test/0002.JPG,9000,docs/experiments/dom_dsm_prepare/query_dom_patch_alignment_batch/images/002_0002/gpu_pinhole_render.png,9001,0.25,ok,17
undistorted_query_with_scaled_distortion_vs_pinhole_render,0.790672860764618,0.7131807308205906,0.956116151455579,-30.0,0.0,0.13817724585533142,-1.0,1.005,1521,0002,0.32215647600262987,490,-8.09375,-7.0013427734375,59.37981033325195,81.73753356933594,data_caiwangcun/query/images/exif_test/0002.JPG,9000,docs/experiments/dom_dsm_prepare/query_dom_patch_alignment_batch/images/002_0002/gpu_pinhole_render.png,9000,0.25,ok,17
raw_query_vs_distorted_render_with_scaled_distortion,0.8203008762073789,0.7087983710565037,0.9570485889524142,-30.0,0.0,0.24327436089515686,-1.0,1.005,1373,0002,0.35615440640932267,489,-0.978271484375,-5.85009765625,63.45439910888672,92.45528411865234,data_caiwangcun/query/images/exif_test/0002.JPG,9000,docs/experiments/dom_dsm_prepare/query_dom_patch_alignment_batch/images/002_0002/gpu_pinhole_render.png,9000,0.25,ok,17
undistorted_query_with_scaled_distortion_vs_pinhole_render,0.8059426161024322,0.6879265237357391,0.9525173840466418,30.0,0.0,0.2560601234436035,-1.0,1.005,1526,0002,0.35714285714285715,545,-1.5860595703125,-8.013671875,58.48588943481445,89.63423919677734,data_caiwangcun/query/images/exif_test/0002.JPG,9000,docs/experiments/dom_dsm_prepare/query_dom_patch_alignment_batch/images/002_0002/gpu_pinhole_render.png,9000,0.25,ok,17
raw_query_vs_distorted_render_with_scaled_distortion,0.8351648679928299,0.6201130749708156,0.9519416310778276,30.0,0.0,0.2635301947593689,-1.0,1.005,1347,0002,0.3556050482553823,479,-1.341552734375,-6.232421875,56.478816986083984,92.14582824707031,data_caiwangcun/query/images/exif_test/0002.JPG,9000,docs/experiments/dom_dsm_prepare/query_dom_patch_alignment_batch/images/002_0002/gpu_pinhole_render.png,9000,0.25,ok,17
undistorted_query_with_scaled_distortion_vs_pinhole_render,0.7228141255763827,0.5691831771573006,0.9625590894316984,0.0,0.0,0.26356804370880127,-0.5,0.995,1561,0002,0.39077514413837283,610,-13.87841796875,-11.18408203125,49.35590362548828,71.09988403320312,data_caiwangcun/query/images/exif_test/0002.JPG,9000,docs/experiments/dom_dsm_prepare/query_dom_patch_alignment_batch/images/002_0002/gpu_pinhole_render.png,9000,0.25,ok,17
raw_query_vs_distorted_render_with_scaled_distortion,0.773209171730035,0.5935930696978023,0.958601057468015,0.0,0.0,0.24877235293388367,-0.5,0.995,1482,0002,0.3873144399460189,574,-2.6265869140625,-7.89599609375,54.769996643066406,81.88896942138672,data_caiwangcun/query/images/exif_test/0002.JPG,9000,docs/experiments/dom_dsm_prepare/query_dom_patch_alignment_batch/images/002_0002/gpu_pinhole_render.png,9000,0.25,ok,17
undistorted_query_with_scaled_distortion_vs_pinhole_render,0.7171944068972949,0.6379086446591329,0.9555998797420938,0.0,-30.0,0.2541959583759308,-0.5,0.995,1528,0002,0.4024869109947644,615,-9.4034423828125,-11.29443359375,53.39459228515625,75.32024383544922,data_caiwangcun/query/images/exif_test/0002.JPG,9000,docs/experiments/dom_dsm_prepare/query_dom_patch_alignment_batch/images/002_0002/gpu_pinhole_render.png,9000,0.25,ok,17
raw_query_vs_distorted_render_with_scaled_distortion,0.7815187633734644,0.717297796032338,0.9458408224048465,0.0,-30.0,0.2475242167711258,-0.5,0.995,1472,0002,0.33695652173913043,496,1.022216796875,1.202301025390625,57.060543060302734,111.05967712402344,data_caiwangcun/query/images/exif_test/0002.JPG,9000,docs/experiments/dom_dsm_prepare/query_dom_patch_alignment_batch/images/002_0002/gpu_pinhole_render.png,9001,0.25,ok,17
undistorted_query_with_scaled_distortion_vs_pinhole_render,0.7392472842472538,0.6104331556552606,0.9564986675058411,0.0,30.0,0.3068278431892395,-0.5,0.995,1555,0002,0.397427652733119,618,-16.065185546875,-9.208160400390625,52.72014236450195,77.38282012939453,data_caiwangcun/query/images/exif_test/0002.JPG,9001,docs/experiments/dom_dsm_prepare/query_dom_patch_alignment_batch/images/002_0002/gpu_pinhole_render.png,9000,0.25,ok,17
raw_query_vs_distorted_render_with_scaled_distortion,0.7991015292160301,0.5566324389498616,0.9559279046010783,0.0,30.0,0.2418852150440216,-0.5,0.995,1424,0002,0.3433988764044944,489,5.650390625,-10.393798828125,52.1033935546875,86.24481201171875,data_caiwangcun/query/images/exif_test/0002.JPG,9000,docs/experiments/dom_dsm_prepare/query_dom_patch_alignment_batch/images/002_0002/gpu_pinhole_render.png,9001,0.25,ok,17
undistorted_query_with_scaled_distortion_vs_pinhole_render,0.7510389186986078,0.5984453941259956,0.9546264481096768,-30.0,0.0,0.2681441009044647,-0.5,0.995,1540,0002,0.39155844155844155,603,-12.652587890625,-5.727294921875,52.50004196166992,77.4553451538086,data_caiwangcun/query/images/exif_test/0002.JPG,9000,docs/experiments/dom_dsm_prepare/query_dom_patch_alignment_batch/images/002_0002/gpu_pinhole_render.png,9000,0.25,ok,17
raw_query_vs_distorted_render_with_scaled_distortion,0.7369022866321323,0.600979692337382,0.9620902186140041,-30.0,0.0,0.24722282588481903,-0.5,0.995,1471,0002,0.3956492182188987,582,-5.94573974609375,-11.2705078125,52.032554626464844,77.05269622802734,data_caiwangcun/query/images/exif_test/0002.JPG,9000,docs/experiments/dom_dsm_prepare/query_dom_patch_alignment_batch/images/002_0002/gpu_pinhole_render.png,9000,0.25,ok,17
undistorted_query_with_scaled_distortion_vs_pinhole_render,0.7749227761895747,0.6159677284135726,0.9522814480157482,30.0,0.0,0.25135836005210876,-0.5,0.995,1554,0002,0.3893178893178893,605,-5.49169921875,-6.3310546875,55.68892288208008,86.17242431640625,data_caiwangcun/query/images/exif_test/0002.JPG,9000,docs/experiments/dom_dsm_prepare/query_dom_patch_alignment_batch/images/002_0002/gpu_pinhole_render.png,9000,0.25,ok,17
raw_query_vs_distorted_render_with_scaled_distortion,0.7754832946209629,0.5268322704988355,0.959823875313616,30.0,0.0,0.33645519614219666,-0.5,0.995,1484,0002,0.3632075471698113,539,-16.8507080078125,3.353759765625,48.73501968383789,77.50285339355469,data_caiwangcun/query/images/exif_test/0002.JPG,9000,docs/experiments/dom_dsm_prepare/query_dom_patch_alignment_batch/images/002_0002/gpu_pinhole_render.png,9000,0.25,ok,17
undistorted_query_with_scaled_distortion_vs_pinhole_render,0.7505084960573856,0.5260376414946759,0.958865948244186,0.0,0.0,0.3937332034111023,-0.5,1.0,1577,0002,0.38300570703868103,604,-18.71905517578125,-11.8212890625,48.82328414916992,77.23174285888672,data_caiwangcun/query/images/exif_test/0002.JPG,9000,docs/experiments/dom_dsm_prepare/query_dom_patch_alignment_batch/images/002_0002/gpu_pinhole_render.png,9000,0.25,ok,17
raw_query_vs_distorted_render_with_scaled_distortion,0.7024490251841234,0.5913001454499303,0.9656649457849511,0.0,0.0,0.338996559381485,-0.5,1.0,1487,0002,0.36516476126429054,543,8.986328125,-17.28466796875,47.73335647583008,73.64530181884766,data_caiwangcun/query/images/exif_test/0002.JPG,9000,docs/experiments/dom_dsm_prepare/query_dom_patch_alignment_batch/images/002_0002/gpu_pinhole_render.png,9001,0.25,ok,17
undistorted_query_with_scaled_distortion_vs_pinhole_render,0.7333143828596723,0.6136257398607683,0.9548352342672789,0.0,-30.0,0.24286969006061554,-0.5,1.0,1544,0002,0.39248704663212436,606,-9.2034912109375,-11.033203125,53.410003662109375,75.06541442871094,data_caiwangcun/query/images/exif_test/0002.JPG,9000,docs/experiments/dom_dsm_prepare/query_dom_patch_alignment_batch/images/002_0002/gpu_pinhole_render.png,9000,0.25,ok,17
raw_query_vs_distorted_render_with_scaled_distortion,0.7593381112173868,0.5996325764365258,0.9567564198201184,0.0,-30.0,0.2705076336860657,-0.5,1.0,1471,0002,0.3874915023793338,570,-6.810791015625,-6.020263671875,53.40977478027344,80.68934631347656,data_caiwangcun/query/images/exif_test/0002.JPG,9000,docs/experiments/dom_dsm_prepare/query_dom_patch_alignment_batch/images/002_0002/gpu_pinhole_render.png,9000,0.25,ok,17
undistorted_query_with_scaled_distortion_vs_pinhole_render,0.7302049464292565,0.6449315697765363,0.955073077290022,0.0,30.0,0.2516081929206848,-0.5,1.0,1564,0002,0.3906649616368286,611,-12.4376220703125,-8.22314453125,54.34403991699219,77.99977111816406,data_caiwangcun/query/images/exif_test/0002.JPG,9001,docs/experiments/dom_dsm_prepare/query_dom_patch_alignment_batch/images/002_0002/gpu_pinhole_render.png,9000,0.25,ok,17
raw_query_vs_distorted_render_with_scaled_distortion,0.7734314604566463,0.5217995369168452,0.9603131815625193,0.0,30.0,0.3040483295917511,-0.5,1.0,1450,0002,0.38620689655172413,560,-7.85894775390625,-11.694091796875,50.21632385253906,79.3929214477539,data_caiwangcun/query/images/exif_test/0002.JPG,9000,docs/experiments/dom_dsm_prepare/query_dom_patch_alignment_batch/images/002_0002/gpu_pinhole_render.png,9000,0.25,ok,17
undistorted_query_with_scaled_distortion_vs_pinhole_render,0.7298205768005426,0.5669453466350022,0.9622911122741351,-30.0,0.0,0.28268441557884216,-0.5,1.0,1533,0002,0.40313111545988256,618,-14.92578125,-10.16131591796875,49.33158874511719,73.91651153564453,data_caiwangcun/query/images/exif_test/0002.JPG,9000,docs/experiments/dom_dsm_prepare/query_dom_patch_alignment_batch/images/002_0002/gpu_pinhole_render.png,9000,0.25,ok,17
raw_query_vs_distorted_render_with_scaled_distortion,0.7857188864773785,0.6211214302006456,0.949778910674452,-30.0,0.0,0.05652151256799698,-0.5,1.0,1452,0002,0.3546831955922865,515,5.324462890625,-5.79425048828125,58.13005447387695,77.39301300048828,data_caiwangcun/query/images/exif_test/0002.JPG,9000,docs/experiments/dom_dsm_prepare/query_dom_patch_alignment_batch/images/002_0002/gpu_pinhole_render.png,9001,0.25,ok,17
undistorted_query_with_scaled_distortion_vs_pinhole_render,0.7654207260589444,0.6015843557128631,0.9524170616219864,30.0,0.0,0.3229297399520874,-0.5,1.0,1540,0002,0.39675324675324675,611,-16.0615234375,-9.93994140625,53.74075698852539,84.25814056396484,data_caiwangcun/query/images/exif_test/0002.JPG,9001,docs/experiments/dom_dsm_prepare/query_dom_patch_alignment_batch/images/002_0002/gpu_pinhole_render.png,9000,0.25,ok,17
raw_query_vs_distorted_render_with_scaled_distortion,0.750596445844328,0.6419164711776403,0.9529933371688838,30.0,0.0,0.08526498824357986,-0.5,1.0,1455,0002,0.4048109965635739,589,4.353759765625,-3.14044189453125,56.00090408325195,77.20906829833984,data_caiwangcun/query/images/exif_test/0002.JPG,9000,docs/experiments/dom_dsm_prepare/query_dom_patch_alignment_batch/images/002_0002/gpu_pinhole_render.png,9000,0.25,ok,17
undistorted_query_with_scaled_distortion_vs_pinhole_render,0.7244894270089398,0.6152008297471971,0.957114042727576,0.0,0.0,0.33925673365592957,-0.5,1.005,1561,0002,0.39269698910954515,613,-16.7244873046875,-10.155029296875,51.638145446777344,77.73265838623047,data_caiwangcun/query/images/exif_test/0002.JPG,9000,docs/experiments/dom_dsm_prepare/query_dom_patch_alignment_batch/images/002_0002/gpu_pinhole_render.png,9000,0.25,ok,17
raw_query_vs_distorted_render_with_scaled_distortion,0.7792509236086227,0.6663789351459609,0.9474504285397111,0.0,0.0,0.058148857206106186,-0.5,1.005,1495,0002,0.36789297658862874,550,7.0504150390625,-11.2764892578125,61.76579284667969,80.33439636230469,data_caiwangcun/query/images/exif_test/0002.JPG,9000,docs/experiments/dom_dsm_prepare/query_dom_patch_alignment_batch/images/002_0002/gpu_pinhole_render.png,9001,0.25,ok,17
undistorted_query_with_scaled_distortion_vs_pinhole_render,0.7476014934133418,0.6408063502905972,0.9493805208788044,0.0,-30.0,0.18965479731559753,-0.5,1.005,1585,0002,0.4025236593059937,638,-5.10986328125,-7.26123046875,55.707008361816406,78.6788558959961,data_caiwangcun/query/images/exif_test/0002.JPG,9001,docs/experiments/dom_dsm_prepare/query_dom_patch_alignment_batch/images/002_0002/gpu_pinhole_render.png,9000,0.25,ok,17
raw_query_vs_distorted_render_with_scaled_distortion,0.7673763641277774,0.5916283561531009,0.954956867336429,0.0,-30.0,0.27841877937316895,-0.5,1.005,1479,0002,0.385395537525355,570,-4.37890625,-8.59033203125,53.77353286743164,83.18112182617188,data_caiwangcun/query/images/exif_test/0002.JPG,9000,docs/experiments/dom_dsm_prepare/query_dom_patch_alignment_batch/images/002_0002/gpu_pinhole_render.png,9000,0.25,ok,17
undistorted_query_with_scaled_distortion_vs_pinhole_render,0.784303102472542,0.6367638292915211,0.9504645164542846,0.0,30.0,0.10519197583198547,-0.5,1.005,1557,0002,0.3615928066795119,563,2.941162109375,-8.278564453125,59.4097900390625,81.2793960571289,data_caiwangcun/query/images/exif_test/0002.JPG,9001,docs/experiments/dom_dsm_prepare/query_dom_patch_alignment_batch/images/002_0002/gpu_pinhole_render.png,9000,0.25,ok,17
raw_query_vs_distorted_render_with_scaled_distortion,0.7548294155325488,0.5782135156010887,0.9602837701544898,0.0,30.0,0.14893825352191925,-0.5,1.005,1452,0002,0.3918732782369146,569,-1.0855712890625,-4.58575439453125,52.944068908691406,75.7562255859375,data_caiwangcun/query/images/exif_test/0002.JPG,9000,docs/experiments/dom_dsm_prepare/query_dom_patch_alignment_batch/images/002_0002/gpu_pinhole_render.png,9000,0.25,ok,17
undistorted_query_with_scaled_distortion_vs_pinhole_render,0.7739412403849902,0.6497038388395946,0.9481151074121199,-30.0,0.0,0.20865172147750854,-0.5,1.005,1528,0002,0.3481675392670157,532,-1.971435546875,-3.691192626953125,56.738136291503906,89.07110595703125,data_caiwangcun/query/images/exif_test/0002.JPG,9000,docs/experiments/dom_dsm_prepare/query_dom_patch_alignment_batch/images/002_0002/gpu_pinhole_render.png,9000,0.25,ok,17
raw_query_vs_distorted_render_with_scaled_distortion,0.7097784550353192,0.6627973913198861,0.9607255708577601,-30.0,0.0,0.1564522087574005,-0.5,1.005,1477,0002,0.3967501692620176,586,-3.2236328125,-11.0643310546875,54.34001541137695,76.95471954345703,data_caiwangcun/query/images/exif_test/0002.JPG,9000,docs/experiments/dom_dsm_prepare/query_dom_patch_alignment_batch/images/002_0002/gpu_pinhole_render.png,9000,0.25,ok,17
undistorted_query_with_scaled_distortion_vs_pinhole_render,0.7059823198365647,0.6079175681086348,0.9612798573573385,30.0,0.0,0.20931194722652435,-0.5,1.005,1543,0002,0.3927414128321452,606,-6.96368408203125,-11.065582275390625,50.606529235839844,72.17532348632812,data_caiwangcun/query/images/exif_test/0002.JPG,9000,docs/experiments/dom_dsm_prepare/query_dom_patch_alignment_batch/images/002_0002/gpu_pinhole_render.png,9000,0.25,ok,17
raw_query_vs_distorted_render_with_scaled_distortion,0.7577882820488934,0.6395726142168151,0.9520362399630021,30.0,0.0,0.19456110894680023,-0.5,1.005,1469,0002,0.40095302927161336,589,-1.1025390625,-5.604736328125,56.727569580078125,81.56071472167969,data_caiwangcun/query/images/exif_test/0002.JPG,9000,docs/experiments/dom_dsm_prepare/query_dom_patch_alignment_batch/images/002_0002/gpu_pinhole_render.png,9000,0.25,ok,17
undistorted_query_with_scaled_distortion_vs_pinhole_render,0.6882128637299076,0.48306051217721035,0.9607008486904529,0.0,0.0,0.1069621592760086,0.0,0.995,1660,0002,0.4807228915662651,798,1.11602783203125,4.99993896484375,50.268951416015625,69.32893371582031,data_caiwangcun/query/images/exif_test/0002.JPG,9000,docs/experiments/dom_dsm_prepare/query_dom_patch_alignment_batch/images/002_0002/gpu_pinhole_render.png,9000,0.25,ok,17
raw_query_vs_distorted_render_with_scaled_distortion,0.6882128637299076,0.48306051217721035,0.9607008486904529,0.0,0.0,0.1069621592760086,0.0,0.995,1660,0002,0.4807228915662651,798,1.11602783203125,4.99993896484375,50.268951416015625,69.32893371582031,data_caiwangcun/query/images/exif_test/0002.JPG,9000,docs/experiments/dom_dsm_prepare/query_dom_patch_alignment_batch/images/002_0002/gpu_pinhole_render.png,9000,0.25,ok,17
undistorted_query_with_scaled_distortion_vs_pinhole_render,0.6882128637299076,0.48306051217721035,0.9607008486904529,0.0,-30.0,0.1069621592760086,0.0,0.995,1660,0002,0.4807228915662651,798,1.11602783203125,4.99993896484375,50.268951416015625,69.32893371582031,data_caiwangcun/query/images/exif_test/0002.JPG,9000,docs/experiments/dom_dsm_prepare/query_dom_patch_alignment_batch/images/002_0002/gpu_pinhole_render.png,9000,0.25,ok,17
raw_query_vs_distorted_render_with_scaled_distortion,0.6882128637299076,0.48306051217721035,0.9607008486904529,0.0,-30.0,0.1069621592760086,0.0,0.995,1660,0002,0.4807228915662651,798,1.11602783203125,4.99993896484375,50.268951416015625,69.32893371582031,data_caiwangcun/query/images/exif_test/0002.JPG,9000,docs/experiments/dom_dsm_prepare/query_dom_patch_alignment_batch/images/002_0002/gpu_pinhole_render.png,9000,0.25,ok,17
undistorted_query_with_scaled_distortion_vs_pinhole_render,0.6882128637299076,0.48306051217721035,0.9607008486904529,0.0,30.0,0.1069621592760086,0.0,0.995,1660,0002,0.4807228915662651,798,1.11602783203125,4.99993896484375,50.268951416015625,69.32893371582031,data_caiwangcun/query/images/exif_test/0002.JPG,9000,docs/experiments/dom_dsm_prepare/query_dom_patch_alignment_batch/images/002_0002/gpu_pinhole_render.png,9000,0.25,ok,17
raw_query_vs_distorted_render_with_scaled_distortion,0.6882128637299076,0.48306051217721035,0.9607008486904529,0.0,30.0,0.1069621592760086,0.0,0.995,1660,0002,0.4807228915662651,798,1.11602783203125,4.99993896484375,50.268951416015625,69.32893371582031,data_caiwangcun/query/images/exif_test/0002.JPG,9000,docs/experiments/dom_dsm_prepare/query_dom_patch_alignment_batch/images/002_0002/gpu_pinhole_render.png,9000,0.25,ok,17
undistorted_query_with_scaled_distortion_vs_pinhole_render,0.6882128637299076,0.48306051217721035,0.9607008486904529,-30.0,0.0,0.1069621592760086,0.0,0.995,1660,0002,0.4807228915662651,798,1.11602783203125,4.99993896484375,50.268951416015625,69.32893371582031,data_caiwangcun/query/images/exif_test/0002.JPG,9000,docs/experiments/dom_dsm_prepare/query_dom_patch_alignment_batch/images/002_0002/gpu_pinhole_render.png,9000,0.25,ok,17
raw_query_vs_distorted_render_with_scaled_distortion,0.6882128637299076,0.48306051217721035,0.9607008486904529,-30.0,0.0,0.1069621592760086,0.0,0.995,1660,0002,0.4807228915662651,798,1.11602783203125,4.99993896484375,50.268951416015625,69.32893371582031,data_caiwangcun/query/images/exif_test/0002.JPG,9000,docs/experiments/dom_dsm_prepare/query_dom_patch_alignment_batch/images/002_0002/gpu_pinhole_render.png,9000,0.25,ok,17
undistorted_query_with_scaled_distortion_vs_pinhole_render,0.6882128637299076,0.48306051217721035,0.9607008486904529,30.0,0.0,0.1069621592760086,0.0,0.995,1660,0002,0.4807228915662651,798,1.11602783203125,4.99993896484375,50.268951416015625,69.32893371582031,data_caiwangcun/query/images/exif_test/0002.JPG,9000,docs/experiments/dom_dsm_prepare/query_dom_patch_alignment_batch/images/002_0002/gpu_pinhole_render.png,9000,0.25,ok,17
raw_query_vs_distorted_render_with_scaled_distortion,0.6882128637299076,0.48306051217721035,0.9607008486904529,30.0,0.0,0.1069621592760086,0.0,0.995,1660,0002,0.4807228915662651,798,1.11602783203125,4.99993896484375,50.268951416015625,69.32893371582031,data_caiwangcun/query/images/exif_test/0002.JPG,9000,docs/experiments/dom_dsm_prepare/query_dom_patch_alignment_batch/images/002_0002/gpu_pinhole_render.png,9000,0.25,ok,17
undistorted_query_with_scaled_distortion_vs_pinhole_render,0.6882128637299076,0.48306051217721035,0.9607008486904529,0.0,0.0,0.1069621592760086,0.0,1.0,1660,0002,0.4807228915662651,798,1.11602783203125,4.99993896484375,50.268951416015625,69.32893371582031,data_caiwangcun/query/images/exif_test/0002.JPG,9000,docs/experiments/dom_dsm_prepare/query_dom_patch_alignment_batch/images/002_0002/gpu_pinhole_render.png,9000,0.25,ok,17
raw_query_vs_distorted_render_with_scaled_distortion,0.6882128637299076,0.48306051217721035,0.9607008486904529,0.0,0.0,0.1069621592760086,0.0,1.0,1660,0002,0.4807228915662651,798,1.11602783203125,4.99993896484375,50.268951416015625,69.32893371582031,data_caiwangcun/query/images/exif_test/0002.JPG,9000,docs/experiments/dom_dsm_prepare/query_dom_patch_alignment_batch/images/002_0002/gpu_pinhole_render.png,9000,0.25,ok,17
undistorted_query_with_scaled_distortion_vs_pinhole_render,0.6882128637299076,0.48306051217721035,0.9607008486904529,0.0,-30.0,0.1069621592760086,0.0,1.0,1660,0002,0.4807228915662651,798,1.11602783203125,4.99993896484375,50.268951416015625,69.32893371582031,data_caiwangcun/query/images/exif_test/0002.JPG,9000,docs/experiments/dom_dsm_prepare/query_dom_patch_alignment_batch/images/002_0002/gpu_pinhole_render.png,9000,0.25,ok,17
raw_query_vs_distorted_render_with_scaled_distortion,0.6882128637299076,0.48306051217721035,0.9607008486904529,0.0,-30.0,0.1069621592760086,0.0,1.0,1660,0002,0.4807228915662651,798,1.11602783203125,4.99993896484375,50.268951416015625,69.32893371582031,data_caiwangcun/query/images/exif_test/0002.JPG,9000,docs/experiments/dom_dsm_prepare/query_dom_patch_alignment_batch/images/002_0002/gpu_pinhole_render.png,9000,0.25,ok,17
undistorted_query_with_scaled_distortion_vs_pinhole_render,0.6882128637299076,0.48306051217721035,0.9607008486904529,0.0,30.0,0.1069621592760086,0.0,1.0,1660,0002,0.4807228915662651,798,1.11602783203125,4.99993896484375,50.268951416015625,69.32893371582031,data_caiwangcun/query/images/exif_test/0002.JPG,9000,docs/experiments/dom_dsm_prepare/query_dom_patch_alignment_batch/images/002_0002/gpu_pinhole_render.png,9000,0.25,ok,17
raw_query_vs_distorted_render_with_scaled_distortion,0.6882128637299076,0.48306051217721035,0.9607008486904529,0.0,30.0,0.1069621592760086,0.0,1.0,1660,0002,0.4807228915662651,798,1.11602783203125,4.99993896484375,50.268951416015625,69.32893371582031,data_caiwangcun/query/images/exif_test/0002.JPG,9000,docs/experiments/dom_dsm_prepare/query_dom_patch_alignment_batch/images/002_0002/gpu_pinhole_render.png,9000,0.25,ok,17
undistorted_query_with_scaled_distortion_vs_pinhole_render,0.6882128637299076,0.48306051217721035,0.9607008486904529,-30.0,0.0,0.1069621592760086,0.0,1.0,1660,0002,0.4807228915662651,798,1.11602783203125,4.99993896484375,50.268951416015625,69.32893371582031,data_caiwangcun/query/images/exif_test/0002.JPG,9000,docs/experiments/dom_dsm_prepare/query_dom_patch_alignment_batch/images/002_0002/gpu_pinhole_render.png,9000,0.25,ok,17
raw_query_vs_distorted_render_with_scaled_distortion,0.6882128637299076,0.48306051217721035,0.9607008486904529,-30.0,0.0,0.1069621592760086,0.0,1.0,1660,0002,0.4807228915662651,798,1.11602783203125,4.99993896484375,50.268951416015625,69.32893371582031,data_caiwangcun/query/images/exif_test/0002.JPG,9000,docs/experiments/dom_dsm_prepare/query_dom_patch_alignment_batch/images/002_0002/gpu_pinhole_render.png,9000,0.25,ok,17
undistorted_query_with_scaled_distortion_vs_pinhole_render,0.6882128637299076,0.48306051217721035,0.9607008486904529,30.0,0.0,0.1069621592760086,0.0,1.0,1660,0002,0.4807228915662651,798,1.11602783203125,4.99993896484375,50.268951416015625,69.32893371582031,data_caiwangcun/query/images/exif_test/0002.JPG,9000,docs/experiments/dom_dsm_prepare/query_dom_patch_alignment_batch/images/002_0002/gpu_pinhole_render.png,9000,0.25,ok,17
raw_query_vs_distorted_render_with_scaled_distortion,0.6882128637299076,0.48306051217721035,0.9607008486904529,30.0,0.0,0.1069621592760086,0.0,1.0,1660,0002,0.4807228915662651,798,1.11602783203125,4.99993896484375,50.268951416015625,69.32893371582031,data_caiwangcun/query/images/exif_test/0002.JPG,9000,docs/experiments/dom_dsm_prepare/query_dom_patch_alignment_batch/images/002_0002/gpu_pinhole_render.png,9000,0.25,ok,17
undistorted_query_with_scaled_distortion_vs_pinhole_render,0.6882128637299076,0.48306051217721035,0.9607008486904529,0.0,0.0,0.1069621592760086,0.0,1.005,1660,0002,0.4807228915662651,798,1.11602783203125,4.99993896484375,50.268951416015625,69.32893371582031,data_caiwangcun/query/images/exif_test/0002.JPG,9000,docs/experiments/dom_dsm_prepare/query_dom_patch_alignment_batch/images/002_0002/gpu_pinhole_render.png,9000,0.25,ok,17
raw_query_vs_distorted_render_with_scaled_distortion,0.6882128637299076,0.48306051217721035,0.9607008486904529,0.0,0.0,0.1069621592760086,0.0,1.005,1660,0002,0.4807228915662651,798,1.11602783203125,4.99993896484375,50.268951416015625,69.32893371582031,data_caiwangcun/query/images/exif_test/0002.JPG,9000,docs/experiments/dom_dsm_prepare/query_dom_patch_alignment_batch/images/002_0002/gpu_pinhole_render.png,9000,0.25,ok,17
undistorted_query_with_scaled_distortion_vs_pinhole_render,0.6882128637299076,0.48306051217721035,0.9607008486904529,0.0,-30.0,0.1069621592760086,0.0,1.005,1660,0002,0.4807228915662651,798,1.11602783203125,4.99993896484375,50.268951416015625,69.32893371582031,data_caiwangcun/query/images/exif_test/0002.JPG,9000,docs/experiments/dom_dsm_prepare/query_dom_patch_alignment_batch/images/002_0002/gpu_pinhole_render.png,9000,0.25,ok,17
raw_query_vs_distorted_render_with_scaled_distortion,0.6882128637299076,0.48306051217721035,0.9607008486904529,0.0,-30.0,0.1069621592760086,0.0,1.005,1660,0002,0.4807228915662651,798,1.11602783203125,4.99993896484375,50.268951416015625,69.32893371582031,data_caiwangcun/query/images/exif_test/0002.JPG,9000,docs/experiments/dom_dsm_prepare/query_dom_patch_alignment_batch/images/002_0002/gpu_pinhole_render.png,9000,0.25,ok,17
undistorted_query_with_scaled_distortion_vs_pinhole_render,0.6882128637299076,0.48306051217721035,0.9607008486904529,0.0,30.0,0.1069621592760086,0.0,1.005,1660,0002,0.4807228915662651,798,1.11602783203125,4.99993896484375,50.268951416015625,69.32893371582031,data_caiwangcun/query/images/exif_test/0002.JPG,9000,docs/experiments/dom_dsm_prepare/query_dom_patch_alignment_batch/images/002_0002/gpu_pinhole_render.png,9000,0.25,ok,17
raw_query_vs_distorted_render_with_scaled_distortion,0.6882128637299076,0.48306051217721035,0.9607008486904529,0.0,30.0,0.1069621592760086,0.0,1.005,1660,0002,0.4807228915662651,798,1.11602783203125,4.99993896484375,50.268951416015625,69.32893371582031,data_caiwangcun/query/images/exif_test/0002.JPG,9000,docs/experiments/dom_dsm_prepare/query_dom_patch_alignment_batch/images/002_0002/gpu_pinhole_render.png,9000,0.25,ok,17
undistorted_query_with_scaled_distortion_vs_pinhole_render,0.6882128637299076,0.48306051217721035,0.9607008486904529,-30.0,0.0,0.1069621592760086,0.0,1.005,1660,0002,0.4807228915662651,798,1.11602783203125,4.99993896484375,50.268951416015625,69.32893371582031,data_caiwangcun/query/images/exif_test/0002.JPG,9000,docs/experiments/dom_dsm_prepare/query_dom_patch_alignment_batch/images/002_0002/gpu_pinhole_render.png,9000,0.25,ok,17
raw_query_vs_distorted_render_with_scaled_distortion,0.6882128637299076,0.48306051217721035,0.9607008486904529,-30.0,0.0,0.1069621592760086,0.0,1.005,1660,0002,0.4807228915662651,798,1.11602783203125,4.99993896484375,50.268951416015625,69.32893371582031,data_caiwangcun/query/images/exif_test/0002.JPG,9000,docs/experiments/dom_dsm_prepare/query_dom_patch_alignment_batch/images/002_0002/gpu_pinhole_render.png,9000,0.25,ok,17
undistorted_query_with_scaled_distortion_vs_pinhole_render,0.6882128637299076,0.48306051217721035,0.9607008486904529,30.0,0.0,0.1069621592760086,0.0,1.005,1660,0002,0.4807228915662651,798,1.11602783203125,4.99993896484375,50.268951416015625,69.32893371582031,data_caiwangcun/query/images/exif_test/0002.JPG,9000,docs/experiments/dom_dsm_prepare/query_dom_patch_alignment_batch/images/002_0002/gpu_pinhole_render.png,9000,0.25,ok,17
raw_query_vs_distorted_render_with_scaled_distortion,0.6882128637299076,0.48306051217721035,0.9607008486904529,30.0,0.0,0.1069621592760086,0.0,1.005,1660,0002,0.4807228915662651,798,1.11602783203125,4.99993896484375,50.268951416015625,69.32893371582031,data_caiwangcun/query/images/exif_test/0002.JPG,9000,docs/experiments/dom_dsm_prepare/query_dom_patch_alignment_batch/images/002_0002/gpu_pinhole_render.png,9000,0.25,ok,17
undistorted_query_with_scaled_distortion_vs_pinhole_render,0.48802861859430796,0.2827368149636409,0.9733433945357158,0.0,0.0,0.09980353713035583,0.5,0.995,1745,0002,0.569054441260745,993,-4.373291015625,3.03271484375,44.109840393066406,60.784725189208984,data_caiwangcun/query/images/exif_test/0002.JPG,9000,docs/experiments/dom_dsm_prepare/query_dom_patch_alignment_batch/images/002_0002/gpu_pinhole_render.png,9000,0.25,ok,17
raw_query_vs_distorted_render_with_scaled_distortion,0.5974693074051539,0.3871923321711562,0.9705736774582188,0.0,0.0,0.35213857889175415,0.5,0.995,1670,0002,0.6958083832335329,1162,9.179931640625,15.9073486328125,48.453433990478516,86.23480224609375,data_caiwangcun/query/images/exif_test/0002.JPG,9000,docs/experiments/dom_dsm_prepare/query_dom_patch_alignment_batch/images/002_0002/gpu_pinhole_render.png,9000,0.25,ok,17
undistorted_query_with_scaled_distortion_vs_pinhole_render,0.7014220427610819,0.44740222937362856,0.9705180470929635,0.0,-30.0,0.415095716714859,0.5,0.995,1778,0002,0.6017997750281214,1070,14.85693359375,16.945465087890625,49.4653434753418,101.70650482177734,data_caiwangcun/query/images/exif_test/0002.JPG,9000,docs/experiments/dom_dsm_prepare/query_dom_patch_alignment_batch/images/002_0002/gpu_pinhole_render.png,9000,0.25,ok,17
raw_query_vs_distorted_render_with_scaled_distortion,0.621588624237025,0.2590330292678246,0.9748266974565535,0.0,-30.0,0.1108550950884819,0.5,0.995,1660,0002,0.6698795180722892,1112,0.3763427734375,7.738525390625,48.102394104003906,72.24630737304688,data_caiwangcun/query/images/exif_test/0002.JPG,9000,docs/experiments/dom_dsm_prepare/query_dom_patch_alignment_batch/images/002_0002/gpu_pinhole_render.png,9000,0.25,ok,17
undistorted_query_with_scaled_distortion_vs_pinhole_render,0.5568244659048659,0.2630193783509101,0.9716401177932582,0.0,30.0,0.15007388591766357,0.5,0.995,1762,0002,0.612372304199773,1079,-6.31396484375,-0.5830078125,45.594459533691406,66.37345123291016,data_caiwangcun/query/images/exif_test/0002.JPG,9000,docs/experiments/dom_dsm_prepare/query_dom_patch_alignment_batch/images/002_0002/gpu_pinhole_render.png,9000,0.25,ok,17
raw_query_vs_distorted_render_with_scaled_distortion,0.6035376620662013,0.30638263543258437,0.9693639133259909,0.0,30.0,0.29228803515434265,0.5,0.995,1619,0002,0.6905497220506486,1118,8.25738525390625,13.347900390625,48.11937713623047,81.12371826171875,data_caiwangcun/query/images/exif_test/0002.JPG,9000,docs/experiments/dom_dsm_prepare/query_dom_patch_alignment_batch/images/002_0002/gpu_pinhole_render.png,9000,0.25,ok,17
undistorted_query_with_scaled_distortion_vs_pinhole_render,0.5394319564286976,0.28525189072508816,0.9734771715389063,-30.0,0.0,0.09924681484699249,0.5,0.995,1734,0002,0.5922722029988466,1027,-1.893310546875,7.1109619140625,45.47914505004883,64.7141342163086,data_caiwangcun/query/images/exif_test/0002.JPG,9001,docs/experiments/dom_dsm_prepare/query_dom_patch_alignment_batch/images/002_0002/gpu_pinhole_render.png,9000,0.25,ok,17
raw_query_vs_distorted_render_with_scaled_distortion,0.7380044637644084,0.45415298595950393,0.9696823814815877,-30.0,0.0,0.36481982469558716,0.5,0.995,1625,0002,0.6381538461538462,1037,19.7841796875,9.77923583984375,52.46335983276367,98.63056945800781,data_caiwangcun/query/images/exif_test/0002.JPG,9000,docs/experiments/dom_dsm_prepare/query_dom_patch_alignment_batch/images/002_0002/gpu_pinhole_render.png,9000,0.25,ok,17
undistorted_query_with_scaled_distortion_vs_pinhole_render,0.7337147205696005,0.42795227307803924,0.9627551558102404,30.0,0.0,0.3454626202583313,0.5,0.995,1758,0002,0.5944254835039818,1045,16.77783203125,9.92462158203125,49.54877853393555,99.34432220458984,data_caiwangcun/query/images/exif_test/0002.JPG,9000,docs/experiments/dom_dsm_prepare/query_dom_patch_alignment_batch/images/002_0002/gpu_pinhole_render.png,9000,0.25,ok,17
raw_query_vs_distorted_render_with_scaled_distortion,0.6071495474320484,0.1915610664938004,0.9709565598067432,30.0,0.0,0.24295823276042938,0.5,0.995,1628,0002,0.6443488943488943,1049,-8.669921875,-10.8349609375,46.620513916015625,70.04412078857422,data_caiwangcun/query/images/exif_test/0002.JPG,9000,docs/experiments/dom_dsm_prepare/query_dom_patch_alignment_batch/images/002_0002/gpu_pinhole_render.png,9000,0.25,ok,17
undistorted_query_with_scaled_distortion_vs_pinhole_render,0.587250162170481,0.20808063742500044,0.9702509118117562,0.0,0.0,0.3558667004108429,0.5,1.0,1760,0002,0.5738636363636364,1010,-14.89617919921875,-21.9716796875,44.817108154296875,72.9643783569336,data_caiwangcun/query/images/exif_test/0002.JPG,9000,docs/experiments/dom_dsm_prepare/query_dom_patch_alignment_batch/images/002_0002/gpu_pinhole_render.png,9000,0.25,ok,17
raw_query_vs_distorted_render_with_scaled_distortion,0.7981719285181822,0.42234943486833,0.9638007447349198,0.0,0.0,0.25025954842567444,0.5,1.0,1637,0002,0.6298106291997556,1031,17.58154296875,-0.142333984375,53.97048568725586,104.81986999511719,data_caiwangcun/query/images/exif_test/0002.JPG,9000,docs/experiments/dom_dsm_prepare/query_dom_patch_alignment_batch/images/002_0002/gpu_pinhole_render.png,9001,0.25,ok,17
undistorted_query_with_scaled_distortion_vs_pinhole_render,0.606656824317005,0.40324642198661875,0.97331250793617,0.0,-30.0,0.43784013390541077,0.5,1.0,1741,0002,0.6421596783457783,1118,12.667724609375,19.9117431640625,48.02040100097656,93.18025970458984,data_caiwangcun/query/images/exif_test/0002.JPG,9000,docs/experiments/dom_dsm_prepare/query_dom_patch_alignment_batch/images/002_0002/gpu_pinhole_render.png,9000,0.25,ok,17
raw_query_vs_distorted_render_with_scaled_distortion,0.618638896497616,0.23716940667751105,0.9701993339537711,0.0,-30.0,0.24347254633903503,0.5,1.0,1647,0002,0.6265938069216758,1032,-7.26641845703125,-7.3026123046875,47.81055450439453,75.08289337158203,data_caiwangcun/query/images/exif_test/0002.JPG,9000,docs/experiments/dom_dsm_prepare/query_dom_patch_alignment_batch/images/002_0002/gpu_pinhole_render.png,9000,0.25,ok,17
undistorted_query_with_scaled_distortion_vs_pinhole_render,0.6416991153137338,0.3412727103147354,0.9703568951379132,0.0,30.0,0.39546042680740356,0.5,1.0,1745,0002,0.6762177650429799,1180,9.845703125,18.755279541015625,48.008094787597656,91.9039077758789,data_caiwangcun/query/images/exif_test/0002.JPG,9000,docs/experiments/dom_dsm_prepare/query_dom_patch_alignment_batch/images/002_0002/gpu_pinhole_render.png,9000,0.25,ok,17
raw_query_vs_distorted_render_with_scaled_distortion,0.640099229419485,0.3034917688478199,0.968246023766343,0.0,30.0,0.2514183819293976,0.5,1.0,1611,0002,0.685909373060211,1105,8.19384765625,12.736083984375,48.89976119995117,80.1409683227539,data_caiwangcun/query/images/exif_test/0002.JPG,9000,docs/experiments/dom_dsm_prepare/query_dom_patch_alignment_batch/images/002_0002/gpu_pinhole_render.png,9001,0.25,ok,17
undistorted_query_with_scaled_distortion_vs_pinhole_render,0.5856085110284907,0.22012227535331344,0.9682661256218605,-30.0,0.0,0.3269616663455963,0.5,1.0,1727,0002,0.5842501447596989,1009,-15.214111328125,-18.5965576171875,45.00700378417969,70.27798461914062,data_caiwangcun/query/images/exif_test/0002.JPG,9000,docs/experiments/dom_dsm_prepare/query_dom_patch_alignment_batch/images/002_0002/gpu_pinhole_render.png,9000,0.25,ok,17
raw_query_vs_distorted_render_with_scaled_distortion,0.7231041135732933,0.4352059049426992,0.9678624268841629,-30.0,0.0,0.31480398774147034,0.5,1.0,1631,0002,0.6413243408951563,1046,13.807373046875,10.359588623046875,50.00823974609375,95.29366302490234,data_caiwangcun/query/images/exif_test/0002.JPG,9000,docs/experiments/dom_dsm_prepare/query_dom_patch_alignment_batch/images/002_0002/gpu_pinhole_render.png,9001,0.25,ok,17
undistorted_query_with_scaled_distortion_vs_pinhole_render,0.4862463793620857,0.28530485722050347,0.9726046900094601,30.0,0.0,0.06829410791397095,0.5,1.0,1760,0002,0.5767045454545454,1015,-3.845458984375,3.37384033203125,44.52305603027344,60.80517578125,data_caiwangcun/query/images/exif_test/0002.JPG,9000,docs/experiments/dom_dsm_prepare/query_dom_patch_alignment_batch/images/002_0002/gpu_pinhole_render.png,9000,0.25,ok,17
raw_query_vs_distorted_render_with_scaled_distortion,0.6235494339311999,0.30400023379627367,0.9670025650185934,30.0,0.0,0.28307652473449707,0.5,1.0,1652,0002,0.6912832929782082,1142,7.7373046875,12.811981201171875,47.857173919677734,81.48702239990234,data_caiwangcun/query/images/exif_test/0002.JPG,9000,docs/experiments/dom_dsm_prepare/query_dom_patch_alignment_batch/images/002_0002/gpu_pinhole_render.png,9000,0.25,ok,17
undistorted_query_with_scaled_distortion_vs_pinhole_render,0.6597917511990732,0.26977449123184877,0.9697460668163143,0.0,0.0,0.36228007078170776,0.5,1.005,1770,0002,0.6519774011299435,1154,8.038818359375,18.449188232421875,47.57136535644531,90.4126205444336,data_caiwangcun/query/images/exif_test/0002.JPG,9000,docs/experiments/dom_dsm_prepare/query_dom_patch_alignment_batch/images/002_0002/gpu_pinhole_render.png,9000,0.25,ok,17
raw_query_vs_distorted_render_with_scaled_distortion,0.5696498890810658,0.22561406419368552,0.9724298943504666,0.0,0.0,0.23820209503173828,0.5,1.005,1643,0002,0.595861229458308,979,-7.07568359375,-12.41876220703125,45.77803039550781,68.60582733154297,data_caiwangcun/query/images/exif_test/0002.JPG,9000,docs/experiments/dom_dsm_prepare/query_dom_patch_alignment_batch/images/002_0002/gpu_pinhole_render.png,9000,0.25,ok,17
undistorted_query_with_scaled_distortion_vs_pinhole_render,0.48681753207783374,0.3154127381968972,0.9746573528292007,0.0,-30.0,0.060061629861593246,0.5,1.005,1714,0002,0.5752625437572929,986,-2.41156005859375,3.02728271484375,44.791194915771484,62.26229476928711,data_caiwangcun/query/images/exif_test/0002.JPG,9001,docs/experiments/dom_dsm_prepare/query_dom_patch_alignment_batch/images/002_0002/gpu_pinhole_render.png,9000,0.25,ok,17
raw_query_vs_distorted_render_with_scaled_distortion,0.5108833773485151,0.29311242008596344,0.9747566041624386,0.0,-30.0,0.09779344499111176,0.5,1.005,1640,0002,0.6042682926829268,991,-3.135986328125,-2.149658203125,46.291961669921875,62.50092315673828,data_caiwangcun/query/images/exif_test/0002.JPG,9000,docs/experiments/dom_dsm_prepare/query_dom_patch_alignment_batch/images/002_0002/gpu_pinhole_render.png,9000,0.25,ok,17
undistorted_query_with_scaled_distortion_vs_pinhole_render,0.6644528835555948,0.29302874666943307,0.9681469944491081,0.0,30.0,0.3939465880393982,0.5,1.005,1760,0002,0.6267045454545455,1103,6.6866455078125,22.34783935546875,47.07595443725586,89.28129577636719,data_caiwangcun/query/images/exif_test/0002.JPG,9000,docs/experiments/dom_dsm_prepare/query_dom_patch_alignment_batch/images/002_0002/gpu_pinhole_render.png,9000,0.25,ok,17
raw_query_vs_distorted_render_with_scaled_distortion,0.5939579811178964,0.4784304069529214,0.9682604858912864,0.0,30.0,0.4848822355270386,0.5,1.005,1597,0002,0.6869129618033814,1097,18.28564453125,21.33984375,48.785980224609375,94.6701889038086,data_caiwangcun/query/images/exif_test/0002.JPG,9000,docs/experiments/dom_dsm_prepare/query_dom_patch_alignment_batch/images/002_0002/gpu_pinhole_render.png,9000,0.25,ok,17
undistorted_query_with_scaled_distortion_vs_pinhole_render,0.6405331921529095,0.3297783426564713,0.9715930933140696,-30.0,0.0,0.3640993535518646,0.5,1.005,1745,0002,0.6613180515759313,1154,7.9488525390625,19.849761962890625,47.95606994628906,89.1261978149414,data_caiwangcun/query/images/exif_test/0002.JPG,9000,docs/experiments/dom_dsm_prepare/query_dom_patch_alignment_batch/images/002_0002/gpu_pinhole_render.png,9000,0.25,ok,17
raw_query_vs_distorted_render_with_scaled_distortion,0.5205606364414163,0.31880156758714134,0.9708097830039647,-30.0,0.0,0.1477573662996292,0.5,1.005,1638,0002,0.6031746031746031,988,1.2501220703125,10.554718017578125,46.235748291015625,64.33338165283203,data_caiwangcun/query/images/exif_test/0002.JPG,9000,docs/experiments/dom_dsm_prepare/query_dom_patch_alignment_batch/images/002_0002/gpu_pinhole_render.png,9000,0.25,ok,17
undistorted_query_with_scaled_distortion_vs_pinhole_render,0.5312932204399549,0.47652133119542184,0.9715967504021578,30.0,0.0,0.5458154082298279,0.5,1.005,1738,0002,0.5782508630609896,1005,18.4013671875,22.75390625,45.92917251586914,93.18205261230469,data_caiwangcun/query/images/exif_test/0002.JPG,9000,docs/experiments/dom_dsm_prepare/query_dom_patch_alignment_batch/images/002_0002/gpu_pinhole_render.png,9000,0.25,ok,17
raw_query_vs_distorted_render_with_scaled_distortion,0.6208964804256616,0.3527458008420488,0.9682853673836278,30.0,0.0,0.3753145635128021,0.5,1.005,1637,0002,0.6951740989615149,1138,11.7052001953125,14.602081298828125,48.18730926513672,89.4977035522461,data_caiwangcun/query/images/exif_test/0002.JPG,9000,docs/experiments/dom_dsm_prepare/query_dom_patch_alignment_batch/images/002_0002/gpu_pinhole_render.png,9000,0.25,ok,17
undistorted_query_with_scaled_distortion_vs_pinhole_render,-0.022707858710737182,-0.034304050116136985,0.9904010602112719,0.0,0.0,0.1995171308517456,1.0,0.995,1849,0002,0.9734991887506761,1800,-10.750396728515625,17.72900390625,51.36122131347656,73.13936614990234,data_caiwangcun/query/images/exif_test/0002.JPG,9000,docs/experiments/dom_dsm_prepare/query_dom_patch_alignment_batch/images/002_0002/gpu_pinhole_render.png,9000,0.25,ok,17
raw_query_vs_distorted_render_with_scaled_distortion,0.006474431474225827,-0.05488012952117288,0.988894340346158,0.0,0.0,0.18165145814418793,1.0,0.995,1679,0002,0.97736748064324,1641,-9.380126953125,18.36859130859375,49.0654411315918,67.75021362304688,data_caiwangcun/query/images/exif_test/0002.JPG,9000,docs/experiments/dom_dsm_prepare/query_dom_patch_alignment_batch/images/002_0002/gpu_pinhole_render.png,9000,0.25,ok,17
undistorted_query_with_scaled_distortion_vs_pinhole_render,-0.051195120575345796,-0.029217458886826028,0.992220474660929,0.0,-30.0,0.1738608032464981,1.0,0.995,1816,0002,0.9752202643171806,1771,-10.326171875,17.036865234375,50.885963439941406,72.35721588134766,data_caiwangcun/query/images/exif_test/0002.JPG,9000,docs/experiments/dom_dsm_prepare/query_dom_patch_alignment_batch/images/002_0002/gpu_pinhole_render.png,9000,0.25,ok,17
raw_query_vs_distorted_render_with_scaled_distortion,-0.024071313470283653,-0.04410550658052286,0.9887617606042334,0.0,-30.0,0.1691504418849945,1.0,0.995,1676,0002,0.9826968973747017,1647,-9.884765625,18.03692626953125,49.22146987915039,67.75288391113281,data_caiwangcun/query/images/exif_test/0002.JPG,9000,docs/experiments/dom_dsm_prepare/query_dom_patch_alignment_batch/images/002_0002/gpu_pinhole_render.png,9000,0.25,ok,17
undistorted_query_with_scaled_distortion_vs_pinhole_render,-0.015066214715813826,-0.01640685447701513,0.9854185221289963,0.0,30.0,0.23001286387443542,1.0,0.995,1882,0002,0.9686503719447397,1823,-10.5491943359375,20.108154296875,51.38087844848633,73.82706451416016,data_caiwangcun/query/images/exif_test/0002.JPG,9000,docs/experiments/dom_dsm_prepare/query_dom_patch_alignment_batch/images/002_0002/gpu_pinhole_render.png,9000,0.25,ok,17
raw_query_vs_distorted_render_with_scaled_distortion,-0.00729455163491873,-0.027189275617425363,0.9839015117110874,0.0,30.0,0.22111067175865173,1.0,0.995,1689,0002,0.9798697454114861,1655,-9.55517578125,20.56884765625,49.42430877685547,68.80741119384766,data_caiwangcun/query/images/exif_test/0002.JPG,9000,docs/experiments/dom_dsm_prepare/query_dom_patch_alignment_batch/images/002_0002/gpu_pinhole_render.png,9000,0.25,ok,17
undistorted_query_with_scaled_distortion_vs_pinhole_render,-0.0360362940572797,-0.047023960508541685,0.9900854060723385,-30.0,0.0,0.2517484724521637,1.0,0.995,1861,0002,0.9709833422890919,1807,-13.81396484375,19.700164794921875,51.45450973510742,74.15091705322266,data_caiwangcun/query/images/exif_test/0002.JPG,9000,docs/experiments/dom_dsm_prepare/query_dom_patch_alignment_batch/images/002_0002/gpu_pinhole_render.png,9000,0.25,ok,17
raw_query_vs_distorted_render_with_scaled_distortion,-0.017255671972064693,-0.04823948404228824,0.9877078626940885,-30.0,0.0,0.2213037610054016,1.0,0.995,1683,0002,0.9827688651218063,1654,-11.92352294921875,19.30615234375,49.47126007080078,69.0365982055664,data_caiwangcun/query/images/exif_test/0002.JPG,9000,docs/experiments/dom_dsm_prepare/query_dom_patch_alignment_batch/images/002_0002/gpu_pinhole_render.png,9000,0.25,ok,17
undistorted_query_with_scaled_distortion_vs_pinhole_render,-0.007404012563992136,-0.025015836568060987,0.9905918658571551,30.0,0.0,0.18189027905464172,1.0,0.995,1872,0002,0.9711538461538461,1818,-8.087066650390625,18.750762939453125,51.752227783203125,72.88224792480469,data_caiwangcun/query/images/exif_test/0002.JPG,9001,docs/experiments/dom_dsm_prepare/query_dom_patch_alignment_batch/images/002_0002/gpu_pinhole_render.png,9000,0.25,ok,17
raw_query_vs_distorted_render_with_scaled_distortion,-0.02523445485823721,-0.009669202995285996,0.9891673440039035,30.0,0.0,0.18531262874603271,1.0,0.995,1699,0002,0.9770453207769276,1660,-7.5963134765625,19.536529541015625,49.05043029785156,67.83546447753906,data_caiwangcun/query/images/exif_test/0002.JPG,9000,docs/experiments/dom_dsm_prepare/query_dom_patch_alignment_batch/images/002_0002/gpu_pinhole_render.png,9000,0.25,ok,17
undistorted_query_with_scaled_distortion_vs_pinhole_render,0.007823536923772108,-0.017670991262619586,0.9908825436045113,0.0,0.0,0.2148800939321518,1.0,1.0,1837,0002,0.9711486118671747,1784,-10.928955078125,18.94158935546875,51.46305465698242,73.03374481201172,data_caiwangcun/query/images/exif_test/0002.JPG,9000,docs/experiments/dom_dsm_prepare/query_dom_patch_alignment_batch/images/002_0002/gpu_pinhole_render.png,9000,0.25,ok,17
raw_query_vs_distorted_render_with_scaled_distortion,0.0082414959639517,-0.019919566551346704,0.9882008665961747,0.0,0.0,0.20823100209236145,1.0,1.0,1691,0002,0.9745712596096984,1648,-9.99755859375,19.556503295898438,49.46063232421875,68.18643188476562,data_caiwangcun/query/images/exif_test/0002.JPG,9000,docs/experiments/dom_dsm_prepare/query_dom_patch_alignment_batch/images/002_0002/gpu_pinhole_render.png,9000,0.25,ok,17
undistorted_query_with_scaled_distortion_vs_pinhole_render,-0.006611552125869545,-0.032909733981057,0.9923225294928851,0.0,-30.0,0.17792908847332,1.0,1.0,1821,0002,0.9774848984074684,1780,-10.55230712890625,17.0634765625,51.20832824707031,72.44528198242188,data_caiwangcun/query/images/exif_test/0002.JPG,9000,docs/experiments/dom_dsm_prepare/query_dom_patch_alignment_batch/images/002_0002/gpu_pinhole_render.png,9000,0.25,ok,17
raw_query_vs_distorted_render_with_scaled_distortion,0.00017634590028714944,-0.0331107756653784,0.9898673909848212,0.0,-30.0,0.16916893422603607,1.0,1.0,1648,0002,0.9817961165048543,1618,-10.3934326171875,16.5911865234375,49.03724670410156,67.78169250488281,data_caiwangcun/query/images/exif_test/0002.JPG,9000,docs/experiments/dom_dsm_prepare/query_dom_patch_alignment_batch/images/002_0002/gpu_pinhole_render.png,9000,0.25,ok,17
undistorted_query_with_scaled_distortion_vs_pinhole_render,0.039116085937382264,-0.020599089764681368,0.9853637283907332,0.0,30.0,0.2447294294834137,1.0,1.0,1845,0002,0.9712737127371274,1792,-10.9364013671875,20.866546630859375,50.797794342041016,73.96916198730469,data_caiwangcun/query/images/exif_test/0002.JPG,9000,docs/experiments/dom_dsm_prepare/query_dom_patch_alignment_batch/images/002_0002/gpu_pinhole_render.png,9000,0.25,ok,17
raw_query_vs_distorted_render_with_scaled_distortion,0.01271602074010615,-0.005543464858255232,0.9831269413924727,0.0,30.0,0.23894204199314117,1.0,1.0,1658,0002,0.9819059107358263,1628,-10.10821533203125,20.793701171875,49.91648864746094,69.56012725830078,data_caiwangcun/query/images/exif_test/0002.JPG,9000,docs/experiments/dom_dsm_prepare/query_dom_patch_alignment_batch/images/002_0002/gpu_pinhole_render.png,9001,0.25,ok,17
undistorted_query_with_scaled_distortion_vs_pinhole_render,-0.011626834447774511,-0.024538893032308037,0.989977866737611,-30.0,0.0,0.2498347908258438,1.0,1.0,1858,0002,0.9682454251883746,1799,-14.10791015625,19.1138916015625,51.29119873046875,74.03974151611328,data_caiwangcun/query/images/exif_test/0002.JPG,9000,docs/experiments/dom_dsm_prepare/query_dom_patch_alignment_batch/images/002_0002/gpu_pinhole_render.png,9000,0.25,ok,17
raw_query_vs_distorted_render_with_scaled_distortion,0.004833175275379079,-0.03186910901809721,0.9876694434334382,-30.0,0.0,0.22038114070892334,1.0,1.0,1674,0002,0.983273596176822,1646,-11.88690185546875,19.43560791015625,49.08656692504883,68.675048828125,data_caiwangcun/query/images/exif_test/0002.JPG,9000,docs/experiments/dom_dsm_prepare/query_dom_patch_alignment_batch/images/002_0002/gpu_pinhole_render.png,9000,0.25,ok,17
undistorted_query_with_scaled_distortion_vs_pinhole_render,0.028873375434366032,-0.019272144661683994,0.9896882177348801,30.0,0.0,0.17013752460479736,1.0,1.0,1846,0002,0.9707475622968581,1792,-8.46221923828125,17.88397216796875,51.78948974609375,72.87287902832031,data_caiwangcun/query/images/exif_test/0002.JPG,9000,docs/experiments/dom_dsm_prepare/query_dom_patch_alignment_batch/images/002_0002/gpu_pinhole_render.png,9000,0.25,ok,17
raw_query_vs_distorted_render_with_scaled_distortion,0.015924737498260177,-0.006957574069405661,0.9886368164898094,30.0,0.0,0.18666788935661316,1.0,1.0,1710,0002,0.9812865497076023,1678,-7.241607666015625,19.374282836914062,49.49384307861328,67.55864715576172,data_caiwangcun/query/images/exif_test/0002.JPG,9000,docs/experiments/dom_dsm_prepare/query_dom_patch_alignment_batch/images/002_0002/gpu_pinhole_render.png,9000,0.25,ok,17
undistorted_query_with_scaled_distortion_vs_pinhole_render,0.05281101667832929,-0.014782468101253714,0.9908365463807465,0.0,0.0,0.2115626037120819,1.0,1.005,1862,0002,0.9736842105263158,1813,-10.681640625,18.88818359375,51.34508514404297,73.03462219238281,data_caiwangcun/query/images/exif_test/0002.JPG,9000,docs/experiments/dom_dsm_prepare/query_dom_patch_alignment_batch/images/002_0002/gpu_pinhole_render.png,9000,0.25,ok,17
raw_query_vs_distorted_render_with_scaled_distortion,0.03243899212059273,-0.006343920058053472,0.9880704251303082,0.0,0.0,0.20610930025577545,1.0,1.005,1694,0002,0.9763872491145218,1654,-9.7747802734375,19.610992431640625,49.50201416015625,67.97383880615234,data_caiwangcun/query/images/exif_test/0002.JPG,9000,docs/experiments/dom_dsm_prepare/query_dom_patch_alignment_batch/images/002_0002/gpu_pinhole_render.png,9001,0.25,ok,17
undistorted_query_with_scaled_distortion_vs_pinhole_render,0.02667007762328913,-0.0186699689912425,0.9927774886100067,0.0,-30.0,0.19830790162086487,1.0,1.005,1844,0002,0.9723427331887202,1793,-11.238548278808594,17.910919189453125,51.03971481323242,72.25531005859375,data_caiwangcun/query/images/exif_test/0002.JPG,9000,docs/experiments/dom_dsm_prepare/query_dom_patch_alignment_batch/images/002_0002/gpu_pinhole_render.png,9000,0.25,ok,17
raw_query_vs_distorted_render_with_scaled_distortion,0.026028282539539753,-0.01778332970200187,0.9892511843146774,0.0,-30.0,0.16312146186828613,1.0,1.005,1690,0002,0.9834319526627219,1662,-10.283706665039062,16.367889404296875,49.38983154296875,67.69790649414062,data_caiwangcun/query/images/exif_test/0002.JPG,9000,docs/experiments/dom_dsm_prepare/query_dom_patch_alignment_batch/images/002_0002/gpu_pinhole_render.png,9000,0.25,ok,17
undistorted_query_with_scaled_distortion_vs_pinhole_render,0.050428135402164925,0.011491871789824028,0.9859397513958492,0.0,30.0,0.22914555668830872,1.0,1.005,1863,0002,0.974771873322598,1816,-10.23095703125,20.096954345703125,51.29901123046875,73.97171783447266,data_caiwangcun/query/images/exif_test/0002.JPG,9000,docs/experiments/dom_dsm_prepare/query_dom_patch_alignment_batch/images/002_0002/gpu_pinhole_render.png,9000,0.25,ok,17
raw_query_vs_distorted_render_with_scaled_distortion,0.04118849157084683,0.0023926225208907477,0.9837646432444251,0.0,30.0,0.22633467614650726,1.0,1.005,1675,0002,0.9838805970149254,1648,-10.741790771484375,19.798492431640625,48.99671173095703,69.41764068603516,data_caiwangcun/query/images/exif_test/0002.JPG,9000,docs/experiments/dom_dsm_prepare/query_dom_patch_alignment_batch/images/002_0002/gpu_pinhole_render.png,9000,0.25,ok,17
undistorted_query_with_scaled_distortion_vs_pinhole_render,0.025039946907692366,-0.016439071394867798,0.9903197354843837,-30.0,0.0,0.24650955200195312,1.0,1.005,1842,0002,0.9755700325732899,1797,-13.82763671875,19.1728515625,51.44310760498047,74.0833511352539,data_caiwangcun/query/images/exif_test/0002.JPG,9000,docs/experiments/dom_dsm_prepare/query_dom_patch_alignment_batch/images/002_0002/gpu_pinhole_render.png,9000,0.25,ok,17
raw_query_vs_distorted_render_with_scaled_distortion,0.031587917868287324,-0.019669211507113496,0.9873185085091307,-30.0,0.0,0.212294340133667,1.0,1.005,1715,0002,0.9813411078717201,1683,-12.021087646484375,19.552001953125,49.07271957397461,68.65174102783203,data_caiwangcun/query/images/exif_test/0002.JPG,9000,docs/experiments/dom_dsm_prepare/query_dom_patch_alignment_batch/images/002_0002/gpu_pinhole_render.png,9000,0.25,ok,17
undistorted_query_with_scaled_distortion_vs_pinhole_render,0.061572080232137824,-0.005992342625157494,0.9891526571422058,30.0,0.0,0.17927230894565582,1.0,1.005,1857,0002,0.9714593430263866,1804,-9.069580078125,17.7872314453125,51.555885314941406,73.03094482421875,data_caiwangcun/query/images/exif_test/0002.JPG,9001,docs/experiments/dom_dsm_prepare/query_dom_patch_alignment_batch/images/002_0002/gpu_pinhole_render.png,9000,0.25,ok,17
raw_query_vs_distorted_render_with_scaled_distortion,0.05116329369040994,-0.0074235658375738575,0.9880190211755094,30.0,0.0,0.1897655874490738,1.0,1.005,1734,0002,0.9798154555940023,1699,-8.5943603515625,19.75018310546875,50.71458053588867,68.3057861328125,data_caiwangcun/query/images/exif_test/0002.JPG,9000,docs/experiments/dom_dsm_prepare/query_dom_patch_alignment_batch/images/002_0002/gpu_pinhole_render.png,9000,0.25,ok,17
undistorted_query_with_scaled_distortion_vs_pinhole_render,-0.6117923167068341,-0.2835752907377533,0.9736762847977933,0.0,0.0,0.21100568771362305,1.5,0.995,1752,0002,0.6244292237442922,1094,-3.846923828125,17.886505126953125,46.5721321105957,71.11144256591797,data_caiwangcun/query/images/exif_test/0002.JPG,9000,docs/experiments/dom_dsm_prepare/query_dom_patch_alignment_batch/images/002_0002/gpu_pinhole_render.png,9000,0.25,ok,17
raw_query_vs_distorted_render_with_scaled_distortion,-0.6160932097309844,-0.315591224263307,0.9774156741370204,0.0,0.0,0.4900878369808197,1.5,0.995,1641,0002,0.6227909811090798,1022,-8.0196533203125,26.270263671875,45.298458099365234,81.07109832763672,data_caiwangcun/query/images/exif_test/0002.JPG,9000,docs/experiments/dom_dsm_prepare/query_dom_patch_alignment_batch/images/002_0002/gpu_pinhole_render.png,8416,0.25,ok,17
undistorted_query_with_scaled_distortion_vs_pinhole_render,-0.6125347320793879,-0.5288534828329201,0.9731800836014208,0.0,-30.0,0.4869266152381897,1.5,0.995,1713,0002,0.553415061295972,948,-11.61865234375,27.26129150390625,50.03397750854492,93.91617584228516,data_caiwangcun/query/images/exif_test/0002.JPG,9000,docs/experiments/dom_dsm_prepare/query_dom_patch_alignment_batch/images/002_0002/gpu_pinhole_render.png,9000,0.25,ok,17
raw_query_vs_distorted_render_with_scaled_distortion,-0.6350221209581446,-0.33196867585067596,0.9733491588004415,0.0,-30.0,0.34700629115104675,1.5,0.995,1627,0002,0.6607252612169637,1075,-2.81005859375,24.089599609375,48.051124572753906,80.40441131591797,data_caiwangcun/query/images/exif_test/0002.JPG,9000,docs/experiments/dom_dsm_prepare/query_dom_patch_alignment_batch/images/002_0002/gpu_pinhole_render.png,8435,0.25,ok,17
undistorted_query_with_scaled_distortion_vs_pinhole_render,-0.4216180937335121,-0.4372180348221763,0.9730025067429193,0.0,30.0,0.18518447875976562,1.5,0.995,1706,0002,0.5703399765533411,973,7.9053955078125,-0.726806640625,44.908203125,59.00103759765625,data_caiwangcun/query/images/exif_test/0002.JPG,9001,docs/experiments/dom_dsm_prepare/query_dom_patch_alignment_batch/images/002_0002/gpu_pinhole_render.png,9000,0.25,ok,17
raw_query_vs_distorted_render_with_scaled_distortion,-0.5451898573676223,-0.34442284729259987,0.973338824387876,0.0,30.0,0.20914281904697418,1.5,0.995,1632,0002,0.6654411764705882,1086,-2.4541015625,19.083480834960938,45.86854553222656,68.56906127929688,data_caiwangcun/query/images/exif_test/0002.JPG,9000,docs/experiments/dom_dsm_prepare/query_dom_patch_alignment_batch/images/002_0002/gpu_pinhole_render.png,8514,0.25,ok,17
undistorted_query_with_scaled_distortion_vs_pinhole_render,-0.475379265268771,-0.40446950711322144,0.9729648642566535,-30.0,0.0,0.13012461364269257,1.5,0.995,1721,0002,0.6176641487507263,1063,2.5712890625,-0.9775390625,45.67363739013672,62.74054718017578,data_caiwangcun/query/images/exif_test/0002.JPG,9000,docs/experiments/dom_dsm_prepare/query_dom_patch_alignment_batch/images/002_0002/gpu_pinhole_render.png,9000,0.25,ok,17
raw_query_vs_distorted_render_with_scaled_distortion,-0.5330028529080919,-0.4156019518106184,0.9655677364149337,-30.0,0.0,0.2742595970630646,1.5,0.995,1614,0002,0.6586121437422553,1063,-2.322509765625,20.224365234375,46.2618293762207,73.86848449707031,data_caiwangcun/query/images/exif_test/0002.JPG,9000,docs/experiments/dom_dsm_prepare/query_dom_patch_alignment_batch/images/002_0002/gpu_pinhole_render.png,8414,0.25,ok,17
undistorted_query_with_scaled_distortion_vs_pinhole_render,-0.5143553721449303,-0.3613471679609041,0.9801988575429138,30.0,0.0,0.027779987081885338,1.5,0.995,1734,0002,0.6078431372549019,1054,2.227783203125,3.4356689453125,46.70318603515625,61.94367980957031,data_caiwangcun/query/images/exif_test/0002.JPG,9000,docs/experiments/dom_dsm_prepare/query_dom_patch_alignment_batch/images/002_0002/gpu_pinhole_render.png,9000,0.25,ok,17
raw_query_vs_distorted_render_with_scaled_distortion,-0.6038930792993834,-0.37682580459834575,0.9803099105220988,30.0,0.0,0.29298079013824463,1.5,0.995,1639,0002,0.7321537522879805,1200,-1.7462158203125,22.419830322265625,47.85088348388672,75.91773223876953,data_caiwangcun/query/images/exif_test/0002.JPG,9000,docs/experiments/dom_dsm_prepare/query_dom_patch_alignment_batch/images/002_0002/gpu_pinhole_render.png,8370,0.25,ok,17
undistorted_query_with_scaled_distortion_vs_pinhole_render,-0.4686828110658745,-0.3872131842464339,0.9760809218855726,0.0,0.0,0.11157190054655075,1.5,1.0,1742,0002,0.5975889781859931,1041,4.9039306640625,1.522705078125,45.51034927368164,60.4701042175293,data_caiwangcun/query/images/exif_test/0002.JPG,9000,docs/experiments/dom_dsm_prepare/query_dom_patch_alignment_batch/images/002_0002/gpu_pinhole_render.png,9000,0.25,ok,17
raw_query_vs_distorted_render_with_scaled_distortion,-0.6354541299127179,-0.28969479340282367,0.9695279083034698,0.0,0.0,0.3531167507171631,1.5,1.0,1632,0002,0.6911764705882353,1128,-7.064208984375,20.2845458984375,47.24607849121094,84.19352722167969,data_caiwangcun/query/images/exif_test/0002.JPG,9000,docs/experiments/dom_dsm_prepare/query_dom_patch_alignment_batch/images/002_0002/gpu_pinhole_render.png,8357,0.25,ok,17
undistorted_query_with_scaled_distortion_vs_pinhole_render,-0.5816893249013423,-0.35625649364232526,0.9767500108444752,0.0,-30.0,0.11774808913469315,1.5,1.0,1722,0002,0.6515679442508711,1122,-1.57269287109375,10.719970703125,47.645381927490234,69.28801727294922,data_caiwangcun/query/images/exif_test/0002.JPG,9000,docs/experiments/dom_dsm_prepare/query_dom_patch_alignment_batch/images/002_0002/gpu_pinhole_render.png,9000,0.25,ok,17
raw_query_vs_distorted_render_with_scaled_distortion,-0.4735237154017846,-0.4307616880516812,0.9721708261371754,0.0,-30.0,0.09333660453557968,1.5,1.0,1647,0002,0.670916818457802,1105,6.20489501953125,0.402130126953125,46.14487075805664,65.36188507080078,data_caiwangcun/query/images/exif_test/0002.JPG,9000,docs/experiments/dom_dsm_prepare/query_dom_patch_alignment_batch/images/002_0002/gpu_pinhole_render.png,8368,0.25,ok,17
undistorted_query_with_scaled_distortion_vs_pinhole_render,-0.5926386175474581,-0.30928663421324454,0.9714354177513332,0.0,30.0,0.20424462854862213,1.5,1.0,1754,0002,0.6470923603192702,1135,-4.5008544921875,17.991943359375,46.69307327270508,70.66144561767578,data_caiwangcun/query/images/exif_test/0002.JPG,9000,docs/experiments/dom_dsm_prepare/query_dom_patch_alignment_batch/images/002_0002/gpu_pinhole_render.png,9000,0.25,ok,17
raw_query_vs_distorted_render_with_scaled_distortion,-0.47986604654343384,-0.37407093358068255,0.9749262957804311,0.0,30.0,0.032105885446071625,1.5,1.0,1633,0002,0.6448254745866503,1053,2.40185546875,8.442626953125,44.62397003173828,61.66587448120117,data_caiwangcun/query/images/exif_test/0002.JPG,9000,docs/experiments/dom_dsm_prepare/query_dom_patch_alignment_batch/images/002_0002/gpu_pinhole_render.png,8374,0.25,ok,17
undistorted_query_with_scaled_distortion_vs_pinhole_render,-0.623681072803565,-0.3888464852342825,0.9643987653190724,-30.0,0.0,0.44840896129608154,1.5,1.0,1749,0002,0.6272155517438537,1097,-10.87255859375,22.4049072265625,45.914459228515625,90.38250732421875,data_caiwangcun/query/images/exif_test/0002.JPG,9000,docs/experiments/dom_dsm_prepare/query_dom_patch_alignment_batch/images/002_0002/gpu_pinhole_render.png,9000,0.25,ok,17
raw_query_vs_distorted_render_with_scaled_distortion,-0.589712956692875,-0.39493777002382124,0.9648449774304014,-30.0,0.0,0.3218492865562439,1.5,1.0,1632,0002,0.7236519607843137,1181,-7.18017578125,19.716064453125,47.326534271240234,80.90068054199219,data_caiwangcun/query/images/exif_test/0002.JPG,9000,docs/experiments/dom_dsm_prepare/query_dom_patch_alignment_batch/images/002_0002/gpu_pinhole_render.png,8462,0.25,ok,17
undistorted_query_with_scaled_distortion_vs_pinhole_render,-0.45740327852260604,-0.4428460310780731,0.9682373356350206,30.0,0.0,0.2937254011631012,1.5,1.0,1709,0002,0.590988882387361,1010,9.35400390625,-8.44476318359375,46.03959655761719,64.7406005859375,data_caiwangcun/query/images/exif_test/0002.JPG,9000,docs/experiments/dom_dsm_prepare/query_dom_patch_alignment_batch/images/002_0002/gpu_pinhole_render.png,9000,0.25,ok,17
raw_query_vs_distorted_render_with_scaled_distortion,-0.47225405452850344,-0.4059539782262797,0.9698821941789909,30.0,0.0,0.10365719348192215,1.5,1.0,1633,0002,0.6301285976729945,1029,6.89227294921875,5.39013671875,45.29417037963867,62.00731658935547,data_caiwangcun/query/images/exif_test/0002.JPG,9000,docs/experiments/dom_dsm_prepare/query_dom_patch_alignment_batch/images/002_0002/gpu_pinhole_render.png,8357,0.25,ok,17
undistorted_query_with_scaled_distortion_vs_pinhole_render,-0.6646980611262537,-0.3723115875319323,0.9723224512980084,0.0,0.0,0.38628003001213074,1.5,1.005,1737,0002,0.6275187104202649,1090,-4.50469970703125,26.18402099609375,48.94650650024414,91.4322280883789,data_caiwangcun/query/images/exif_test/0002.JPG,9001,docs/experiments/dom_dsm_prepare/query_dom_patch_alignment_batch/images/002_0002/gpu_pinhole_render.png,9000,0.25,ok,17
raw_query_vs_distorted_render_with_scaled_distortion,-0.43539144177833095,-0.3936772767940003,0.9783459227177959,0.0,0.0,0.02494414523243904,1.5,1.005,1655,0002,0.6332326283987916,1048,2.589141845703125,6.985198974609375,44.82029724121094,61.501041412353516,data_caiwangcun/query/images/exif_test/0002.JPG,9000,docs/experiments/dom_dsm_prepare/query_dom_patch_alignment_batch/images/002_0002/gpu_pinhole_render.png,8464,0.25,ok,17
undistorted_query_with_scaled_distortion_vs_pinhole_render,-0.643870969243005,-0.4043949297348396,0.967664217267299,0.0,-30.0,0.07194017618894577,1.5,1.005,1724,0002,0.5620649651972158,969,6.9735107421875,0.68707275390625,50.17848205566406,81.2511215209961,data_caiwangcun/query/images/exif_test/0002.JPG,9001,docs/experiments/dom_dsm_prepare/query_dom_patch_alignment_batch/images/002_0002/gpu_pinhole_render.png,9000,0.25,ok,17
raw_query_vs_distorted_render_with_scaled_distortion,-0.590155577315439,-0.35902894618119663,0.9774169321256534,0.0,-30.0,0.30519571900367737,1.5,1.005,1597,0002,0.7269881026925485,1161,-5.2667236328125,21.15625,47.45592498779297,77.218017578125,data_caiwangcun/query/images/exif_test/0002.JPG,9000,docs/experiments/dom_dsm_prepare/query_dom_patch_alignment_batch/images/002_0002/gpu_pinhole_render.png,8393,0.25,ok,17
undistorted_query_with_scaled_distortion_vs_pinhole_render,-0.4966698216215983,-0.3981763318077716,0.974933780967102,0.0,30.0,0.1546531617641449,1.5,1.005,1724,0002,0.617169373549884,1064,5.437744140625,0.4056396484375,45.977806091308594,64.893310546875,data_caiwangcun/query/images/exif_test/0002.JPG,9000,docs/experiments/dom_dsm_prepare/query_dom_patch_alignment_batch/images/002_0002/gpu_pinhole_render.png,9000,0.25,ok,17
raw_query_vs_distorted_render_with_scaled_distortion,-0.6645226941657585,-0.33145810740626525,0.9690434530923243,0.0,30.0,0.2666763663291931,1.5,1.005,1654,0002,0.6692865779927448,1107,-0.424560546875,18.525741577148438,50.34687805175781,90.1815414428711,data_caiwangcun/query/images/exif_test/0002.JPG,9000,docs/experiments/dom_dsm_prepare/query_dom_patch_alignment_batch/images/002_0002/gpu_pinhole_render.png,8371,0.25,ok,17
undistorted_query_with_scaled_distortion_vs_pinhole_render,-0.6080556026150471,-0.3263499298313852,0.95760070771735,-30.0,0.0,0.2736937701702118,1.5,1.005,1759,0002,0.6372939169982945,1121,-7.099365234375,15.69287109375,47.033878326416016,79.94164276123047,data_caiwangcun/query/images/exif_test/0002.JPG,9000,docs/experiments/dom_dsm_prepare/query_dom_patch_alignment_batch/images/002_0002/gpu_pinhole_render.png,9000,0.25,ok,17
raw_query_vs_distorted_render_with_scaled_distortion,-0.5986389728989,-0.40272848903725533,0.9668526367526545,-30.0,0.0,0.262818306684494,1.5,1.005,1633,0002,0.7428046540110227,1213,-5.2685546875,19.14794921875,48.16622543334961,79.56051635742188,data_caiwangcun/query/images/exif_test/0002.JPG,9000,docs/experiments/dom_dsm_prepare/query_dom_patch_alignment_batch/images/002_0002/gpu_pinhole_render.png,8447,0.25,ok,17
undistorted_query_with_scaled_distortion_vs_pinhole_render,-0.48251898734942683,-0.3660611758654592,0.9822478219327142,30.0,0.0,0.05023755133152008,1.5,1.005,1722,0002,0.6062717770034843,1044,2.4366455078125,7.051177978515625,46.63574981689453,61.273014068603516,data_caiwangcun/query/images/exif_test/0002.JPG,9002,docs/experiments/dom_dsm_prepare/query_dom_patch_alignment_batch/images/002_0002/gpu_pinhole_render.png,9000,0.25,ok,17
raw_query_vs_distorted_render_with_scaled_distortion,-0.6870535553013836,-0.3128354531748159,0.9768489284656157,30.0,0.0,0.13959097862243652,1.5,1.005,1634,0002,0.693390452876377,1133,2.573974609375,19.837646484375,50.81884765625,80.79277038574219,data_caiwangcun/query/images/exif_test/0002.JPG,9000,docs/experiments/dom_dsm_prepare/query_dom_patch_alignment_batch/images/002_0002/gpu_pinhole_render.png,8396,0.25,ok,17
undistorted_query_with_scaled_distortion_vs_pinhole_render,-0.6476989285686823,-0.6523176949724734,0.9638853458871665,0.0,0.0,0.21263886988162994,2.0,0.995,1482,0002,0.52834008097166,783,14.8974609375,3.268798828125,52.32121658325195,76.23143768310547,data_caiwangcun/query/images/exif_test/0002.JPG,9000,docs/experiments/dom_dsm_prepare/query_dom_patch_alignment_batch/images/002_0002/gpu_pinhole_render.png,9000,0.25,ok,17
raw_query_vs_distorted_render_with_scaled_distortion,-0.7065583717736927,-0.6445285597714436,0.9633293973177108,0.0,0.0,0.09293404966592789,2.0,0.995,1483,0002,0.4605529332434255,683,16.45751953125,18.4500732421875,56.12562561035156,76.33045196533203,data_caiwangcun/query/images/exif_test/0002.JPG,9000,docs/experiments/dom_dsm_prepare/query_dom_patch_alignment_batch/images/002_0002/gpu_pinhole_render.png,7756,0.25,ok,17
undistorted_query_with_scaled_distortion_vs_pinhole_render,-0.6640055579573552,-0.5892277835601685,0.9622063141679533,0.0,-30.0,0.0842396542429924,2.0,0.995,1445,0002,0.5494809688581315,794,7.70196533203125,9.738372802734375,49.843292236328125,70.50326538085938,data_caiwangcun/query/images/exif_test/0002.JPG,9000,docs/experiments/dom_dsm_prepare/query_dom_patch_alignment_batch/images/002_0002/gpu_pinhole_render.png,9000,0.25,ok,17
raw_query_vs_distorted_render_with_scaled_distortion,-0.6757869415137403,-0.5301947995126371,0.9628324139842036,0.0,-30.0,0.2643669545650482,2.0,0.995,1424,0002,0.5210674157303371,742,4.02972412109375,20.078842163085938,48.20729064941406,72.40741729736328,data_caiwangcun/query/images/exif_test/0002.JPG,9000,docs/experiments/dom_dsm_prepare/query_dom_patch_alignment_batch/images/002_0002/gpu_pinhole_render.png,7609,0.25,ok,17
undistorted_query_with_scaled_distortion_vs_pinhole_render,-0.6960418349672927,-0.5755431480687887,0.9685071307427461,0.0,30.0,0.10097963362932205,2.0,0.995,1467,0002,0.5194274028629857,762,4.210205078125,16.73870849609375,52.233367919921875,69.7776107788086,data_caiwangcun/query/images/exif_test/0002.JPG,9000,docs/experiments/dom_dsm_prepare/query_dom_patch_alignment_batch/images/002_0002/gpu_pinhole_render.png,9000,0.25,ok,17
raw_query_vs_distorted_render_with_scaled_distortion,-0.6169109246942233,-0.6258735465770551,0.9735625052827473,0.0,30.0,0.07331674546003342,2.0,0.995,1492,0002,0.5368632707774799,801,9.3319091796875,15.15435791015625,49.634517669677734,65.3979263305664,data_caiwangcun/query/images/exif_test/0002.JPG,9000,docs/experiments/dom_dsm_prepare/query_dom_patch_alignment_batch/images/002_0002/gpu_pinhole_render.png,7748,0.25,ok,17
undistorted_query_with_scaled_distortion_vs_pinhole_render,-0.5995330839524641,-0.6450813528766954,0.9656344129931366,-30.0,0.0,0.24291686713695526,2.0,0.995,1438,0002,0.5222531293463143,751,10.942138671875,-15.59375,49.525482177734375,69.76493835449219,data_caiwangcun/query/images/exif_test/0002.JPG,9000,docs/experiments/dom_dsm_prepare/query_dom_patch_alignment_batch/images/002_0002/gpu_pinhole_render.png,9000,0.25,ok,17
raw_query_vs_distorted_render_with_scaled_distortion,-0.5957688729192495,-0.6354252663980734,0.9678210539227177,-30.0,0.0,0.11962588876485825,2.0,0.995,1444,0002,0.538781163434903,778,9.94244384765625,11.17413330078125,48.466007232666016,65.7366714477539,data_caiwangcun/query/images/exif_test/0002.JPG,9000,docs/experiments/dom_dsm_prepare/query_dom_patch_alignment_batch/images/002_0002/gpu_pinhole_render.png,7766,0.25,ok,17
undistorted_query_with_scaled_distortion_vs_pinhole_render,-0.6744088244402615,-0.614781764280009,0.9614451371511425,30.0,0.0,0.20554684102535248,2.0,0.995,1477,0002,0.5247122545700744,775,14.2276611328125,-4.090087890625,51.49642562866211,72.59554290771484,data_caiwangcun/query/images/exif_test/0002.JPG,9000,docs/experiments/dom_dsm_prepare/query_dom_patch_alignment_batch/images/002_0002/gpu_pinhole_render.png,9000,0.25,ok,17
raw_query_vs_distorted_render_with_scaled_distortion,-0.6351161186134693,-0.5678543166512203,0.9658530910035856,30.0,0.0,0.029105855152010918,2.0,0.995,1470,0002,0.5034013605442177,740,7.8785400390625,13.4552001953125,47.13099670410156,63.542198181152344,data_caiwangcun/query/images/exif_test/0002.JPG,9000,docs/experiments/dom_dsm_prepare/query_dom_patch_alignment_batch/images/002_0002/gpu_pinhole_render.png,7772,0.25,ok,17
undistorted_query_with_scaled_distortion_vs_pinhole_render,-0.6931453378380673,-0.6349538637667415,0.9646634871167209,0.0,0.0,0.08326217532157898,2.0,1.0,1499,0002,0.5103402268178786,765,12.860595703125,6.852294921875,55.847023010253906,74.02384185791016,data_caiwangcun/query/images/exif_test/0002.JPG,9000,docs/experiments/dom_dsm_prepare/query_dom_patch_alignment_batch/images/002_0002/gpu_pinhole_render.png,9000,0.25,ok,17
raw_query_vs_distorted_render_with_scaled_distortion,-0.5242797395941227,-0.6563610143902495,0.972674407913143,0.0,0.0,0.24348710477352142,2.0,1.0,1464,0002,0.5116120218579235,749,13.0880126953125,9.73394775390625,46.836612701416016,66.17349243164062,data_caiwangcun/query/images/exif_test/0002.JPG,9000,docs/experiments/dom_dsm_prepare/query_dom_patch_alignment_batch/images/002_0002/gpu_pinhole_render.png,7825,0.25,ok,17
undistorted_query_with_scaled_distortion_vs_pinhole_render,-0.6361508567757567,-0.655493379452549,0.9543762272902556,0.0,-30.0,0.26369473338127136,2.0,1.0,1459,0002,0.5215901302261823,761,15.7886962890625,9.844482421875,51.45440673828125,76.01592254638672,data_caiwangcun/query/images/exif_test/0002.JPG,9000,docs/experiments/dom_dsm_prepare/query_dom_patch_alignment_batch/images/002_0002/gpu_pinhole_render.png,9000,0.25,ok,17
raw_query_vs_distorted_render_with_scaled_distortion,-0.6157511337672235,-0.6113770029478798,0.9554950637568301,0.0,-30.0,0.03096935898065567,2.0,1.0,1452,0002,0.5378787878787878,781,10.180419921875,16.2158203125,48.78164291381836,64.89020538330078,data_caiwangcun/query/images/exif_test/0002.JPG,9000,docs/experiments/dom_dsm_prepare/query_dom_patch_alignment_batch/images/002_0002/gpu_pinhole_render.png,7673,0.25,ok,17
undistorted_query_with_scaled_distortion_vs_pinhole_render,-0.6276176161456265,-0.6167692522579978,0.977371804977245,0.0,30.0,0.07266444712877274,2.0,1.0,1492,0002,0.5817694369973191,868,8.99822998046875,3.5518798828125,50.589134216308594,69.12409210205078,data_caiwangcun/query/images/exif_test/0002.JPG,9001,docs/experiments/dom_dsm_prepare/query_dom_patch_alignment_batch/images/002_0002/gpu_pinhole_render.png,9000,0.25,ok,17
raw_query_vs_distorted_render_with_scaled_distortion,-0.612480519034918,-0.5678183281587216,0.9733803697268532,0.0,30.0,0.10734495520591736,2.0,1.0,1468,0002,0.5136239782016349,754,5.72515869140625,18.393798828125,47.72157669067383,62.294097900390625,data_caiwangcun/query/images/exif_test/0002.JPG,9000,docs/experiments/dom_dsm_prepare/query_dom_patch_alignment_batch/images/002_0002/gpu_pinhole_render.png,7758,0.25,ok,17
undistorted_query_with_scaled_distortion_vs_pinhole_render,-0.5352462873951896,-0.635474379336707,0.9694539828428766,-30.0,0.0,0.23208199441432953,2.0,1.0,1516,0002,0.4947229551451187,750,10.0416259765625,-11.41064453125,45.86238098144531,65.16384887695312,data_caiwangcun/query/images/exif_test/0002.JPG,9001,docs/experiments/dom_dsm_prepare/query_dom_patch_alignment_batch/images/002_0002/gpu_pinhole_render.png,9000,0.25,ok,17
raw_query_vs_distorted_render_with_scaled_distortion,-0.5558717001148449,-0.6373718272580761,0.9697840811635763,-30.0,0.0,0.17545928061008453,2.0,1.0,1505,0002,0.5348837209302325,805,10.833740234375,8.4757080078125,47.34965515136719,65.03976440429688,data_caiwangcun/query/images/exif_test/0002.JPG,9000,docs/experiments/dom_dsm_prepare/query_dom_patch_alignment_batch/images/002_0002/gpu_pinhole_render.png,7734,0.25,ok,17
undistorted_query_with_scaled_distortion_vs_pinhole_render,-0.6935575045646272,-0.6340775334983642,0.9589078177938547,30.0,0.0,0.14843936264514923,2.0,1.0,1501,0002,0.5236508994003998,786,15.0372314453125,15.002670288085938,55.34223937988281,75.0197982788086,data_caiwangcun/query/images/exif_test/0002.JPG,9000,docs/experiments/dom_dsm_prepare/query_dom_patch_alignment_batch/images/002_0002/gpu_pinhole_render.png,9000,0.25,ok,17
raw_query_vs_distorted_render_with_scaled_distortion,-0.568018659456896,-0.6278392712483014,0.9637270639159882,30.0,0.0,0.2864536643028259,2.0,1.0,1486,0002,0.5026917900403769,747,15.04052734375,12.5194091796875,46.542152404785156,67.81861877441406,data_caiwangcun/query/images/exif_test/0002.JPG,9000,docs/experiments/dom_dsm_prepare/query_dom_patch_alignment_batch/images/002_0002/gpu_pinhole_render.png,7759,0.25,ok,17
undistorted_query_with_scaled_distortion_vs_pinhole_render,-0.6419447574218103,-0.6043855527979353,0.9754325564645675,0.0,0.0,0.05686292052268982,2.0,1.005,1514,0002,0.5812417437252312,880,8.3863525390625,8.892120361328125,51.012969970703125,69.09011840820312,data_caiwangcun/query/images/exif_test/0002.JPG,9001,docs/experiments/dom_dsm_prepare/query_dom_patch_alignment_batch/images/002_0002/gpu_pinhole_render.png,9000,0.25,ok,17
raw_query_vs_distorted_render_with_scaled_distortion,-0.56757994050414,-0.6117010118621901,0.9688807711235913,0.0,0.0,0.19186365604400635,2.0,1.005,1470,0002,0.5238095238095238,770,11.40435791015625,-4.2335205078125,47.239402770996094,66.09300231933594,data_caiwangcun/query/images/exif_test/0002.JPG,9000,docs/experiments/dom_dsm_prepare/query_dom_patch_alignment_batch/images/002_0002/gpu_pinhole_render.png,7784,0.25,ok,17
undistorted_query_with_scaled_distortion_vs_pinhole_render,-0.5875654324862314,-0.6460947076695768,0.9593973215671442,0.0,-30.0,0.40144774317741394,2.0,1.005,1476,0002,0.5033875338753387,743,17.7628173828125,-12.681884765625,47.46400833129883,77.05245208740234,data_caiwangcun/query/images/exif_test/0002.JPG,9000,docs/experiments/dom_dsm_prepare/query_dom_patch_alignment_batch/images/002_0002/gpu_pinhole_render.png,9000,0.25,ok,17
raw_query_vs_distorted_render_with_scaled_distortion,-0.5531666714761743,-0.6313121161623948,0.9559193946489093,0.0,-30.0,0.3276185691356659,2.0,1.005,1503,0002,0.4976713240186294,748,14.67529296875,-9.09716796875,44.99713897705078,69.29947662353516,data_caiwangcun/query/images/exif_test/0002.JPG,9000,docs/experiments/dom_dsm_prepare/query_dom_patch_alignment_batch/images/002_0002/gpu_pinhole_render.png,7900,0.25,ok,17
undistorted_query_with_scaled_distortion_vs_pinhole_render,-0.609809939613708,-0.6561039574993415,0.9687480099029915,0.0,30.0,0.14338327944278717,2.0,1.005,1511,0002,0.5347452018530774,808,11.811767578125,8.8458251953125,52.249122619628906,70.71244812011719,data_caiwangcun/query/images/exif_test/0002.JPG,9000,docs/experiments/dom_dsm_prepare/query_dom_patch_alignment_batch/images/002_0002/gpu_pinhole_render.png,9000,0.25,ok,17
raw_query_vs_distorted_render_with_scaled_distortion,-0.6243070379897055,-0.5871971595443118,0.9719159245505108,0.0,30.0,0.11512167751789093,2.0,1.005,1459,0002,0.5442083618917066,794,9.16302490234375,16.302291870117188,48.673065185546875,65.07256317138672,data_caiwangcun/query/images/exif_test/0002.JPG,9000,docs/experiments/dom_dsm_prepare/query_dom_patch_alignment_batch/images/002_0002/gpu_pinhole_render.png,7736,0.25,ok,17
undistorted_query_with_scaled_distortion_vs_pinhole_render,-0.6664065791275723,-0.6315805284214828,0.9624536640969689,-30.0,0.0,0.10691408812999725,2.0,1.005,1484,0002,0.5094339622641509,756,11.1131591796875,-12.061767578125,53.663597106933594,72.76750183105469,data_caiwangcun/query/images/exif_test/0002.JPG,9000,docs/experiments/dom_dsm_prepare/query_dom_patch_alignment_batch/images/002_0002/gpu_pinhole_render.png,9000,0.25,ok,17
raw_query_vs_distorted_render_with_scaled_distortion,-0.5760220355556823,-0.6005501998988914,0.964995852765972,-30.0,0.0,0.31328055262565613,2.0,1.005,1468,0002,0.49114441416893734,721,10.8856201171875,-13.11639404296875,45.79191589355469,68.12398529052734,data_caiwangcun/query/images/exif_test/0002.JPG,9000,docs/experiments/dom_dsm_prepare/query_dom_patch_alignment_batch/images/002_0002/gpu_pinhole_render.png,7797,0.25,ok,17
undistorted_query_with_scaled_distortion_vs_pinhole_render,-0.618027496717501,-0.592533722799672,0.9788877282136353,30.0,0.0,0.13173268735408783,2.0,1.005,1481,0002,0.5347738014854828,792,5.3934326171875,18.3388671875,49.34672164916992,66.19560241699219,data_caiwangcun/query/images/exif_test/0002.JPG,9000,docs/experiments/dom_dsm_prepare/query_dom_patch_alignment_batch/images/002_0002/gpu_pinhole_render.png,9000,0.25,ok,17
raw_query_vs_distorted_render_with_scaled_distortion,-0.5958912663143194,-0.5910378334959896,0.9681230350586955,30.0,0.0,0.13125881552696228,2.0,1.005,1516,0002,0.5257255936675461,797,11.71337890625,12.27630615234375,47.96333694458008,63.666725158691406,data_caiwangcun/query/images/exif_test/0002.JPG,9000,docs/experiments/dom_dsm_prepare/query_dom_patch_alignment_batch/images/002_0002/gpu_pinhole_render.png,7847,0.25,ok,17
raw_query_vs_pinhole_render,0.594130612465783,0.2477509344312123,0.9704094893023752,0.0,0.0,0.41287878155708313,0.0,1.0,1777,0003,0.578503095104108,1028,8.1673583984375,10.236572265625,30.650474548339844,50.45001220703125,data_caiwangcun/query/images/exif_test/0003.JPG,9001,docs/experiments/dom_dsm_prepare/query_dom_patch_alignment_batch/images/003_0003/gpu_pinhole_render.png,9000,0.25,ok,69
undistorted_query_vs_pinhole_render,0.23446135024474501,-0.25005904307109145,0.9881876177741248,0.0,0.0,0.23485933244228363,1.0,1.0,1867,0003,0.9817889662560257,1833,3.5,14.7066650390625,40.11758804321289,64.16942596435547,data_caiwangcun/query/images/exif_test/0003.JPG,9000,docs/experiments/dom_dsm_prepare/query_dom_patch_alignment_batch/images/003_0003/gpu_pinhole_render.png,9000,0.25,ok,69
raw_query_vs_distorted_render,0.2141993874176268,-0.22968189291561533,0.988086316955714,0.0,0.0,0.2086843103170395,1.0,1.0,1810,0003,0.9856353591160221,1784,1.819091796875,13.55120849609375,38.92646026611328,61.31332778930664,data_caiwangcun/query/images/exif_test/0003.JPG,9001,docs/experiments/dom_dsm_prepare/query_dom_patch_alignment_batch/images/003_0003/gpu_pinhole_render.png,9000,0.25,ok,69
undistorted_query_with_scaled_distortion_vs_pinhole_render,0.7398952868673089,0.5990001055031666,0.9440391593702595,0.0,0.0,0.6242452263832092,-1.0,0.995,1674,0003,0.5519713261648745,924,18.140869140625,10.7232666015625,32.4627685546875,83.04505920410156,data_caiwangcun/query/images/exif_test/0003.JPG,9000,docs/experiments/dom_dsm_prepare/query_dom_patch_alignment_batch/images/003_0003/gpu_pinhole_render.png,9000,0.25,ok,69
raw_query_vs_distorted_render_with_scaled_distortion,0.7480232605430159,0.4069247582825475,0.9533553380292987,0.0,0.0,0.5363448858261108,-1.0,0.995,1599,0003,0.5146966854283928,823,13.10693359375,11.6263427734375,28.969247817993164,58.746795654296875,data_caiwangcun/query/images/exif_test/0003.JPG,9001,docs/experiments/dom_dsm_prepare/query_dom_patch_alignment_batch/images/003_0003/gpu_pinhole_render.png,9000,0.25,ok,69
undistorted_query_with_scaled_distortion_vs_pinhole_render,0.7136774689486179,0.5287796675047283,0.9544842199119257,0.0,-30.0,0.4717239439487457,-1.0,0.995,1653,0003,0.5620084694494858,929,14.993408203125,8.26611328125,32.281429290771484,62.50983810424805,data_caiwangcun/query/images/exif_test/0003.JPG,9000,docs/experiments/dom_dsm_prepare/query_dom_patch_alignment_batch/images/003_0003/gpu_pinhole_render.png,9000,0.25,ok,69
raw_query_vs_distorted_render_with_scaled_distortion,0.7112155409109038,0.8503672877985431,0.9238028011551468,0.0,-30.0,0.7893128991127014,-1.0,0.995,1596,0003,0.4924812030075188,786,23.5706787109375,12.48016357421875,35.18724060058594,129.41229248046875,data_caiwangcun/query/images/exif_test/0003.JPG,9001,docs/experiments/dom_dsm_prepare/query_dom_patch_alignment_batch/images/003_0003/gpu_pinhole_render.png,9000,0.25,ok,69
undistorted_query_with_scaled_distortion_vs_pinhole_render,0.7110912638966684,0.6700579098554227,0.9387923592827137,0.0,30.0,0.6092218160629272,-1.0,0.995,1696,0003,0.5212264150943396,884,17.7587890625,7.9935302734375,31.448955535888672,86.62461853027344,data_caiwangcun/query/images/exif_test/0003.JPG,9000,docs/experiments/dom_dsm_prepare/query_dom_patch_alignment_batch/images/003_0003/gpu_pinhole_render.png,9000,0.25,ok,69
raw_query_vs_distorted_render_with_scaled_distortion,0.6651489064716516,0.5205573179036893,0.9585415402398136,0.0,30.0,0.39432573318481445,-1.0,0.995,1600,0003,0.546875,875,11.800537109375,6.582275390625,29.052650451660156,56.401248931884766,data_caiwangcun/query/images/exif_test/0003.JPG,9001,docs/experiments/dom_dsm_prepare/query_dom_patch_alignment_batch/images/003_0003/gpu_pinhole_render.png,9001,0.25,ok,69
undistorted_query_with_scaled_distortion_vs_pinhole_render,0.6012605097737507,0.820878111459878,0.932646209675666,-30.0,0.0,0.7364199757575989,-1.0,0.995,1690,0003,0.4686390532544379,792,22.216796875,8.06170654296875,32.26155090332031,83.50899505615234,data_caiwangcun/query/images/exif_test/0003.JPG,9000,docs/experiments/dom_dsm_prepare/query_dom_patch_alignment_batch/images/003_0003/gpu_pinhole_render.png,9000,0.25,ok,69
raw_query_vs_distorted_render_with_scaled_distortion,0.712872747904103,0.4657928871461142,0.9627255460519241,-30.0,0.0,0.25008514523506165,-1.0,0.995,1597,0003,0.5347526612398247,854,7.565185546875,7.0623779296875,29.475624084472656,53.7720832824707,data_caiwangcun/query/images/exif_test/0003.JPG,9001,docs/experiments/dom_dsm_prepare/query_dom_patch_alignment_batch/images/003_0003/gpu_pinhole_render.png,9000,0.25,ok,69
undistorted_query_with_scaled_distortion_vs_pinhole_render,0.7354823763283646,0.3889732818847706,0.9578839858333893,30.0,0.0,0.41355106234550476,-1.0,0.995,1648,0003,0.4866504854368932,802,5.976806640625,11.1234130859375,28.75135040283203,51.43186950683594,data_caiwangcun/query/images/exif_test/0003.JPG,9000,docs/experiments/dom_dsm_prepare/query_dom_patch_alignment_batch/images/003_0003/gpu_pinhole_render.png,9000,0.25,ok,69
raw_query_vs_distorted_render_with_scaled_distortion,0.6271806641940684,0.598290212029829,0.9532688678130763,30.0,0.0,0.5468640327453613,-1.0,0.995,1623,0003,0.5113986444855206,830,15.6583251953125,9.2340087890625,28.38831329345703,60.08673095703125,data_caiwangcun/query/images/exif_test/0003.JPG,9001,docs/experiments/dom_dsm_prepare/query_dom_patch_alignment_batch/images/003_0003/gpu_pinhole_render.png,9001,0.25,ok,69
undistorted_query_with_scaled_distortion_vs_pinhole_render,0.69253105187242,0.486888132474196,0.9632480947017891,0.0,0.0,0.3938671350479126,-1.0,1.0,1676,0003,0.5268496420047732,883,11.06982421875,8.3963623046875,30.689970016479492,54.12131881713867,data_caiwangcun/query/images/exif_test/0003.JPG,9000,docs/experiments/dom_dsm_prepare/query_dom_patch_alignment_batch/images/003_0003/gpu_pinhole_render.png,9000,0.25,ok,69
raw_query_vs_distorted_render_with_scaled_distortion,0.7492643621127727,0.3817549761925413,0.9570121513239281,0.0,0.0,0.44431087374687195,-1.0,1.0,1620,0003,0.49135802469135803,796,8.2418212890625,11.5450439453125,28.41943359375,53.77323913574219,data_caiwangcun/query/images/exif_test/0003.JPG,9001,docs/experiments/dom_dsm_prepare/query_dom_patch_alignment_batch/images/003_0003/gpu_pinhole_render.png,9000,0.25,ok,69
undistorted_query_with_scaled_distortion_vs_pinhole_render,0.7042961315951836,0.5133164047421981,0.9583551562358008,0.0,-30.0,0.4664708375930786,-1.0,1.0,1635,0003,0.5333333333333333,872,13.9727783203125,8.447265625,31.609817504882812,58.836647033691406,data_caiwangcun/query/images/exif_test/0003.JPG,9000,docs/experiments/dom_dsm_prepare/query_dom_patch_alignment_batch/images/003_0003/gpu_pinhole_render.png,9000,0.25,ok,69
raw_query_vs_distorted_render_with_scaled_distortion,0.6365130395698565,0.5327186424498216,0.9551314715567338,0.0,-30.0,0.4265883266925812,-1.0,1.0,1611,0003,0.5102420856610801,822,13.1517333984375,6.09344482421875,28.484905242919922,55.24147033691406,data_caiwangcun/query/images/exif_test/0003.JPG,9001,docs/experiments/dom_dsm_prepare/query_dom_patch_alignment_batch/images/003_0003/gpu_pinhole_render.png,9001,0.25,ok,69
undistorted_query_with_scaled_distortion_vs_pinhole_render,0.655478507128436,0.8440327085029263,0.9315117867399504,0.0,30.0,0.7792288064956665,-1.0,1.0,1688,0003,0.4834123222748815,816,24.1158447265625,11.28619384765625,37.06114959716797,92.53872680664062,data_caiwangcun/query/images/exif_test/0003.JPG,9000,docs/experiments/dom_dsm_prepare/query_dom_patch_alignment_batch/images/003_0003/gpu_pinhole_render.png,9000,0.25,ok,69
raw_query_vs_distorted_render_with_scaled_distortion,0.6774769318017151,0.546214135174507,0.9550891657273037,0.0,30.0,0.4108586609363556,-1.0,1.0,1555,0003,0.5691318327974276,885,13.093505859375,6.725830078125,30.318195343017578,59.844017028808594,data_caiwangcun/query/images/exif_test/0003.JPG,9001,docs/experiments/dom_dsm_prepare/query_dom_patch_alignment_batch/images/003_0003/gpu_pinhole_render.png,9000,0.25,ok,69
undistorted_query_with_scaled_distortion_vs_pinhole_render,0.7360695873814912,0.4208748327968539,0.96184489249364,-30.0,0.0,0.47946736216545105,-1.0,1.0,1643,0003,0.5222154595252587,858,11.98681640625,10.48419189453125,29.67649269104004,55.3052864074707,data_caiwangcun/query/images/exif_test/0003.JPG,9000,docs/experiments/dom_dsm_prepare/query_dom_patch_alignment_batch/images/003_0003/gpu_pinhole_render.png,9000,0.25,ok,69
raw_query_vs_distorted_render_with_scaled_distortion,0.8672448101089197,0.7098918851138664,0.9230685433192928,-30.0,0.0,0.9026923179626465,-1.0,1.0,1589,0003,0.47577092511013214,756,29.0357666015625,18.29498291015625,44.53040313720703,159.82952880859375,data_caiwangcun/query/images/exif_test/0003.JPG,9001,docs/experiments/dom_dsm_prepare/query_dom_patch_alignment_batch/images/003_0003/gpu_pinhole_render.png,9000,0.25,ok,69
undistorted_query_with_scaled_distortion_vs_pinhole_render,0.7102515173151799,0.5290828361857022,0.952780685641144,30.0,0.0,0.5076339840888977,-1.0,1.0,1637,0003,0.5510079413561393,902,15.0816650390625,10.03521728515625,31.638137817382812,64.87501525878906,data_caiwangcun/query/images/exif_test/0003.JPG,9000,docs/experiments/dom_dsm_prepare/query_dom_patch_alignment_batch/images/003_0003/gpu_pinhole_render.png,9000,0.25,ok,69
raw_query_vs_distorted_render_with_scaled_distortion,0.687120259305452,0.8109206142406367,0.9261880346695966,30.0,0.0,0.7962186336517334,-1.0,1.0,1603,0003,0.4928259513412352,790,22.4970703125,13.39703369140625,32.53486251831055,91.25904846191406,data_caiwangcun/query/images/exif_test/0003.JPG,9001,docs/experiments/dom_dsm_prepare/query_dom_patch_alignment_batch/images/003_0003/gpu_pinhole_render.png,9001,0.25,ok,69
undistorted_query_with_scaled_distortion_vs_pinhole_render,0.658101862823143,0.5554782178773513,0.9543748399204051,0.0,0.0,0.3348786234855652,-1.0,1.005,1674,0003,0.529868578255675,887,12.03857421875,5.21044921875,31.35243797302246,56.10995864868164,data_caiwangcun/query/images/exif_test/0003.JPG,9001,docs/experiments/dom_dsm_prepare/query_dom_patch_alignment_batch/images/003_0003/gpu_pinhole_render.png,9000,0.25,ok,69
raw_query_vs_distorted_render_with_scaled_distortion,0.7478001276109503,0.4219882866238559,0.9506837676511011,0.0,0.0,0.5627149343490601,-1.0,1.005,1622,0003,0.5215782983970407,846,13.5765380859375,12.1685791015625,29.164371490478516,59.728057861328125,data_caiwangcun/query/images/exif_test/0003.JPG,9001,docs/experiments/dom_dsm_prepare/query_dom_patch_alignment_batch/images/003_0003/gpu_pinhole_render.png,9000,0.25,ok,69
undistorted_query_with_scaled_distortion_vs_pinhole_render,0.7518737664674788,0.3790841532274776,0.9587760150671667,0.0,-30.0,0.4263557195663452,-1.0,1.005,1655,0003,0.4972809667673716,823,7.841552734375,10.701416015625,29.057214736938477,53.152347564697266,data_caiwangcun/query/images/exif_test/0003.JPG,9000,docs/experiments/dom_dsm_prepare/query_dom_patch_alignment_batch/images/003_0003/gpu_pinhole_render.png,9000,0.25,ok,69
raw_query_vs_distorted_render_with_scaled_distortion,0.7400259244006131,0.3988752300504124,0.9567568519514239,0.0,-30.0,0.47840768098831177,-1.0,1.005,1592,0003,0.5006281407035176,797,9.37158203125,11.61474609375,28.407390594482422,53.2494010925293,data_caiwangcun/query/images/exif_test/0003.JPG,9001,docs/experiments/dom_dsm_prepare/query_dom_patch_alignment_batch/images/003_0003/gpu_pinhole_render.png,9001,0.25,ok,69
undistorted_query_with_scaled_distortion_vs_pinhole_render,0.742694690483945,0.40372758301360984,0.9583263256452992,0.0,30.0,0.4841632843017578,-1.0,1.005,1656,0003,0.5126811594202898,849,9.19091796875,11.8177490234375,29.611045837402344,54.066871643066406,data_caiwangcun/query/images/exif_test/0003.JPG,9000,docs/experiments/dom_dsm_prepare/query_dom_patch_alignment_batch/images/003_0003/gpu_pinhole_render.png,9000,0.25,ok,69
raw_query_vs_distorted_render_with_scaled_distortion,0.7061040001347862,0.5107279821290885,0.9526946228596258,0.0,30.0,0.5105046629905701,-1.0,1.005,1575,0003,0.5473015873015873,862,15.2630615234375,8.61309814453125,29.53617286682129,63.77324295043945,data_caiwangcun/query/images/exif_test/0003.JPG,9001,docs/experiments/dom_dsm_prepare/query_dom_patch_alignment_batch/images/003_0003/gpu_pinhole_render.png,9000,0.25,ok,69
undistorted_query_with_scaled_distortion_vs_pinhole_render,0.7371504118880262,0.4650915945605518,0.959896785303942,-30.0,0.0,0.4420031011104584,-1.0,1.005,1688,0003,0.5408767772511849,913,12.08740234375,10.259521484375,31.31782341003418,58.20186996459961,data_caiwangcun/query/images/exif_test/0003.JPG,9001,docs/experiments/dom_dsm_prepare/query_dom_patch_alignment_batch/images/003_0003/gpu_pinhole_render.png,9000,0.25,ok,69
raw_query_vs_distorted_render_with_scaled_distortion,0.6691494529331883,0.5448309599542607,0.9572107332212668,-30.0,0.0,0.48804229497909546,-1.0,1.005,1582,0003,0.5379266750948167,851,14.014404296875,9.336181640625,29.216232299804688,60.02296447753906,data_caiwangcun/query/images/exif_test/0003.JPG,9001,docs/experiments/dom_dsm_prepare/query_dom_patch_alignment_batch/images/003_0003/gpu_pinhole_render.png,9000,0.25,ok,69
undistorted_query_with_scaled_distortion_vs_pinhole_render,0.7179800531887497,0.45613540157356697,0.9577016393784281,30.0,0.0,0.47153639793395996,-1.0,1.005,1664,0003,0.5288461538461539,880,12.7979736328125,10.468994140625,30.704172134399414,56.905555725097656,data_caiwangcun/query/images/exif_test/0003.JPG,9000,docs/experiments/dom_dsm_prepare/query_dom_patch_alignment_batch/images/003_0003/gpu_pinhole_render.png,9000,0.25,ok,69
raw_query_vs_distorted_render_with_scaled_distortion,0.728680634145147,0.4328125158853592,0.9348865183191524,30.0,0.0,0.16655142605304718,-1.0,1.005,1604,0003,0.5130922693266833,823,5.41845703125,6.343017578125,28.33683967590332,51.88692855834961,data_caiwangcun/query/images/exif_test/0003.JPG,9001,docs/experiments/dom_dsm_prepare/query_dom_patch_alignment_batch/images/003_0003/gpu_pinhole_render.png,9000,0.25,ok,69
undistorted_query_with_scaled_distortion_vs_pinhole_render,0.61349325950947,0.6676043013326303,0.9409298939269748,0.0,0.0,0.680465042591095,-0.5,0.995,1723,0003,0.5275681950087058,909,19.30859375,9.309326171875,31.79044532775879,74.12910461425781,data_caiwangcun/query/images/exif_test/0003.JPG,9000,docs/experiments/dom_dsm_prepare/query_dom_patch_alignment_batch/images/003_0003/gpu_pinhole_render.png,9000,0.25,ok,69
raw_query_vs_distorted_render_with_scaled_distortion,0.6881560621238096,0.39355064299202586,0.9623185474277688,0.0,0.0,0.29655465483665466,-0.5,0.995,1659,0003,0.5762507534659433,956,9.502685546875,7.8231201171875,31.128129959106445,55.96674346923828,data_caiwangcun/query/images/exif_test/0003.JPG,9001,docs/experiments/dom_dsm_prepare/query_dom_patch_alignment_batch/images/003_0003/gpu_pinhole_render.png,9000,0.25,ok,69
undistorted_query_with_scaled_distortion_vs_pinhole_render,0.6400843628353011,0.6188190883023543,0.9457036052962065,0.0,-30.0,0.6676908731460571,-0.5,0.995,1722,0003,0.5499419279907085,947,18.672607421875,11.1129150390625,32.0521125793457,74.26728820800781,data_caiwangcun/query/images/exif_test/0003.JPG,9000,docs/experiments/dom_dsm_prepare/query_dom_patch_alignment_batch/images/003_0003/gpu_pinhole_render.png,9000,0.25,ok,69
raw_query_vs_distorted_render_with_scaled_distortion,0.6263396003907585,0.5053816252290616,0.9557524335670504,0.0,-30.0,0.5276844501495361,-0.5,0.995,1678,0003,0.5727056019070322,961,14.162353515625,9.3408203125,30.24248695373535,62.053409576416016,data_caiwangcun/query/images/exif_test/0003.JPG,9001,docs/experiments/dom_dsm_prepare/query_dom_patch_alignment_batch/images/003_0003/gpu_pinhole_render.png,9000,0.25,ok,69
undistorted_query_with_scaled_distortion_vs_pinhole_render,0.6977785969098405,0.36211516112310027,0.9648068599240882,0.0,30.0,0.3406619727611542,-0.5,0.995,1719,0003,0.5671902268760908,975,9.606689453125,8.1060791015625,32.36723327636719,55.143367767333984,data_caiwangcun/query/images/exif_test/0003.JPG,9000,docs/experiments/dom_dsm_prepare/query_dom_patch_alignment_batch/images/003_0003/gpu_pinhole_render.png,9000,0.25,ok,69
raw_query_vs_distorted_render_with_scaled_distortion,0.7178724664157764,0.3129181255837928,0.9601560371724729,0.0,30.0,0.4629116356372833,-0.5,0.995,1650,0003,0.5321212121212121,878,9.4898681640625,11.767578125,28.997133255004883,54.06626510620117,data_caiwangcun/query/images/exif_test/0003.JPG,9001,docs/experiments/dom_dsm_prepare/query_dom_patch_alignment_batch/images/003_0003/gpu_pinhole_render.png,9000,0.25,ok,69
undistorted_query_with_scaled_distortion_vs_pinhole_render,0.7235132422971693,0.5237809317306583,0.9450169244641782,-30.0,0.0,0.6188715696334839,-0.5,0.995,1713,0003,0.6112084063047285,1047,17.104248046875,11.647705078125,34.070064544677734,84.99121856689453,data_caiwangcun/query/images/exif_test/0003.JPG,9000,docs/experiments/dom_dsm_prepare/query_dom_patch_alignment_batch/images/003_0003/gpu_pinhole_render.png,9000,0.25,ok,69
raw_query_vs_distorted_render_with_scaled_distortion,0.6320400932607971,0.6072503639401564,0.9415767500500273,-30.0,0.0,0.650793731212616,-0.5,0.995,1669,0003,0.5590173756740563,933,17.244873046875,10.4251708984375,30.110492706298828,72.18123626708984,data_caiwangcun/query/images/exif_test/0003.JPG,9001,docs/experiments/dom_dsm_prepare/query_dom_patch_alignment_batch/images/003_0003/gpu_pinhole_render.png,9001,0.25,ok,69
undistorted_query_with_scaled_distortion_vs_pinhole_render,0.6778491072736587,0.7882027335525977,0.9323755116227038,30.0,0.0,0.8081233501434326,-0.5,0.995,1681,0003,0.5151695419393219,866,22.9210205078125,13.36907958984375,36.221702575683594,100.06916809082031,data_caiwangcun/query/images/exif_test/0003.JPG,9001,docs/experiments/dom_dsm_prepare/query_dom_patch_alignment_batch/images/003_0003/gpu_pinhole_render.png,9000,0.25,ok,69
raw_query_vs_distorted_render_with_scaled_distortion,0.7997596223603485,0.7093494395586637,0.9295034753292691,30.0,0.0,0.8622794151306152,-0.5,0.995,1653,0003,0.52994555353902,876,23.8560791015625,18.555908203125,39.678001403808594,121.69813537597656,data_caiwangcun/query/images/exif_test/0003.JPG,9001,docs/experiments/dom_dsm_prepare/query_dom_patch_alignment_batch/images/003_0003/gpu_pinhole_render.png,9000,0.25,ok,69
undistorted_query_with_scaled_distortion_vs_pinhole_render,0.6416686284756618,0.4916309321471515,0.9611282881558558,0.0,0.0,0.4443042576313019,-0.5,1.0,1708,0003,0.5866510538641686,1002,12.51324462890625,8.759033203125,32.845252990722656,60.4244270324707,data_caiwangcun/query/images/exif_test/0003.JPG,9000,docs/experiments/dom_dsm_prepare/query_dom_patch_alignment_batch/images/003_0003/gpu_pinhole_render.png,9000,0.25,ok,69
raw_query_vs_distorted_render_with_scaled_distortion,0.725847792072331,0.3420485900342863,0.958158642337845,0.0,0.0,0.24173504114151,-0.5,1.0,1653,0003,0.5837870538415003,965,7.39404296875,7.1259765625,31.02889060974121,55.601348876953125,data_caiwangcun/query/images/exif_test/0003.JPG,9001,docs/experiments/dom_dsm_prepare/query_dom_patch_alignment_batch/images/003_0003/gpu_pinhole_render.png,9000,0.25,ok,69
undistorted_query_with_scaled_distortion_vs_pinhole_render,0.7515145510366728,0.7215364893275039,0.9334087607912499,0.0,-30.0,0.8346887230873108,-0.5,1.0,1713,0003,0.5516637478108581,945,23.505615234375,17.391357421875,38.1997184753418,109.8326187133789,data_caiwangcun/query/images/exif_test/0003.JPG,9000,docs/experiments/dom_dsm_prepare/query_dom_patch_alignment_batch/images/003_0003/gpu_pinhole_render.png,9000,0.25,ok,69
raw_query_vs_distorted_render_with_scaled_distortion,0.6722227649633018,0.4319208297225088,0.956537671543629,0.0,-30.0,0.5417951345443726,-0.5,1.0,1651,0003,0.5723803755299818,945,12.659423828125,11.030517578125,29.92860984802246,60.72845458984375,data_caiwangcun/query/images/exif_test/0003.JPG,9001,docs/experiments/dom_dsm_prepare/query_dom_patch_alignment_batch/images/003_0003/gpu_pinhole_render.png,9000,0.25,ok,69
undistorted_query_with_scaled_distortion_vs_pinhole_render,0.6838054689530603,0.29959178666677594,0.9650497314497143,0.0,30.0,0.36379557847976685,-0.5,1.0,1697,0003,0.5179728933411903,879,7.289306640625,9.3782958984375,29.800994873046875,48.578067779541016,data_caiwangcun/query/images/exif_test/0003.JPG,9000,docs/experiments/dom_dsm_prepare/query_dom_patch_alignment_batch/images/003_0003/gpu_pinhole_render.png,9000,0.25,ok,69
raw_query_vs_distorted_render_with_scaled_distortion,0.6092606431389576,0.5838013311763716,0.9475803052386568,0.0,30.0,0.5940237045288086,-0.5,1.0,1660,0003,0.5662650602409639,940,15.6949462890625,9.40582275390625,29.651771545410156,68.54551696777344,data_caiwangcun/query/images/exif_test/0003.JPG,9001,docs/experiments/dom_dsm_prepare/query_dom_patch_alignment_batch/images/003_0003/gpu_pinhole_render.png,9001,0.25,ok,69
undistorted_query_with_scaled_distortion_vs_pinhole_render,0.6969516162756335,0.40409209941287405,0.9567185737037293,-30.0,0.0,0.5249637365341187,-0.5,1.0,1728,0003,0.5590277777777778,966,13.1492919921875,12.442138671875,31.71775245666504,60.914817810058594,data_caiwangcun/query/images/exif_test/0003.JPG,9000,docs/experiments/dom_dsm_prepare/query_dom_patch_alignment_batch/images/003_0003/gpu_pinhole_render.png,9000,0.25,ok,69
raw_query_vs_distorted_render_with_scaled_distortion,0.7050244991963924,0.3185744510431322,0.9619285318584878,-30.0,0.0,0.27687937021255493,-0.5,1.0,1672,0003,0.5418660287081339,906,7.3070068359375,8.0899658203125,29.599468231201172,51.07757568359375,data_caiwangcun/query/images/exif_test/0003.JPG,9001,docs/experiments/dom_dsm_prepare/query_dom_patch_alignment_batch/images/003_0003/gpu_pinhole_render.png,9000,0.25,ok,69
undistorted_query_with_scaled_distortion_vs_pinhole_render,0.7227180958296913,0.5387702770794264,0.9420022030331968,30.0,0.0,0.6514752507209778,-0.5,1.0,1668,0003,0.5893285371702638,983,18.262939453125,10.21484375,33.57879638671875,87.93616485595703,data_caiwangcun/query/images/exif_test/0003.JPG,9001,docs/experiments/dom_dsm_prepare/query_dom_patch_alignment_batch/images/003_0003/gpu_pinhole_render.png,9000,0.25,ok,69
raw_query_vs_distorted_render_with_scaled_distortion,0.6887109637706239,0.364463243910141,0.9570490549600742,30.0,0.0,0.27519097924232483,-0.5,1.0,1648,0003,0.570995145631068,941,7.23291015625,8.015625,29.832468032836914,52.69070816040039,data_caiwangcun/query/images/exif_test/0003.JPG,9001,docs/experiments/dom_dsm_prepare/query_dom_patch_alignment_batch/images/003_0003/gpu_pinhole_render.png,9000,0.25,ok,69
undistorted_query_with_scaled_distortion_vs_pinhole_render,0.719452770321687,0.7727570754947443,0.932736920175106,0.0,0.0,0.8228837251663208,-0.5,1.005,1704,0003,0.5534037558685446,943,23.69775390625,15.94921875,39.169891357421875,109.9542007446289,data_caiwangcun/query/images/exif_test/0003.JPG,9001,docs/experiments/dom_dsm_prepare/query_dom_patch_alignment_batch/images/003_0003/gpu_pinhole_render.png,9000,0.25,ok,69
raw_query_vs_distorted_render_with_scaled_distortion,0.6903218351780338,0.3057193732152275,0.9483336298918041,0.0,0.0,0.08891207724809647,-0.5,1.005,1652,0003,0.5084745762711864,840,2.6405029296875,3.32421875,27.71555519104004,51.2850456237793,data_caiwangcun/query/images/exif_test/0003.JPG,9001,docs/experiments/dom_dsm_prepare/query_dom_patch_alignment_batch/images/003_0003/gpu_pinhole_render.png,9000,0.25,ok,69
undistorted_query_with_scaled_distortion_vs_pinhole_render,0.7011066561034375,0.32947080538270207,0.9570806392981482,0.0,-30.0,0.2602112591266632,-0.5,1.005,1712,0003,0.5490654205607477,940,5.1004638671875,7.1160888671875,31.163860321044922,51.10365295410156,data_caiwangcun/query/images/exif_test/0003.JPG,9000,docs/experiments/dom_dsm_prepare/query_dom_patch_alignment_batch/images/003_0003/gpu_pinhole_render.png,9000,0.25,ok,69
raw_query_vs_distorted_render_with_scaled_distortion,0.6373822477535231,0.6436726714379746,0.9423013782931642,0.0,-30.0,0.6808016300201416,-0.5,1.005,1656,0003,0.5670289855072463,939,18.192626953125,12.289794921875,31.856542587280273,77.62257385253906,data_caiwangcun/query/images/exif_test/0003.JPG,9001,docs/experiments/dom_dsm_prepare/query_dom_patch_alignment_batch/images/003_0003/gpu_pinhole_render.png,9000,0.25,ok,69
undistorted_query_with_scaled_distortion_vs_pinhole_render,0.694873987410302,0.520178326865581,0.9529285682091264,0.0,30.0,0.33976638317108154,-0.5,1.005,1720,0003,0.5226744186046511,899,9.720947265625,8.090087890625,33.5264778137207,70.4410400390625,data_caiwangcun/query/images/exif_test/0003.JPG,9000,docs/experiments/dom_dsm_prepare/query_dom_patch_alignment_batch/images/003_0003/gpu_pinhole_render.png,9000,0.25,ok,69
raw_query_vs_distorted_render_with_scaled_distortion,0.7145956204480444,0.8171284712992795,0.927753617095193,0.0,30.0,0.8138527870178223,-0.5,1.005,1634,0003,0.5593635250917993,914,23.4952392578125,13.77642822265625,37.425994873046875,117.39327239990234,data_caiwangcun/query/images/exif_test/0003.JPG,9001,docs/experiments/dom_dsm_prepare/query_dom_patch_alignment_batch/images/003_0003/gpu_pinhole_render.png,9000,0.25,ok,69
undistorted_query_with_scaled_distortion_vs_pinhole_render,0.6459027362920615,0.6341907934442109,0.944717959082365,-30.0,0.0,0.5677359700202942,-0.5,1.005,1711,0003,0.5645821157218002,966,16.01605224609375,8.02777099609375,32.21253204345703,82.66271209716797,data_caiwangcun/query/images/exif_test/0003.JPG,9000,docs/experiments/dom_dsm_prepare/query_dom_patch_alignment_batch/images/003_0003/gpu_pinhole_render.png,9000,0.25,ok,69
raw_query_vs_distorted_render_with_scaled_distortion,0.7680551822470021,0.5510465277394715,0.9364225202012995,-30.0,0.0,0.7836335897445679,-0.5,1.005,1671,0003,0.5745062836624776,960,21.0460205078125,15.29217529296875,34.55220413208008,107.25613403320312,data_caiwangcun/query/images/exif_test/0003.JPG,9001,docs/experiments/dom_dsm_prepare/query_dom_patch_alignment_batch/images/003_0003/gpu_pinhole_render.png,9000,0.25,ok,69
undistorted_query_with_scaled_distortion_vs_pinhole_render,0.7972098361650833,0.26215164438353283,0.9428556915046044,30.0,0.0,0.6345045566558838,-0.5,1.005,1696,0003,0.5318396226415094,902,13.197265625,15.315673828125,31.2101993560791,68.93714141845703,data_caiwangcun/query/images/exif_test/0003.JPG,9000,docs/experiments/dom_dsm_prepare/query_dom_patch_alignment_batch/images/003_0003/gpu_pinhole_render.png,9000,0.25,ok,69
raw_query_vs_distorted_render_with_scaled_distortion,0.6434821439471763,0.44971915684526864,0.9621469405991898,30.0,0.0,0.49018216133117676,-0.5,1.005,1684,0003,0.5771971496437055,972,11.887451171875,10.1060791015625,31.152992248535156,57.803184509277344,data_caiwangcun/query/images/exif_test/0003.JPG,9001,docs/experiments/dom_dsm_prepare/query_dom_patch_alignment_batch/images/003_0003/gpu_pinhole_render.png,9000,0.25,ok,69
undistorted_query_with_scaled_distortion_vs_pinhole_render,0.594130612465783,0.2477509344312123,0.9704094893023752,0.0,0.0,0.41287878155708313,0.0,0.995,1777,0003,0.578503095104108,1028,8.1673583984375,10.236572265625,30.650474548339844,50.45001220703125,data_caiwangcun/query/images/exif_test/0003.JPG,9001,docs/experiments/dom_dsm_prepare/query_dom_patch_alignment_batch/images/003_0003/gpu_pinhole_render.png,9000,0.25,ok,69
raw_query_vs_distorted_render_with_scaled_distortion,0.594130612465783,0.2477509344312123,0.9704094893023752,0.0,0.0,0.41287878155708313,0.0,0.995,1777,0003,0.578503095104108,1028,8.1673583984375,10.236572265625,30.650474548339844,50.45001220703125,data_caiwangcun/query/images/exif_test/0003.JPG,9001,docs/experiments/dom_dsm_prepare/query_dom_patch_alignment_batch/images/003_0003/gpu_pinhole_render.png,9000,0.25,ok,69
undistorted_query_with_scaled_distortion_vs_pinhole_render,0.594130612465783,0.2477509344312123,0.9704094893023752,0.0,-30.0,0.41287878155708313,0.0,0.995,1777,0003,0.578503095104108,1028,8.1673583984375,10.236572265625,30.650474548339844,50.45001220703125,data_caiwangcun/query/images/exif_test/0003.JPG,9001,docs/experiments/dom_dsm_prepare/query_dom_patch_alignment_batch/images/003_0003/gpu_pinhole_render.png,9000,0.25,ok,69
raw_query_vs_distorted_render_with_scaled_distortion,0.594130612465783,0.2477509344312123,0.9704094893023752,0.0,-30.0,0.41287878155708313,0.0,0.995,1777,0003,0.578503095104108,1028,8.1673583984375,10.236572265625,30.650474548339844,50.45001220703125,data_caiwangcun/query/images/exif_test/0003.JPG,9001,docs/experiments/dom_dsm_prepare/query_dom_patch_alignment_batch/images/003_0003/gpu_pinhole_render.png,9000,0.25,ok,69
undistorted_query_with_scaled_distortion_vs_pinhole_render,0.594130612465783,0.2477509344312123,0.9704094893023752,0.0,30.0,0.41287878155708313,0.0,0.995,1777,0003,0.578503095104108,1028,8.1673583984375,10.236572265625,30.650474548339844,50.45001220703125,data_caiwangcun/query/images/exif_test/0003.JPG,9001,docs/experiments/dom_dsm_prepare/query_dom_patch_alignment_batch/images/003_0003/gpu_pinhole_render.png,9000,0.25,ok,69
raw_query_vs_distorted_render_with_scaled_distortion,0.594130612465783,0.2477509344312123,0.9704094893023752,0.0,30.0,0.41287878155708313,0.0,0.995,1777,0003,0.578503095104108,1028,8.1673583984375,10.236572265625,30.650474548339844,50.45001220703125,data_caiwangcun/query/images/exif_test/0003.JPG,9001,docs/experiments/dom_dsm_prepare/query_dom_patch_alignment_batch/images/003_0003/gpu_pinhole_render.png,9000,0.25,ok,69
undistorted_query_with_scaled_distortion_vs_pinhole_render,0.594130612465783,0.2477509344312123,0.9704094893023752,-30.0,0.0,0.41287878155708313,0.0,0.995,1777,0003,0.578503095104108,1028,8.1673583984375,10.236572265625,30.650474548339844,50.45001220703125,data_caiwangcun/query/images/exif_test/0003.JPG,9001,docs/experiments/dom_dsm_prepare/query_dom_patch_alignment_batch/images/003_0003/gpu_pinhole_render.png,9000,0.25,ok,69
raw_query_vs_distorted_render_with_scaled_distortion,0.594130612465783,0.2477509344312123,0.9704094893023752,-30.0,0.0,0.41287878155708313,0.0,0.995,1777,0003,0.578503095104108,1028,8.1673583984375,10.236572265625,30.650474548339844,50.45001220703125,data_caiwangcun/query/images/exif_test/0003.JPG,9001,docs/experiments/dom_dsm_prepare/query_dom_patch_alignment_batch/images/003_0003/gpu_pinhole_render.png,9000,0.25,ok,69
undistorted_query_with_scaled_distortion_vs_pinhole_render,0.594130612465783,0.2477509344312123,0.9704094893023752,30.0,0.0,0.41287878155708313,0.0,0.995,1777,0003,0.578503095104108,1028,8.1673583984375,10.236572265625,30.650474548339844,50.45001220703125,data_caiwangcun/query/images/exif_test/0003.JPG,9001,docs/experiments/dom_dsm_prepare/query_dom_patch_alignment_batch/images/003_0003/gpu_pinhole_render.png,9000,0.25,ok,69
raw_query_vs_distorted_render_with_scaled_distortion,0.594130612465783,0.2477509344312123,0.9704094893023752,30.0,0.0,0.41287878155708313,0.0,0.995,1777,0003,0.578503095104108,1028,8.1673583984375,10.236572265625,30.650474548339844,50.45001220703125,data_caiwangcun/query/images/exif_test/0003.JPG,9001,docs/experiments/dom_dsm_prepare/query_dom_patch_alignment_batch/images/003_0003/gpu_pinhole_render.png,9000,0.25,ok,69
undistorted_query_with_scaled_distortion_vs_pinhole_render,0.594130612465783,0.2477509344312123,0.9704094893023752,0.0,0.0,0.41287878155708313,0.0,1.0,1777,0003,0.578503095104108,1028,8.1673583984375,10.236572265625,30.650474548339844,50.45001220703125,data_caiwangcun/query/images/exif_test/0003.JPG,9001,docs/experiments/dom_dsm_prepare/query_dom_patch_alignment_batch/images/003_0003/gpu_pinhole_render.png,9000,0.25,ok,69
raw_query_vs_distorted_render_with_scaled_distortion,0.594130612465783,0.2477509344312123,0.9704094893023752,0.0,0.0,0.41287878155708313,0.0,1.0,1777,0003,0.578503095104108,1028,8.1673583984375,10.236572265625,30.650474548339844,50.45001220703125,data_caiwangcun/query/images/exif_test/0003.JPG,9001,docs/experiments/dom_dsm_prepare/query_dom_patch_alignment_batch/images/003_0003/gpu_pinhole_render.png,9000,0.25,ok,69
undistorted_query_with_scaled_distortion_vs_pinhole_render,0.594130612465783,0.2477509344312123,0.9704094893023752,0.0,-30.0,0.41287878155708313,0.0,1.0,1777,0003,0.578503095104108,1028,8.1673583984375,10.236572265625,30.650474548339844,50.45001220703125,data_caiwangcun/query/images/exif_test/0003.JPG,9001,docs/experiments/dom_dsm_prepare/query_dom_patch_alignment_batch/images/003_0003/gpu_pinhole_render.png,9000,0.25,ok,69
raw_query_vs_distorted_render_with_scaled_distortion,0.594130612465783,0.2477509344312123,0.9704094893023752,0.0,-30.0,0.41287878155708313,0.0,1.0,1777,0003,0.578503095104108,1028,8.1673583984375,10.236572265625,30.650474548339844,50.45001220703125,data_caiwangcun/query/images/exif_test/0003.JPG,9001,docs/experiments/dom_dsm_prepare/query_dom_patch_alignment_batch/images/003_0003/gpu_pinhole_render.png,9000,0.25,ok,69
undistorted_query_with_scaled_distortion_vs_pinhole_render,0.594130612465783,0.2477509344312123,0.9704094893023752,0.0,30.0,0.41287878155708313,0.0,1.0,1777,0003,0.578503095104108,1028,8.1673583984375,10.236572265625,30.650474548339844,50.45001220703125,data_caiwangcun/query/images/exif_test/0003.JPG,9001,docs/experiments/dom_dsm_prepare/query_dom_patch_alignment_batch/images/003_0003/gpu_pinhole_render.png,9000,0.25,ok,69
raw_query_vs_distorted_render_with_scaled_distortion,0.594130612465783,0.2477509344312123,0.9704094893023752,0.0,30.0,0.41287878155708313,0.0,1.0,1777,0003,0.578503095104108,1028,8.1673583984375,10.236572265625,30.650474548339844,50.45001220703125,data_caiwangcun/query/images/exif_test/0003.JPG,9001,docs/experiments/dom_dsm_prepare/query_dom_patch_alignment_batch/images/003_0003/gpu_pinhole_render.png,9000,0.25,ok,69
undistorted_query_with_scaled_distortion_vs_pinhole_render,0.594130612465783,0.2477509344312123,0.9704094893023752,-30.0,0.0,0.41287878155708313,0.0,1.0,1777,0003,0.578503095104108,1028,8.1673583984375,10.236572265625,30.650474548339844,50.45001220703125,data_caiwangcun/query/images/exif_test/0003.JPG,9001,docs/experiments/dom_dsm_prepare/query_dom_patch_alignment_batch/images/003_0003/gpu_pinhole_render.png,9000,0.25,ok,69
raw_query_vs_distorted_render_with_scaled_distortion,0.594130612465783,0.2477509344312123,0.9704094893023752,-30.0,0.0,0.41287878155708313,0.0,1.0,1777,0003,0.578503095104108,1028,8.1673583984375,10.236572265625,30.650474548339844,50.45001220703125,data_caiwangcun/query/images/exif_test/0003.JPG,9001,docs/experiments/dom_dsm_prepare/query_dom_patch_alignment_batch/images/003_0003/gpu_pinhole_render.png,9000,0.25,ok,69
undistorted_query_with_scaled_distortion_vs_pinhole_render,0.594130612465783,0.2477509344312123,0.9704094893023752,30.0,0.0,0.41287878155708313,0.0,1.0,1777,0003,0.578503095104108,1028,8.1673583984375,10.236572265625,30.650474548339844,50.45001220703125,data_caiwangcun/query/images/exif_test/0003.JPG,9001,docs/experiments/dom_dsm_prepare/query_dom_patch_alignment_batch/images/003_0003/gpu_pinhole_render.png,9000,0.25,ok,69
raw_query_vs_distorted_render_with_scaled_distortion,0.594130612465783,0.2477509344312123,0.9704094893023752,30.0,0.0,0.41287878155708313,0.0,1.0,1777,0003,0.578503095104108,1028,8.1673583984375,10.236572265625,30.650474548339844,50.45001220703125,data_caiwangcun/query/images/exif_test/0003.JPG,9001,docs/experiments/dom_dsm_prepare/query_dom_patch_alignment_batch/images/003_0003/gpu_pinhole_render.png,9000,0.25,ok,69
undistorted_query_with_scaled_distortion_vs_pinhole_render,0.594130612465783,0.2477509344312123,0.9704094893023752,0.0,0.0,0.41287878155708313,0.0,1.005,1777,0003,0.578503095104108,1028,8.1673583984375,10.236572265625,30.650474548339844,50.45001220703125,data_caiwangcun/query/images/exif_test/0003.JPG,9001,docs/experiments/dom_dsm_prepare/query_dom_patch_alignment_batch/images/003_0003/gpu_pinhole_render.png,9000,0.25,ok,69
raw_query_vs_distorted_render_with_scaled_distortion,0.594130612465783,0.2477509344312123,0.9704094893023752,0.0,0.0,0.41287878155708313,0.0,1.005,1777,0003,0.578503095104108,1028,8.1673583984375,10.236572265625,30.650474548339844,50.45001220703125,data_caiwangcun/query/images/exif_test/0003.JPG,9001,docs/experiments/dom_dsm_prepare/query_dom_patch_alignment_batch/images/003_0003/gpu_pinhole_render.png,9000,0.25,ok,69
undistorted_query_with_scaled_distortion_vs_pinhole_render,0.594130612465783,0.2477509344312123,0.9704094893023752,0.0,-30.0,0.41287878155708313,0.0,1.005,1777,0003,0.578503095104108,1028,8.1673583984375,10.236572265625,30.650474548339844,50.45001220703125,data_caiwangcun/query/images/exif_test/0003.JPG,9001,docs/experiments/dom_dsm_prepare/query_dom_patch_alignment_batch/images/003_0003/gpu_pinhole_render.png,9000,0.25,ok,69
raw_query_vs_distorted_render_with_scaled_distortion,0.594130612465783,0.2477509344312123,0.9704094893023752,0.0,-30.0,0.41287878155708313,0.0,1.005,1777,0003,0.578503095104108,1028,8.1673583984375,10.236572265625,30.650474548339844,50.45001220703125,data_caiwangcun/query/images/exif_test/0003.JPG,9001,docs/experiments/dom_dsm_prepare/query_dom_patch_alignment_batch/images/003_0003/gpu_pinhole_render.png,9000,0.25,ok,69
undistorted_query_with_scaled_distortion_vs_pinhole_render,0.594130612465783,0.2477509344312123,0.9704094893023752,0.0,30.0,0.41287878155708313,0.0,1.005,1777,0003,0.578503095104108,1028,8.1673583984375,10.236572265625,30.650474548339844,50.45001220703125,data_caiwangcun/query/images/exif_test/0003.JPG,9001,docs/experiments/dom_dsm_prepare/query_dom_patch_alignment_batch/images/003_0003/gpu_pinhole_render.png,9000,0.25,ok,69
raw_query_vs_distorted_render_with_scaled_distortion,0.594130612465783,0.2477509344312123,0.9704094893023752,0.0,30.0,0.41287878155708313,0.0,1.005,1777,0003,0.578503095104108,1028,8.1673583984375,10.236572265625,30.650474548339844,50.45001220703125,data_caiwangcun/query/images/exif_test/0003.JPG,9001,docs/experiments/dom_dsm_prepare/query_dom_patch_alignment_batch/images/003_0003/gpu_pinhole_render.png,9000,0.25,ok,69
undistorted_query_with_scaled_distortion_vs_pinhole_render,0.594130612465783,0.2477509344312123,0.9704094893023752,-30.0,0.0,0.41287878155708313,0.0,1.005,1777,0003,0.578503095104108,1028,8.1673583984375,10.236572265625,30.650474548339844,50.45001220703125,data_caiwangcun/query/images/exif_test/0003.JPG,9001,docs/experiments/dom_dsm_prepare/query_dom_patch_alignment_batch/images/003_0003/gpu_pinhole_render.png,9000,0.25,ok,69
raw_query_vs_distorted_render_with_scaled_distortion,0.594130612465783,0.2477509344312123,0.9704094893023752,-30.0,0.0,0.41287878155708313,0.0,1.005,1777,0003,0.578503095104108,1028,8.1673583984375,10.236572265625,30.650474548339844,50.45001220703125,data_caiwangcun/query/images/exif_test/0003.JPG,9001,docs/experiments/dom_dsm_prepare/query_dom_patch_alignment_batch/images/003_0003/gpu_pinhole_render.png,9000,0.25,ok,69
undistorted_query_with_scaled_distortion_vs_pinhole_render,0.594130612465783,0.2477509344312123,0.9704094893023752,30.0,0.0,0.41287878155708313,0.0,1.005,1777,0003,0.578503095104108,1028,8.1673583984375,10.236572265625,30.650474548339844,50.45001220703125,data_caiwangcun/query/images/exif_test/0003.JPG,9001,docs/experiments/dom_dsm_prepare/query_dom_patch_alignment_batch/images/003_0003/gpu_pinhole_render.png,9000,0.25,ok,69
raw_query_vs_distorted_render_with_scaled_distortion,0.594130612465783,0.2477509344312123,0.9704094893023752,30.0,0.0,0.41287878155708313,0.0,1.005,1777,0003,0.578503095104108,1028,8.1673583984375,10.236572265625,30.650474548339844,50.45001220703125,data_caiwangcun/query/images/exif_test/0003.JPG,9001,docs/experiments/dom_dsm_prepare/query_dom_patch_alignment_batch/images/003_0003/gpu_pinhole_render.png,9000,0.25,ok,69
undistorted_query_with_scaled_distortion_vs_pinhole_render,0.5948976477662316,0.09933597424651942,0.9743358954725185,0.0,0.0,0.48079878091812134,0.5,0.995,1852,0003,0.7651187904967602,1417,10.66357421875,13.76611328125,35.0113525390625,65.026611328125,data_caiwangcun/query/images/exif_test/0003.JPG,9000,docs/experiments/dom_dsm_prepare/query_dom_patch_alignment_batch/images/003_0003/gpu_pinhole_render.png,9000,0.25,ok,69
raw_query_vs_distorted_render_with_scaled_distortion,0.6447434446824006,0.0622297508835467,0.9744713478593628,0.0,0.0,0.5341788530349731,0.5,0.995,1749,0003,0.7958833619210978,1392,12.115234375,16.01934814453125,34.97712326049805,69.58403778076172,data_caiwangcun/query/images/exif_test/0003.JPG,9001,docs/experiments/dom_dsm_prepare/query_dom_patch_alignment_batch/images/003_0003/gpu_pinhole_render.png,9000,0.25,ok,69
undistorted_query_with_scaled_distortion_vs_pinhole_render,0.5080848761452537,0.09846220545054671,0.9736220208428633,0.0,-30.0,0.21289530396461487,0.5,0.995,1853,0003,0.6961683756071236,1290,4.43212890625,7.15850830078125,32.928768157958984,52.2271842956543,data_caiwangcun/query/images/exif_test/0003.JPG,9001,docs/experiments/dom_dsm_prepare/query_dom_patch_alignment_batch/images/003_0003/gpu_pinhole_render.png,9000,0.25,ok,69
raw_query_vs_distorted_render_with_scaled_distortion,0.6302557676722993,0.09360411744081806,0.9748754347353747,0.0,-30.0,0.5093395709991455,0.5,0.995,1713,0003,0.819614711033275,1404,11.4453125,15.72064208984375,35.34850311279297,68.99606323242188,data_caiwangcun/query/images/exif_test/0003.JPG,9001,docs/experiments/dom_dsm_prepare/query_dom_patch_alignment_batch/images/003_0003/gpu_pinhole_render.png,9000,0.25,ok,69
undistorted_query_with_scaled_distortion_vs_pinhole_render,0.6439430201121594,0.09227257745142109,0.9716826013780472,0.0,30.0,0.5937533974647522,0.5,0.995,1836,0003,0.7505446623093682,1378,12.14697265625,17.49359130859375,34.84038162231445,72.66751098632812,data_caiwangcun/query/images/exif_test/0003.JPG,9000,docs/experiments/dom_dsm_prepare/query_dom_patch_alignment_batch/images/003_0003/gpu_pinhole_render.png,9000,0.25,ok,69
raw_query_vs_distorted_render_with_scaled_distortion,0.6169941965102571,0.08103129612087012,0.9772091549242847,0.0,30.0,0.3745499849319458,0.5,0.995,1700,0003,0.7835294117647059,1332,6.656982421875,12.75201416015625,34.93428421020508,62.62649154663086,data_caiwangcun/query/images/exif_test/0003.JPG,9001,docs/experiments/dom_dsm_prepare/query_dom_patch_alignment_batch/images/003_0003/gpu_pinhole_render.png,9000,0.25,ok,69
undistorted_query_with_scaled_distortion_vs_pinhole_render,0.6199633096901503,0.171415996012818,0.9705510950362851,-30.0,0.0,0.6211224794387817,0.5,0.995,1879,0003,0.7589143161255987,1426,14.22119140625,17.3768310546875,34.851409912109375,74.58154296875,data_caiwangcun/query/images/exif_test/0003.JPG,9000,docs/experiments/dom_dsm_prepare/query_dom_patch_alignment_batch/images/003_0003/gpu_pinhole_render.png,9000,0.25,ok,69
raw_query_vs_distorted_render_with_scaled_distortion,0.5811419276566604,0.056164671790449566,0.9783081805628103,-30.0,0.0,0.44231289625167847,0.5,0.995,1733,0003,0.758799769186382,1315,9.276611328125,13.2896728515625,34.082420349121094,59.91643524169922,data_caiwangcun/query/images/exif_test/0003.JPG,9001,docs/experiments/dom_dsm_prepare/query_dom_patch_alignment_batch/images/003_0003/gpu_pinhole_render.png,9000,0.25,ok,69
undistorted_query_with_scaled_distortion_vs_pinhole_render,0.6118352332051923,0.11348975647267591,0.972711657789649,30.0,0.0,0.5200911164283752,0.5,0.995,1850,0003,0.7594594594594595,1405,12.3583984375,13.583984375,35.14216613769531,68.553955078125,data_caiwangcun/query/images/exif_test/0003.JPG,9000,docs/experiments/dom_dsm_prepare/query_dom_patch_alignment_batch/images/003_0003/gpu_pinhole_render.png,9000,0.25,ok,69
raw_query_vs_distorted_render_with_scaled_distortion,0.5867902692067374,0.0322463766172406,0.9783140431219798,30.0,0.0,0.38591933250427246,0.5,0.995,1784,0003,0.7488789237668162,1336,8.366943359375,12.10833740234375,34.224185943603516,57.453582763671875,data_caiwangcun/query/images/exif_test/0003.JPG,9001,docs/experiments/dom_dsm_prepare/query_dom_patch_alignment_batch/images/003_0003/gpu_pinhole_render.png,9000,0.25,ok,69
undistorted_query_with_scaled_distortion_vs_pinhole_render,0.5766925213400217,0.10233319777312605,0.9733691702263418,0.0,0.0,0.4524485468864441,0.5,1.0,1828,0003,0.7576586433260394,1385,10.208984375,12.7685546875,34.66108322143555,63.48431396484375,data_caiwangcun/query/images/exif_test/0003.JPG,9000,docs/experiments/dom_dsm_prepare/query_dom_patch_alignment_batch/images/003_0003/gpu_pinhole_render.png,9000,0.25,ok,69
raw_query_vs_distorted_render_with_scaled_distortion,0.6204203064259821,0.18662654708154672,0.9732613772795319,0.0,0.0,0.6378881931304932,0.5,1.0,1776,0003,0.7652027027027027,1359,13.730224609375,17.89599609375,34.428462982177734,73.25508117675781,data_caiwangcun/query/images/exif_test/0003.JPG,9001,docs/experiments/dom_dsm_prepare/query_dom_patch_alignment_batch/images/003_0003/gpu_pinhole_render.png,9000,0.25,ok,69
undistorted_query_with_scaled_distortion_vs_pinhole_render,0.6122985542342365,0.08856194755337936,0.9737342974265863,0.0,-30.0,0.4845832884311676,0.5,1.0,1867,0003,0.760578468130691,1420,11.5947265625,13.3341064453125,35.024417877197266,66.37458038330078,data_caiwangcun/query/images/exif_test/0003.JPG,9000,docs/experiments/dom_dsm_prepare/query_dom_patch_alignment_batch/images/003_0003/gpu_pinhole_render.png,9000,0.25,ok,69
raw_query_vs_distorted_render_with_scaled_distortion,0.6348462320328137,0.06953398552353278,0.977341003588065,0.0,-30.0,0.2551766037940979,0.5,1.0,1715,0003,0.8075801749271136,1385,5.67529296875,9.4656982421875,35.55592346191406,63.534027099609375,data_caiwangcun/query/images/exif_test/0003.JPG,9001,docs/experiments/dom_dsm_prepare/query_dom_patch_alignment_batch/images/003_0003/gpu_pinhole_render.png,9000,0.25,ok,69
undistorted_query_with_scaled_distortion_vs_pinhole_render,0.5916766807331856,0.11175264338203092,0.9686499528566744,0.0,30.0,0.12834197282791138,0.5,1.0,1842,0003,0.7269272529858849,1339,-0.163818359375,4.929779052734375,34.16936111450195,63.043968200683594,data_caiwangcun/query/images/exif_test/0003.JPG,9000,docs/experiments/dom_dsm_prepare/query_dom_patch_alignment_batch/images/003_0003/gpu_pinhole_render.png,9000,0.25,ok,69
raw_query_vs_distorted_render_with_scaled_distortion,0.5918018571943681,0.20918768042398744,0.9728307190978414,0.0,30.0,0.6340506076812744,0.5,1.0,1733,0003,0.753606462781304,1306,14.1234130859375,17.50152587890625,34.609718322753906,72.982666015625,data_caiwangcun/query/images/exif_test/0003.JPG,9001,docs/experiments/dom_dsm_prepare/query_dom_patch_alignment_batch/images/003_0003/gpu_pinhole_render.png,9001,0.25,ok,69
undistorted_query_with_scaled_distortion_vs_pinhole_render,0.5903921622637949,0.05964031396299277,0.9768331733772324,-30.0,0.0,0.437936007976532,0.5,1.0,1845,0003,0.767479674796748,1416,9.3746337890625,14.136810302734375,34.85326385498047,61.414642333984375,data_caiwangcun/query/images/exif_test/0003.JPG,9000,docs/experiments/dom_dsm_prepare/query_dom_patch_alignment_batch/images/003_0003/gpu_pinhole_render.png,9000,0.25,ok,69
raw_query_vs_distorted_render_with_scaled_distortion,0.6625111810058231,0.02620313989666627,0.977901015217877,-30.0,0.0,0.44463831186294556,0.5,1.0,1719,0003,0.8086096567771961,1390,8.6015625,14.939453125,35.484825134277344,65.73263549804688,data_caiwangcun/query/images/exif_test/0003.JPG,9001,docs/experiments/dom_dsm_prepare/query_dom_patch_alignment_batch/images/003_0003/gpu_pinhole_render.png,9000,0.25,ok,69
undistorted_query_with_scaled_distortion_vs_pinhole_render,0.5789629032870458,0.19618742391469282,0.9717268428655661,30.0,0.0,0.5800240635871887,0.5,1.0,1861,0003,0.7404621171413218,1378,13.7445068359375,15.8311767578125,34.72715759277344,68.54348754882812,data_caiwangcun/query/images/exif_test/0003.JPG,9000,docs/experiments/dom_dsm_prepare/query_dom_patch_alignment_batch/images/003_0003/gpu_pinhole_render.png,9000,0.25,ok,69
raw_query_vs_distorted_render_with_scaled_distortion,0.5996960298709348,0.06780211681501236,0.973336584539212,30.0,0.0,0.10848879814147949,0.5,1.0,1742,0003,0.751435132032147,1309,1.990234375,5.4736328125,34.186683654785156,58.865299224853516,data_caiwangcun/query/images/exif_test/0003.JPG,9001,docs/experiments/dom_dsm_prepare/query_dom_patch_alignment_batch/images/003_0003/gpu_pinhole_render.png,9000,0.25,ok,69
undistorted_query_with_scaled_distortion_vs_pinhole_render,0.5209611622989038,0.09857607856433584,0.9774624198392713,0.0,0.0,0.3202979862689972,0.5,1.005,1858,0003,0.7217438105489774,1341,7.6441650390625,9.6326904296875,34.103694915771484,54.83161926269531,data_caiwangcun/query/images/exif_test/0003.JPG,9001,docs/experiments/dom_dsm_prepare/query_dom_patch_alignment_batch/images/003_0003/gpu_pinhole_render.png,9000,0.25,ok,69
raw_query_vs_distorted_render_with_scaled_distortion,0.6200144700948763,0.08868349977510688,0.9752169922190036,0.0,0.0,0.5153805613517761,0.5,1.005,1750,0003,0.7954285714285714,1392,12.119384765625,15.06597900390625,34.78916931152344,65.98925018310547,data_caiwangcun/query/images/exif_test/0003.JPG,9001,docs/experiments/dom_dsm_prepare/query_dom_patch_alignment_batch/images/003_0003/gpu_pinhole_render.png,9000,0.25,ok,69
undistorted_query_with_scaled_distortion_vs_pinhole_render,0.6326222363061449,0.06334733486510173,0.9742513854379083,0.0,-30.0,0.4854942262172699,0.5,1.005,1875,0003,0.7690666666666667,1442,10.939453125,15.052978515625,35.091434478759766,66.20613098144531,data_caiwangcun/query/images/exif_test/0003.JPG,9000,docs/experiments/dom_dsm_prepare/query_dom_patch_alignment_batch/images/003_0003/gpu_pinhole_render.png,9000,0.25,ok,69
raw_query_vs_distorted_render_with_scaled_distortion,0.5996167006682058,0.18448464911234477,0.9729017980800672,0.0,-30.0,0.6019682288169861,0.5,1.005,1727,0003,0.774174869716271,1337,13.29931640625,16.77783203125,34.24116897583008,71.97055053710938,data_caiwangcun/query/images/exif_test/0003.JPG,9001,docs/experiments/dom_dsm_prepare/query_dom_patch_alignment_batch/images/003_0003/gpu_pinhole_render.png,9000,0.25,ok,69
undistorted_query_with_scaled_distortion_vs_pinhole_render,0.6065304890735371,0.08407139698299526,0.9755646435109874,0.0,30.0,0.48997676372528076,0.5,1.005,1864,0003,0.7381974248927039,1376,9.421875,14.7916259765625,34.60620880126953,64.29220581054688,data_caiwangcun/query/images/exif_test/0003.JPG,9000,docs/experiments/dom_dsm_prepare/query_dom_patch_alignment_batch/images/003_0003/gpu_pinhole_render.png,9000,0.25,ok,69
raw_query_vs_distorted_render_with_scaled_distortion,0.6007301780918343,0.14811155634815176,0.9752309077105418,0.0,30.0,0.6190455555915833,0.5,1.005,1716,0003,0.7348484848484849,1261,12.6585693359375,17.60595703125,34.08433151245117,68.89146423339844,data_caiwangcun/query/images/exif_test/0003.JPG,9001,docs/experiments/dom_dsm_prepare/query_dom_patch_alignment_batch/images/003_0003/gpu_pinhole_render.png,9000,0.25,ok,69
undistorted_query_with_scaled_distortion_vs_pinhole_render,0.5522933069925035,0.04712690143864922,0.9771600629000217,-30.0,0.0,0.3178393542766571,0.5,1.005,1852,0003,0.7332613390928726,1358,6.2921142578125,10.19195556640625,33.89435577392578,54.807037353515625,data_caiwangcun/query/images/exif_test/0003.JPG,9001,docs/experiments/dom_dsm_prepare/query_dom_patch_alignment_batch/images/003_0003/gpu_pinhole_render.png,9000,0.25,ok,69
raw_query_vs_distorted_render_with_scaled_distortion,0.5668150682569362,0.06769800960825872,0.9773165963194477,-30.0,0.0,0.280333548784256,0.5,1.005,1747,0003,0.7366914710933028,1287,6.2008056640625,9.83447265625,33.8756103515625,57.123661041259766,data_caiwangcun/query/images/exif_test/0003.JPG,9001,docs/experiments/dom_dsm_prepare/query_dom_patch_alignment_batch/images/003_0003/gpu_pinhole_render.png,9000,0.25,ok,69
undistorted_query_with_scaled_distortion_vs_pinhole_render,0.6472308387938976,0.10822311341358147,0.971843095835813,30.0,0.0,0.5613621473312378,0.5,1.005,1848,0003,0.7608225108225108,1406,11.9896240234375,16.71929931640625,35.20067596435547,72.4040756225586,data_caiwangcun/query/images/exif_test/0003.JPG,9000,docs/experiments/dom_dsm_prepare/query_dom_patch_alignment_batch/images/003_0003/gpu_pinhole_render.png,9000,0.25,ok,69
raw_query_vs_distorted_render_with_scaled_distortion,0.5723767156225851,0.10688826764465768,0.9774768164108363,30.0,0.0,0.43948662281036377,0.5,1.005,1761,0003,0.7512776831345827,1323,10.506103515625,13.4595947265625,34.51236343383789,61.86495590209961,data_caiwangcun/query/images/exif_test/0003.JPG,9001,docs/experiments/dom_dsm_prepare/query_dom_patch_alignment_batch/images/003_0003/gpu_pinhole_render.png,9000,0.25,ok,69
undistorted_query_with_scaled_distortion_vs_pinhole_render,0.22946079478002124,-0.2796371993795133,0.9882948832106432,0.0,0.0,0.22518371045589447,1.0,0.995,1880,0003,0.9813829787234043,1845,3.40771484375,14.600341796875,40.101322174072266,64.6286849975586,data_caiwangcun/query/images/exif_test/0003.JPG,9000,docs/experiments/dom_dsm_prepare/query_dom_patch_alignment_batch/images/003_0003/gpu_pinhole_render.png,9000,0.25,ok,69
raw_query_vs_distorted_render_with_scaled_distortion,0.2081811285169457,-0.2548452875144726,0.9878458898158099,0.0,0.0,0.20228762924671173,1.0,0.995,1815,0003,0.984573002754821,1787,1.585693359375,13.110321044921875,38.89214324951172,60.914886474609375,data_caiwangcun/query/images/exif_test/0003.JPG,9001,docs/experiments/dom_dsm_prepare/query_dom_patch_alignment_batch/images/003_0003/gpu_pinhole_render.png,9000,0.25,ok,69
undistorted_query_with_scaled_distortion_vs_pinhole_render,0.26088979025051406,-0.30105636067482605,0.9849887769060627,0.0,-30.0,0.2190132439136505,1.0,0.995,1863,0003,0.986580783682233,1838,2.6484375,14.536117553710938,39.940250396728516,64.43045043945312,data_caiwangcun/query/images/exif_test/0003.JPG,9000,docs/experiments/dom_dsm_prepare/query_dom_patch_alignment_batch/images/003_0003/gpu_pinhole_render.png,9000,0.25,ok,69
raw_query_vs_distorted_render_with_scaled_distortion,0.21640591802501388,-0.25627527430769576,0.9848592449274796,0.0,-30.0,0.16239652037620544,1.0,0.995,1808,0003,0.9839601769911505,1779,1.041015625,12.28125,39.16436767578125,61.02543258666992,data_caiwangcun/query/images/exif_test/0003.JPG,9001,docs/experiments/dom_dsm_prepare/query_dom_patch_alignment_batch/images/003_0003/gpu_pinhole_render.png,9000,0.25,ok,69
undistorted_query_with_scaled_distortion_vs_pinhole_render,0.22528088386961917,-0.286470686602545,0.9896580213021194,0.0,30.0,0.22811050713062286,1.0,0.995,1872,0003,0.9823717948717948,1839,3.10693359375,13.849609375,40.41984939575195,65.034423828125,data_caiwangcun/query/images/exif_test/0003.JPG,9000,docs/experiments/dom_dsm_prepare/query_dom_patch_alignment_batch/images/003_0003/gpu_pinhole_render.png,9000,0.25,ok,69
raw_query_vs_distorted_render_with_scaled_distortion,0.21323986830402053,-0.26734108081396984,0.989295652960681,0.0,30.0,0.23604713380336761,1.0,0.995,1842,0003,0.987513572204126,1819,1.576904296875,14.015625,39.473472595214844,61.66638946533203,data_caiwangcun/query/images/exif_test/0003.JPG,9001,docs/experiments/dom_dsm_prepare/query_dom_patch_alignment_batch/images/003_0003/gpu_pinhole_render.png,9000,0.25,ok,69
undistorted_query_with_scaled_distortion_vs_pinhole_render,0.20626066254320483,-0.25699985377686996,0.9864690770210793,-30.0,0.0,0.23951278626918793,1.0,0.995,1866,0003,0.9839228295819936,1836,0.802978515625,15.3563232421875,39.734703063964844,64.61402893066406,data_caiwangcun/query/images/exif_test/0003.JPG,9000,docs/experiments/dom_dsm_prepare/query_dom_patch_alignment_batch/images/003_0003/gpu_pinhole_render.png,9000,0.25,ok,69
raw_query_vs_distorted_render_with_scaled_distortion,0.18347456021323508,-0.22712323389199715,0.9860159920977644,-30.0,0.0,0.18772296607494354,1.0,0.995,1808,0003,0.9839601769911505,1779,0.61572265625,12.55419921875,38.837467193603516,60.896427154541016,data_caiwangcun/query/images/exif_test/0003.JPG,9001,docs/experiments/dom_dsm_prepare/query_dom_patch_alignment_batch/images/003_0003/gpu_pinhole_render.png,9000,0.25,ok,69
undistorted_query_with_scaled_distortion_vs_pinhole_render,0.20576172889752375,-0.26398611417152884,0.9896829406354729,30.0,0.0,0.23726476728916168,1.0,0.995,1856,0003,0.9768318965517241,1813,4.202392578125,14.54248046875,40.09099578857422,64.97859954833984,data_caiwangcun/query/images/exif_test/0003.JPG,9000,docs/experiments/dom_dsm_prepare/query_dom_patch_alignment_batch/images/003_0003/gpu_pinhole_render.png,9000,0.25,ok,69
raw_query_vs_distorted_render_with_scaled_distortion,0.20720811836281078,-0.25867142456131625,0.9892818569909965,30.0,0.0,0.22899086773395538,1.0,0.995,1803,0003,0.9872434830837493,1780,3.03857421875,14.17315673828125,39.23699951171875,61.41155242919922,data_caiwangcun/query/images/exif_test/0003.JPG,9001,docs/experiments/dom_dsm_prepare/query_dom_patch_alignment_batch/images/003_0003/gpu_pinhole_render.png,9000,0.25,ok,69
undistorted_query_with_scaled_distortion_vs_pinhole_render,0.23446135024474501,-0.25005904307109145,0.9881876177741248,0.0,0.0,0.23485933244228363,1.0,1.0,1867,0003,0.9817889662560257,1833,3.5,14.7066650390625,40.11758804321289,64.16942596435547,data_caiwangcun/query/images/exif_test/0003.JPG,9000,docs/experiments/dom_dsm_prepare/query_dom_patch_alignment_batch/images/003_0003/gpu_pinhole_render.png,9000,0.25,ok,69
raw_query_vs_distorted_render_with_scaled_distortion,0.2141993874176268,-0.22968189291561533,0.988086316955714,0.0,0.0,0.2086843103170395,1.0,1.0,1810,0003,0.9856353591160221,1784,1.819091796875,13.55120849609375,38.92646026611328,61.31332778930664,data_caiwangcun/query/images/exif_test/0003.JPG,9001,docs/experiments/dom_dsm_prepare/query_dom_patch_alignment_batch/images/003_0003/gpu_pinhole_render.png,9000,0.25,ok,69
undistorted_query_with_scaled_distortion_vs_pinhole_render,0.2603511352927392,-0.2681412022932325,0.9852801653315562,0.0,-30.0,0.1849314421415329,1.0,1.0,1863,0003,0.9817498658078369,1829,2.32080078125,13.28564453125,39.637481689453125,63.873558044433594,data_caiwangcun/query/images/exif_test/0003.JPG,9001,docs/experiments/dom_dsm_prepare/query_dom_patch_alignment_batch/images/003_0003/gpu_pinhole_render.png,9000,0.25,ok,69
raw_query_vs_distorted_render_with_scaled_distortion,0.23322087006526793,-0.24217060231077467,0.9850309443760884,0.0,-30.0,0.1666000932455063,1.0,1.0,1804,0003,0.983370288248337,1774,1.6842041015625,12.55169677734375,39.424415588378906,61.0199089050293,data_caiwangcun/query/images/exif_test/0003.JPG,9001,docs/experiments/dom_dsm_prepare/query_dom_patch_alignment_batch/images/003_0003/gpu_pinhole_render.png,9001,0.25,ok,69
undistorted_query_with_scaled_distortion_vs_pinhole_render,0.26414277017664767,-0.2903096186847346,0.989295117235025,0.0,30.0,0.2514197826385498,1.0,1.0,1870,0003,0.983957219251337,1840,2.6293487548828125,14.87115478515625,40.389766693115234,65.00959777832031,data_caiwangcun/query/images/exif_test/0003.JPG,9000,docs/experiments/dom_dsm_prepare/query_dom_patch_alignment_batch/images/003_0003/gpu_pinhole_render.png,9000,0.25,ok,69
raw_query_vs_distorted_render_with_scaled_distortion,0.21578724881556832,-0.24305767288585792,0.9892794820654808,0.0,30.0,0.23569540679454803,1.0,1.0,1836,0003,0.9863834422657952,1811,2.45556640625,14.004638671875,39.34977722167969,61.7203483581543,data_caiwangcun/query/images/exif_test/0003.JPG,9001,docs/experiments/dom_dsm_prepare/query_dom_patch_alignment_batch/images/003_0003/gpu_pinhole_render.png,9000,0.25,ok,69
undistorted_query_with_scaled_distortion_vs_pinhole_render,0.2264397317758061,-0.23772714120169755,0.9861007314955544,-30.0,0.0,0.23300319910049438,1.0,1.0,1904,0003,0.9784663865546218,1863,1.120849609375,15.56890869140625,39.94839096069336,64.36103820800781,data_caiwangcun/query/images/exif_test/0003.JPG,9000,docs/experiments/dom_dsm_prepare/query_dom_patch_alignment_batch/images/003_0003/gpu_pinhole_render.png,9000,0.25,ok,69
raw_query_vs_distorted_render_with_scaled_distortion,0.22626472680519755,-0.23888086181307527,0.9862003407102183,-30.0,0.0,0.19639283418655396,1.0,1.0,1789,0003,0.9877026271660145,1767,0.5986328125,12.8095703125,38.92079162597656,61.25322723388672,data_caiwangcun/query/images/exif_test/0003.JPG,9001,docs/experiments/dom_dsm_prepare/query_dom_patch_alignment_batch/images/003_0003/gpu_pinhole_render.png,9000,0.25,ok,69
undistorted_query_with_scaled_distortion_vs_pinhole_render,0.26460514265497653,-0.2853669670457682,0.9897408059923042,30.0,0.0,0.23296985030174255,1.0,1.0,1861,0003,0.9817302525523912,1827,4.302978515625,14.1368408203125,40.11697769165039,65.20309448242188,data_caiwangcun/query/images/exif_test/0003.JPG,9000,docs/experiments/dom_dsm_prepare/query_dom_patch_alignment_batch/images/003_0003/gpu_pinhole_render.png,9000,0.25,ok,69
raw_query_vs_distorted_render_with_scaled_distortion,0.21409699447376562,-0.23619550631911584,0.9891135636775776,30.0,0.0,0.22631707787513733,1.0,1.0,1820,0003,0.9857142857142858,1794,3.662109375,14.0762939453125,39.45709228515625,61.410369873046875,data_caiwangcun/query/images/exif_test/0003.JPG,9001,docs/experiments/dom_dsm_prepare/query_dom_patch_alignment_batch/images/003_0003/gpu_pinhole_render.png,9001,0.25,ok,69
undistorted_query_with_scaled_distortion_vs_pinhole_render,0.26963633376941687,-0.2516728083083886,0.9883679796784365,0.0,0.0,0.20853851735591888,1.0,1.005,1869,0003,0.9796682718031032,1831,3.14990234375,13.6640625,40.45245361328125,64.67321014404297,data_caiwangcun/query/images/exif_test/0003.JPG,9000,docs/experiments/dom_dsm_prepare/query_dom_patch_alignment_batch/images/003_0003/gpu_pinhole_render.png,9000,0.25,ok,69
raw_query_vs_distorted_render_with_scaled_distortion,0.26791226538053625,-0.25705105977416604,0.9884101080961885,0.0,0.0,0.19527120888233185,1.0,1.005,1819,0003,0.9824079164376031,1787,1.56298828125,12.8848876953125,38.96790313720703,61.348289489746094,data_caiwangcun/query/images/exif_test/0003.JPG,9001,docs/experiments/dom_dsm_prepare/query_dom_patch_alignment_batch/images/003_0003/gpu_pinhole_render.png,9000,0.25,ok,69
undistorted_query_with_scaled_distortion_vs_pinhole_render,0.2852473335445863,-0.25883595995549413,0.9853861251304807,0.0,-30.0,0.19519086182117462,1.0,1.005,1871,0003,0.9839657936932121,1841,3.10791015625,13.9013671875,39.83769607543945,64.64386749267578,data_caiwangcun/query/images/exif_test/0003.JPG,9001,docs/experiments/dom_dsm_prepare/query_dom_patch_alignment_batch/images/003_0003/gpu_pinhole_render.png,9000,0.25,ok,69
raw_query_vs_distorted_render_with_scaled_distortion,0.2490431961664639,-0.2276044381727908,0.9854561772866459,0.0,-30.0,0.19791366159915924,1.0,1.005,1773,0003,0.9864636209813875,1749,2.7216796875,13.465576171875,38.8328857421875,61.44415283203125,data_caiwangcun/query/images/exif_test/0003.JPG,9001,docs/experiments/dom_dsm_prepare/query_dom_patch_alignment_batch/images/003_0003/gpu_pinhole_render.png,9000,0.25,ok,69
undistorted_query_with_scaled_distortion_vs_pinhole_render,0.26157327419071663,-0.2556269654413831,0.9895470586802018,0.0,30.0,0.2563268542289734,1.0,1.005,1887,0003,0.9793322734499205,1848,3.111328125,15.3486328125,40.124114990234375,64.41862487792969,data_caiwangcun/query/images/exif_test/0003.JPG,9001,docs/experiments/dom_dsm_prepare/query_dom_patch_alignment_batch/images/003_0003/gpu_pinhole_render.png,9000,0.25,ok,69
raw_query_vs_distorted_render_with_scaled_distortion,0.2610256252636576,-0.25710388095326153,0.9893635114900167,0.0,30.0,0.23090098798274994,1.0,1.005,1825,0003,0.9846575342465753,1797,2.160400390625,14.015625,39.448020935058594,61.748687744140625,data_caiwangcun/query/images/exif_test/0003.JPG,9001,docs/experiments/dom_dsm_prepare/query_dom_patch_alignment_batch/images/003_0003/gpu_pinhole_render.png,9000,0.25,ok,69
undistorted_query_with_scaled_distortion_vs_pinhole_render,0.2936702038111568,-0.27294577407155896,0.9858935626292629,-30.0,0.0,0.20712685585021973,1.0,1.005,1876,0003,0.9797441364605544,1838,0.5457763671875,14.5523681640625,40.03600311279297,64.06146240234375,data_caiwangcun/query/images/exif_test/0003.JPG,9000,docs/experiments/dom_dsm_prepare/query_dom_patch_alignment_batch/images/003_0003/gpu_pinhole_render.png,9000,0.25,ok,69
raw_query_vs_distorted_render_with_scaled_distortion,0.25744657496003776,-0.2413666436088418,0.9860066843866203,-30.0,0.0,0.1851830631494522,1.0,1.005,1788,0003,0.9860178970917226,1763,0.67919921875,12.546630859375,39.14759063720703,61.11622619628906,data_caiwangcun/query/images/exif_test/0003.JPG,9001,docs/experiments/dom_dsm_prepare/query_dom_patch_alignment_batch/images/003_0003/gpu_pinhole_render.png,9000,0.25,ok,69
undistorted_query_with_scaled_distortion_vs_pinhole_render,0.2765508035592856,-0.26594762630632673,0.989761975283912,30.0,0.0,0.21551670134067535,1.0,1.005,1868,0003,0.984475374732334,1839,4.35498046875,13.55322265625,40.57957458496094,64.7719955444336,data_caiwangcun/query/images/exif_test/0003.JPG,9000,docs/experiments/dom_dsm_prepare/query_dom_patch_alignment_batch/images/003_0003/gpu_pinhole_render.png,9000,0.25,ok,69
raw_query_vs_distorted_render_with_scaled_distortion,0.2274064716124265,-0.21676114302702076,0.9891941138823901,30.0,0.0,0.22106848657131195,1.0,1.005,1810,0003,0.987292817679558,1787,3.31396484375,13.439453125,38.816612243652344,61.40541458129883,data_caiwangcun/query/images/exif_test/0003.JPG,9001,docs/experiments/dom_dsm_prepare/query_dom_patch_alignment_batch/images/003_0003/gpu_pinhole_render.png,9000,0.25,ok,69
undistorted_query_with_scaled_distortion_vs_pinhole_render,-0.3736415230839518,-0.49409553470340856,0.9771351899667429,0.0,0.0,0.5393816828727722,1.5,0.995,1830,0003,0.7781420765027323,1424,-7.44586181640625,21.438949584960938,35.436729431152344,66.98352813720703,data_caiwangcun/query/images/exif_test/0003.JPG,9000,docs/experiments/dom_dsm_prepare/query_dom_patch_alignment_batch/images/003_0003/gpu_pinhole_render.png,9000,0.25,ok,69
raw_query_vs_distorted_render_with_scaled_distortion,-0.4702864517260225,-0.43042716689877014,0.976474011156827,0.0,0.0,0.6447908878326416,1.5,0.995,1771,0003,0.7634105025409373,1352,-8.2872314453125,22.887069702148438,34.116058349609375,70.626220703125,data_caiwangcun/query/images/exif_test/0003.JPG,9001,docs/experiments/dom_dsm_prepare/query_dom_patch_alignment_batch/images/003_0003/gpu_pinhole_render.png,9000,0.25,ok,69
undistorted_query_with_scaled_distortion_vs_pinhole_render,-0.4332983688420976,-0.5307902715410212,0.9661017562899434,0.0,-30.0,0.28219732642173767,1.5,0.995,1803,0003,0.7204658901830283,1299,-2.916015625,17.20623779296875,36.961265563964844,65.45406341552734,data_caiwangcun/query/images/exif_test/0003.JPG,9000,docs/experiments/dom_dsm_prepare/query_dom_patch_alignment_batch/images/003_0003/gpu_pinhole_render.png,9000,0.25,ok,69
raw_query_vs_distorted_render_with_scaled_distortion,-0.4867107443979207,-0.4024879379412579,0.9756769782711784,0.0,-30.0,0.5971071720123291,1.5,0.995,1805,0003,0.7728531855955678,1395,-6.610595703125,20.9813232421875,33.97840881347656,67.86858367919922,data_caiwangcun/query/images/exif_test/0003.JPG,9001,docs/experiments/dom_dsm_prepare/query_dom_patch_alignment_batch/images/003_0003/gpu_pinhole_render.png,9000,0.25,ok,69
undistorted_query_with_scaled_distortion_vs_pinhole_render,-0.3285821857558409,-0.5669320646066236,0.9807619407571363,0.0,30.0,0.3582100570201874,1.5,0.995,1788,0003,0.761744966442953,1362,-7.8963623046875,18.027206420898438,36.42496871948242,66.53759002685547,data_caiwangcun/query/images/exif_test/0003.JPG,9000,docs/experiments/dom_dsm_prepare/query_dom_patch_alignment_batch/images/003_0003/gpu_pinhole_render.png,9000,0.25,ok,69
raw_query_vs_distorted_render_with_scaled_distortion,-0.4230905191358709,-0.4157769191140984,0.9811742791147465,0.0,30.0,0.44446420669555664,1.5,0.995,1822,0003,0.7837541163556532,1428,-4.918212890625,18.531448364257812,34.6956787109375,61.65202713012695,data_caiwangcun/query/images/exif_test/0003.JPG,9001,docs/experiments/dom_dsm_prepare/query_dom_patch_alignment_batch/images/003_0003/gpu_pinhole_render.png,9000,0.25,ok,69
undistorted_query_with_scaled_distortion_vs_pinhole_render,-0.2043580197508395,-0.5605637750241352,0.9746344678538835,-30.0,0.0,0.297905296087265,1.5,0.995,1824,0003,0.737390350877193,1345,-6.4832763671875,15.17919921875,34.662818908691406,57.27750015258789,data_caiwangcun/query/images/exif_test/0003.JPG,9000,docs/experiments/dom_dsm_prepare/query_dom_patch_alignment_batch/images/003_0003/gpu_pinhole_render.png,9000,0.25,ok,69
raw_query_vs_distorted_render_with_scaled_distortion,-0.2821058621820128,-0.5314909560196303,0.974546034096168,-30.0,0.0,0.07603918015956879,1.5,0.995,1773,0003,0.7146080090242527,1267,-3.81414794921875,6.253173828125,33.140384674072266,62.40520095825195,data_caiwangcun/query/images/exif_test/0003.JPG,9001,docs/experiments/dom_dsm_prepare/query_dom_patch_alignment_batch/images/003_0003/gpu_pinhole_render.png,9000,0.25,ok,69
undistorted_query_with_scaled_distortion_vs_pinhole_render,-0.35142566579638096,-0.464894083499302,0.9799816197690331,30.0,0.0,0.4425870478153229,1.5,0.995,1797,0003,0.7740678909293267,1391,-3.37646484375,19.09619140625,34.769309997558594,60.94795227050781,data_caiwangcun/query/images/exif_test/0003.JPG,9001,docs/experiments/dom_dsm_prepare/query_dom_patch_alignment_batch/images/003_0003/gpu_pinhole_render.png,9000,0.25,ok,69
raw_query_vs_distorted_render_with_scaled_distortion,-0.4409142713897879,-0.43145668769483947,0.9786258742395872,30.0,0.0,0.610833466053009,1.5,0.995,1775,0003,0.7847887323943662,1393,-6.415283203125,22.626708984375,34.747398376464844,68.60708618164062,data_caiwangcun/query/images/exif_test/0003.JPG,9001,docs/experiments/dom_dsm_prepare/query_dom_patch_alignment_batch/images/003_0003/gpu_pinhole_render.png,9000,0.25,ok,69
undistorted_query_with_scaled_distortion_vs_pinhole_render,-0.4296358069342964,-0.4623558403248975,0.9749433201267572,0.0,0.0,0.6313754916191101,1.5,1.0,1787,0003,0.7627308337996642,1363,-8.71728515625,22.739990234375,34.46693420410156,71.75069427490234,data_caiwangcun/query/images/exif_test/0003.JPG,9001,docs/experiments/dom_dsm_prepare/query_dom_patch_alignment_batch/images/003_0003/gpu_pinhole_render.png,9000,0.25,ok,69
raw_query_vs_distorted_render_with_scaled_distortion,-0.38020084907918256,-0.3958447565585857,0.98041948197339,0.0,0.0,0.4870830178260803,1.5,1.0,1762,0003,0.7656072644721907,1349,-6.720458984375,18.51513671875,33.90330505371094,60.36831283569336,data_caiwangcun/query/images/exif_test/0003.JPG,9001,docs/experiments/dom_dsm_prepare/query_dom_patch_alignment_batch/images/003_0003/gpu_pinhole_render.png,9000,0.25,ok,69
undistorted_query_with_scaled_distortion_vs_pinhole_render,-0.37768604531837124,-0.4501984625811942,0.9734374639508319,0.0,-30.0,0.5255392789840698,1.5,1.0,1832,0003,0.7685589519650655,1408,-7.7757568359375,20.43682861328125,34.59063720703125,65.13392639160156,data_caiwangcun/query/images/exif_test/0003.JPG,9000,docs/experiments/dom_dsm_prepare/query_dom_patch_alignment_batch/images/003_0003/gpu_pinhole_render.png,9000,0.25,ok,69
raw_query_vs_distorted_render_with_scaled_distortion,-0.2547823987744801,-0.5497287151427935,0.9684993266826984,0.0,-30.0,0.20718958973884583,1.5,1.0,1813,0003,0.7126309983452841,1292,-7.6954345703125,9.156005859375,32.502967834472656,60.01300811767578,data_caiwangcun/query/images/exif_test/0003.JPG,9001,docs/experiments/dom_dsm_prepare/query_dom_patch_alignment_batch/images/003_0003/gpu_pinhole_render.png,9000,0.25,ok,69
undistorted_query_with_scaled_distortion_vs_pinhole_render,-0.5558173331766101,-0.449032040512717,0.968219136338474,0.0,30.0,0.6953344345092773,1.5,1.0,1812,0003,0.7538631346578366,1366,-8.7252197265625,27.075958251953125,35.762359619140625,79.56062316894531,data_caiwangcun/query/images/exif_test/0003.JPG,9000,docs/experiments/dom_dsm_prepare/query_dom_patch_alignment_batch/images/003_0003/gpu_pinhole_render.png,9000,0.25,ok,69
raw_query_vs_distorted_render_with_scaled_distortion,-0.2858158326059101,-0.5413449662945897,0.9826604544750098,0.0,30.0,0.40409842133522034,1.5,1.0,1809,0003,0.8059701492537313,1458,-8.339599609375,17.610824584960938,35.46833038330078,63.577659606933594,data_caiwangcun/query/images/exif_test/0003.JPG,9001,docs/experiments/dom_dsm_prepare/query_dom_patch_alignment_batch/images/003_0003/gpu_pinhole_render.png,9000,0.25,ok,69
undistorted_query_with_scaled_distortion_vs_pinhole_render,-0.41895790802718275,-0.48540250891768444,0.9721407795696312,-30.0,0.0,0.5555668473243713,1.5,1.0,1819,0003,0.7746014293567894,1409,-10.17724609375,21.1055908203125,35.489994049072266,70.77438354492188,data_caiwangcun/query/images/exif_test/0003.JPG,9000,docs/experiments/dom_dsm_prepare/query_dom_patch_alignment_batch/images/003_0003/gpu_pinhole_render.png,9000,0.25,ok,69
raw_query_vs_distorted_render_with_scaled_distortion,-0.5065635055608418,-0.4191036676340535,0.9731135499183692,-30.0,0.0,0.628283679485321,1.5,1.0,1759,0003,0.7492893689596362,1318,-7.7335205078125,22.0218505859375,33.538265228271484,70.46055603027344,data_caiwangcun/query/images/exif_test/0003.JPG,9001,docs/experiments/dom_dsm_prepare/query_dom_patch_alignment_batch/images/003_0003/gpu_pinhole_render.png,9000,0.25,ok,69
undistorted_query_with_scaled_distortion_vs_pinhole_render,-0.3822221877192953,-0.41690701385142837,0.9802036353741861,30.0,0.0,0.6153524518013,1.5,1.0,1827,0003,0.7482211275314724,1367,-4.9951171875,23.17578125,34.373111724853516,65.84154510498047,data_caiwangcun/query/images/exif_test/0003.JPG,9000,docs/experiments/dom_dsm_prepare/query_dom_patch_alignment_batch/images/003_0003/gpu_pinhole_render.png,9000,0.25,ok,69
raw_query_vs_distorted_render_with_scaled_distortion,-0.425774884015561,-0.40830272095830755,0.9802263161765429,30.0,0.0,0.6231507658958435,1.5,1.0,1756,0003,0.7670842824601367,1347,-5.9306640625,22.3602294921875,34.163455963134766,67.44136810302734,data_caiwangcun/query/images/exif_test/0003.JPG,9001,docs/experiments/dom_dsm_prepare/query_dom_patch_alignment_batch/images/003_0003/gpu_pinhole_render.png,9000,0.25,ok,69
undistorted_query_with_scaled_distortion_vs_pinhole_render,-0.3816954239804783,-0.45075163468792223,0.9779536706819716,0.0,0.0,0.5938791036605835,1.5,1.005,1852,0003,0.7575593952483801,1403,-7.415283203125,22.2275390625,34.379661560058594,66.87046813964844,data_caiwangcun/query/images/exif_test/0003.JPG,9000,docs/experiments/dom_dsm_prepare/query_dom_patch_alignment_batch/images/003_0003/gpu_pinhole_render.png,9000,0.25,ok,69
raw_query_vs_distorted_render_with_scaled_distortion,-0.40672913715455783,-0.4335447638865133,0.9795631355570259,0.0,0.0,0.49936336278915405,1.5,1.005,1799,0003,0.802668148971651,1444,-7.255126953125,19.37677001953125,35.22569274902344,64.43484497070312,data_caiwangcun/query/images/exif_test/0003.JPG,9001,docs/experiments/dom_dsm_prepare/query_dom_patch_alignment_batch/images/003_0003/gpu_pinhole_render.png,9000,0.25,ok,69
undistorted_query_with_scaled_distortion_vs_pinhole_render,-0.46655072976985473,-0.5120427983831073,0.9739435549184924,0.0,-30.0,0.3834410607814789,1.5,1.005,1821,0003,0.7677100494233937,1398,-3.219482421875,20.58184814453125,40.039031982421875,72.01228332519531,data_caiwangcun/query/images/exif_test/0003.JPG,9001,docs/experiments/dom_dsm_prepare/query_dom_patch_alignment_batch/images/003_0003/gpu_pinhole_render.png,9000,0.25,ok,69
raw_query_vs_distorted_render_with_scaled_distortion,-0.3261321246900298,-0.48642209469415265,0.9780328295949735,0.0,-30.0,0.44048574566841125,1.5,1.005,1788,0003,0.7919463087248322,1416,-7.693115234375,17.122589111328125,34.162994384765625,62.9600830078125,data_caiwangcun/query/images/exif_test/0003.JPG,9001,docs/experiments/dom_dsm_prepare/query_dom_patch_alignment_batch/images/003_0003/gpu_pinhole_render.png,9000,0.25,ok,69
undistorted_query_with_scaled_distortion_vs_pinhole_render,-0.37390042887555036,-0.4941542408232613,0.9787625780955383,0.0,30.0,0.5393005013465881,1.5,1.005,1805,0003,0.7872576177285319,1421,-6.31689453125,22.50299072265625,36.09383010864258,66.57206726074219,data_caiwangcun/query/images/exif_test/0003.JPG,9000,docs/experiments/dom_dsm_prepare/query_dom_patch_alignment_batch/images/003_0003/gpu_pinhole_render.png,9000,0.25,ok,69
raw_query_vs_distorted_render_with_scaled_distortion,-0.3769682576462416,-0.4548044792239393,0.9801015393305126,0.0,30.0,0.5470026135444641,1.5,1.005,1790,0003,0.7810055865921788,1398,-8.2001953125,20.89599609375,34.823760986328125,67.69277954101562,data_caiwangcun/query/images/exif_test/0003.JPG,9001,docs/experiments/dom_dsm_prepare/query_dom_patch_alignment_batch/images/003_0003/gpu_pinhole_render.png,9000,0.25,ok,69
undistorted_query_with_scaled_distortion_vs_pinhole_render,-0.29311818109634746,-0.4562065081456603,0.9779317422482892,-30.0,0.0,0.33264535665512085,1.5,1.005,1823,0003,0.748217224355458,1364,-4.2427978515625,16.020416259765625,34.47798156738281,56.58611297607422,data_caiwangcun/query/images/exif_test/0003.JPG,9000,docs/experiments/dom_dsm_prepare/query_dom_patch_alignment_batch/images/003_0003/gpu_pinhole_render.png,9000,0.25,ok,69
raw_query_vs_distorted_render_with_scaled_distortion,-0.4114695768076298,-0.40607342411567965,0.9801437836238098,-30.0,0.0,0.3362326920032501,1.5,1.005,1786,0003,0.7799552071668533,1393,-4.1025390625,15.18792724609375,34.56486129760742,59.14083480834961,data_caiwangcun/query/images/exif_test/0003.JPG,9001,docs/experiments/dom_dsm_prepare/query_dom_patch_alignment_batch/images/003_0003/gpu_pinhole_render.png,9001,0.25,ok,69
undistorted_query_with_scaled_distortion_vs_pinhole_render,-0.30709121660109356,-0.4719710733049331,0.9806134566159703,30.0,0.0,0.5195276141166687,1.5,1.005,1823,0003,0.764125068568294,1393,-7.6708984375,20.6082763671875,35.112945556640625,65.50686645507812,data_caiwangcun/query/images/exif_test/0003.JPG,9000,docs/experiments/dom_dsm_prepare/query_dom_patch_alignment_batch/images/003_0003/gpu_pinhole_render.png,9000,0.25,ok,69
raw_query_vs_distorted_render_with_scaled_distortion,-0.40486594502613876,-0.4094921764000307,0.9814478653872922,30.0,0.0,0.564115583896637,1.5,1.005,1781,0003,0.8057271195957327,1435,-5.2607421875,20.902587890625,34.583702087402344,66.41993713378906,data_caiwangcun/query/images/exif_test/0003.JPG,9001,docs/experiments/dom_dsm_prepare/query_dom_patch_alignment_batch/images/003_0003/gpu_pinhole_render.png,9000,0.25,ok,69
undistorted_query_with_scaled_distortion_vs_pinhole_render,-0.6240935781848959,-0.5193831110998121,0.9684823706054009,0.0,0.0,0.4933830499649048,2.0,0.995,1692,0003,0.6034278959810875,1021,-3.08349609375,21.71142578125,36.41824722290039,61.6669921875,data_caiwangcun/query/images/exif_test/0003.JPG,9000,docs/experiments/dom_dsm_prepare/query_dom_patch_alignment_batch/images/003_0003/gpu_pinhole_render.png,9000,0.25,ok,69
raw_query_vs_distorted_render_with_scaled_distortion,-0.621514122857886,-0.5441669455022334,0.958688561094285,0.0,0.0,0.6666548252105713,2.0,0.995,1722,0003,0.670150987224158,1154,-11.3243408203125,22.04034423828125,32.55720520019531,76.39368438720703,data_caiwangcun/query/images/exif_test/0003.JPG,9001,docs/experiments/dom_dsm_prepare/query_dom_patch_alignment_batch/images/003_0003/gpu_pinhole_render.png,9000,0.25,ok,69
undistorted_query_with_scaled_distortion_vs_pinhole_render,-0.4310909400764807,-0.654330880685942,0.957168910377961,0.0,-30.0,0.23254969716072083,2.0,0.995,1742,0003,0.6061997703788748,1056,-3.97723388671875,13.4315185546875,33.70692825317383,56.308441162109375,data_caiwangcun/query/images/exif_test/0003.JPG,9000,docs/experiments/dom_dsm_prepare/query_dom_patch_alignment_batch/images/003_0003/gpu_pinhole_render.png,9000,0.25,ok,69
raw_query_vs_distorted_render_with_scaled_distortion,-0.4998949604471514,-0.44173663263617385,0.9645653675658942,0.0,-30.0,0.4739159643650055,2.0,0.995,1691,0003,0.6238911886457718,1055,-5.967041015625,16.032470703125,29.99883270263672,51.53392028808594,data_caiwangcun/query/images/exif_test/0003.JPG,9001,docs/experiments/dom_dsm_prepare/query_dom_patch_alignment_batch/images/003_0003/gpu_pinhole_render.png,9000,0.25,ok,69
undistorted_query_with_scaled_distortion_vs_pinhole_render,-0.5806535600470151,-0.5771905949285004,0.9611041690967326,0.0,30.0,0.5995933413505554,2.0,0.995,1743,0003,0.6781411359724613,1182,-9.8984375,22.385498046875,34.72904586791992,71.76757049560547,data_caiwangcun/query/images/exif_test/0003.JPG,9000,docs/experiments/dom_dsm_prepare/query_dom_patch_alignment_batch/images/003_0003/gpu_pinhole_render.png,9000,0.25,ok,69
raw_query_vs_distorted_render_with_scaled_distortion,-0.6828797935204504,-0.49813061158316674,0.9583716860788551,0.0,30.0,0.7356862425804138,2.0,0.995,1691,0003,0.6487285629804849,1097,-12.952880859375,24.591796875,32.6346435546875,84.66310119628906,data_caiwangcun/query/images/exif_test/0003.JPG,9001,docs/experiments/dom_dsm_prepare/query_dom_patch_alignment_batch/images/003_0003/gpu_pinhole_render.png,9001,0.25,ok,69
undistorted_query_with_scaled_distortion_vs_pinhole_render,-0.4709272507785732,-0.5188269107500698,0.9647109980476226,-30.0,0.0,0.4858326315879822,2.0,0.995,1679,0003,0.6301369863013698,1058,-8.1549072265625,16.08978271484375,31.54397964477539,54.280155181884766,data_caiwangcun/query/images/exif_test/0003.JPG,9000,docs/experiments/dom_dsm_prepare/query_dom_patch_alignment_batch/images/003_0003/gpu_pinhole_render.png,9000,0.25,ok,69
raw_query_vs_distorted_render_with_scaled_distortion,-0.5538044484277571,-0.42639082953717294,0.9599967276423459,-30.0,0.0,0.5629635453224182,2.0,0.995,1691,0003,0.6132465996451804,1037,-11.267578125,16.23046875,29.55288314819336,58.87237548828125,data_caiwangcun/query/images/exif_test/0003.JPG,9001,docs/experiments/dom_dsm_prepare/query_dom_patch_alignment_batch/images/003_0003/gpu_pinhole_render.png,9000,0.25,ok,69
undistorted_query_with_scaled_distortion_vs_pinhole_render,-0.8442117482764444,-0.4882135319796197,0.9470972273420656,30.0,0.0,0.8402359485626221,2.0,0.995,1702,0003,0.5981198589894242,1018,-9.742431640625,30.441162109375,38.389163970947266,97.12788391113281,data_caiwangcun/query/images/exif_test/0003.JPG,9000,docs/experiments/dom_dsm_prepare/query_dom_patch_alignment_batch/images/003_0003/gpu_pinhole_render.png,9000,0.25,ok,69
raw_query_vs_distorted_render_with_scaled_distortion,-0.7044826084845952,-0.45778739267256147,0.9595962498246366,30.0,0.0,0.7294806241989136,2.0,0.995,1729,0003,0.6356275303643725,1099,-7.368896484375,24.491455078125,32.37311935424805,75.70545196533203,data_caiwangcun/query/images/exif_test/0003.JPG,9001,docs/experiments/dom_dsm_prepare/query_dom_patch_alignment_batch/images/003_0003/gpu_pinhole_render.png,9001,0.25,ok,69
undistorted_query_with_scaled_distortion_vs_pinhole_render,-0.6070829669073212,-0.5340339974355228,0.9607279796684464,0.0,0.0,0.5991360545158386,2.0,1.0,1777,0003,0.6730444569499155,1196,-10.75732421875,22.180633544921875,34.805442810058594,71.74220275878906,data_caiwangcun/query/images/exif_test/0003.JPG,9001,docs/experiments/dom_dsm_prepare/query_dom_patch_alignment_batch/images/003_0003/gpu_pinhole_render.png,9000,0.25,ok,69
raw_query_vs_distorted_render_with_scaled_distortion,-0.610247302487628,-0.5149901204827052,0.9626440990788644,0.0,0.0,0.6067405939102173,2.0,1.0,1717,0003,0.685497961560862,1177,-8.6767578125,21.322021484375,32.03694152832031,70.98615264892578,data_caiwangcun/query/images/exif_test/0003.JPG,9001,docs/experiments/dom_dsm_prepare/query_dom_patch_alignment_batch/images/003_0003/gpu_pinhole_render.png,9000,0.25,ok,69
undistorted_query_with_scaled_distortion_vs_pinhole_render,-0.40503553093812783,-0.5590163440721039,0.9504966380143066,0.0,-30.0,0.20996493101119995,2.0,1.0,1750,0003,0.6005714285714285,1051,-5.53125,8.31005859375,30.493410110473633,50.51266860961914,data_caiwangcun/query/images/exif_test/0003.JPG,9001,docs/experiments/dom_dsm_prepare/query_dom_patch_alignment_batch/images/003_0003/gpu_pinhole_render.png,9000,0.25,ok,69
raw_query_vs_distorted_render_with_scaled_distortion,-0.4933843762030289,-0.5131432870172367,0.9683157572151017,0.0,-30.0,0.49588847160339355,2.0,1.0,1718,0003,0.6356228172293364,1092,-3.3690185546875,18.416961669921875,30.72027587890625,56.609214782714844,data_caiwangcun/query/images/exif_test/0003.JPG,9001,docs/experiments/dom_dsm_prepare/query_dom_patch_alignment_batch/images/003_0003/gpu_pinhole_render.png,9000,0.25,ok,69
undistorted_query_with_scaled_distortion_vs_pinhole_render,-0.6884721800245396,-0.6119666889547172,0.9511805944330266,0.0,30.0,0.7443958520889282,2.0,1.0,1739,0003,0.6607245543415756,1149,-13.518798828125,26.114990234375,35.72233200073242,100.48675537109375,data_caiwangcun/query/images/exif_test/0003.JPG,9000,docs/experiments/dom_dsm_prepare/query_dom_patch_alignment_batch/images/003_0003/gpu_pinhole_render.png,9000,0.25,ok,69
raw_query_vs_distorted_render_with_scaled_distortion,-0.675556862362895,-0.5294652678037554,0.9554860247874087,0.0,30.0,0.7087457776069641,2.0,1.0,1711,0003,0.6832261835184102,1169,-11.943359375,24.5743408203125,33.79798126220703,83.84555053710938,data_caiwangcun/query/images/exif_test/0003.JPG,9001,docs/experiments/dom_dsm_prepare/query_dom_patch_alignment_batch/images/003_0003/gpu_pinhole_render.png,9000,0.25,ok,69
undistorted_query_with_scaled_distortion_vs_pinhole_render,-0.3803089708403773,-0.5363807467080746,0.9643049812781314,-30.0,0.0,0.37648874521255493,2.0,1.0,1697,0003,0.5975250441956393,1014,-7.62493896484375,12.0047607421875,30.61888313293457,50.475337982177734,data_caiwangcun/query/images/exif_test/0003.JPG,9000,docs/experiments/dom_dsm_prepare/query_dom_patch_alignment_batch/images/003_0003/gpu_pinhole_render.png,9000,0.25,ok,69
raw_query_vs_distorted_render_with_scaled_distortion,-0.6630236468602895,-0.537661369458233,0.9552066666030736,-30.0,0.0,0.6536812782287598,2.0,1.0,1697,0003,0.6876841484973483,1167,-12.66650390625,21.73876953125,33.724788665771484,83.14054107666016,data_caiwangcun/query/images/exif_test/0003.JPG,9001,docs/experiments/dom_dsm_prepare/query_dom_patch_alignment_batch/images/003_0003/gpu_pinhole_render.png,9000,0.25,ok,69
undistorted_query_with_scaled_distortion_vs_pinhole_render,-0.6204227883886038,-0.5459319929943677,0.9591021390825957,30.0,0.0,0.6533268690109253,2.0,1.0,1723,0003,0.7005223447475334,1207,-10.273193359375,24.269775390625,34.591373443603516,78.52056121826172,data_caiwangcun/query/images/exif_test/0003.JPG,9001,docs/experiments/dom_dsm_prepare/query_dom_patch_alignment_batch/images/003_0003/gpu_pinhole_render.png,9000,0.25,ok,69
raw_query_vs_distorted_render_with_scaled_distortion,-0.4463614960086014,-0.5478361347769587,0.9666542042928379,30.0,0.0,0.2388843595981598,2.0,1.0,1728,0003,0.6516203703703703,1126,-2.30889892578125,12.5889892578125,30.847183227539062,53.605106353759766,data_caiwangcun/query/images/exif_test/0003.JPG,9001,docs/experiments/dom_dsm_prepare/query_dom_patch_alignment_batch/images/003_0003/gpu_pinhole_render.png,9001,0.25,ok,69
undistorted_query_with_scaled_distortion_vs_pinhole_render,-0.5145099649352799,-0.5145769521559397,0.9624254164246355,0.0,0.0,0.5175487399101257,2.0,1.005,1722,0003,0.6521486643437863,1123,-10.361328125,17.166015625,33.31373977661133,60.54591751098633,data_caiwangcun/query/images/exif_test/0003.JPG,9001,docs/experiments/dom_dsm_prepare/query_dom_patch_alignment_batch/images/003_0003/gpu_pinhole_render.png,9000,0.25,ok,69
raw_query_vs_distorted_render_with_scaled_distortion,-0.4557079412367311,-0.5112828691847479,0.9730226884209479,0.0,0.0,0.3698425590991974,2.0,1.005,1760,0003,0.6448863636363636,1135,-2.87158203125,14.364013671875,30.452547073364258,52.98063278198242,data_caiwangcun/query/images/exif_test/0003.JPG,9001,docs/experiments/dom_dsm_prepare/query_dom_patch_alignment_batch/images/003_0003/gpu_pinhole_render.png,9000,0.25,ok,69
undistorted_query_with_scaled_distortion_vs_pinhole_render,-0.5083003746654119,-0.5857500719937151,0.9645986509038436,0.0,-30.0,0.5471102595329285,2.0,1.005,1744,0003,0.6760321100917431,1179,-7.947265625,21.068359375,34.349449157714844,63.68653106689453,data_caiwangcun/query/images/exif_test/0003.JPG,9000,docs/experiments/dom_dsm_prepare/query_dom_patch_alignment_batch/images/003_0003/gpu_pinhole_render.png,9000,0.25,ok,69
raw_query_vs_distorted_render_with_scaled_distortion,-0.523490266670003,-0.4778535084427223,0.9672625417862037,0.0,-30.0,0.5172042846679688,2.0,1.005,1702,0003,0.645710928319624,1099,-4.775634765625,18.73583984375,30.645973205566406,57.29332733154297,data_caiwangcun/query/images/exif_test/0003.JPG,9001,docs/experiments/dom_dsm_prepare/query_dom_patch_alignment_batch/images/003_0003/gpu_pinhole_render.png,9001,0.25,ok,69
undistorted_query_with_scaled_distortion_vs_pinhole_render,-0.6044101044198815,-0.541086266522179,0.9587276788403669,0.0,30.0,0.6721354722976685,2.0,1.005,1737,0003,0.6563039723661486,1140,-10.64892578125,24.0318603515625,33.412254333496094,73.0797119140625,data_caiwangcun/query/images/exif_test/0003.JPG,9000,docs/experiments/dom_dsm_prepare/query_dom_patch_alignment_batch/images/003_0003/gpu_pinhole_render.png,9000,0.25,ok,69
raw_query_vs_distorted_render_with_scaled_distortion,-0.642638765159344,-0.4876608273285672,0.9602852467115889,0.0,30.0,0.6751405000686646,2.0,1.005,1713,0003,0.6818447168709866,1168,-11.596435546875,22.7530517578125,33.39093780517578,77.20082092285156,data_caiwangcun/query/images/exif_test/0003.JPG,9001,docs/experiments/dom_dsm_prepare/query_dom_patch_alignment_batch/images/003_0003/gpu_pinhole_render.png,9000,0.25,ok,69
undistorted_query_with_scaled_distortion_vs_pinhole_render,-0.5297169962033331,-0.5122489009633371,0.9641107504985404,-30.0,0.0,0.5609755516052246,2.0,1.005,1736,0003,0.6255760368663594,1086,-8.06201171875,19.92449951171875,32.57734680175781,61.212989807128906,data_caiwangcun/query/images/exif_test/0003.JPG,9001,docs/experiments/dom_dsm_prepare/query_dom_patch_alignment_batch/images/003_0003/gpu_pinhole_render.png,9000,0.25,ok,69
raw_query_vs_distorted_render_with_scaled_distortion,-0.5618474178523956,-0.5590647661786817,0.9711689655232066,-30.0,0.0,0.2867066264152527,2.0,1.005,1697,0003,0.5880966411314084,998,-1.328125,15.18463134765625,35.19456100463867,58.39013671875,data_caiwangcun/query/images/exif_test/0003.JPG,9001,docs/experiments/dom_dsm_prepare/query_dom_patch_alignment_batch/images/003_0003/gpu_pinhole_render.png,9000,0.25,ok,69
undistorted_query_with_scaled_distortion_vs_pinhole_render,-0.4823478810887781,-0.541924128678628,0.9648337147372443,30.0,0.0,0.5795743465423584,2.0,1.005,1735,0003,0.6553314121037463,1137,-5.402099609375,20.8116455078125,31.720375061035156,60.862735748291016,data_caiwangcun/query/images/exif_test/0003.JPG,9000,docs/experiments/dom_dsm_prepare/query_dom_patch_alignment_batch/images/003_0003/gpu_pinhole_render.png,9000,0.25,ok,69
raw_query_vs_distorted_render_with_scaled_distortion,-0.5987574844566537,-0.5571705206037058,0.9585188368232003,30.0,0.0,0.6644953489303589,2.0,1.005,1692,0003,0.6737588652482269,1140,-8.561279296875,23.2967529296875,31.560104370117188,73.9155044555664,data_caiwangcun/query/images/exif_test/0003.JPG,9001,docs/experiments/dom_dsm_prepare/query_dom_patch_alignment_batch/images/003_0003/gpu_pinhole_render.png,9000,0.25,ok,69
raw_query_vs_pinhole_render,0.8056272666508881,0.5929120980199118,0.9335415053863931,0.0,0.0,0.8281695246696472,0.0,1.0,2028,0004,0.6267258382642998,1271,6.88037109375,32.52294921875,42.10038375854492,115.14176940917969,data_caiwangcun/query/images/exif_test/0004.JPG,9000,docs/experiments/dom_dsm_prepare/query_dom_patch_alignment_batch/images/004_0004/gpu_pinhole_render.png,9001,0.25,ok,73
undistorted_query_vs_pinhole_render,-0.15739005488623925,0.14881872389013834,0.9894999560527253,0.0,0.0,0.4287947416305542,1.0,1.0,2198,0004,0.9767970882620565,2147,-5.990234375,23.010498046875,44.36555862426758,67.9891586303711,data_caiwangcun/query/images/exif_test/0004.JPG,9000,docs/experiments/dom_dsm_prepare/query_dom_patch_alignment_batch/images/004_0004/gpu_pinhole_render.png,9001,0.25,ok,73
raw_query_vs_distorted_render,-0.15207433832680012,0.13450431041663397,0.9887097118466932,0.0,0.0,0.36752617359161377,1.0,1.0,2019,0004,0.9757305596830114,1970,-5.580322265625,19.706817626953125,40.77263641357422,64.23491668701172,data_caiwangcun/query/images/exif_test/0004.JPG,9000,docs/experiments/dom_dsm_prepare/query_dom_patch_alignment_batch/images/004_0004/gpu_pinhole_render.png,9000,0.25,ok,73
undistorted_query_with_scaled_distortion_vs_pinhole_render,0.5201420504741704,0.7131993648801974,0.9476966632254173,0.0,0.0,0.665778636932373,-1.0,0.995,1916,0004,0.45876826722338204,879,-2.111083984375,17.2996826171875,28.02364158630371,62.150604248046875,data_caiwangcun/query/images/exif_test/0004.JPG,9000,docs/experiments/dom_dsm_prepare/query_dom_patch_alignment_batch/images/004_0004/gpu_pinhole_render.png,9001,0.25,ok,73
raw_query_vs_distorted_render_with_scaled_distortion,0.7964646713036345,0.7013751104499218,0.926515603902403,0.0,0.0,0.8151589632034302,-1.0,0.995,1787,0004,0.544487968662563,973,6.236328125,30.809326171875,38.98469161987305,110.00236511230469,data_caiwangcun/query/images/exif_test/0004.JPG,9000,docs/experiments/dom_dsm_prepare/query_dom_patch_alignment_batch/images/004_0004/gpu_pinhole_render.png,9000,0.25,ok,73
undistorted_query_with_scaled_distortion_vs_pinhole_render,0.7242959359716419,0.7302494965901779,0.9360527482655859,0.0,-30.0,0.8041186332702637,-1.0,0.995,1945,0004,0.5043701799485861,981,3.249755859375,26.671142578125,35.34379577636719,93.49503326416016,data_caiwangcun/query/images/exif_test/0004.JPG,9000,docs/experiments/dom_dsm_prepare/query_dom_patch_alignment_batch/images/004_0004/gpu_pinhole_render.png,9001,0.25,ok,73
raw_query_vs_distorted_render_with_scaled_distortion,0.6962010993364504,0.6356330863760815,0.9503359629487727,0.0,-30.0,0.6545336842536926,-1.0,0.995,1750,0004,0.5114285714285715,895,6.95068359375,16.6044921875,32.724281311035156,68.8986587524414,data_caiwangcun/query/images/exif_test/0004.JPG,9000,docs/experiments/dom_dsm_prepare/query_dom_patch_alignment_batch/images/004_0004/gpu_pinhole_render.png,9000,0.25,ok,73
undistorted_query_with_scaled_distortion_vs_pinhole_render,0.8485771600429152,0.662227137735411,0.921595155448004,0.0,30.0,0.8136745095252991,-1.0,0.995,1944,0004,0.5205761316872428,1012,10.370849609375,27.201416015625,39.093528747558594,124.48970794677734,data_caiwangcun/query/images/exif_test/0004.JPG,9000,docs/experiments/dom_dsm_prepare/query_dom_patch_alignment_batch/images/004_0004/gpu_pinhole_render.png,9001,0.25,ok,73
raw_query_vs_distorted_render_with_scaled_distortion,0.676643843258401,0.6485552963256326,0.9502399248042572,0.0,30.0,0.6191462278366089,-1.0,0.995,1785,0004,0.5058823529411764,903,6.63232421875,15.3621826171875,31.79151725769043,67.49673461914062,data_caiwangcun/query/images/exif_test/0004.JPG,9000,docs/experiments/dom_dsm_prepare/query_dom_patch_alignment_batch/images/004_0004/gpu_pinhole_render.png,9000,0.25,ok,73
undistorted_query_with_scaled_distortion_vs_pinhole_render,0.6678234111242802,0.6320471104076523,0.9541223042255912,-30.0,0.0,0.6536586284637451,-1.0,0.995,1919,0004,0.48306409588327254,927,4.226806640625,18.332275390625,29.970359802246094,64.45629119873047,data_caiwangcun/query/images/exif_test/0004.JPG,9000,docs/experiments/dom_dsm_prepare/query_dom_patch_alignment_batch/images/004_0004/gpu_pinhole_render.png,9001,0.25,ok,73
raw_query_vs_distorted_render_with_scaled_distortion,0.7596313838131835,0.6658723173678047,0.9305446141292845,-30.0,0.0,0.7180636525154114,-1.0,0.995,1742,0004,0.518369690011481,903,11.985107421875,16.580078125,33.98384475708008,90.62972259521484,data_caiwangcun/query/images/exif_test/0004.JPG,9000,docs/experiments/dom_dsm_prepare/query_dom_patch_alignment_batch/images/004_0004/gpu_pinhole_render.png,9000,0.25,ok,73
undistorted_query_with_scaled_distortion_vs_pinhole_render,0.68138887705042,0.6161456403165835,0.9498858091660072,30.0,0.0,0.6352627277374268,-1.0,0.995,1952,0004,0.48616803278688525,949,8.2021484375,15.97802734375,30.90220832824707,68.04399108886719,data_caiwangcun/query/images/exif_test/0004.JPG,9000,docs/experiments/dom_dsm_prepare/query_dom_patch_alignment_batch/images/004_0004/gpu_pinhole_render.png,9001,0.25,ok,73
raw_query_vs_distorted_render_with_scaled_distortion,0.7877818628858309,0.6832972644643155,0.9373377964895849,30.0,0.0,0.7496983408927917,-1.0,0.995,1709,0004,0.5681685196021065,971,6.875732421875,22.413330078125,35.33018112182617,100.34269714355469,data_caiwangcun/query/images/exif_test/0004.JPG,9000,docs/experiments/dom_dsm_prepare/query_dom_patch_alignment_batch/images/004_0004/gpu_pinhole_render.png,9000,0.25,ok,73
undistorted_query_with_scaled_distortion_vs_pinhole_render,0.7670300191453283,0.7126799206180406,0.9314047224293229,0.0,0.0,0.8104773163795471,-1.0,1.0,1967,0004,0.5119471276054905,1007,4.319091796875,28.242919921875,37.15169143676758,101.59234619140625,data_caiwangcun/query/images/exif_test/0004.JPG,9001,docs/experiments/dom_dsm_prepare/query_dom_patch_alignment_batch/images/004_0004/gpu_pinhole_render.png,9001,0.25,ok,73
raw_query_vs_distorted_render_with_scaled_distortion,0.5835728577649413,0.609227146403511,0.9629500659354202,0.0,0.0,0.4697473347187042,-1.0,1.0,1745,0004,0.4997134670487106,872,2.5743408203125,11.824462890625,29.905250549316406,53.97726058959961,data_caiwangcun/query/images/exif_test/0004.JPG,9000,docs/experiments/dom_dsm_prepare/query_dom_patch_alignment_batch/images/004_0004/gpu_pinhole_render.png,9001,0.25,ok,73
undistorted_query_with_scaled_distortion_vs_pinhole_render,0.661987146313705,0.7244803524961857,0.9436395142108012,0.0,-30.0,0.7641805410385132,-1.0,1.0,1934,0004,0.4984488107549121,964,2.5531005859375,23.6180419921875,32.15222930908203,79.89122772216797,data_caiwangcun/query/images/exif_test/0004.JPG,9000,docs/experiments/dom_dsm_prepare/query_dom_patch_alignment_batch/images/004_0004/gpu_pinhole_render.png,9001,0.25,ok,73
raw_query_vs_distorted_render_with_scaled_distortion,0.7518258749450688,0.6978863910965587,0.9427814782109618,0.0,-30.0,0.7074649333953857,-1.0,1.0,1763,0004,0.5411230856494611,954,7.25244140625,19.77532958984375,36.71422576904297,90.64596557617188,data_caiwangcun/query/images/exif_test/0004.JPG,9000,docs/experiments/dom_dsm_prepare/query_dom_patch_alignment_batch/images/004_0004/gpu_pinhole_render.png,9002,0.25,ok,73
undistorted_query_with_scaled_distortion_vs_pinhole_render,0.8609921428588663,0.6826357178856218,0.9308121871645302,0.0,30.0,0.7507473230361938,-1.0,1.0,1916,0004,0.5020876826722338,962,8.3154296875,20.11077880859375,35.24424743652344,131.48983764648438,data_caiwangcun/query/images/exif_test/0004.JPG,9000,docs/experiments/dom_dsm_prepare/query_dom_patch_alignment_batch/images/004_0004/gpu_pinhole_render.png,9001,0.25,ok,73
raw_query_vs_distorted_render_with_scaled_distortion,0.7991508479996922,0.7104514930274145,0.9292258955745278,0.0,30.0,0.8430681228637695,-1.0,1.0,1766,0004,0.48754246885617214,861,2.12744140625,32.635009765625,39.10061264038086,100.77790832519531,data_caiwangcun/query/images/exif_test/0004.JPG,9000,docs/experiments/dom_dsm_prepare/query_dom_patch_alignment_batch/images/004_0004/gpu_pinhole_render.png,9001,0.25,ok,73
undistorted_query_with_scaled_distortion_vs_pinhole_render,0.6032718989862123,0.670781631145361,0.9558730115328189,-30.0,0.0,0.5992081761360168,-1.0,1.0,1912,0004,0.4895397489539749,936,2.0833740234375,16.55657958984375,30.404640197753906,62.98585891723633,data_caiwangcun/query/images/exif_test/0004.JPG,9000,docs/experiments/dom_dsm_prepare/query_dom_patch_alignment_batch/images/004_0004/gpu_pinhole_render.png,9001,0.25,ok,73
raw_query_vs_distorted_render_with_scaled_distortion,0.7194190066057452,0.6248301374473,0.9458845083770208,-30.0,0.0,0.6679524779319763,-1.0,1.0,1747,0004,0.5088723526044648,889,8.2119140625,16.78271484375,32.045021057128906,73.9310302734375,data_caiwangcun/query/images/exif_test/0004.JPG,9000,docs/experiments/dom_dsm_prepare/query_dom_patch_alignment_batch/images/004_0004/gpu_pinhole_render.png,9000,0.25,ok,73
undistorted_query_with_scaled_distortion_vs_pinhole_render,0.734781889454645,0.6210529090528935,0.939370956372722,30.0,0.0,0.6932067275047302,-1.0,1.0,1914,0004,0.5109717868338558,978,7.2457275390625,19.55517578125,33.45569610595703,76.2457046508789,data_caiwangcun/query/images/exif_test/0004.JPG,9000,docs/experiments/dom_dsm_prepare/query_dom_patch_alignment_batch/images/004_0004/gpu_pinhole_render.png,9001,0.25,ok,73
raw_query_vs_distorted_render_with_scaled_distortion,0.6865894106291933,0.7257732216850753,0.9373026124024678,30.0,0.0,0.7730634808540344,-1.0,1.0,1720,0004,0.538953488372093,927,2.327392578125,24.8358154296875,34.14984130859375,88.10421752929688,data_caiwangcun/query/images/exif_test/0004.JPG,9000,docs/experiments/dom_dsm_prepare/query_dom_patch_alignment_batch/images/004_0004/gpu_pinhole_render.png,9000,0.25,ok,73
undistorted_query_with_scaled_distortion_vs_pinhole_render,0.8456054698534576,0.7144010475708918,0.9202420846968175,0.0,0.0,0.8653385639190674,-1.0,1.005,1975,0004,0.490126582278481,968,2.5118408203125,37.742919921875,43.810081481933594,127.8951187133789,data_caiwangcun/query/images/exif_test/0004.JPG,9000,docs/experiments/dom_dsm_prepare/query_dom_patch_alignment_batch/images/004_0004/gpu_pinhole_render.png,9001,0.25,ok,73
raw_query_vs_distorted_render_with_scaled_distortion,0.6609962916094845,0.6154383663677632,0.9522845850874996,0.0,0.0,0.624586820602417,-1.0,1.005,1753,0004,0.5116942384483743,897,5.0,16.35595703125,30.77754020690918,61.39931869506836,data_caiwangcun/query/images/exif_test/0004.JPG,9000,docs/experiments/dom_dsm_prepare/query_dom_patch_alignment_batch/images/004_0004/gpu_pinhole_render.png,9000,0.25,ok,73
undistorted_query_with_scaled_distortion_vs_pinhole_render,0.674890669519161,0.6301406774831256,0.9531975157899872,0.0,-30.0,0.5913130640983582,-1.0,1.005,1930,0004,0.5077720207253886,980,6.0159912109375,15.700439453125,32.80748748779297,68.02924346923828,data_caiwangcun/query/images/exif_test/0004.JPG,9000,docs/experiments/dom_dsm_prepare/query_dom_patch_alignment_batch/images/004_0004/gpu_pinhole_render.png,9001,0.25,ok,73
raw_query_vs_distorted_render_with_scaled_distortion,0.6543918165985613,0.7269221942511304,0.9397734100252637,0.0,-30.0,0.7724228501319885,-1.0,1.005,1773,0004,0.5014100394811055,889,2.660400390625,24.43701171875,33.51655578613281,80.22943115234375,data_caiwangcun/query/images/exif_test/0004.JPG,9000,docs/experiments/dom_dsm_prepare/query_dom_patch_alignment_batch/images/004_0004/gpu_pinhole_render.png,9000,0.25,ok,73
undistorted_query_with_scaled_distortion_vs_pinhole_render,0.5904650635688392,0.5891202343978295,0.9626215566676835,0.0,30.0,0.439357191324234,-1.0,1.005,1940,0004,0.4742268041237113,920,3.5115966796875,11.258056640625,29.426292419433594,53.87080383300781,data_caiwangcun/query/images/exif_test/0004.JPG,9000,docs/experiments/dom_dsm_prepare/query_dom_patch_alignment_batch/images/004_0004/gpu_pinhole_render.png,9001,0.25,ok,73
raw_query_vs_distorted_render_with_scaled_distortion,0.7103853971728608,0.7166634025037055,0.9361965285896331,0.0,30.0,0.7968992590904236,-1.0,1.005,1772,0004,0.5079006772009029,900,2.5400390625,27.175048828125,34.81036376953125,90.0218505859375,data_caiwangcun/query/images/exif_test/0004.JPG,9000,docs/experiments/dom_dsm_prepare/query_dom_patch_alignment_batch/images/004_0004/gpu_pinhole_render.png,9000,0.25,ok,73
undistorted_query_with_scaled_distortion_vs_pinhole_render,0.6497478747814008,0.7145942635523227,0.9458524746616808,-30.0,0.0,0.7339160442352295,-1.0,1.005,1932,0004,0.4927536231884058,952,2.335693359375,22.2161865234375,31.902690887451172,75.68318939208984,data_caiwangcun/query/images/exif_test/0004.JPG,9001,docs/experiments/dom_dsm_prepare/query_dom_patch_alignment_batch/images/004_0004/gpu_pinhole_render.png,9001,0.25,ok,73
raw_query_vs_distorted_render_with_scaled_distortion,0.6502868131025943,0.6041862007153741,0.9576515212353907,-30.0,0.0,0.5344105958938599,-1.0,1.005,1776,0004,0.5067567567567568,900,4.4732666015625,12.81787109375,31.127010345458984,59.97032165527344,data_caiwangcun/query/images/exif_test/0004.JPG,9000,docs/experiments/dom_dsm_prepare/query_dom_patch_alignment_batch/images/004_0004/gpu_pinhole_render.png,9000,0.25,ok,73
undistorted_query_with_scaled_distortion_vs_pinhole_render,0.8089610880196274,0.6556348208190921,0.9312319101178674,30.0,0.0,0.7539511919021606,-1.0,1.005,1903,0004,0.5233841303205465,996,8.114501953125,22.34918212890625,35.68888473510742,109.15092468261719,data_caiwangcun/query/images/exif_test/0004.JPG,9000,docs/experiments/dom_dsm_prepare/query_dom_patch_alignment_batch/images/004_0004/gpu_pinhole_render.png,9001,0.25,ok,73
raw_query_vs_distorted_render_with_scaled_distortion,0.8112520040779277,0.7003769286063981,0.9270536080984728,30.0,0.0,0.8192847371101379,-1.0,1.005,1784,0004,0.5280269058295964,942,4.2203369140625,30.20782470703125,38.4153938293457,119.71493530273438,data_caiwangcun/query/images/exif_test/0004.JPG,9000,docs/experiments/dom_dsm_prepare/query_dom_patch_alignment_batch/images/004_0004/gpu_pinhole_render.png,9000,0.25,ok,73
undistorted_query_with_scaled_distortion_vs_pinhole_render,0.77948616166657,0.6932285469125483,0.931619885158894,0.0,0.0,0.8455147743225098,-0.5,0.995,1954,0004,0.5204708290685772,1017,2.33544921875,32.466796875,38.65026092529297,104.04237365722656,data_caiwangcun/query/images/exif_test/0004.JPG,9000,docs/experiments/dom_dsm_prepare/query_dom_patch_alignment_batch/images/004_0004/gpu_pinhole_render.png,9001,0.25,ok,73
raw_query_vs_distorted_render_with_scaled_distortion,0.858583340464942,0.6466419785440108,0.9197601102152334,0.0,0.0,0.838720440864563,-0.5,0.995,1861,0004,0.5475550779150994,1019,6.64794921875,34.2421875,42.42456817626953,144.57574462890625,data_caiwangcun/query/images/exif_test/0004.JPG,9000,docs/experiments/dom_dsm_prepare/query_dom_patch_alignment_batch/images/004_0004/gpu_pinhole_render.png,9000,0.25,ok,73
undistorted_query_with_scaled_distortion_vs_pinhole_render,0.7526695598923804,0.7036372102672012,0.9337417730448248,0.0,-30.0,0.8354087471961975,-0.5,0.995,2004,0004,0.5404191616766467,1083,3.93505859375,31.642822265625,38.57665252685547,105.80396270751953,data_caiwangcun/query/images/exif_test/0004.JPG,9000,docs/experiments/dom_dsm_prepare/query_dom_patch_alignment_batch/images/004_0004/gpu_pinhole_render.png,9001,0.25,ok,73
raw_query_vs_distorted_render_with_scaled_distortion,0.6842203728953146,0.6326379859484295,0.9461508499947816,0.0,-30.0,0.7256966233253479,-0.5,0.995,1883,0004,0.5570897503983006,1049,5.694580078125,22.96240234375,34.84592819213867,79.0530776977539,data_caiwangcun/query/images/exif_test/0004.JPG,9000,docs/experiments/dom_dsm_prepare/query_dom_patch_alignment_batch/images/004_0004/gpu_pinhole_render.png,9000,0.25,ok,73
undistorted_query_with_scaled_distortion_vs_pinhole_render,0.6947238340811128,0.6431338067790966,0.9448411756915743,0.0,30.0,0.755047619342804,-0.5,0.995,1965,0004,0.561323155216285,1103,3.962890625,24.704833984375,34.29194259643555,82.6014404296875,data_caiwangcun/query/images/exif_test/0004.JPG,9000,docs/experiments/dom_dsm_prepare/query_dom_patch_alignment_batch/images/004_0004/gpu_pinhole_render.png,9001,0.25,ok,73
raw_query_vs_distorted_render_with_scaled_distortion,0.6011604080160916,0.6741786133657243,0.9505166789033137,0.0,30.0,0.7337457537651062,-0.5,0.995,1868,0004,0.5315845824411135,993,1.5751953125,23.453857421875,33.135929107666016,75.19110870361328,data_caiwangcun/query/images/exif_test/0004.JPG,9000,docs/experiments/dom_dsm_prepare/query_dom_patch_alignment_batch/images/004_0004/gpu_pinhole_render.png,9000,0.25,ok,73
undistorted_query_with_scaled_distortion_vs_pinhole_render,0.7858755656330394,0.642916211001168,0.9321283648006956,-30.0,0.0,0.7809320688247681,-0.5,0.995,1985,0004,0.6100755667506297,1211,8.48046875,27.30078125,38.59770584106445,103.97434997558594,data_caiwangcun/query/images/exif_test/0004.JPG,9000,docs/experiments/dom_dsm_prepare/query_dom_patch_alignment_batch/images/004_0004/gpu_pinhole_render.png,9001,0.25,ok,73
raw_query_vs_distorted_render_with_scaled_distortion,0.788943953674687,0.6344459460775355,0.9311194128399571,-30.0,0.0,0.7813866138458252,-0.5,0.995,1847,0004,0.5971846237141311,1103,8.59716796875,27.2357177734375,38.45326232910156,104.62032318115234,data_caiwangcun/query/images/exif_test/0004.JPG,9000,docs/experiments/dom_dsm_prepare/query_dom_patch_alignment_batch/images/004_0004/gpu_pinhole_render.png,9000,0.25,ok,73
undistorted_query_with_scaled_distortion_vs_pinhole_render,0.7914980498773195,0.63706057221148,0.9304595358741654,30.0,0.0,0.7164537906646729,-0.5,0.995,1981,0004,0.5214538112064614,1033,7.36328125,17.63623046875,32.47556686401367,120.05876159667969,data_caiwangcun/query/images/exif_test/0004.JPG,9000,docs/experiments/dom_dsm_prepare/query_dom_patch_alignment_batch/images/004_0004/gpu_pinhole_render.png,9001,0.25,ok,73
raw_query_vs_distorted_render_with_scaled_distortion,0.7173169095062304,0.649697877285965,0.9397828600654368,30.0,0.0,0.7572528123855591,-0.5,0.995,1879,0004,0.571048430015966,1073,5.53955078125,25.4896240234375,36.658660888671875,86.52592468261719,data_caiwangcun/query/images/exif_test/0004.JPG,9000,docs/experiments/dom_dsm_prepare/query_dom_patch_alignment_batch/images/004_0004/gpu_pinhole_render.png,9000,0.25,ok,73
undistorted_query_with_scaled_distortion_vs_pinhole_render,0.762706033817028,0.5912263676719322,0.9308282523956015,0.0,0.0,0.7532375454902649,-0.5,1.0,1961,0004,0.5543090260071392,1087,9.455078125,21.92626953125,35.05731964111328,94.32131958007812,data_caiwangcun/query/images/exif_test/0004.JPG,9001,docs/experiments/dom_dsm_prepare/query_dom_patch_alignment_batch/images/004_0004/gpu_pinhole_render.png,9001,0.25,ok,73
raw_query_vs_distorted_render_with_scaled_distortion,0.809518601717228,0.645776790341481,0.9317401190915224,0.0,0.0,0.7444502711296082,-0.5,1.0,1888,0004,0.5598516949152542,1057,8.591064453125,21.89892578125,37.11232376098633,113.34852600097656,data_caiwangcun/query/images/exif_test/0004.JPG,9000,docs/experiments/dom_dsm_prepare/query_dom_patch_alignment_batch/images/004_0004/gpu_pinhole_render.png,9000,0.25,ok,73
undistorted_query_with_scaled_distortion_vs_pinhole_render,0.7742410260840773,0.6959412185829784,0.9305172212530632,0.0,-30.0,0.8415225744247437,-0.5,1.0,2007,0004,0.5406078724464375,1085,4.403076171875,32.605224609375,39.28159713745117,107.36659240722656,data_caiwangcun/query/images/exif_test/0004.JPG,9000,docs/experiments/dom_dsm_prepare/query_dom_patch_alignment_batch/images/004_0004/gpu_pinhole_render.png,9001,0.25,ok,73
raw_query_vs_distorted_render_with_scaled_distortion,0.7231158507431469,0.6827910985838336,0.9393372788231051,0.0,-30.0,0.7793168425559998,-0.5,1.0,1843,0004,0.5816603364080304,1072,5.70263671875,26.95452880859375,37.080406188964844,94.02922058105469,data_caiwangcun/query/images/exif_test/0004.JPG,9000,docs/experiments/dom_dsm_prepare/query_dom_patch_alignment_batch/images/004_0004/gpu_pinhole_render.png,9000,0.25,ok,73
undistorted_query_with_scaled_distortion_vs_pinhole_render,0.573103159281944,0.5704597424043423,0.9639203213000376,0.0,30.0,0.5606945753097534,-0.5,1.0,1993,0004,0.535373808329152,1067,2.62109375,17.2481689453125,32.204681396484375,59.1182861328125,data_caiwangcun/query/images/exif_test/0004.JPG,9000,docs/experiments/dom_dsm_prepare/query_dom_patch_alignment_batch/images/004_0004/gpu_pinhole_render.png,9001,0.25,ok,73
raw_query_vs_distorted_render_with_scaled_distortion,0.7176956682597171,0.646128513585736,0.9425252842215526,0.0,30.0,0.7463626265525818,-0.5,1.0,1876,0004,0.5724946695095949,1074,5.922119140625,25.0401611328125,36.61199188232422,85.5054931640625,data_caiwangcun/query/images/exif_test/0004.JPG,9000,docs/experiments/dom_dsm_prepare/query_dom_patch_alignment_batch/images/004_0004/gpu_pinhole_render.png,9000,0.25,ok,73
undistorted_query_with_scaled_distortion_vs_pinhole_render,0.7341473892642494,0.6091206859639716,0.9419981511763388,-30.0,0.0,0.7365044951438904,-0.5,1.0,1982,0004,0.5610494450050454,1112,7.380126953125,23.26806640625,35.200538635253906,84.14774322509766,data_caiwangcun/query/images/exif_test/0004.JPG,9000,docs/experiments/dom_dsm_prepare/query_dom_patch_alignment_batch/images/004_0004/gpu_pinhole_render.png,9001,0.25,ok,73
raw_query_vs_distorted_render_with_scaled_distortion,0.7625938718987872,0.6007236661087667,0.935510769417966,-30.0,0.0,0.7680954337120056,-0.5,1.0,1882,0004,0.5403825717321998,1017,10.109130859375,23.4844970703125,35.507049560546875,89.15780639648438,data_caiwangcun/query/images/exif_test/0004.JPG,9000,docs/experiments/dom_dsm_prepare/query_dom_patch_alignment_batch/images/004_0004/gpu_pinhole_render.png,9001,0.25,ok,73
undistorted_query_with_scaled_distortion_vs_pinhole_render,0.7555429160126976,0.6016086253956235,0.9311407428532362,30.0,0.0,0.7702983021736145,-0.5,1.0,1994,0004,0.5381143430290872,1073,11.103515625,21.4990234375,34.82786178588867,92.96623992919922,data_caiwangcun/query/images/exif_test/0004.JPG,9000,docs/experiments/dom_dsm_prepare/query_dom_patch_alignment_batch/images/004_0004/gpu_pinhole_render.png,9001,0.25,ok,73
raw_query_vs_distorted_render_with_scaled_distortion,0.5500517141154493,0.554259998094067,0.9663474995315722,30.0,0.0,0.5039032697677612,-0.5,1.0,1899,0004,0.5071090047393365,963,2.963134765625,14.400390625,31.942873001098633,54.06480407714844,data_caiwangcun/query/images/exif_test/0004.JPG,9000,docs/experiments/dom_dsm_prepare/query_dom_patch_alignment_batch/images/004_0004/gpu_pinhole_render.png,9000,0.25,ok,73
undistorted_query_with_scaled_distortion_vs_pinhole_render,0.7482144070095306,0.6383406938151737,0.93826512673501,0.0,0.0,0.7318360209465027,-0.5,1.005,1955,0004,0.5892583120204603,1152,7.788330078125,23.0093994140625,36.47418212890625,93.0239486694336,data_caiwangcun/query/images/exif_test/0004.JPG,9000,docs/experiments/dom_dsm_prepare/query_dom_patch_alignment_batch/images/004_0004/gpu_pinhole_render.png,9001,0.25,ok,73
raw_query_vs_distorted_render_with_scaled_distortion,0.8017431021176733,0.6333885862959224,0.9299970122362732,0.0,0.0,0.7520568370819092,-0.5,1.005,1863,0004,0.5770263016639828,1075,8.58642578125,23.86474609375,36.92813491821289,107.56641387939453,data_caiwangcun/query/images/exif_test/0004.JPG,9000,docs/experiments/dom_dsm_prepare/query_dom_patch_alignment_batch/images/004_0004/gpu_pinhole_render.png,9000,0.25,ok,73
undistorted_query_with_scaled_distortion_vs_pinhole_render,0.6241728287612279,0.6294470867731798,0.9557525694594023,0.0,-30.0,0.6179109811782837,-0.5,1.005,1993,0004,0.5750125439036629,1146,4.213134765625,19.772705078125,34.97548294067383,71.67530822753906,data_caiwangcun/query/images/exif_test/0004.JPG,9000,docs/experiments/dom_dsm_prepare/query_dom_patch_alignment_batch/images/004_0004/gpu_pinhole_render.png,9001,0.25,ok,73
raw_query_vs_distorted_render_with_scaled_distortion,0.6020753329194749,0.6033239725979882,0.9583727411274581,0.0,-30.0,0.6570001840591431,-0.5,1.005,1869,0004,0.5115034777956127,956,4.181884765625,18.7861328125,32.19488525390625,62.50099182128906,data_caiwangcun/query/images/exif_test/0004.JPG,9000,docs/experiments/dom_dsm_prepare/query_dom_patch_alignment_batch/images/004_0004/gpu_pinhole_render.png,9000,0.25,ok,73
undistorted_query_with_scaled_distortion_vs_pinhole_render,0.7026536171111613,0.6071173336958957,0.9453553178999019,0.0,30.0,0.7289576530456543,-0.5,1.005,1974,0004,0.5511651469098278,1088,5.60009765625,22.4688720703125,33.59536361694336,79.99100494384766,data_caiwangcun/query/images/exif_test/0004.JPG,9000,docs/experiments/dom_dsm_prepare/query_dom_patch_alignment_batch/images/004_0004/gpu_pinhole_render.png,9001,0.25,ok,73
raw_query_vs_distorted_render_with_scaled_distortion,0.8494919601968371,0.6765576641175018,0.9353697754582065,0.0,30.0,0.7664079070091248,-0.5,1.005,1879,0004,0.5428419372006387,1020,8.8511962890625,23.135986328125,37.00959777832031,142.01283264160156,data_caiwangcun/query/images/exif_test/0004.JPG,9000,docs/experiments/dom_dsm_prepare/query_dom_patch_alignment_batch/images/004_0004/gpu_pinhole_render.png,9000,0.25,ok,73
undistorted_query_with_scaled_distortion_vs_pinhole_render,0.8025075697409826,0.632516835153122,0.9309514561288695,-30.0,0.0,0.7949303984642029,-0.5,1.005,1999,0004,0.5897948974487244,1179,9.542236328125,27.100830078125,38.96549987792969,105.58773803710938,data_caiwangcun/query/images/exif_test/0004.JPG,9000,docs/experiments/dom_dsm_prepare/query_dom_patch_alignment_batch/images/004_0004/gpu_pinhole_render.png,9001,0.25,ok,73
raw_query_vs_distorted_render_with_scaled_distortion,0.7719833536804381,0.6510441415817358,0.9354693144517028,-30.0,0.0,0.752051055431366,-0.5,1.005,1886,0004,0.5869565217391305,1107,8.60009765625,24.8260498046875,38.121761322021484,101.18218994140625,data_caiwangcun/query/images/exif_test/0004.JPG,9000,docs/experiments/dom_dsm_prepare/query_dom_patch_alignment_batch/images/004_0004/gpu_pinhole_render.png,9000,0.25,ok,73
undistorted_query_with_scaled_distortion_vs_pinhole_render,0.7788311380035924,0.6394951945775301,0.9331137421905502,30.0,0.0,0.7792291641235352,-0.5,1.005,1997,0004,0.5973960941412119,1193,7.607666015625,26.863525390625,37.51594161987305,102.63299560546875,data_caiwangcun/query/images/exif_test/0004.JPG,9000,docs/experiments/dom_dsm_prepare/query_dom_patch_alignment_batch/images/004_0004/gpu_pinhole_render.png,9001,0.25,ok,73
raw_query_vs_distorted_render_with_scaled_distortion,0.6020374915493141,0.5892853720839424,0.9593207459580919,30.0,0.0,0.6053580045700073,-0.5,1.005,1898,0004,0.5321390937829295,1010,5.114501953125,17.48272705078125,32.456451416015625,62.4790153503418,data_caiwangcun/query/images/exif_test/0004.JPG,9000,docs/experiments/dom_dsm_prepare/query_dom_patch_alignment_batch/images/004_0004/gpu_pinhole_render.png,9000,0.25,ok,73
undistorted_query_with_scaled_distortion_vs_pinhole_render,0.8056272666508881,0.5929120980199118,0.9335415053863931,0.0,0.0,0.8281695246696472,0.0,0.995,2028,0004,0.6267258382642998,1271,6.88037109375,32.52294921875,42.10038375854492,115.14176940917969,data_caiwangcun/query/images/exif_test/0004.JPG,9000,docs/experiments/dom_dsm_prepare/query_dom_patch_alignment_batch/images/004_0004/gpu_pinhole_render.png,9001,0.25,ok,73
raw_query_vs_distorted_render_with_scaled_distortion,0.8056272666508881,0.5929120980199118,0.9335415053863931,0.0,0.0,0.8281695246696472,0.0,0.995,2028,0004,0.6267258382642998,1271,6.88037109375,32.52294921875,42.10038375854492,115.14176940917969,data_caiwangcun/query/images/exif_test/0004.JPG,9000,docs/experiments/dom_dsm_prepare/query_dom_patch_alignment_batch/images/004_0004/gpu_pinhole_render.png,9001,0.25,ok,73
undistorted_query_with_scaled_distortion_vs_pinhole_render,0.8056272666508881,0.5929120980199118,0.9335415053863931,0.0,-30.0,0.8281695246696472,0.0,0.995,2028,0004,0.6267258382642998,1271,6.88037109375,32.52294921875,42.10038375854492,115.14176940917969,data_caiwangcun/query/images/exif_test/0004.JPG,9000,docs/experiments/dom_dsm_prepare/query_dom_patch_alignment_batch/images/004_0004/gpu_pinhole_render.png,9001,0.25,ok,73
raw_query_vs_distorted_render_with_scaled_distortion,0.8056272666508881,0.5929120980199118,0.9335415053863931,0.0,-30.0,0.8281695246696472,0.0,0.995,2028,0004,0.6267258382642998,1271,6.88037109375,32.52294921875,42.10038375854492,115.14176940917969,data_caiwangcun/query/images/exif_test/0004.JPG,9000,docs/experiments/dom_dsm_prepare/query_dom_patch_alignment_batch/images/004_0004/gpu_pinhole_render.png,9001,0.25,ok,73
undistorted_query_with_scaled_distortion_vs_pinhole_render,0.8056272666508881,0.5929120980199118,0.9335415053863931,0.0,30.0,0.8281695246696472,0.0,0.995,2028,0004,0.6267258382642998,1271,6.88037109375,32.52294921875,42.10038375854492,115.14176940917969,data_caiwangcun/query/images/exif_test/0004.JPG,9000,docs/experiments/dom_dsm_prepare/query_dom_patch_alignment_batch/images/004_0004/gpu_pinhole_render.png,9001,0.25,ok,73
raw_query_vs_distorted_render_with_scaled_distortion,0.8056272666508881,0.5929120980199118,0.9335415053863931,0.0,30.0,0.8281695246696472,0.0,0.995,2028,0004,0.6267258382642998,1271,6.88037109375,32.52294921875,42.10038375854492,115.14176940917969,data_caiwangcun/query/images/exif_test/0004.JPG,9000,docs/experiments/dom_dsm_prepare/query_dom_patch_alignment_batch/images/004_0004/gpu_pinhole_render.png,9001,0.25,ok,73
undistorted_query_with_scaled_distortion_vs_pinhole_render,0.8056272666508881,0.5929120980199118,0.9335415053863931,-30.0,0.0,0.8281695246696472,0.0,0.995,2028,0004,0.6267258382642998,1271,6.88037109375,32.52294921875,42.10038375854492,115.14176940917969,data_caiwangcun/query/images/exif_test/0004.JPG,9000,docs/experiments/dom_dsm_prepare/query_dom_patch_alignment_batch/images/004_0004/gpu_pinhole_render.png,9001,0.25,ok,73
raw_query_vs_distorted_render_with_scaled_distortion,0.8056272666508881,0.5929120980199118,0.9335415053863931,-30.0,0.0,0.8281695246696472,0.0,0.995,2028,0004,0.6267258382642998,1271,6.88037109375,32.52294921875,42.10038375854492,115.14176940917969,data_caiwangcun/query/images/exif_test/0004.JPG,9000,docs/experiments/dom_dsm_prepare/query_dom_patch_alignment_batch/images/004_0004/gpu_pinhole_render.png,9001,0.25,ok,73
undistorted_query_with_scaled_distortion_vs_pinhole_render,0.8056272666508881,0.5929120980199118,0.9335415053863931,30.0,0.0,0.8281695246696472,0.0,0.995,2028,0004,0.6267258382642998,1271,6.88037109375,32.52294921875,42.10038375854492,115.14176940917969,data_caiwangcun/query/images/exif_test/0004.JPG,9000,docs/experiments/dom_dsm_prepare/query_dom_patch_alignment_batch/images/004_0004/gpu_pinhole_render.png,9001,0.25,ok,73
raw_query_vs_distorted_render_with_scaled_distortion,0.8056272666508881,0.5929120980199118,0.9335415053863931,30.0,0.0,0.8281695246696472,0.0,0.995,2028,0004,0.6267258382642998,1271,6.88037109375,32.52294921875,42.10038375854492,115.14176940917969,data_caiwangcun/query/images/exif_test/0004.JPG,9000,docs/experiments/dom_dsm_prepare/query_dom_patch_alignment_batch/images/004_0004/gpu_pinhole_render.png,9001,0.25,ok,73
undistorted_query_with_scaled_distortion_vs_pinhole_render,0.8056272666508881,0.5929120980199118,0.9335415053863931,0.0,0.0,0.8281695246696472,0.0,1.0,2028,0004,0.6267258382642998,1271,6.88037109375,32.52294921875,42.10038375854492,115.14176940917969,data_caiwangcun/query/images/exif_test/0004.JPG,9000,docs/experiments/dom_dsm_prepare/query_dom_patch_alignment_batch/images/004_0004/gpu_pinhole_render.png,9001,0.25,ok,73
raw_query_vs_distorted_render_with_scaled_distortion,0.8056272666508881,0.5929120980199118,0.9335415053863931,0.0,0.0,0.8281695246696472,0.0,1.0,2028,0004,0.6267258382642998,1271,6.88037109375,32.52294921875,42.10038375854492,115.14176940917969,data_caiwangcun/query/images/exif_test/0004.JPG,9000,docs/experiments/dom_dsm_prepare/query_dom_patch_alignment_batch/images/004_0004/gpu_pinhole_render.png,9001,0.25,ok,73
undistorted_query_with_scaled_distortion_vs_pinhole_render,0.8056272666508881,0.5929120980199118,0.9335415053863931,0.0,-30.0,0.8281695246696472,0.0,1.0,2028,0004,0.6267258382642998,1271,6.88037109375,32.52294921875,42.10038375854492,115.14176940917969,data_caiwangcun/query/images/exif_test/0004.JPG,9000,docs/experiments/dom_dsm_prepare/query_dom_patch_alignment_batch/images/004_0004/gpu_pinhole_render.png,9001,0.25,ok,73
raw_query_vs_distorted_render_with_scaled_distortion,0.8056272666508881,0.5929120980199118,0.9335415053863931,0.0,-30.0,0.8281695246696472,0.0,1.0,2028,0004,0.6267258382642998,1271,6.88037109375,32.52294921875,42.10038375854492,115.14176940917969,data_caiwangcun/query/images/exif_test/0004.JPG,9000,docs/experiments/dom_dsm_prepare/query_dom_patch_alignment_batch/images/004_0004/gpu_pinhole_render.png,9001,0.25,ok,73
undistorted_query_with_scaled_distortion_vs_pinhole_render,0.8056272666508881,0.5929120980199118,0.9335415053863931,0.0,30.0,0.8281695246696472,0.0,1.0,2028,0004,0.6267258382642998,1271,6.88037109375,32.52294921875,42.10038375854492,115.14176940917969,data_caiwangcun/query/images/exif_test/0004.JPG,9000,docs/experiments/dom_dsm_prepare/query_dom_patch_alignment_batch/images/004_0004/gpu_pinhole_render.png,9001,0.25,ok,73
raw_query_vs_distorted_render_with_scaled_distortion,0.8056272666508881,0.5929120980199118,0.9335415053863931,0.0,30.0,0.8281695246696472,0.0,1.0,2028,0004,0.6267258382642998,1271,6.88037109375,32.52294921875,42.10038375854492,115.14176940917969,data_caiwangcun/query/images/exif_test/0004.JPG,9000,docs/experiments/dom_dsm_prepare/query_dom_patch_alignment_batch/images/004_0004/gpu_pinhole_render.png,9001,0.25,ok,73
undistorted_query_with_scaled_distortion_vs_pinhole_render,0.8056272666508881,0.5929120980199118,0.9335415053863931,-30.0,0.0,0.8281695246696472,0.0,1.0,2028,0004,0.6267258382642998,1271,6.88037109375,32.52294921875,42.10038375854492,115.14176940917969,data_caiwangcun/query/images/exif_test/0004.JPG,9000,docs/experiments/dom_dsm_prepare/query_dom_patch_alignment_batch/images/004_0004/gpu_pinhole_render.png,9001,0.25,ok,73
raw_query_vs_distorted_render_with_scaled_distortion,0.8056272666508881,0.5929120980199118,0.9335415053863931,-30.0,0.0,0.8281695246696472,0.0,1.0,2028,0004,0.6267258382642998,1271,6.88037109375,32.52294921875,42.10038375854492,115.14176940917969,data_caiwangcun/query/images/exif_test/0004.JPG,9000,docs/experiments/dom_dsm_prepare/query_dom_patch_alignment_batch/images/004_0004/gpu_pinhole_render.png,9001,0.25,ok,73
undistorted_query_with_scaled_distortion_vs_pinhole_render,0.8056272666508881,0.5929120980199118,0.9335415053863931,30.0,0.0,0.8281695246696472,0.0,1.0,2028,0004,0.6267258382642998,1271,6.88037109375,32.52294921875,42.10038375854492,115.14176940917969,data_caiwangcun/query/images/exif_test/0004.JPG,9000,docs/experiments/dom_dsm_prepare/query_dom_patch_alignment_batch/images/004_0004/gpu_pinhole_render.png,9001,0.25,ok,73
raw_query_vs_distorted_render_with_scaled_distortion,0.8056272666508881,0.5929120980199118,0.9335415053863931,30.0,0.0,0.8281695246696472,0.0,1.0,2028,0004,0.6267258382642998,1271,6.88037109375,32.52294921875,42.10038375854492,115.14176940917969,data_caiwangcun/query/images/exif_test/0004.JPG,9000,docs/experiments/dom_dsm_prepare/query_dom_patch_alignment_batch/images/004_0004/gpu_pinhole_render.png,9001,0.25,ok,73
undistorted_query_with_scaled_distortion_vs_pinhole_render,0.8056272666508881,0.5929120980199118,0.9335415053863931,0.0,0.0,0.8281695246696472,0.0,1.005,2028,0004,0.6267258382642998,1271,6.88037109375,32.52294921875,42.10038375854492,115.14176940917969,data_caiwangcun/query/images/exif_test/0004.JPG,9000,docs/experiments/dom_dsm_prepare/query_dom_patch_alignment_batch/images/004_0004/gpu_pinhole_render.png,9001,0.25,ok,73
raw_query_vs_distorted_render_with_scaled_distortion,0.8056272666508881,0.5929120980199118,0.9335415053863931,0.0,0.0,0.8281695246696472,0.0,1.005,2028,0004,0.6267258382642998,1271,6.88037109375,32.52294921875,42.10038375854492,115.14176940917969,data_caiwangcun/query/images/exif_test/0004.JPG,9000,docs/experiments/dom_dsm_prepare/query_dom_patch_alignment_batch/images/004_0004/gpu_pinhole_render.png,9001,0.25,ok,73
undistorted_query_with_scaled_distortion_vs_pinhole_render,0.8056272666508881,0.5929120980199118,0.9335415053863931,0.0,-30.0,0.8281695246696472,0.0,1.005,2028,0004,0.6267258382642998,1271,6.88037109375,32.52294921875,42.10038375854492,115.14176940917969,data_caiwangcun/query/images/exif_test/0004.JPG,9000,docs/experiments/dom_dsm_prepare/query_dom_patch_alignment_batch/images/004_0004/gpu_pinhole_render.png,9001,0.25,ok,73
raw_query_vs_distorted_render_with_scaled_distortion,0.8056272666508881,0.5929120980199118,0.9335415053863931,0.0,-30.0,0.8281695246696472,0.0,1.005,2028,0004,0.6267258382642998,1271,6.88037109375,32.52294921875,42.10038375854492,115.14176940917969,data_caiwangcun/query/images/exif_test/0004.JPG,9000,docs/experiments/dom_dsm_prepare/query_dom_patch_alignment_batch/images/004_0004/gpu_pinhole_render.png,9001,0.25,ok,73
undistorted_query_with_scaled_distortion_vs_pinhole_render,0.8056272666508881,0.5929120980199118,0.9335415053863931,0.0,30.0,0.8281695246696472,0.0,1.005,2028,0004,0.6267258382642998,1271,6.88037109375,32.52294921875,42.10038375854492,115.14176940917969,data_caiwangcun/query/images/exif_test/0004.JPG,9000,docs/experiments/dom_dsm_prepare/query_dom_patch_alignment_batch/images/004_0004/gpu_pinhole_render.png,9001,0.25,ok,73
raw_query_vs_distorted_render_with_scaled_distortion,0.8056272666508881,0.5929120980199118,0.9335415053863931,0.0,30.0,0.8281695246696472,0.0,1.005,2028,0004,0.6267258382642998,1271,6.88037109375,32.52294921875,42.10038375854492,115.14176940917969,data_caiwangcun/query/images/exif_test/0004.JPG,9000,docs/experiments/dom_dsm_prepare/query_dom_patch_alignment_batch/images/004_0004/gpu_pinhole_render.png,9001,0.25,ok,73
undistorted_query_with_scaled_distortion_vs_pinhole_render,0.8056272666508881,0.5929120980199118,0.9335415053863931,-30.0,0.0,0.8281695246696472,0.0,1.005,2028,0004,0.6267258382642998,1271,6.88037109375,32.52294921875,42.10038375854492,115.14176940917969,data_caiwangcun/query/images/exif_test/0004.JPG,9000,docs/experiments/dom_dsm_prepare/query_dom_patch_alignment_batch/images/004_0004/gpu_pinhole_render.png,9001,0.25,ok,73
raw_query_vs_distorted_render_with_scaled_distortion,0.8056272666508881,0.5929120980199118,0.9335415053863931,-30.0,0.0,0.8281695246696472,0.0,1.005,2028,0004,0.6267258382642998,1271,6.88037109375,32.52294921875,42.10038375854492,115.14176940917969,data_caiwangcun/query/images/exif_test/0004.JPG,9000,docs/experiments/dom_dsm_prepare/query_dom_patch_alignment_batch/images/004_0004/gpu_pinhole_render.png,9001,0.25,ok,73
undistorted_query_with_scaled_distortion_vs_pinhole_render,0.8056272666508881,0.5929120980199118,0.9335415053863931,30.0,0.0,0.8281695246696472,0.0,1.005,2028,0004,0.6267258382642998,1271,6.88037109375,32.52294921875,42.10038375854492,115.14176940917969,data_caiwangcun/query/images/exif_test/0004.JPG,9000,docs/experiments/dom_dsm_prepare/query_dom_patch_alignment_batch/images/004_0004/gpu_pinhole_render.png,9001,0.25,ok,73
raw_query_vs_distorted_render_with_scaled_distortion,0.8056272666508881,0.5929120980199118,0.9335415053863931,30.0,0.0,0.8281695246696472,0.0,1.005,2028,0004,0.6267258382642998,1271,6.88037109375,32.52294921875,42.10038375854492,115.14176940917969,data_caiwangcun/query/images/exif_test/0004.JPG,9000,docs/experiments/dom_dsm_prepare/query_dom_patch_alignment_batch/images/004_0004/gpu_pinhole_render.png,9001,0.25,ok,73
undistorted_query_with_scaled_distortion_vs_pinhole_render,0.5597334383308263,0.49866345073657864,0.9660194196437437,0.0,0.0,0.7680743336677551,0.5,0.995,2108,0004,0.7296015180265655,1538,2.10400390625,27.669342041015625,38.798316955566406,81.80801391601562,data_caiwangcun/query/images/exif_test/0004.JPG,9000,docs/experiments/dom_dsm_prepare/query_dom_patch_alignment_batch/images/004_0004/gpu_pinhole_render.png,9001,0.25,ok,73
raw_query_vs_distorted_render_with_scaled_distortion,0.3738586424839353,0.4528286089819225,0.975270659669319,0.0,0.0,0.6552402973175049,0.5,0.995,2002,0004,0.7442557442557443,1490,-1.9180908203125,22.787353515625,36.44390869140625,68.53242492675781,data_caiwangcun/query/images/exif_test/0004.JPG,9000,docs/experiments/dom_dsm_prepare/query_dom_patch_alignment_batch/images/004_0004/gpu_pinhole_render.png,9000,0.25,ok,73
undistorted_query_with_scaled_distortion_vs_pinhole_render,0.5268855957811602,0.5206210332919287,0.9679944124577432,0.0,-30.0,0.6578438878059387,0.5,0.995,2159,0004,0.7656322371468273,1653,2.46533203125,22.38623046875,39.060142517089844,82.69215393066406,data_caiwangcun/query/images/exif_test/0004.JPG,9001,docs/experiments/dom_dsm_prepare/query_dom_patch_alignment_batch/images/004_0004/gpu_pinhole_render.png,9001,0.25,ok,73
raw_query_vs_distorted_render_with_scaled_distortion,0.4436929209499419,0.456931410969831,0.9727217286979344,0.0,-30.0,0.7143141627311707,0.5,0.995,1984,0004,0.7520161290322581,1492,-1.249267578125,24.98944091796875,36.351722717285156,72.38298034667969,data_caiwangcun/query/images/exif_test/0004.JPG,9000,docs/experiments/dom_dsm_prepare/query_dom_patch_alignment_batch/images/004_0004/gpu_pinhole_render.png,9001,0.25,ok,73
undistorted_query_with_scaled_distortion_vs_pinhole_render,0.5090443125887607,0.4988356766473993,0.9694368200460262,0.0,30.0,0.6254500150680542,0.5,0.995,2107,0004,0.7821547223540579,1648,3.49725341796875,22.3265380859375,38.90659713745117,81.32140350341797,data_caiwangcun/query/images/exif_test/0004.JPG,9000,docs/experiments/dom_dsm_prepare/query_dom_patch_alignment_batch/images/004_0004/gpu_pinhole_render.png,9001,0.25,ok,73
raw_query_vs_distorted_render_with_scaled_distortion,0.41486592769190095,0.4752688296314834,0.972616388185523,0.0,30.0,0.6622064113616943,0.5,0.995,2026,0004,0.7581441263573544,1536,-1.0350341796875,23.208740234375,37.66402816772461,72.5162353515625,data_caiwangcun/query/images/exif_test/0004.JPG,9000,docs/experiments/dom_dsm_prepare/query_dom_patch_alignment_batch/images/004_0004/gpu_pinhole_render.png,9000,0.25,ok,73
undistorted_query_with_scaled_distortion_vs_pinhole_render,0.4812302453056254,0.48046354221313475,0.9712699525307216,-30.0,0.0,0.7046997547149658,0.5,0.995,2153,0004,0.7668369716674408,1651,0.835205078125,25.5406494140625,38.308467864990234,77.63102722167969,data_caiwangcun/query/images/exif_test/0004.JPG,9000,docs/experiments/dom_dsm_prepare/query_dom_patch_alignment_batch/images/004_0004/gpu_pinhole_render.png,9001,0.25,ok,73
raw_query_vs_distorted_render_with_scaled_distortion,0.3391278181124682,0.38945402171365917,0.9804276823529702,-30.0,0.0,0.5129837393760681,0.5,0.995,1971,0004,0.723997970573313,1427,-1.21533203125,19.3046875,35.901405334472656,58.50074768066406,data_caiwangcun/query/images/exif_test/0004.JPG,9000,docs/experiments/dom_dsm_prepare/query_dom_patch_alignment_batch/images/004_0004/gpu_pinhole_render.png,9000,0.25,ok,73
undistorted_query_with_scaled_distortion_vs_pinhole_render,0.5081702153727328,0.48129500050361934,0.9702100417061628,30.0,0.0,0.7471842765808105,0.5,0.995,2158,0004,0.7075996292863763,1527,-0.181396484375,26.821533203125,37.287452697753906,77.81058502197266,data_caiwangcun/query/images/exif_test/0004.JPG,9000,docs/experiments/dom_dsm_prepare/query_dom_patch_alignment_batch/images/004_0004/gpu_pinhole_render.png,9001,0.25,ok,73
raw_query_vs_distorted_render_with_scaled_distortion,0.5228068856716417,0.517763594841931,0.9671598464959282,30.0,0.0,0.7177721858024597,0.5,0.995,1973,0004,0.7557019766852509,1491,3.232421875,24.78076171875,38.26485824584961,80.73095703125,data_caiwangcun/query/images/exif_test/0004.JPG,9000,docs/experiments/dom_dsm_prepare/query_dom_patch_alignment_batch/images/004_0004/gpu_pinhole_render.png,9000,0.25,ok,73
undistorted_query_with_scaled_distortion_vs_pinhole_render,0.48912718060673477,0.48529287942407506,0.9700032775134702,0.0,0.0,0.6992942094802856,0.5,1.0,2097,0004,0.7644253695755842,1603,2.049072265625,25.01904296875,38.12055969238281,77.90150451660156,data_caiwangcun/query/images/exif_test/0004.JPG,9000,docs/experiments/dom_dsm_prepare/query_dom_patch_alignment_batch/images/004_0004/gpu_pinhole_render.png,9001,0.25,ok,73
raw_query_vs_distorted_render_with_scaled_distortion,0.49095218141967006,0.47339306017640415,0.9695764051631588,0.0,0.0,0.7198603749275208,0.5,1.0,2000,0004,0.7655,1531,1.00048828125,25.4200439453125,37.544315338134766,75.60179901123047,data_caiwangcun/query/images/exif_test/0004.JPG,9000,docs/experiments/dom_dsm_prepare/query_dom_patch_alignment_batch/images/004_0004/gpu_pinhole_render.png,9000,0.25,ok,73
undistorted_query_with_scaled_distortion_vs_pinhole_render,0.482359697438171,0.47218365736931545,0.9710750913755147,0.0,-30.0,0.7245071530342102,0.5,1.0,2160,0004,0.7282407407407407,1573,-0.457763671875,25.980224609375,37.5203971862793,75.62533569335938,data_caiwangcun/query/images/exif_test/0004.JPG,9000,docs/experiments/dom_dsm_prepare/query_dom_patch_alignment_batch/images/004_0004/gpu_pinhole_render.png,9001,0.25,ok,73
raw_query_vs_distorted_render_with_scaled_distortion,0.487095481723551,0.4702461421121969,0.9701381022112098,0.0,-30.0,0.7374218106269836,0.5,1.0,2031,0004,0.7567700640078779,1537,-0.792236328125,26.474853515625,37.36780548095703,74.5572738647461,data_caiwangcun/query/images/exif_test/0004.JPG,9000,docs/experiments/dom_dsm_prepare/query_dom_patch_alignment_batch/images/004_0004/gpu_pinhole_render.png,9000,0.25,ok,73
undistorted_query_with_scaled_distortion_vs_pinhole_render,0.5095328965407343,0.47310103792963176,0.9694142712495871,0.0,30.0,0.7199358344078064,0.5,1.0,2106,0004,0.7464387464387464,1572,1.26806640625,25.71246337890625,37.515541076660156,78.08726501464844,data_caiwangcun/query/images/exif_test/0004.JPG,9000,docs/experiments/dom_dsm_prepare/query_dom_patch_alignment_batch/images/004_0004/gpu_pinhole_render.png,9001,0.25,ok,73
raw_query_vs_distorted_render_with_scaled_distortion,0.5336474650560181,0.4862889064457334,0.9698342925162938,0.0,30.0,0.6657732129096985,0.5,1.0,2003,0004,0.7733399900149776,1549,4.657470703125,22.544189453125,38.67367172241211,81.1941146850586,data_caiwangcun/query/images/exif_test/0004.JPG,9000,docs/experiments/dom_dsm_prepare/query_dom_patch_alignment_batch/images/004_0004/gpu_pinhole_render.png,9000,0.25,ok,73
undistorted_query_with_scaled_distortion_vs_pinhole_render,0.459268938618631,0.4237144898867249,0.9728417879371256,-30.0,0.0,0.578622579574585,0.5,1.0,2143,0004,0.731217918805413,1567,2.8974609375,20.45623779296875,36.817447662353516,72.14241790771484,data_caiwangcun/query/images/exif_test/0004.JPG,9001,docs/experiments/dom_dsm_prepare/query_dom_patch_alignment_batch/images/004_0004/gpu_pinhole_render.png,9001,0.25,ok,73
raw_query_vs_distorted_render_with_scaled_distortion,0.44675812883553023,0.457712850629559,0.9730090956417444,-30.0,0.0,0.6995252370834351,0.5,1.0,1994,0004,0.7587763289869609,1513,-0.30810546875,23.9871826171875,36.93672561645508,72.71231079101562,data_caiwangcun/query/images/exif_test/0004.JPG,9000,docs/experiments/dom_dsm_prepare/query_dom_patch_alignment_batch/images/004_0004/gpu_pinhole_render.png,9001,0.25,ok,73
undistorted_query_with_scaled_distortion_vs_pinhole_render,0.5440670923540427,0.4917417342899357,0.9656664287635439,30.0,0.0,0.7426917552947998,0.5,1.0,2162,0004,0.7345050878815911,1588,1.8658447265625,27.100311279296875,38.26473617553711,80.20247650146484,data_caiwangcun/query/images/exif_test/0004.JPG,9000,docs/experiments/dom_dsm_prepare/query_dom_patch_alignment_batch/images/004_0004/gpu_pinhole_render.png,9001,0.25,ok,73
raw_query_vs_distorted_render_with_scaled_distortion,0.39036126839258717,0.43021762495532084,0.9761993736949357,30.0,0.0,0.6499369740486145,0.5,1.0,1976,0004,0.7327935222672065,1448,-1.319091796875,22.6820068359375,36.143028259277344,65.96619415283203,data_caiwangcun/query/images/exif_test/0004.JPG,9000,docs/experiments/dom_dsm_prepare/query_dom_patch_alignment_batch/images/004_0004/gpu_pinhole_render.png,9000,0.25,ok,73
undistorted_query_with_scaled_distortion_vs_pinhole_render,0.4954924843248234,0.4740443955962763,0.9705118021942735,0.0,0.0,0.7354558110237122,0.5,1.005,2134,0004,0.7127460168697282,1521,-0.31787109375,25.9794921875,37.35832595825195,76.38355255126953,data_caiwangcun/query/images/exif_test/0004.JPG,9001,docs/experiments/dom_dsm_prepare/query_dom_patch_alignment_batch/images/004_0004/gpu_pinhole_render.png,9001,0.25,ok,73
raw_query_vs_distorted_render_with_scaled_distortion,0.45918009317961006,0.44244670856001334,0.9736064757259222,0.0,0.0,0.674923837184906,0.5,1.005,1994,0004,0.7577733199598796,1511,0.43310546875,23.0751953125,36.623870849609375,71.62435913085938,data_caiwangcun/query/images/exif_test/0004.JPG,9000,docs/experiments/dom_dsm_prepare/query_dom_patch_alignment_batch/images/004_0004/gpu_pinhole_render.png,9000,0.25,ok,73
undistorted_query_with_scaled_distortion_vs_pinhole_render,0.4782388086779083,0.47244699067551044,0.9696077257556791,0.0,-30.0,0.6978319883346558,0.5,1.005,2109,0004,0.74158368895211,1564,-0.197509765625,24.64678955078125,37.06641387939453,76.30126953125,data_caiwangcun/query/images/exif_test/0004.JPG,9001,docs/experiments/dom_dsm_prepare/query_dom_patch_alignment_batch/images/004_0004/gpu_pinhole_render.png,9001,0.25,ok,73
raw_query_vs_distorted_render_with_scaled_distortion,0.5106808630735827,0.46032269021549227,0.9691694922614568,0.0,-30.0,0.7497925162315369,0.5,1.005,1971,0004,0.7417554540842212,1462,-0.5482177734375,26.4930419921875,37.033164978027344,74.17548370361328,data_caiwangcun/query/images/exif_test/0004.JPG,9000,docs/experiments/dom_dsm_prepare/query_dom_patch_alignment_batch/images/004_0004/gpu_pinhole_render.png,9000,0.25,ok,73
undistorted_query_with_scaled_distortion_vs_pinhole_render,0.38720972954343985,0.47559484735930274,0.9756763323780638,0.0,30.0,0.6594164967536926,0.5,1.005,2114,0004,0.7209082308420057,1524,-1.1890869140625,23.114990234375,37.01426315307617,70.38262939453125,data_caiwangcun/query/images/exif_test/0004.JPG,9000,docs/experiments/dom_dsm_prepare/query_dom_patch_alignment_batch/images/004_0004/gpu_pinhole_render.png,9001,0.25,ok,73
raw_query_vs_distorted_render_with_scaled_distortion,0.48390622084867907,0.45995069106680453,0.9708496677988022,0.0,30.0,0.7118402719497681,0.5,1.005,2010,0004,0.7542288557213931,1516,0.9189453125,24.4127197265625,37.248291015625,74.73309326171875,data_caiwangcun/query/images/exif_test/0004.JPG,9000,docs/experiments/dom_dsm_prepare/query_dom_patch_alignment_batch/images/004_0004/gpu_pinhole_render.png,9000,0.25,ok,73
undistorted_query_with_scaled_distortion_vs_pinhole_render,0.47169226711978607,0.5300616560150573,0.9709511952249436,-30.0,0.0,0.565159261226654,0.5,1.005,2124,0004,0.7829566854990584,1663,1.9111328125,20.4794921875,39.6505012512207,81.6150131225586,data_caiwangcun/query/images/exif_test/0004.JPG,9000,docs/experiments/dom_dsm_prepare/query_dom_patch_alignment_batch/images/004_0004/gpu_pinhole_render.png,9001,0.25,ok,73
raw_query_vs_distorted_render_with_scaled_distortion,0.4704667793475005,0.5014052110697945,0.972492421393104,-30.0,0.0,0.6770420670509338,0.5,1.005,2004,0004,0.7719560878243513,1547,0.82177734375,23.5458984375,37.92464828491211,76.93341064453125,data_caiwangcun/query/images/exif_test/0004.JPG,9000,docs/experiments/dom_dsm_prepare/query_dom_patch_alignment_batch/images/004_0004/gpu_pinhole_render.png,9001,0.25,ok,73
undistorted_query_with_scaled_distortion_vs_pinhole_render,0.5714972267523534,0.4878423539934285,0.9657056574194575,30.0,0.0,0.7588992714881897,0.5,1.005,2146,0004,0.7325256290773532,1572,1.9178466796875,27.8414306640625,38.85582733154297,82.09148406982422,data_caiwangcun/query/images/exif_test/0004.JPG,9000,docs/experiments/dom_dsm_prepare/query_dom_patch_alignment_batch/images/004_0004/gpu_pinhole_render.png,9001,0.25,ok,73
raw_query_vs_distorted_render_with_scaled_distortion,0.28832261490030886,0.42954816610692054,0.9798039625940658,30.0,0.0,0.5435208082199097,0.5,1.005,1993,0004,0.701455092824887,1398,-2.3443603515625,19.5733642578125,35.17797088623047,57.748836517333984,data_caiwangcun/query/images/exif_test/0004.JPG,9000,docs/experiments/dom_dsm_prepare/query_dom_patch_alignment_batch/images/004_0004/gpu_pinhole_render.png,9000,0.25,ok,73
undistorted_query_with_scaled_distortion_vs_pinhole_render,-0.19659422080485983,0.14621017236111566,0.9894901693754804,0.0,0.0,0.4232325553894043,1.0,0.995,2203,0004,0.9750340444847935,2148,-6.3590087890625,23.11083984375,44.45867919921875,68.08116149902344,data_caiwangcun/query/images/exif_test/0004.JPG,9000,docs/experiments/dom_dsm_prepare/query_dom_patch_alignment_batch/images/004_0004/gpu_pinhole_render.png,9001,0.25,ok,73
raw_query_vs_distorted_render_with_scaled_distortion,-0.19462208567753606,0.14204129389375503,0.9886914301084262,0.0,0.0,0.3712460994720459,1.0,0.995,2032,0004,0.9788385826771654,1989,-6.43896484375,19.482177734375,40.631683349609375,63.85982894897461,data_caiwangcun/query/images/exif_test/0004.JPG,9000,docs/experiments/dom_dsm_prepare/query_dom_patch_alignment_batch/images/004_0004/gpu_pinhole_render.png,9000,0.25,ok,73
undistorted_query_with_scaled_distortion_vs_pinhole_render,-0.16204582490191302,0.11891798510003358,0.9854154386664871,0.0,-30.0,0.3888165354728699,1.0,0.995,2184,0004,0.9757326007326007,2131,-6.322021484375,21.414794921875,44.1518440246582,66.63025665283203,data_caiwangcun/query/images/exif_test/0004.JPG,9000,docs/experiments/dom_dsm_prepare/query_dom_patch_alignment_batch/images/004_0004/gpu_pinhole_render.png,9001,0.25,ok,73
raw_query_vs_distorted_render_with_scaled_distortion,-0.16811004385108214,0.12046620556585208,0.9851811534119476,0.0,-30.0,0.3650329113006592,1.0,0.995,2026,0004,0.9807502467917077,1987,-6.267578125,19.923583984375,40.92866897583008,63.28668975830078,data_caiwangcun/query/images/exif_test/0004.JPG,9000,docs/experiments/dom_dsm_prepare/query_dom_patch_alignment_batch/images/004_0004/gpu_pinhole_render.png,9000,0.25,ok,73
undistorted_query_with_scaled_distortion_vs_pinhole_render,-0.1980550808862197,0.13731581284191025,0.9916509342730286,0.0,30.0,0.4527896046638489,1.0,0.995,2181,0004,0.9738651994497937,2124,-6.41845703125,23.3753662109375,44.27474594116211,68.57331085205078,data_caiwangcun/query/images/exif_test/0004.JPG,9000,docs/experiments/dom_dsm_prepare/query_dom_patch_alignment_batch/images/004_0004/gpu_pinhole_render.png,9001,0.25,ok,73
raw_query_vs_distorted_render_with_scaled_distortion,-0.16096111012602385,0.10015655922949121,0.9908933879864585,0.0,30.0,0.3902752101421356,1.0,0.995,1994,0004,0.9794383149448345,1953,-5.019775390625,20.835205078125,41.39427947998047,64.57706451416016,data_caiwangcun/query/images/exif_test/0004.JPG,9000,docs/experiments/dom_dsm_prepare/query_dom_patch_alignment_batch/images/004_0004/gpu_pinhole_render.png,9000,0.25,ok,73
undistorted_query_with_scaled_distortion_vs_pinhole_render,-0.18648475668469938,0.10573098091063919,0.9882944742399767,-30.0,0.0,0.4229012727737427,1.0,0.995,2214,0004,0.975609756097561,2160,-7.213623046875,22.51123046875,44.63449478149414,68.31256866455078,data_caiwangcun/query/images/exif_test/0004.JPG,9000,docs/experiments/dom_dsm_prepare/query_dom_patch_alignment_batch/images/004_0004/gpu_pinhole_render.png,9001,0.25,ok,73
raw_query_vs_distorted_render_with_scaled_distortion,-0.17456490339998265,0.0983784051044788,0.9879846505248558,-30.0,0.0,0.37405580282211304,1.0,0.995,2072,0004,0.9773166023166023,2025,-7.60711669921875,19.6043701171875,41.6345100402832,64.3632583618164,data_caiwangcun/query/images/exif_test/0004.JPG,9000,docs/experiments/dom_dsm_prepare/query_dom_patch_alignment_batch/images/004_0004/gpu_pinhole_render.png,9000,0.25,ok,73
undistorted_query_with_scaled_distortion_vs_pinhole_render,-0.1380639223134276,0.11862424698957674,0.9892586463785558,30.0,0.0,0.42134085297584534,1.0,0.995,2180,0004,0.9779816513761468,2132,-4.921875,22.6632080078125,43.21726989746094,67.67613983154297,data_caiwangcun/query/images/exif_test/0004.JPG,9000,docs/experiments/dom_dsm_prepare/query_dom_patch_alignment_batch/images/004_0004/gpu_pinhole_render.png,9001,0.25,ok,73
raw_query_vs_distorted_render_with_scaled_distortion,-0.16110049694278747,0.12716220572764875,0.9882479610276876,30.0,0.0,0.3610101342201233,1.0,0.995,2007,0004,0.9840558046836074,1975,-3.9951171875,20.022216796875,41.34601593017578,64.26056671142578,data_caiwangcun/query/images/exif_test/0004.JPG,9000,docs/experiments/dom_dsm_prepare/query_dom_patch_alignment_batch/images/004_0004/gpu_pinhole_render.png,9000,0.25,ok,73
undistorted_query_with_scaled_distortion_vs_pinhole_render,-0.15739005488623925,0.14881872389013834,0.9894999560527253,0.0,0.0,0.4287947416305542,1.0,1.0,2198,0004,0.9767970882620565,2147,-5.990234375,23.010498046875,44.36555862426758,67.9891586303711,data_caiwangcun/query/images/exif_test/0004.JPG,9000,docs/experiments/dom_dsm_prepare/query_dom_patch_alignment_batch/images/004_0004/gpu_pinhole_render.png,9001,0.25,ok,73
raw_query_vs_distorted_render_with_scaled_distortion,-0.15207433832680012,0.13450431041663397,0.9887097118466932,0.0,0.0,0.36752617359161377,1.0,1.0,2019,0004,0.9757305596830114,1970,-5.580322265625,19.706817626953125,40.77263641357422,64.23491668701172,data_caiwangcun/query/images/exif_test/0004.JPG,9000,docs/experiments/dom_dsm_prepare/query_dom_patch_alignment_batch/images/004_0004/gpu_pinhole_render.png,9000,0.25,ok,73
undistorted_query_with_scaled_distortion_vs_pinhole_render,-0.12528174778004048,0.12306347869176645,0.9858576796725675,0.0,-30.0,0.38390302658081055,1.0,1.0,2202,0004,0.9754768392370572,2148,-5.7288818359375,21.856201171875,44.08843231201172,67.2781982421875,data_caiwangcun/query/images/exif_test/0004.JPG,9000,docs/experiments/dom_dsm_prepare/query_dom_patch_alignment_batch/images/004_0004/gpu_pinhole_render.png,9001,0.25,ok,73
raw_query_vs_distorted_render_with_scaled_distortion,-0.1513481072000852,0.14181570922565165,0.9854537467231996,0.0,-30.0,0.35931575298309326,1.0,1.0,2002,0004,0.9815184815184815,1965,-5.60791015625,19.63232421875,41.14820861816406,63.39582061767578,data_caiwangcun/query/images/exif_test/0004.JPG,9000,docs/experiments/dom_dsm_prepare/query_dom_patch_alignment_batch/images/004_0004/gpu_pinhole_render.png,9000,0.25,ok,73
undistorted_query_with_scaled_distortion_vs_pinhole_render,-0.15092513549732395,0.13030227121706417,0.9918685969211123,0.0,30.0,0.43835973739624023,1.0,1.0,2178,0004,0.9724517906336089,2118,-5.7113037109375,23.28814697265625,44.35537338256836,68.49650573730469,data_caiwangcun/query/images/exif_test/0004.JPG,9000,docs/experiments/dom_dsm_prepare/query_dom_patch_alignment_batch/images/004_0004/gpu_pinhole_render.png,9001,0.25,ok,73
raw_query_vs_distorted_render_with_scaled_distortion,-0.1433427200265785,0.11682386198665974,0.9911069579609306,0.0,30.0,0.3793509304523468,1.0,1.0,1995,0004,0.9789473684210527,1953,-5.006591796875,20.7908935546875,41.64081573486328,64.98036193847656,data_caiwangcun/query/images/exif_test/0004.JPG,9000,docs/experiments/dom_dsm_prepare/query_dom_patch_alignment_batch/images/004_0004/gpu_pinhole_render.png,9000,0.25,ok,73
undistorted_query_with_scaled_distortion_vs_pinhole_render,-0.1566553573056022,0.11406451460685438,0.9883520982790538,-30.0,0.0,0.4452826678752899,1.0,1.0,2160,0004,0.975925925925926,2108,-7.4217529296875,22.926025390625,44.08873748779297,68.0259780883789,data_caiwangcun/query/images/exif_test/0004.JPG,9000,docs/experiments/dom_dsm_prepare/query_dom_patch_alignment_batch/images/004_0004/gpu_pinhole_render.png,9001,0.25,ok,73
raw_query_vs_distorted_render_with_scaled_distortion,-0.15660183827155416,0.11488929014500816,0.9876491545950398,-30.0,0.0,0.36965498328208923,1.0,1.0,2020,0004,0.9782178217821782,1976,-7.4022216796875,19.15576171875,40.8489990234375,64.14350891113281,data_caiwangcun/query/images/exif_test/0004.JPG,9000,docs/experiments/dom_dsm_prepare/query_dom_patch_alignment_batch/images/004_0004/gpu_pinhole_render.png,9000,0.25,ok,73
undistorted_query_with_scaled_distortion_vs_pinhole_render,-0.1374293162385833,0.15586083816985977,0.9894533549658523,30.0,0.0,0.42265161871910095,1.0,1.0,2186,0004,0.9780420860018298,2138,-4.8778076171875,22.67034912109375,43.307342529296875,67.92220306396484,data_caiwangcun/query/images/exif_test/0004.JPG,9000,docs/experiments/dom_dsm_prepare/query_dom_patch_alignment_batch/images/004_0004/gpu_pinhole_render.png,9001,0.25,ok,73
raw_query_vs_distorted_render_with_scaled_distortion,-0.14199560192561567,0.1451894820913118,0.9885077888358358,30.0,0.0,0.3740939795970917,1.0,1.0,2020,0004,0.9777227722772277,1975,-3.676025390625,20.79248046875,41.28408432006836,63.62155532836914,data_caiwangcun/query/images/exif_test/0004.JPG,9000,docs/experiments/dom_dsm_prepare/query_dom_patch_alignment_batch/images/004_0004/gpu_pinhole_render.png,9000,0.25,ok,73
undistorted_query_with_scaled_distortion_vs_pinhole_render,-0.10928899663467792,0.13651254013311595,0.9889329580881296,0.0,0.0,0.42256253957748413,1.0,1.005,2219,0004,0.9734114465975665,2160,-5.8151702880859375,23.1348876953125,44.325767517089844,68.38471984863281,data_caiwangcun/query/images/exif_test/0004.JPG,9001,docs/experiments/dom_dsm_prepare/query_dom_patch_alignment_batch/images/004_0004/gpu_pinhole_render.png,9001,0.25,ok,73
raw_query_vs_distorted_render_with_scaled_distortion,-0.10927975671257342,0.12436610067952779,0.9886818615888668,0.0,0.0,0.37184134125709534,1.0,1.005,2032,0004,0.9808070866141733,1993,-5.083984375,20.048828125,41.027984619140625,63.68960952758789,data_caiwangcun/query/images/exif_test/0004.JPG,9000,docs/experiments/dom_dsm_prepare/query_dom_patch_alignment_batch/images/004_0004/gpu_pinhole_render.png,9000,0.25,ok,73
undistorted_query_with_scaled_distortion_vs_pinhole_render,-0.11887819181093952,0.15346549410997093,0.9861251801011878,0.0,-30.0,0.3963259756565094,1.0,1.005,2163,0004,0.9731853906611189,2105,-6.0849609375,21.72607421875,43.3009033203125,66.08360290527344,data_caiwangcun/query/images/exif_test/0004.JPG,9000,docs/experiments/dom_dsm_prepare/query_dom_patch_alignment_batch/images/004_0004/gpu_pinhole_render.png,9001,0.25,ok,73
raw_query_vs_distorted_render_with_scaled_distortion,-0.08863517447544417,0.10945585022721614,0.9854789834289063,0.0,-30.0,0.3585647940635681,1.0,1.005,2033,0004,0.9773733398917855,1987,-5.3271484375,19.828857421875,40.77267837524414,63.20362091064453,data_caiwangcun/query/images/exif_test/0004.JPG,9000,docs/experiments/dom_dsm_prepare/query_dom_patch_alignment_batch/images/004_0004/gpu_pinhole_render.png,9000,0.25,ok,73
undistorted_query_with_scaled_distortion_vs_pinhole_render,-0.14154435910262303,0.1594771825407925,0.9915611777443144,0.0,30.0,0.451541006565094,1.0,1.005,2146,0004,0.9743709226467847,2091,-5.58544921875,23.505859375,43.931297302246094,68.50057983398438,data_caiwangcun/query/images/exif_test/0004.JPG,9001,docs/experiments/dom_dsm_prepare/query_dom_patch_alignment_batch/images/004_0004/gpu_pinhole_render.png,9001,0.25,ok,73
raw_query_vs_distorted_render_with_scaled_distortion,-0.12863023218232444,0.1357256736881701,0.9914147159867036,0.0,30.0,0.39236894249916077,1.0,1.005,1993,0004,0.9794279979929754,1952,-5.3665771484375,20.722900390625,41.4552001953125,64.663818359375,data_caiwangcun/query/images/exif_test/0004.JPG,9000,docs/experiments/dom_dsm_prepare/query_dom_patch_alignment_batch/images/004_0004/gpu_pinhole_render.png,9001,0.25,ok,73
undistorted_query_with_scaled_distortion_vs_pinhole_render,-0.14266574760292117,0.1404043986808035,0.9888394896222688,-30.0,0.0,0.43430328369140625,1.0,1.005,2192,0004,0.9749087591240876,2137,-7.73974609375,22.794677734375,44.22061538696289,68.36300659179688,data_caiwangcun/query/images/exif_test/0004.JPG,9000,docs/experiments/dom_dsm_prepare/query_dom_patch_alignment_batch/images/004_0004/gpu_pinhole_render.png,9001,0.25,ok,73
raw_query_vs_distorted_render_with_scaled_distortion,-0.1223831784571937,0.11485160850703569,0.9876124104676353,-30.0,0.0,0.37820085883140564,1.0,1.005,2031,0004,0.9773510585918267,1985,-7.23974609375,19.66650390625,41.14695358276367,64.18213653564453,data_caiwangcun/query/images/exif_test/0004.JPG,9000,docs/experiments/dom_dsm_prepare/query_dom_patch_alignment_batch/images/004_0004/gpu_pinhole_render.png,9000,0.25,ok,73
undistorted_query_with_scaled_distortion_vs_pinhole_render,-0.10653801806536364,0.16512695004510086,0.989721210934769,30.0,0.0,0.4234209358692169,1.0,1.005,2194,0004,0.9758432087511395,2141,-4.567138671875,22.924072265625,43.966407775878906,68.14825439453125,data_caiwangcun/query/images/exif_test/0004.JPG,9001,docs/experiments/dom_dsm_prepare/query_dom_patch_alignment_batch/images/004_0004/gpu_pinhole_render.png,9001,0.25,ok,73
raw_query_vs_distorted_render_with_scaled_distortion,-0.10079751649353942,0.1359373287410183,0.9889520717159945,30.0,0.0,0.37186530232429504,1.0,1.005,2032,0004,0.9773622047244095,1986,-3.587158203125,20.7330322265625,41.338863372802734,65.12895202636719,data_caiwangcun/query/images/exif_test/0004.JPG,9000,docs/experiments/dom_dsm_prepare/query_dom_patch_alignment_batch/images/004_0004/gpu_pinhole_render.png,9000,0.25,ok,73
undistorted_query_with_scaled_distortion_vs_pinhole_render,-0.5112782150414645,-0.36593261422111656,0.9781506309382737,0.0,0.0,0.5856910943984985,1.5,0.995,2065,0004,0.7360774818401937,1520,-17.0291748046875,10.924163818359375,37.09560775756836,64.46012878417969,data_caiwangcun/query/images/exif_test/0004.JPG,9000,docs/experiments/dom_dsm_prepare/query_dom_patch_alignment_batch/images/004_0004/gpu_pinhole_render.png,9001,0.25,ok,73
raw_query_vs_distorted_render_with_scaled_distortion,-0.5203996895450242,-0.5721293913899195,0.9720303699769673,0.0,0.0,0.7224425077438354,1.5,0.995,2047,0004,0.7684416218856863,1573,-22.13623046875,15.598876953125,39.08795166015625,76.51985168457031,data_caiwangcun/query/images/exif_test/0004.JPG,9000,docs/experiments/dom_dsm_prepare/query_dom_patch_alignment_batch/images/004_0004/gpu_pinhole_render.png,9001,0.25,ok,73
undistorted_query_with_scaled_distortion_vs_pinhole_render,-0.5348059344300529,-0.5189345782074655,0.968801222149057,0.0,-30.0,0.6527523398399353,1.5,0.995,2042,0004,0.7732615083251714,1579,-20.010498046875,12.30810546875,38.2420768737793,77.35749053955078,data_caiwangcun/query/images/exif_test/0004.JPG,9000,docs/experiments/dom_dsm_prepare/query_dom_patch_alignment_batch/images/004_0004/gpu_pinhole_render.png,9001,0.25,ok,73
raw_query_vs_distorted_render_with_scaled_distortion,-0.5685075265817947,-0.3177195344343303,0.9720640288942081,0.0,-30.0,0.614119827747345,1.5,0.995,2011,0004,0.7692690203878667,1547,-19.9365234375,10.947998046875,37.128265380859375,67.8470687866211,data_caiwangcun/query/images/exif_test/0004.JPG,9000,docs/experiments/dom_dsm_prepare/query_dom_patch_alignment_batch/images/004_0004/gpu_pinhole_render.png,9000,0.25,ok,73
undistorted_query_with_scaled_distortion_vs_pinhole_render,-0.6133760903163064,-0.4759868837823502,0.970552555318768,0.0,30.0,0.7629781365394592,1.5,0.995,2064,0004,0.748062015503876,1544,-26.128173828125,14.866943359375,39.85395431518555,83.02113342285156,data_caiwangcun/query/images/exif_test/0004.JPG,9000,docs/experiments/dom_dsm_prepare/query_dom_patch_alignment_batch/images/004_0004/gpu_pinhole_render.png,9001,0.25,ok,73
raw_query_vs_distorted_render_with_scaled_distortion,-0.5485830700299914,-0.4608647879512449,0.9753138698259819,0.0,30.0,0.7364152073860168,1.5,0.995,2015,0004,0.753349875930521,1518,-22.0733642578125,16.093994140625,38.27931213378906,72.63021087646484,data_caiwangcun/query/images/exif_test/0004.JPG,9000,docs/experiments/dom_dsm_prepare/query_dom_patch_alignment_batch/images/004_0004/gpu_pinhole_render.png,9000,0.25,ok,73
undistorted_query_with_scaled_distortion_vs_pinhole_render,-0.4999335878181191,-0.3432829048092357,0.9757900808547404,-30.0,0.0,0.5431016683578491,1.5,0.995,2047,0004,0.6985832926233513,1430,-16.509521484375,8.6400146484375,36.14636993408203,63.2244873046875,data_caiwangcun/query/images/exif_test/0004.JPG,9000,docs/experiments/dom_dsm_prepare/query_dom_patch_alignment_batch/images/004_0004/gpu_pinhole_render.png,9001,0.25,ok,73
raw_query_vs_distorted_render_with_scaled_distortion,-0.5354899541561046,-0.33937889629014123,0.9750727344415963,-30.0,0.0,0.6384325623512268,1.5,0.995,1964,0004,0.7443991853360489,1462,-19.85467529296875,10.881591796875,36.57378005981445,64.64300537109375,data_caiwangcun/query/images/exif_test/0004.JPG,9000,docs/experiments/dom_dsm_prepare/query_dom_patch_alignment_batch/images/004_0004/gpu_pinhole_render.png,9000,0.25,ok,73
undistorted_query_with_scaled_distortion_vs_pinhole_render,-0.5402167031818845,-0.4976375415446525,0.9756470000007695,30.0,0.0,0.6694772839546204,1.5,0.995,2116,0004,0.7967863894139886,1686,-20.1142578125,14.318115234375,38.69089126586914,77.77482604980469,data_caiwangcun/query/images/exif_test/0004.JPG,9000,docs/experiments/dom_dsm_prepare/query_dom_patch_alignment_batch/images/004_0004/gpu_pinhole_render.png,9001,0.25,ok,73
raw_query_vs_distorted_render_with_scaled_distortion,-0.5376228075802574,-0.3740635619916917,0.9768171238272487,30.0,0.0,0.6740158200263977,1.5,0.995,2054,0004,0.7706913339824732,1583,-19.62890625,14.515625,37.064292907714844,69.16307830810547,data_caiwangcun/query/images/exif_test/0004.JPG,9000,docs/experiments/dom_dsm_prepare/query_dom_patch_alignment_batch/images/004_0004/gpu_pinhole_render.png,9000,0.25,ok,73
undistorted_query_with_scaled_distortion_vs_pinhole_render,-0.5359048954447047,-0.45187186510703387,0.9760897279278636,0.0,0.0,0.6880103349685669,1.5,1.0,2126,0004,0.735653809971778,1564,-22.118896484375,12.194580078125,38.01877975463867,74.10948944091797,data_caiwangcun/query/images/exif_test/0004.JPG,9000,docs/experiments/dom_dsm_prepare/query_dom_patch_alignment_batch/images/004_0004/gpu_pinhole_render.png,9001,0.25,ok,73
raw_query_vs_distorted_render_with_scaled_distortion,-0.5388465396091459,-0.45768346676655,0.9743910462012484,0.0,0.0,0.7289251685142517,1.5,1.0,2021,0004,0.7451756556160317,1506,-23.072021484375,14.83197021484375,38.176124572753906,72.10539245605469,data_caiwangcun/query/images/exif_test/0004.JPG,9000,docs/experiments/dom_dsm_prepare/query_dom_patch_alignment_batch/images/004_0004/gpu_pinhole_render.png,9000,0.25,ok,73
undistorted_query_with_scaled_distortion_vs_pinhole_render,-0.5064082503808389,-0.43539608491726733,0.9712304518093353,0.0,-30.0,0.6269441246986389,1.5,1.0,2078,0004,0.7377285851780558,1533,-18.100341796875,11.158935546875,36.745479583740234,68.20307922363281,data_caiwangcun/query/images/exif_test/0004.JPG,9000,docs/experiments/dom_dsm_prepare/query_dom_patch_alignment_batch/images/004_0004/gpu_pinhole_render.png,9001,0.25,ok,73
raw_query_vs_distorted_render_with_scaled_distortion,-0.5148585515894869,-0.47747661546078274,0.9728445685652641,0.0,-30.0,0.6354634165763855,1.5,1.0,1969,0004,0.7958354494667343,1567,-18.156982421875,12.85009765625,37.43557357788086,72.19348907470703,data_caiwangcun/query/images/exif_test/0004.JPG,9000,docs/experiments/dom_dsm_prepare/query_dom_patch_alignment_batch/images/004_0004/gpu_pinhole_render.png,9001,0.25,ok,73
undistorted_query_with_scaled_distortion_vs_pinhole_render,-0.6126589273396844,-0.44937752224075184,0.972472909738384,0.0,30.0,0.7629623413085938,1.5,1.0,2072,0004,0.7408301158301158,1535,-25.97314453125,14.43658447265625,39.90670394897461,81.86021423339844,data_caiwangcun/query/images/exif_test/0004.JPG,9000,docs/experiments/dom_dsm_prepare/query_dom_patch_alignment_batch/images/004_0004/gpu_pinhole_render.png,9001,0.25,ok,73
raw_query_vs_distorted_render_with_scaled_distortion,-0.5138932621877295,-0.3482912917642579,0.9812294612920903,0.0,30.0,0.658814013004303,1.5,1.0,2031,0004,0.7661250615460364,1556,-18.1502685546875,14.2247314453125,36.488037109375,67.08163452148438,data_caiwangcun/query/images/exif_test/0004.JPG,9000,docs/experiments/dom_dsm_prepare/query_dom_patch_alignment_batch/images/004_0004/gpu_pinhole_render.png,9000,0.25,ok,73
undistorted_query_with_scaled_distortion_vs_pinhole_render,-0.5280078756929404,-0.48711929981156793,0.9733543631262717,-30.0,0.0,0.6809355616569519,1.5,1.0,2091,0004,0.7293161166905787,1525,-21.201904296875,13.410888671875,37.75251388549805,72.83037567138672,data_caiwangcun/query/images/exif_test/0004.JPG,9000,docs/experiments/dom_dsm_prepare/query_dom_patch_alignment_batch/images/004_0004/gpu_pinhole_render.png,9001,0.25,ok,73
raw_query_vs_distorted_render_with_scaled_distortion,-0.5649530202716009,-0.5126267627066328,0.9699087430398927,-30.0,0.0,0.7326008081436157,1.5,1.0,1996,0004,0.7610220440881763,1519,-23.48583984375,14.88720703125,38.7142219543457,76.5136947631836,data_caiwangcun/query/images/exif_test/0004.JPG,9000,docs/experiments/dom_dsm_prepare/query_dom_patch_alignment_batch/images/004_0004/gpu_pinhole_render.png,9000,0.25,ok,73
undistorted_query_with_scaled_distortion_vs_pinhole_render,-0.5079530545648411,-0.4788578003010508,0.9791690953330511,30.0,0.0,0.6180107593536377,1.5,1.0,2096,0004,0.8024809160305344,1682,-15.8701171875,14.70172119140625,38.71806335449219,74.85853576660156,data_caiwangcun/query/images/exif_test/0004.JPG,9001,docs/experiments/dom_dsm_prepare/query_dom_patch_alignment_batch/images/004_0004/gpu_pinhole_render.png,9001,0.25,ok,73
raw_query_vs_distorted_render_with_scaled_distortion,-0.47620229711598727,-0.2510983095655117,0.978182188032511,30.0,0.0,0.40416646003723145,1.5,1.0,2013,0004,0.7208147044212618,1451,-10.378662109375,10.4097900390625,34.956905364990234,55.299041748046875,data_caiwangcun/query/images/exif_test/0004.JPG,9000,docs/experiments/dom_dsm_prepare/query_dom_patch_alignment_batch/images/004_0004/gpu_pinhole_render.png,9000,0.25,ok,73
undistorted_query_with_scaled_distortion_vs_pinhole_render,-0.5208165740290942,-0.5118339199651609,0.9756369850472822,0.0,0.0,0.6970598101615906,1.5,1.005,2079,0004,0.7537277537277537,1567,-20.703125,15.3223876953125,38.83003616333008,75.6882095336914,data_caiwangcun/query/images/exif_test/0004.JPG,9000,docs/experiments/dom_dsm_prepare/query_dom_patch_alignment_batch/images/004_0004/gpu_pinhole_render.png,9001,0.25,ok,73
raw_query_vs_distorted_render_with_scaled_distortion,-0.5345241930445165,-0.31463686924970324,0.9780305334882367,0.0,0.0,0.6104440093040466,1.5,1.005,2011,0004,0.7831924415713575,1575,-18.416748046875,12.91748046875,37.78118133544922,66.07919311523438,data_caiwangcun/query/images/exif_test/0004.JPG,9000,docs/experiments/dom_dsm_prepare/query_dom_patch_alignment_batch/images/004_0004/gpu_pinhole_render.png,9000,0.25,ok,73
undistorted_query_with_scaled_distortion_vs_pinhole_render,-0.5130988234925059,-0.5251893215896279,0.9735875878212655,0.0,-30.0,0.666319727897644,1.5,1.005,2085,0004,0.7534772182254197,1571,-18.654296875,13.844970703125,38.14672088623047,75.69549560546875,data_caiwangcun/query/images/exif_test/0004.JPG,9000,docs/experiments/dom_dsm_prepare/query_dom_patch_alignment_batch/images/004_0004/gpu_pinhole_render.png,9001,0.25,ok,73
raw_query_vs_distorted_render_with_scaled_distortion,-0.5178943594595151,-0.39360286622047436,0.9766853605269614,0.0,-30.0,0.5829280018806458,1.5,1.005,1995,0004,0.8,1596,-16.987060546875,12.29150390625,37.90199279785156,69.17782592773438,data_caiwangcun/query/images/exif_test/0004.JPG,9000,docs/experiments/dom_dsm_prepare/query_dom_patch_alignment_batch/images/004_0004/gpu_pinhole_render.png,9000,0.25,ok,73
undistorted_query_with_scaled_distortion_vs_pinhole_render,-0.5333595079301201,-0.41954360231669574,0.9799102473795165,0.0,30.0,0.6095908284187317,1.5,1.005,2100,0004,0.7823809523809524,1643,-17.009033203125,14.6826171875,38.96893310546875,71.80792999267578,data_caiwangcun/query/images/exif_test/0004.JPG,9000,docs/experiments/dom_dsm_prepare/query_dom_patch_alignment_batch/images/004_0004/gpu_pinhole_render.png,9001,0.25,ok,73
raw_query_vs_distorted_render_with_scaled_distortion,-0.5312686504149298,-0.4276096027426776,0.9778438069352339,0.0,30.0,0.7104822397232056,1.5,1.005,2023,0004,0.7815126050420168,1581,-19.756103515625,16.3408203125,37.902320861816406,72.53607177734375,data_caiwangcun/query/images/exif_test/0004.JPG,9000,docs/experiments/dom_dsm_prepare/query_dom_patch_alignment_batch/images/004_0004/gpu_pinhole_render.png,9000,0.25,ok,73
undistorted_query_with_scaled_distortion_vs_pinhole_render,-0.6086889892606553,-0.4661404637226268,0.967521390725518,-30.0,0.0,0.7261157035827637,1.5,1.005,2095,0004,0.7551312649164678,1582,-24.2457275390625,12.48187255859375,38.58355712890625,84.05225372314453,data_caiwangcun/query/images/exif_test/0004.JPG,9000,docs/experiments/dom_dsm_prepare/query_dom_patch_alignment_batch/images/004_0004/gpu_pinhole_render.png,9001,0.25,ok,73
raw_query_vs_distorted_render_with_scaled_distortion,-0.5526816949362897,-0.37783547305977644,0.9740497611714358,-30.0,0.0,0.6699938774108887,1.5,1.005,2014,0004,0.785501489572989,1582,-20.46923828125,13.3953857421875,37.604637145996094,71.1936264038086,data_caiwangcun/query/images/exif_test/0004.JPG,9000,docs/experiments/dom_dsm_prepare/query_dom_patch_alignment_batch/images/004_0004/gpu_pinhole_render.png,9000,0.25,ok,73
undistorted_query_with_scaled_distortion_vs_pinhole_render,-0.49955708976950447,-0.4367169438277198,0.9787910292513127,30.0,0.0,0.6736125946044922,1.5,1.005,2087,0004,0.7647340680402491,1596,-18.6051025390625,14.67401123046875,37.42694854736328,72.06123352050781,data_caiwangcun/query/images/exif_test/0004.JPG,9000,docs/experiments/dom_dsm_prepare/query_dom_patch_alignment_batch/images/004_0004/gpu_pinhole_render.png,9001,0.25,ok,73
raw_query_vs_distorted_render_with_scaled_distortion,-0.5246664534682861,-0.3484859682375965,0.9802598443851943,30.0,0.0,0.605610728263855,1.5,1.005,2004,0004,0.812874251497006,1629,-16.8914794921875,14.7568359375,37.398921966552734,67.7440414428711,data_caiwangcun/query/images/exif_test/0004.JPG,9000,docs/experiments/dom_dsm_prepare/query_dom_patch_alignment_batch/images/004_0004/gpu_pinhole_render.png,9001,0.25,ok,73
undistorted_query_with_scaled_distortion_vs_pinhole_render,-0.5098346201950568,-0.5405529403501237,0.9700738050654574,0.0,0.0,0.586364209651947,2.0,0.995,1898,0004,0.5795574288724974,1100,-11.5914306640625,10.6492919921875,31.481863021850586,57.78485870361328,data_caiwangcun/query/images/exif_test/0004.JPG,9000,docs/experiments/dom_dsm_prepare/query_dom_patch_alignment_batch/images/004_0004/gpu_pinhole_render.png,9001,0.25,ok,73
raw_query_vs_distorted_render_with_scaled_distortion,-0.6425350259763172,-0.6977922049045079,0.9527855988702683,0.0,0.0,0.7307929992675781,2.0,0.995,1891,0004,0.6927551560021152,1310,-26.4306640625,7.1976318359375,37.741920471191406,84.14888000488281,data_caiwangcun/query/images/exif_test/0004.JPG,9000,docs/experiments/dom_dsm_prepare/query_dom_patch_alignment_batch/images/004_0004/gpu_pinhole_render.png,9000,0.25,ok,73
undistorted_query_with_scaled_distortion_vs_pinhole_render,-0.5185148197073556,-0.6799182938963875,0.9517802453972259,0.0,-30.0,0.6295616626739502,2.0,0.995,1870,0004,0.6240641711229946,1167,-19.150634765625,4.270263671875,33.27125549316406,71.53699493408203,data_caiwangcun/query/images/exif_test/0004.JPG,9000,docs/experiments/dom_dsm_prepare/query_dom_patch_alignment_batch/images/004_0004/gpu_pinhole_render.png,9001,0.25,ok,73
raw_query_vs_distorted_render_with_scaled_distortion,-0.6438403014073687,-0.702019838185894,0.9497764076517089,0.0,-30.0,0.7253602147102356,2.0,0.995,1909,0004,0.6657936092194866,1271,-26.4072265625,7.04736328125,37.33070373535156,84.78629302978516,data_caiwangcun/query/images/exif_test/0004.JPG,9000,docs/experiments/dom_dsm_prepare/query_dom_patch_alignment_batch/images/004_0004/gpu_pinhole_render.png,9000,0.25,ok,73
undistorted_query_with_scaled_distortion_vs_pinhole_render,-0.6640998425110142,-0.6001451006256918,0.9577723116813469,0.0,30.0,0.7389164566993713,2.0,0.995,1875,0004,0.6288,1179,-21.7373046875,10.797607421875,34.84148406982422,77.92471313476562,data_caiwangcun/query/images/exif_test/0004.JPG,9000,docs/experiments/dom_dsm_prepare/query_dom_patch_alignment_batch/images/004_0004/gpu_pinhole_render.png,9001,0.25,ok,73
raw_query_vs_distorted_render_with_scaled_distortion,-0.624673344776431,-0.6383412426007813,0.9608646009994269,0.0,30.0,0.7535706162452698,2.0,0.995,1909,0004,0.6464117338920901,1234,-27.326904296875,7.537841796875,36.061038970947266,79.13114166259766,data_caiwangcun/query/images/exif_test/0004.JPG,9000,docs/experiments/dom_dsm_prepare/query_dom_patch_alignment_batch/images/004_0004/gpu_pinhole_render.png,9001,0.25,ok,73
undistorted_query_with_scaled_distortion_vs_pinhole_render,-0.6810767795581661,-0.7238761589841729,0.9502104833764812,-30.0,0.0,0.7305569648742676,2.0,0.995,1870,0004,0.6588235294117647,1232,-26.264892578125,6.60125732421875,37.92417907714844,97.17430114746094,data_caiwangcun/query/images/exif_test/0004.JPG,9000,docs/experiments/dom_dsm_prepare/query_dom_patch_alignment_batch/images/004_0004/gpu_pinhole_render.png,9001,0.25,ok,73
raw_query_vs_distorted_render_with_scaled_distortion,-0.6208502122574336,-0.670012116970933,0.9552868011243459,-30.0,0.0,0.712950587272644,2.0,0.995,1899,0004,0.6640337019483938,1261,-25.037353515625,6.55419921875,36.49631881713867,82.63639831542969,data_caiwangcun/query/images/exif_test/0004.JPG,9000,docs/experiments/dom_dsm_prepare/query_dom_patch_alignment_batch/images/004_0004/gpu_pinhole_render.png,9001,0.25,ok,73
undistorted_query_with_scaled_distortion_vs_pinhole_render,-0.6965583322271341,-0.7383101699284685,0.9447317723523987,30.0,0.0,0.7603829503059387,2.0,0.995,1899,0004,0.6829910479199579,1297,-28.7939453125,5.7156982421875,37.91324234008789,107.00125885009766,data_caiwangcun/query/images/exif_test/0004.JPG,9000,docs/experiments/dom_dsm_prepare/query_dom_patch_alignment_batch/images/004_0004/gpu_pinhole_render.png,9001,0.25,ok,73
raw_query_vs_distorted_render_with_scaled_distortion,-0.622847275349555,-0.6661665348319965,0.9567500892332763,30.0,0.0,0.7141377925872803,2.0,0.995,1890,0004,0.6947089947089947,1313,-24.287841796875,8.890625,36.47254943847656,79.87468719482422,data_caiwangcun/query/images/exif_test/0004.JPG,9000,docs/experiments/dom_dsm_prepare/query_dom_patch_alignment_batch/images/004_0004/gpu_pinhole_render.png,9000,0.25,ok,73
undistorted_query_with_scaled_distortion_vs_pinhole_render,-0.6958842914450001,-0.6571990414205008,0.9474487295256895,0.0,0.0,0.7488788366317749,2.0,1.0,1862,0004,0.6530612244897959,1216,-25.6075439453125,8.6201171875,36.80277633666992,90.52914428710938,data_caiwangcun/query/images/exif_test/0004.JPG,9000,docs/experiments/dom_dsm_prepare/query_dom_patch_alignment_batch/images/004_0004/gpu_pinhole_render.png,9001,0.25,ok,73
raw_query_vs_distorted_render_with_scaled_distortion,-0.6143802176651335,-0.6574330850136484,0.9555396341738145,0.0,0.0,0.6982755661010742,2.0,1.0,1914,0004,0.6964472309299895,1333,-23.581787109375,7.14453125,36.413780212402344,80.11429595947266,data_caiwangcun/query/images/exif_test/0004.JPG,9000,docs/experiments/dom_dsm_prepare/query_dom_patch_alignment_batch/images/004_0004/gpu_pinhole_render.png,9000,0.25,ok,73
undistorted_query_with_scaled_distortion_vs_pinhole_render,-0.5662688367346342,-0.7145047824984887,0.9513680515097991,0.0,-30.0,0.6771788597106934,2.0,1.0,1896,0004,0.6381856540084389,1210,-23.2288818359375,5.3614501953125,34.98023986816406,83.2427978515625,data_caiwangcun/query/images/exif_test/0004.JPG,9000,docs/experiments/dom_dsm_prepare/query_dom_patch_alignment_batch/images/004_0004/gpu_pinhole_render.png,9001,0.25,ok,73
raw_query_vs_distorted_render_with_scaled_distortion,-0.6091453249441092,-0.6499021524067341,0.9545108003099947,0.0,-30.0,0.6689024567604065,2.0,1.0,1872,0004,0.6891025641025641,1290,-22.3134765625,7.242919921875,35.85479736328125,77.9825210571289,data_caiwangcun/query/images/exif_test/0004.JPG,9000,docs/experiments/dom_dsm_prepare/query_dom_patch_alignment_batch/images/004_0004/gpu_pinhole_render.png,9000,0.25,ok,73
undistorted_query_with_scaled_distortion_vs_pinhole_render,-0.7226891302118824,-0.6890486327175684,0.9483465630721944,0.0,30.0,0.7463762760162354,2.0,1.0,1895,0004,0.6506596306068602,1233,-24.57763671875,8.62646484375,36.893768310546875,94.62982940673828,data_caiwangcun/query/images/exif_test/0004.JPG,9000,docs/experiments/dom_dsm_prepare/query_dom_patch_alignment_batch/images/004_0004/gpu_pinhole_render.png,9001,0.25,ok,73
raw_query_vs_distorted_render_with_scaled_distortion,-0.5917208882402942,-0.5846150521959868,0.9662530344305701,0.0,30.0,0.6479576230049133,2.0,1.0,1899,0004,0.6866771985255398,1304,-20.7528076171875,9.48779296875,35.921661376953125,72.61417388916016,data_caiwangcun/query/images/exif_test/0004.JPG,9000,docs/experiments/dom_dsm_prepare/query_dom_patch_alignment_batch/images/004_0004/gpu_pinhole_render.png,9000,0.25,ok,73
undistorted_query_with_scaled_distortion_vs_pinhole_render,-0.6480304591930605,-0.6738241682615576,0.9521592122820473,-30.0,0.0,0.717642605304718,2.0,1.0,1845,0004,0.6585365853658537,1215,-23.8232421875,8.26025390625,36.76710891723633,83.2707748413086,data_caiwangcun/query/images/exif_test/0004.JPG,9000,docs/experiments/dom_dsm_prepare/query_dom_patch_alignment_batch/images/004_0004/gpu_pinhole_render.png,9001,0.25,ok,73
raw_query_vs_distorted_render_with_scaled_distortion,-0.6468741026625497,-0.6785510068878208,0.9530906838240967,-30.0,0.0,0.7213793396949768,2.0,1.0,1884,0004,0.6916135881104034,1303,-25.662841796875,7.459228515625,37.39786148071289,84.1318130493164,data_caiwangcun/query/images/exif_test/0004.JPG,9000,docs/experiments/dom_dsm_prepare/query_dom_patch_alignment_batch/images/004_0004/gpu_pinhole_render.png,9000,0.25,ok,73
undistorted_query_with_scaled_distortion_vs_pinhole_render,-0.5456901100477511,-0.5647455243476169,0.9691450701177099,30.0,0.0,0.5916010737419128,2.0,1.0,1892,0004,0.6453488372093024,1221,-13.54296875,10.22998046875,33.47063064575195,64.45947265625,data_caiwangcun/query/images/exif_test/0004.JPG,9000,docs/experiments/dom_dsm_prepare/query_dom_patch_alignment_batch/images/004_0004/gpu_pinhole_render.png,9001,0.25,ok,73
raw_query_vs_distorted_render_with_scaled_distortion,-0.554920510787005,-0.4845202138652209,0.9712327253666756,30.0,0.0,0.49908342957496643,2.0,1.0,1889,0004,0.65643197458973,1240,-13.2857666015625,8.4141845703125,33.56047821044922,57.290321350097656,data_caiwangcun/query/images/exif_test/0004.JPG,9000,docs/experiments/dom_dsm_prepare/query_dom_patch_alignment_batch/images/004_0004/gpu_pinhole_render.png,9000,0.25,ok,73
undistorted_query_with_scaled_distortion_vs_pinhole_render,-0.710610054532205,-0.7256205050547112,0.944925704099735,0.0,0.0,0.7830243110656738,2.0,1.005,1900,0004,0.6784210526315789,1289,-31.536865234375,6.100341796875,40.4421501159668,107.8980484008789,data_caiwangcun/query/images/exif_test/0004.JPG,9000,docs/experiments/dom_dsm_prepare/query_dom_patch_alignment_batch/images/004_0004/gpu_pinhole_render.png,9001,0.25,ok,73
raw_query_vs_distorted_render_with_scaled_distortion,-0.6197903772800154,-0.6693903523065686,0.9567079810240068,0.0,0.0,0.7208103537559509,2.0,1.005,1904,0004,0.6864495798319328,1307,-25.22705078125,7.542236328125,36.78688049316406,80.87334442138672,data_caiwangcun/query/images/exif_test/0004.JPG,9000,docs/experiments/dom_dsm_prepare/query_dom_patch_alignment_batch/images/004_0004/gpu_pinhole_render.png,9001,0.25,ok,73
undistorted_query_with_scaled_distortion_vs_pinhole_render,-0.6386695701041166,-0.731973520428028,0.9467410416040041,0.0,-30.0,0.7315633893013,2.0,1.005,1869,0004,0.660781166399144,1235,-27.288818359375,5.314453125,37.632774353027344,92.60907745361328,data_caiwangcun/query/images/exif_test/0004.JPG,9000,docs/experiments/dom_dsm_prepare/query_dom_patch_alignment_batch/images/004_0004/gpu_pinhole_render.png,9001,0.25,ok,73
raw_query_vs_distorted_render_with_scaled_distortion,-0.5514985051699927,-0.659629891248721,0.9592369348433882,0.0,-30.0,0.6901139616966248,2.0,1.005,1914,0004,0.6217345872518286,1190,-23.00048828125,5.78546142578125,34.011844635009766,72.76741790771484,data_caiwangcun/query/images/exif_test/0004.JPG,9000,docs/experiments/dom_dsm_prepare/query_dom_patch_alignment_batch/images/004_0004/gpu_pinhole_render.png,9000,0.25,ok,73
undistorted_query_with_scaled_distortion_vs_pinhole_render,-0.6969003837645317,-0.6935143045606728,0.9519827607984437,0.0,30.0,0.770618200302124,2.0,1.005,1913,0004,0.6811291165708312,1303,-29.5263671875,8.091064453125,39.26575469970703,93.69099426269531,data_caiwangcun/query/images/exif_test/0004.JPG,9000,docs/experiments/dom_dsm_prepare/query_dom_patch_alignment_batch/images/004_0004/gpu_pinhole_render.png,9001,0.25,ok,73
raw_query_vs_distorted_render_with_scaled_distortion,-0.7004344627962815,-0.6669626758389969,0.9495546597133767,0.0,30.0,0.7828394770622253,2.0,1.005,1881,0004,0.6900584795321637,1298,-29.5810546875,8.30584716796875,38.846683502197266,96.36085510253906,data_caiwangcun/query/images/exif_test/0004.JPG,9000,docs/experiments/dom_dsm_prepare/query_dom_patch_alignment_batch/images/004_0004/gpu_pinhole_render.png,9000,0.25,ok,73
undistorted_query_with_scaled_distortion_vs_pinhole_render,-0.664135590254515,-0.6148438267832873,0.9515679919438247,-30.0,0.0,0.7180576920509338,2.0,1.005,1858,0004,0.6216361679224973,1155,-19.9521484375,10.285400390625,34.440608978271484,76.88919067382812,data_caiwangcun/query/images/exif_test/0004.JPG,9000,docs/experiments/dom_dsm_prepare/query_dom_patch_alignment_batch/images/004_0004/gpu_pinhole_render.png,9001,0.25,ok,73
raw_query_vs_distorted_render_with_scaled_distortion,-0.6560861157440429,-0.6949098079261674,0.9533169932787281,-30.0,0.0,0.7401854395866394,2.0,1.005,1880,0004,0.6819148936170213,1282,-26.7816162109375,7.46337890625,38.612388610839844,85.34093475341797,data_caiwangcun/query/images/exif_test/0004.JPG,9000,docs/experiments/dom_dsm_prepare/query_dom_patch_alignment_batch/images/004_0004/gpu_pinhole_render.png,9000,0.25,ok,73
undistorted_query_with_scaled_distortion_vs_pinhole_render,-0.6529731188029669,-0.7112302163073287,0.9498731389107711,30.0,0.0,0.7050735950469971,2.0,1.005,1893,0004,0.7004754358161648,1326,-23.8099365234375,8.379150390625,37.91483688354492,90.98991394042969,data_caiwangcun/query/images/exif_test/0004.JPG,9001,docs/experiments/dom_dsm_prepare/query_dom_patch_alignment_batch/images/004_0004/gpu_pinhole_render.png,9001,0.25,ok,73
raw_query_vs_distorted_render_with_scaled_distortion,-0.5729852191170968,-0.6148990904598356,0.9618585437704168,30.0,0.0,0.6961855888366699,2.0,1.005,1943,0004,0.6453937210499228,1254,-23.609619140625,6.90478515625,34.41800308227539,72.62603759765625,data_caiwangcun/query/images/exif_test/0004.JPG,9000,docs/experiments/dom_dsm_prepare/query_dom_patch_alignment_batch/images/004_0004/gpu_pinhole_render.png,9000,0.25,ok,73
