accepted_texture,batch_patch_rel_dir,best_dx_px,best_dy_px,center_x,center_y,dom_depth,dom_dom_col,dom_dom_hit,dom_dom_row,dom_dom_sampling_mode,dom_dsm_height,dom_dsm_sampling_mode,dom_hit,dom_patch_rel,dom_ray_refine_iters,dom_x_raster,dom_y_raster,dom_z_ray,edge_chamfer_after,edge_chamfer_before,edge_chamfer_improvement,edge_overlap_after,edge_overlap_before,edge_overlay_after_rel,edge_overlay_before_rel,high_confidence,image_name,image_output_dir,index,label_reason,ncc_score,offset_norm_px,overlay_after_rel,overlay_before_rel,patch_label,patch_rel_dir,per_image_direction_consistency,per_image_high_confidence_patch_count,phase_dx_px,phase_dy_px,phase_response,query_dom_gradient_orientation,query_dom_hist_distance,query_dom_ncc,query_dom_ssim,query_edge_count,query_gradient,query_image,query_patch_rel,query_render_gradient_orientation,query_render_hist_distance,query_render_ncc,query_render_ssim,render_dom_gradient_orientation,render_dom_hist_distance,render_dom_ncc,render_dom_ssim,render_edge_count,render_gradient,render_patch_rel,texture_score,triplet_rel,xml_photo_id
True,images/000_0000/patches/patch_000,-29.0,-31.0,1232,2256,372.9794921875,3207,True,4661,bilinear,17.67225456237793,bilinear,True,patches/patch_000/dom.png,10,253832.85988781482,3365037.107887218,17.672620364537863,6.890226364135742,11.37101936340332,4.480792999267578,0.6746506986027944,0.31851851851851853,patches/patch_000/edge_overlay_after.png,patches/patch_000/edge_overlay_before.png,True,0000.jpg,images/000_0000,0,query-DOM and render-DOM similarities are both low,0.25022825598716736,42.44997055358225,patches/patch_000/overlay_after.png,patches/patch_000/overlay_before.png,texture_mismatch,patches/patch_000,0.2409525385191819,19,-29.53660810387396,-30.97791766744683,0.3223819099366665,0.6192070841789246,0.8293692011854296,-0.00980872381478548,0.03615096401016258,2229,112.79696655273438,data_caiwangcun/query/images/exif_test/0000.jpg,patches/patch_000/query.png,0.6823350787162781,0.8428781466778987,0.25022801756858826,0.28228355114050213,0.6433015465736389,0.2716059539313435,0.021571801975369453,0.07329701420454188,1215,94.38725280761719,patches/patch_000/render.png,106.5372528076172,patches/patch_000/triplet_query_render_dom.png,7
True,images/000_0000/patches/patch_001,-8.0,6.0,208,208,367.5966796875,4535,True,5573,bilinear,21.434619903564453,bilinear,True,patches/patch_001/dom.png,10,254018.86521752592,3364909.401993792,21.434824970666284,12.819969177246094,11.984582901000977,-0.8353862762451172,0.2706592386258124,0.28650963597430407,patches/patch_001/edge_overlay_after.png,patches/patch_001/edge_overlay_before.png,False,0000.jpg,images/000_0000,1,query-DOM and render-DOM similarities are both low,0.06609489768743515,10.0,patches/patch_001/overlay_after.png,patches/patch_001/overlay_before.png,texture_mismatch,patches/patch_001,0.2409525385191819,19,13.547712275872854,-21.809726363351956,0.03026062424760312,0.6463927030563354,0.5290738536373485,0.13034197688102722,0.13884672535109563,2589,84.15889739990234,data_caiwangcun/query/images/exif_test/0000.jpg,patches/patch_001/query.png,0.6496899127960205,0.5328649944850568,0.06609431654214859,0.07809723557303153,0.656819224357605,0.2138405282968225,-0.0149106215685606,0.005867026735531512,2335,70.36795806884766,patches/patch_001/render.png,93.71795806884765,patches/patch_001/triplet_query_render_dom.png,7
True,images/000_0000/patches/patch_002,40.0,-4.0,4816,720,366.6767578125,1531,True,6853,bilinear,25.26514434814453,bilinear,True,patches/patch_002/dom.png,10,253598.14263442514,3364730.0482594897,25.26438351270184,16.638591766357422,15.499022483825684,-1.1395692825317383,0.16760828625235405,0.3416557161629435,patches/patch_002/edge_overlay_after.png,patches/patch_002/edge_overlay_before.png,False,0000.jpg,images/000_0000,2,query-DOM and render-DOM similarities are both low,0.11716774851083755,40.19950248448356,patches/patch_002/overlay_after.png,patches/patch_002/overlay_before.png,texture_mismatch,patches/patch_002,0.2409525385191819,19,-3.4229041628687185,-13.500846437093344,-0.014721890562213957,0.7129292488098145,0.27784919255499235,-0.0007006158703006804,0.03695074487101869,2547,96.67784118652344,data_caiwangcun/query/images/exif_test/0000.jpg,patches/patch_002/query.png,0.6520062685012817,0.2690652565314853,0.11716657876968384,0.1518706807989275,0.6922678351402283,0.11092500062592751,0.05907431244850159,0.09754109023540004,761,71.97056579589844,patches/patch_002/render.png,79.58056579589844,patches/patch_002/triplet_query_render_dom.png,7
True,images/000_0000/patches/patch_003,-48.0,-77.0,720,720,371.9384765625,4062,True,5437,bilinear,17.62761688232422,bilinear,True,patches/patch_003/dom.png,10,253952.61037611112,3364928.396820028,17.627412660728226,8.706275939941406,11.911250114440918,3.2049741744995117,0.39438596491228073,0.3159722222222222,patches/patch_003/edge_overlay_after.png,patches/patch_003/edge_overlay_before.png,True,0000.jpg,images/000_0000,3,query-DOM and render-DOM similarities are both low,0.3921690583229065,90.7358804442873,patches/patch_003/overlay_after.png,patches/patch_003/overlay_before.png,texture_mismatch,patches/patch_003,0.2409525385191819,19,-54.06235875812766,-38.18357177549737,0.0581049169995822,0.645164966583252,0.5700595608403457,-0.19837431609630585,-0.1416890718246062,2215,92.33438873291016,data_caiwangcun/query/images/exif_test/0000.jpg,patches/patch_003/query.png,0.6439995765686035,0.7146831199622361,0.39216870069503784,0.4096583270316124,0.6488673090934753,0.2831849120933026,-0.20853692293167114,-0.14795210378568122,1440,62.89565658569336,patches/patch_003/render.png,77.29565658569337,patches/patch_003/triplet_query_render_dom.png,7
True,images/000_0000/patches/patch_004,27.0,-23.0,2256,720,363.6884765625,3093,True,5962,bilinear,26.789871215820312,bilinear,True,patches/patch_004/dom.png,10,253816.9423497706,3364854.8330717515,26.79049773308907,13.870205879211426,15.197759628295898,1.3275537490844727,0.6295681063122923,0.2254601226993865,patches/patch_004/edge_overlay_after.png,patches/patch_004/edge_overlay_before.png,True,0000.jpg,images/000_0000,4,high confidence with strong query-render photometric and edge agreement,0.6237667202949524,35.4682957019364,patches/patch_004/overlay_after.png,patches/patch_004/overlay_before.png,stable_match,patches/patch_004,0.2409525385191819,19,27.801403296437442,-24.071084688730735,0.29161019588354975,0.6440163850784302,0.2064536236362346,-0.03450574353337288,-0.0069826308470984635,3337,98.10064697265625,data_caiwangcun/query/images/exif_test/0000.jpg,patches/patch_004/query.png,0.6748142242431641,0.24755535707210038,0.6237672567367554,0.617138282992854,0.6332648992538452,0.10047404314154976,-0.05192635580897331,-0.01804258780650387,652,68.93810272216797,patches/patch_004/render.png,75.45810272216796,patches/patch_004/triplet_query_render_dom.png,7
True,images/000_0000/patches/patch_005,23.0,12.0,3280,1232,360.1298828125,2297,True,5996,bilinear,31.18954849243164,bilinear,True,patches/patch_005/dom.png,10,253705.43750371426,3364850.05372887,31.189408095552153,9.848369598388672,12.450748443603516,2.6023788452148438,1.3294629898403483,0.5313953488372093,patches/patch_005/edge_overlay_after.png,patches/patch_005/edge_overlay_before.png,True,0000.jpg,images/000_0000,5,high confidence with strong query-render photometric and edge agreement,0.5532045960426331,25.942243542145693,patches/patch_005/overlay_after.png,patches/patch_005/overlay_before.png,stable_match,patches/patch_005,0.2409525385191819,19,22.15841376046299,12.893877515071594,0.44099896983243525,0.6485506892204285,0.3715529680843146,-0.04961467906832695,-0.012382053884125764,4098,108.87130737304688,data_caiwangcun/query/images/exif_test/0000.jpg,patches/patch_005/query.png,0.7161842584609985,0.4346237205092527,0.5532051920890808,0.5464808570302087,0.6368985176086426,0.12063340591635865,-0.04347604140639305,0.005101660786609725,860,62.8648567199707,patches/patch_005/render.png,71.4648567199707,patches/patch_005/triplet_query_render_dom.png,7
True,images/000_0000/patches/patch_006,-24.0,41.0,3280,3280,365.9091796875,1587,True,4755,bilinear,26.446178436279297,bilinear,True,patches/patch_006/dom.png,10,253606.0535113846,3365023.8607836543,26.446477674290634,8.145234107971191,21.654741287231445,13.509507179260254,1.1703296703296704,0.28869047619047616,patches/patch_006/edge_overlay_after.png,patches/patch_006/edge_overlay_before.png,True,0000.jpg,images/000_0000,6,high confidence with strong query-render photometric and edge agreement,0.5799530148506165,47.50789408087881,patches/patch_006/overlay_after.png,patches/patch_006/overlay_before.png,stable_match,patches/patch_006,0.2409525385191819,19,-24.543357105745656,40.53899698227073,0.23726388724753633,0.6340817809104919,0.5999355602710298,-0.10409224033355713,-0.06832181980547947,2545,101.62081909179688,data_caiwangcun/query/images/exif_test/0000.jpg,patches/patch_006/query.png,0.6966044902801514,0.5979458760101051,0.5799531936645508,0.5800608959521852,0.6336526870727539,0.17754648936248724,-0.1624421775341034,-0.11677607047374139,672,63.24577713012695,patches/patch_006/render.png,69.96577713012695,patches/patch_006/triplet_query_render_dom.png,7
True,images/000_0000/patches/patch_007,18.0,30.0,3792,1744,363.4521484375,1809,True,5867,bilinear,28.414653778076172,bilinear,True,patches/patch_007/dom.png,10,253637.12560608718,3364868.140538874,28.415733681049176,9.72495174407959,12.934098243713379,3.209146499633789,0.7640449438202247,0.33624454148471616,patches/patch_007/edge_overlay_after.png,patches/patch_007/edge_overlay_before.png,True,0000.jpg,images/000_0000,7,high confidence with strong query-render photometric and edge agreement,0.7404764294624329,34.9857113690718,patches/patch_007/overlay_after.png,patches/patch_007/overlay_before.png,stable_match,patches/patch_007,0.2409525385191819,19,18.08065446338891,29.954406911155957,0.4980555451475084,0.6488256454467773,0.489148508785365,-0.007019271608442068,0.01639972604187075,2591,90.62324523925781,data_caiwangcun/query/images/exif_test/0000.jpg,patches/patch_007/query.png,0.7287334203720093,0.49280111210159067,0.740476667881012,0.7307300261289067,0.6395646333694458,0.1147186833750297,0.00014050721074454486,0.028670284651847313,687,60.63720703125,patches/patch_007/render.png,67.50720703125,patches/patch_007/triplet_query_render_dom.png,7
True,images/000_0000/patches/patch_008,-57.0,9.0,1744,3280,366.7841796875,2526,True,4222,bilinear,24.692567825317383,bilinear,True,patches/patch_008/dom.png,10,253737.5299108832,3365098.5278884917,24.692272823822805,13.414128303527832,23.261350631713867,9.847222328186035,1.16015625,0.29333333333333333,patches/patch_008/edge_overlay_after.png,patches/patch_008/edge_overlay_before.png,True,0000.jpg,images/000_0000,8,query-DOM and render-DOM similarities are both low,0.41393226385116577,57.706152185014034,patches/patch_008/overlay_after.png,patches/patch_008/overlay_before.png,texture_mismatch,patches/patch_008,0.2409525385191819,19,-52.10832510532572,3.908314435471496,0.27398889418691397,0.6430531740188599,0.595582362666842,-0.010181010700762272,0.042699743666209634,1614,83.36021423339844,data_caiwangcun/query/images/exif_test/0000.jpg,patches/patch_008/query.png,0.6968232989311218,0.6313877622483451,0.4139319956302643,0.4384832628512489,0.6408106088638306,0.2605367718328827,-0.010914139449596405,0.05188889700741735,600,61.489253997802734,patches/patch_008/render.png,67.48925399780273,patches/patch_008/triplet_query_render_dom.png,7
True,images/000_0000/patches/patch_009,71.0,30.0,720,208,367.5126953125,4220,True,5750,bilinear,21.81302833557129,bilinear,True,patches/patch_009/dom.png,10,253974.7897074433,3364884.5369987674,21.81381162683948,17.752166748046875,10.919551849365234,-6.832614898681641,0.46321243523316064,0.36019242333132895,patches/patch_009/edge_overlay_after.png,patches/patch_009/edge_overlay_before.png,False,0000.jpg,images/000_0000,9,query-DOM and render-DOM similarities are both low,0.13606223464012146,77.07788269017254,patches/patch_009/overlay_after.png,patches/patch_009/overlay_before.png,texture_mismatch,patches/patch_009,0.2409525385191819,19,14.670349343392402,43.283396636794365,0.007344461162574589,0.6300709843635559,0.6726966443619009,0.04398336261510849,0.056038937714594894,4446,81.15531158447266,data_caiwangcun/query/images/exif_test/0000.jpg,patches/patch_009/query.png,0.6612616777420044,0.7570387975431496,0.1360621601343155,0.13969050325578122,0.6249541640281677,0.2585241163892324,-0.21123643219470978,-0.19382018194561682,1663,48.29444122314453,patches/patch_009/render.png,64.92444122314453,patches/patch_009/triplet_query_render_dom.png,7
True,images/000_0000/patches/patch_010,32.0,54.0,4304,2256,365.4072265625,1316,True,5734,bilinear,27.01569175720215,bilinear,True,patches/patch_010/dom.png,10,253568.16076415704,3364886.775656316,27.015139129057843,11.190974235534668,16.35541343688965,5.1644392013549805,0.7496688741721854,0.22535211267605634,patches/patch_010/edge_overlay_after.png,patches/patch_010/edge_overlay_before.png,True,0000.jpg,images/000_0000,10,query-DOM and render-DOM similarities are both low,0.3944653868675232,62.76941930590086,patches/patch_010/overlay_after.png,patches/patch_010/overlay_before.png,texture_mismatch,patches/patch_010,0.2409525385191819,19,-2.247627339609835,-9.902139051064182,0.03858967759879306,0.6482182741165161,0.3786548400541064,0.03344958275556564,0.06448244370496257,3317,95.11699676513672,data_caiwangcun/query/images/exif_test/0000.jpg,patches/patch_010/query.png,0.6914823651313782,0.35829948069589446,0.39446499943733215,0.4014403275016921,0.6412962675094604,0.10230437360691216,-0.016335612162947655,0.0274679605973233,852,56.398345947265625,patches/patch_010/render.png,64.91834594726562,patches/patch_010/triplet_query_render_dom.png,7
True,images/000_0000/patches/patch_011,-6.0,-42.0,208,3280,363.2060546875,3457,True,3707,bilinear,27.395549774169922,bilinear,True,patches/patch_011/dom.png,10,253867.90111518226,3365170.731872672,27.39575276934147,32.66706085205078,31.731101989746094,-0.9359588623046875,0.08545454545454545,0.03625954198473282,patches/patch_011/edge_overlay_after.png,patches/patch_011/edge_overlay_before.png,False,0000.jpg,images/000_0000,11,query-DOM and render-DOM similarities are both low,0.11533951014280319,42.42640687119285,patches/patch_011/overlay_after.png,patches/patch_011/overlay_before.png,texture_mismatch,patches/patch_011,0.2409525385191819,19,-28.358241400709744,22.698314448346324,0.015107500308658928,0.6354550719261169,0.8394264992047278,-0.04605378210544586,0.03186081140142499,687,59.73566436767578,data_caiwangcun/query/images/exif_test/0000.jpg,patches/patch_011/query.png,0.6420989632606506,0.8545588367461625,0.11533815413713455,0.1829480474167245,0.6282880306243896,0.08333362476103917,-0.008231665939092636,0.06727171424854232,524,59.600128173828125,patches/patch_011/render.png,64.84012817382812,patches/patch_011/triplet_query_render_dom.png,7
True,images/000_0000/patches/patch_012,16.0,-42.0,1744,720,366.6748046875,3412,True,5790,bilinear,23.503881454467773,bilinear,True,patches/patch_012/dom.png,10,253861.59349872268,3364878.942195303,23.50348112105661,7.045731544494629,16.03763198852539,8.991900444030762,0.8072072072072072,0.19236016371077763,patches/patch_012/edge_overlay_after.png,patches/patch_012/edge_overlay_before.png,True,0000.jpg,images/000_0000,12,high confidence with strong query-render photometric and edge agreement,0.6065125465393066,44.94441010848846,patches/patch_012/overlay_after.png,patches/patch_012/overlay_before.png,stable_match,patches/patch_012,0.2409525385191819,19,15.553604908649106,-43.3365719562984,0.24653865140862763,0.6464996337890625,0.4138072975709732,-0.06533518433570862,-0.023838098481221537,1415,67.69721984863281,data_caiwangcun/query/images/exif_test/0000.jpg,patches/patch_012/query.png,0.6813094615936279,0.39330262502408464,0.6065121293067932,0.6141851796486303,0.630014955997467,0.1479024352899243,-0.1486656665802002,-0.09790695130061233,733,55.60193634033203,patches/patch_012/render.png,62.93193634033203,patches/patch_012/triplet_query_render_dom.png,7
True,images/000_0000/patches/patch_013,-20.0,49.0,4816,1232,365.7001953125,1356,True,6537,bilinear,26.49774742126465,bilinear,True,patches/patch_013/dom.png,10,253573.73701621205,3364774.400727572,26.498217037626205,27.752410888671875,31.772216796875,4.019805908203125,0.13983050847457626,0.3017241379310345,patches/patch_013/edge_overlay_after.png,patches/patch_013/edge_overlay_before.png,False,0000.jpg,images/000_0000,13,edge chamfer improves but photometric agreement is weak,0.09629212319850922,52.92447448959697,patches/patch_013/overlay_after.png,patches/patch_013/overlay_before.png,edge_unreliable,patches/patch_013,0.2409525385191819,19,16.85367192370724,7.503668360445104,0.019083945371676236,0.6580180525779724,0.44741965500747977,0.027226274833083153,0.06786451893333066,1187,89.82959747314453,data_caiwangcun/query/images/exif_test/0000.jpg,patches/patch_013/query.png,0.6602674126625061,0.476684145529873,0.09629271924495697,0.13454595722939616,0.6455283164978027,0.1251354673075932,-0.015117475762963295,0.032149989074133516,232,59.242652893066406,patches/patch_013/render.png,61.56265289306641,patches/patch_013/triplet_query_render_dom.png,7
True,images/000_0000/patches/patch_014,6.0,6.0,2768,1744,368.4326171875,2430,True,5518,bilinear,22.852041244506836,bilinear,True,patches/patch_014/dom.png,10,253724.13883401692,3364917.012977154,22.852381833746335,16.019533157348633,17.06402015686035,1.0444869995117188,1.1433566433566433,0.5977859778597786,patches/patch_014/edge_overlay_after.png,patches/patch_014/edge_overlay_before.png,True,0000.jpg,images/000_0000,14,query-DOM and render-DOM similarities are both low,0.5604293346405029,8.48528137423857,patches/patch_014/overlay_after.png,patches/patch_014/overlay_before.png,texture_mismatch,patches/patch_014,0.2409525385191819,19,5.952966461016814,5.817350800671335,0.4930273094214499,0.6336823105812073,0.38778053521437894,0.025755515322089195,0.0642276000070757,2945,110.55178833007812,data_caiwangcun/query/images/exif_test/0000.jpg,patches/patch_014/query.png,0.7145580649375916,0.3837404224069947,0.5604297518730164,0.548803291738447,0.644167423248291,0.11134715873818012,0.04584767669439316,0.1014158591904789,271,58.418582916259766,patches/patch_014/render.png,61.12858291625977,patches/patch_014/triplet_query_render_dom.png,7
True,images/000_0000/patches/patch_015,26.0,69.0,4304,2768,364.8955078125,1142,True,5422,bilinear,27.783687591552734,bilinear,True,patches/patch_015/dom.png,10,253543.68951117375,3364930.5460599624,27.78367365398026,17.720386505126953,25.210411071777344,7.490024566650391,0.49146757679180886,0.28717948717948716,patches/patch_015/edge_overlay_after.png,patches/patch_015/edge_overlay_before.png,False,0000.jpg,images/000_0000,15,query-DOM and render-DOM similarities are both low,0.3937360644340515,73.7360156233031,patches/patch_015/overlay_after.png,patches/patch_015/overlay_before.png,texture_mismatch,patches/patch_015,0.2409525385191819,19,52.77596605718543,-20.85431311986858,0.025580107932910323,0.6352509260177612,0.3216865386927345,0.04320197552442551,0.07227897100286305,3145,89.40154266357422,data_caiwangcun/query/images/exif_test/0000.jpg,patches/patch_015/query.png,0.6783111691474915,0.3848174944060909,0.39373621344566345,0.3958715292259777,0.6539804339408875,0.15995639225071207,0.01421805564314127,0.05680726732602064,390,55.844627380371094,patches/patch_015/render.png,59.74462738037109,patches/patch_015/triplet_query_render_dom.png,7
True,images/000_0000/patches/patch_016,32.0,-6.0,2768,720,371.4755859375,2789,True,6155,bilinear,19.283491134643555,bilinear,True,patches/patch_016/dom.png,10,253774.39597937273,3364827.8508418305,19.283104197803425,5.972492694854736,11.491477012634277,5.518984317779541,1.118,0.4911111111111111,patches/patch_016/edge_overlay_after.png,patches/patch_016/edge_overlay_before.png,True,0000.jpg,images/000_0000,16,high confidence with strong query-render photometric and edge agreement,0.7903591990470886,32.55764119219941,patches/patch_016/overlay_after.png,patches/patch_016/overlay_before.png,stable_match,patches/patch_016,0.2409525385191819,19,35.46634207295351,-10.122932359407145,0.22770082484930754,0.637030303478241,0.3753932423394219,-0.13156315684318542,-0.11086778789604498,1934,86.08979034423828,data_caiwangcun/query/images/exif_test/0000.jpg,patches/patch_016/query.png,0.7054538130760193,0.3733377487957929,0.7903589010238647,0.7835531213121526,0.6377077698707581,0.17954145058441073,-0.18164676427841187,-0.15784007269048395,900,50.6961669921875,patches/patch_016/render.png,59.6961669921875,patches/patch_016/triplet_query_render_dom.png,7
True,images/000_0000/patches/patch_017,80.0,74.0,4816,2256,363.7041015625,1011,True,5908,bilinear,29.005088806152344,bilinear,True,patches/patch_017/dom.png,10,253525.34605560848,3364862.413293613,29.004539665285222,25.43053436279297,23.83730125427246,-1.5932331085205078,0.37668161434977576,0.16551724137931034,patches/patch_017/edge_overlay_after.png,patches/patch_017/edge_overlay_before.png,False,0000.jpg,images/000_0000,17,query-DOM and render-DOM similarities are both low,0.4285297691822052,108.97706180660222,patches/patch_017/overlay_after.png,patches/patch_017/overlay_before.png,texture_mismatch,patches/patch_017,0.2409525385191819,19,-53.904393380090596,-10.31308902429231,0.019554855185560882,0.6269326210021973,0.38303343325722006,-0.07157394289970398,-0.03625125541964001,2351,88.73094177246094,data_caiwangcun/query/images/exif_test/0000.jpg,patches/patch_017/query.png,0.6623644828796387,0.42438823781208285,0.4285295307636261,0.4366668597520436,0.6408689618110657,0.2358889067702947,-0.12369508296251297,-0.07974034864473264,435,54.935359954833984,patches/patch_017/render.png,59.285359954833986,patches/patch_017/triplet_query_render_dom.png,7
True,images/000_0000/patches/patch_018,48.0,-32.0,2768,208,362.6259765625,2956,True,6446,bilinear,27.88914680480957,bilinear,True,patches/patch_018/dom.png,10,253797.7939348253,3364787.120024199,27.889252901475913,7.602893829345703,24.490659713745117,16.887765884399414,0.7187153931339978,0.08899876390605686,patches/patch_018/edge_overlay_after.png,patches/patch_018/edge_overlay_before.png,False,0000.jpg,images/000_0000,18,query-DOM and render-DOM similarities are both low,0.8643900752067566,57.688820407423826,patches/patch_018/overlay_after.png,patches/patch_018/overlay_before.png,texture_mismatch,patches/patch_018,0.2409525385191819,19,-11.470751796510285,59.80252686978456,-0.008353310404345393,0.6408780217170715,0.5128135894735518,-0.25809723138809204,-0.22677334986600478,1520,64.04642486572266,data_caiwangcun/query/images/exif_test/0000.jpg,patches/patch_018/query.png,0.7420716881752014,0.5694932776051307,0.8643902540206909,0.8619302557410207,0.6149004101753235,0.27714553847080386,-0.27148813009262085,-0.2443679609076222,809,50.977603912353516,patches/patch_018/render.png,59.06760391235352,patches/patch_018/triplet_query_render_dom.png,7
True,images/000_0000/patches/patch_019,41.0,0.0,3280,720,365.9443359375,2471,True,6320,bilinear,25.114675521850586,bilinear,True,patches/patch_019/dom.png,10,253729.86166372636,3364804.7674360927,25.115888171988217,36.846614837646484,30.22161865234375,-6.624996185302734,0.05641025641025641,0.20463320463320464,patches/patch_019/edge_overlay_after.png,patches/patch_019/edge_overlay_before.png,False,0000.jpg,images/000_0000,19,query-DOM and render-DOM similarities are both low,0.47759518027305603,41.0,patches/patch_019/overlay_after.png,patches/patch_019/overlay_before.png,texture_mismatch,patches/patch_019,0.2409525385191819,19,40.82976004071608,-0.8478244826607408,0.3675089080352336,0.6420297622680664,0.4308111435734523,0.024753639474511147,0.0619046000994227,1235,89.18134307861328,data_caiwangcun/query/images/exif_test/0000.jpg,patches/patch_019/query.png,0.6790454387664795,0.3836322726879922,0.4775945842266083,0.48516045874679725,0.627048134803772,0.1957246305575858,0.0307252649217844,0.07715573177724407,259,56.116249084472656,patches/patch_019/render.png,58.70624908447266,patches/patch_019/triplet_query_render_dom.png,7
True,images/000_0000/patches/patch_020,16.0,-12.0,2256,1232,364.6279296875,2918,True,5652,bilinear,26.107975006103516,bilinear,True,patches/patch_020/dom.png,10,253792.50115605062,3364898.2734975372,26.10705487288766,27.59264373779297,25.2530517578125,-2.3395919799804688,1.2129032258064516,0.5062611806797853,patches/patch_020/edge_overlay_after.png,patches/patch_020/edge_overlay_before.png,False,0000.jpg,images/000_0000,20,query-DOM and render-DOM similarities are both low,0.6334177255630493,20.0,patches/patch_020/overlay_after.png,patches/patch_020/overlay_before.png,texture_mismatch,patches/patch_020,0.2409525385191819,19,16.552549378156357,-11.994229780963394,0.41894778818823397,0.6350223422050476,0.31751523182796504,0.09321223944425583,0.1207624483372217,2751,93.45503997802734,data_caiwangcun/query/images/exif_test/0000.jpg,patches/patch_020/query.png,0.6927028298377991,0.33370197000702384,0.6334171891212463,0.6130741620500192,0.6353321075439453,0.2104491850849971,0.09147027879953384,0.12932068823188225,559,52.65522766113281,patches/patch_020/render.png,58.245227661132816,patches/patch_020/triplet_query_render_dom.png,7
True,images/000_0000/patches/patch_021,-4.0,64.0,4816,208,368.3388671875,1704,True,7175,bilinear,23.344463348388672,bilinear,True,patches/patch_021/dom.png,10,253622.4868648681,3364684.9856974925,23.34430206752745,30.709880828857422,27.991485595703125,-2.718395233154297,0.15920398009950248,0.12371134020618557,patches/patch_021/edge_overlay_after.png,patches/patch_021/edge_overlay_before.png,False,0000.jpg,images/000_0000,21,query-DOM and render-DOM similarities are both low,0.1434202939271927,64.1248781675256,patches/patch_021/overlay_after.png,patches/patch_021/overlay_before.png,texture_mismatch,patches/patch_021,0.2409525385191819,19,33.18191622644804,-42.277129942548555,-0.007518215454183519,0.6511286497116089,0.42331238815446737,0.006824968382716179,0.03841079351509021,1528,85.57823944091797,data_caiwangcun/query/images/exif_test/0000.jpg,patches/patch_021/query.png,0.6514933705329895,0.4051803369042091,0.14342045783996582,0.17366569934901685,0.6628230214118958,0.21655659451691367,0.03303796052932739,0.06926045310551071,291,50.97730255126953,patches/patch_021/render.png,53.88730255126953,patches/patch_021/triplet_query_render_dom.png,7
True,images/000_0000/patches/patch_022,3.0,35.0,3792,2256,363.7451171875,1633,True,5557,bilinear,28.379549026489258,bilinear,True,patches/patch_022/dom.png,10,253612.43845800176,3364911.638841792,28.380758572250897,26.00290870666504,29.23375129699707,3.2308425903320312,0.9605263157894737,0.13744075829383887,patches/patch_022/edge_overlay_after.png,patches/patch_022/edge_overlay_before.png,True,0000.jpg,images/000_0000,22,query-DOM and render-DOM similarities are both low,0.6260669827461243,35.12833614050059,patches/patch_022/overlay_after.png,patches/patch_022/overlay_before.png,texture_mismatch,patches/patch_022,0.2409525385191819,19,3.671104253605151,34.943374909535194,0.4805479967035353,0.6446007490158081,0.5088984143108379,0.001361498492769897,0.04795962913520661,1110,79.90206909179688,data_caiwangcun/query/images/exif_test/0000.jpg,patches/patch_022/query.png,0.7357865571975708,0.5191136938059085,0.6260665059089661,0.6291663145660764,0.6481870412826538,0.15647640050378067,0.008625992573797703,0.06561971594579807,211,49.923370361328125,patches/patch_022/render.png,52.033370361328124,patches/patch_022/triplet_query_render_dom.png,7
True,images/000_0000/patches/patch_023,10.0,-29.0,1744,1232,367.6943359375,3237,True,5477,bilinear,22.741601943969727,bilinear,True,patches/patch_023/dom.png,10,253837.08680110046,3364922.7998683513,22.74112989324027,14.966561317443848,18.395471572875977,3.428910255432129,0.9142156862745098,0.468944099378882,patches/patch_023/edge_overlay_after.png,patches/patch_023/edge_overlay_before.png,True,0000.jpg,images/000_0000,23,high confidence with strong query-render photometric and edge agreement,0.606464684009552,30.675723300355934,patches/patch_023/overlay_after.png,patches/patch_023/overlay_before.png,stable_match,patches/patch_023,0.2409525385191819,19,9.281378619965395,-29.336102014023595,0.3443525212351233,0.6296437978744507,0.3511342567864468,-0.07916734367609024,-0.03931750539867611,2627,85.73153686523438,data_caiwangcun/query/images/exif_test/0000.jpg,patches/patch_023/query.png,0.6922054886817932,0.32509771722782016,0.6064651012420654,0.6055863435492228,0.6489573121070862,0.15186748055428875,-0.08822433650493622,-0.04072837346345899,322,48.479854583740234,patches/patch_023/render.png,51.69985458374023,patches/patch_023/triplet_query_render_dom.png,7
True,images/000_0000/patches/patch_024,40.0,42.0,4304,1744,362.6708984375,1500,True,6041,bilinear,29.48716163635254,bilinear,True,patches/patch_024/dom.png,10,253593.88877414336,3364843.752343567,29.48639963271995,27.458599090576172,30.18456268310547,2.725963592529297,0.3770491803278688,0.14790996784565916,patches/patch_024/edge_overlay_after.png,patches/patch_024/edge_overlay_before.png,True,0000.jpg,images/000_0000,24,query-DOM and render-DOM similarities are both low,0.5708049535751343,58.0,patches/patch_024/overlay_after.png,patches/patch_024/overlay_before.png,texture_mismatch,patches/patch_024,0.2409525385191819,19,41.13590592824967,41.042506952137856,0.19127573247533292,0.6368569135665894,0.3802955741959876,-0.06271529942750931,-0.03633615177303068,1786,91.16673278808594,data_caiwangcun/query/images/exif_test/0000.jpg,patches/patch_024/query.png,0.660667359828949,0.4445569325482582,0.5708044171333313,0.5617197636781968,0.6377525329589844,0.2699931398258663,-0.07618635147809982,-0.039539970127138516,311,48.143287658691406,patches/patch_024/render.png,51.253287658691406,patches/patch_024/triplet_query_render_dom.png,7
True,images/000_0000/patches/patch_025,-4.0,71.0,3792,3280,367.7373046875,1268,True,4930,bilinear,24.918100357055664,bilinear,True,patches/patch_025/dom.png,10,253561.41624077735,3364999.3881159225,24.918202839917853,23.07621192932129,24.668624877929688,1.5924129486083984,0.8012048192771084,0.15298507462686567,patches/patch_025/edge_overlay_after.png,patches/patch_025/edge_overlay_before.png,True,0000.jpg,images/000_0000,25,query-DOM and render-DOM similarities are both low,0.8564371466636658,71.11258679024411,patches/patch_025/overlay_after.png,patches/patch_025/overlay_before.png,texture_mismatch,patches/patch_025,0.2409525385191819,19,-3.5065411360398286,71.79149097463927,0.1517472371342592,0.6524478793144226,0.5749408939882811,0.04148256778717041,0.054222097521817836,1531,80.63615417480469,data_caiwangcun/query/images/exif_test/0000.jpg,patches/patch_025/query.png,0.6976705193519592,0.675283669363637,0.8564373254776001,0.8546448326202137,0.6360396146774292,0.23585255763474014,0.034510426223278046,0.04904380336986313,268,47.49911880493164,patches/patch_025/render.png,50.17911880493164,patches/patch_025/triplet_query_render_dom.png,7
True,images/000_0000/patches/patch_026,61.0,-26.0,3280,208,368.6845703125,2649,True,6642,bilinear,22.11282730102539,bilinear,True,patches/patch_026/dom.png,10,253754.8363429873,3364759.600003685,22.112685531435204,14.948310852050781,34.66648483276367,19.71817398071289,0.7134020618556701,0.0986908358509567,patches/patch_026/edge_overlay_after.png,patches/patch_026/edge_overlay_before.png,False,0000.jpg,images/000_0000,26,query-DOM and render-DOM similarities are both low,0.8487322330474854,66.30987860040162,patches/patch_026/overlay_after.png,patches/patch_026/overlay_before.png,texture_mismatch,patches/patch_026,0.2409525385191819,19,3.648286607552535,27.473870129824164,0.015524133807048202,0.6425209045410156,0.6252603248169946,-0.47941693663597107,-0.455404195922744,1246,65.56291198730469,data_caiwangcun/query/images/exif_test/0000.jpg,patches/patch_026/query.png,0.6908456087112427,0.6505790135015904,0.8487325310707092,0.8499097604656121,0.6307123303413391,0.27388987472468923,-0.4953050911426544,-0.4680469416051961,993,40.140071868896484,patches/patch_026/render.png,50.070071868896484,patches/patch_026/triplet_query_render_dom.png,7
True,images/000_0000/patches/patch_027,61.0,29.0,4304,1232,368.8076171875,1662,True,6368,bilinear,23.103221893310547,bilinear,True,patches/patch_027/dom.png,10,253616.60287117114,3364797.9461464263,23.10276848962303,28.35805892944336,40.30232620239258,11.944267272949219,0.2879581151832461,0.07629427792915532,patches/patch_027/edge_overlay_after.png,patches/patch_027/edge_overlay_before.png,False,0000.jpg,images/000_0000,27,query-DOM and render-DOM similarities are both low,0.8232460021972656,67.54257916307313,patches/patch_027/overlay_after.png,patches/patch_027/overlay_before.png,texture_mismatch,patches/patch_027,0.2409525385191819,19,18.18280974742632,79.20102969770097,-0.0029766527004539967,0.6225106120109558,0.6002086806745665,-0.0033548090141266584,0.014865892266432883,776,78.28607940673828,data_caiwangcun/query/images/exif_test/0000.jpg,patches/patch_027/query.png,0.6832259297370911,0.6083698848635924,0.8232460021972656,0.8218506128254621,0.6213963627815247,0.1750392144510739,0.0332329161465168,0.05174999150291491,367,44.451637268066406,patches/patch_027/render.png,48.12163726806641,patches/patch_027/triplet_query_render_dom.png,7
True,images/000_0000/patches/patch_028,19.0,80.0,4304,3280,365.9736328125,961,True,5109,bilinear,26.968788146972656,bilinear,True,patches/patch_028/dom.png,10,253518.38350009272,3364974.33937444,26.968701252978633,25.325105667114258,43.682098388671875,18.356992721557617,0.2457627118644068,0.14659685863874344,patches/patch_028/edge_overlay_after.png,patches/patch_028/edge_overlay_before.png,True,0000.jpg,images/000_0000,28,query-DOM and render-DOM similarities are both low,0.281715989112854,82.22530024268686,patches/patch_028/overlay_after.png,patches/patch_028/overlay_before.png,texture_mismatch,patches/patch_028,0.2409525385191819,19,-47.87113023876424,-67.38169295524492,0.05887196696130559,0.6376004219055176,0.5076167897533486,0.1094454899430275,0.13424677372182373,1951,81.45433044433594,data_caiwangcun/query/images/exif_test/0000.jpg,patches/patch_028/query.png,0.6371502876281738,0.5241869842803006,0.28171536326408386,0.29272768262074816,0.6392707228660583,0.12347004971249637,0.1263902485370636,0.1683559056547144,191,44.20634078979492,patches/patch_028/render.png,46.11634078979492,patches/patch_028/triplet_query_render_dom.png,7
True,images/000_0000/patches/patch_029,36.0,22.0,3792,1232,362.2724609375,1986,True,6175,bilinear,29.336416244506836,bilinear,True,patches/patch_029/dom.png,10,253661.93110469653,3364824.9959804607,29.337125817165145,19.635770797729492,28.96965789794922,9.333887100219727,0.7433155080213903,0.038461538461538464,patches/patch_029/edge_overlay_after.png,patches/patch_029/edge_overlay_before.png,True,0000.jpg,images/000_0000,29,query-DOM and render-DOM similarities are both low,0.42420244216918945,42.190046219457976,patches/patch_029/overlay_after.png,patches/patch_029/overlay_before.png,texture_mismatch,patches/patch_029,0.2409525385191819,19,35.04669563042074,18.24017312307305,0.16988179902546108,0.6442407965660095,0.6647959267318396,-0.04677655175328255,0.01991399497090755,720,80.2358169555664,data_caiwangcun/query/images/exif_test/0000.jpg,patches/patch_029/query.png,0.6581644415855408,0.6754194317663584,0.424202561378479,0.4445687238856941,0.6382588148117065,0.14709061537348275,-0.06694318354129791,0.022098088848645194,208,43.76215744018555,patches/patch_029/render.png,45.842157440185545,patches/patch_029/triplet_query_render_dom.png,7
True,images/000_0000/patches/patch_030,57.0,8.0,3792,720,368.0146484375,2157,True,6503,bilinear,23.339675903320312,bilinear,True,patches/patch_030/dom.png,10,253685.81197648507,3364779.0913830535,23.339006232465465,19.724193572998047,31.08353614807129,11.359342575073242,0.7851239669421488,0.20316027088036118,patches/patch_030/edge_overlay_after.png,patches/patch_030/edge_overlay_before.png,True,0000.jpg,images/000_0000,30,query-DOM and render-DOM similarities are both low,0.6687413454055786,57.55866572463264,patches/patch_030/overlay_after.png,patches/patch_030/overlay_before.png,texture_mismatch,patches/patch_030,0.2409525385191819,19,-50.51111296447138,-13.201134434840554,0.042295556399039924,0.6446233987808228,0.5371086123798741,-0.08328874409198761,-0.05049726349155875,1527,77.83199310302734,data_caiwangcun/query/images/exif_test/0000.jpg,patches/patch_030/query.png,0.6953476667404175,0.4747097129811384,0.6687416434288025,0.6662667036582137,0.6515243053436279,0.2914105489706708,-0.11356912553310394,-0.07431067926041822,443,40.83750915527344,patches/patch_030/render.png,45.26750915527344,patches/patch_030/triplet_query_render_dom.png,7
True,images/000_0000/patches/patch_031,-16.0,-37.0,1232,1744,374.9150390625,3392,True,4978,bilinear,15.468892097473145,bilinear,True,patches/patch_031/dom.png,10,253858.7829265123,3364992.712917038,15.468165716677447,13.458882331848145,22.807653427124023,9.348771095275879,1.2181818181818183,0.0718232044198895,patches/patch_031/edge_overlay_after.png,patches/patch_031/edge_overlay_before.png,True,0000.jpg,images/000_0000,31,high confidence with strong query-render photometric and edge agreement,0.589230477809906,40.311288741492746,patches/patch_031/overlay_after.png,patches/patch_031/overlay_before.png,stable_match,patches/patch_031,0.2409525385191819,19,-15.518591343228508,-37.31428504682427,0.3762082876637578,0.6352435350418091,0.5521705383683531,0.048540160059928894,0.16635371084106326,249,40.59543991088867,data_caiwangcun/query/images/exif_test/0000.jpg,patches/patch_031/query.png,0.7035114169120789,0.5430339870016697,0.5892279148101807,0.6411826097798053,0.6331789493560791,0.24956993337124483,0.10149704664945602,0.22094800600225278,181,32.51262664794922,patches/patch_031/render.png,34.32262664794922,patches/patch_031/triplet_query_render_dom.png,7
True,images/001_0001/patches/patch_000,-26.0,-34.0,208,2256,371.3916015625,4516,True,5591,bilinear,19.18553924560547,bilinear,True,patches/patch_000/dom.png,10,254016.2439934989,3364906.8411891377,19.185103634729103,7.996895790100098,10.929533004760742,2.9326372146606445,0.4326530612244898,0.385233918128655,patches/patch_000/edge_overlay_after.png,patches/patch_000/edge_overlay_before.png,False,0001.JPG,images/001_0001,0,edge chamfer improves but photometric agreement is weak,0.22797715663909912,42.80186911806539,patches/patch_000/overlay_after.png,patches/patch_000/overlay_before.png,edge_unreliable,patches/patch_000,0.3082295638439594,12,-43.94040489262693,0.9992000474415903,-0.01062818500213325,0.6261499524116516,0.4609100985408717,-0.12107546627521515,-0.09938964076037658,4947,109.24166107177734,data_caiwangcun/query/images/exif_test/0001.JPG,patches/patch_000/query.png,0.6544379591941833,0.4412617402639533,0.2279769778251648,0.23406111518330758,0.6693158149719238,0.16142366689529314,-0.08233793824911118,-0.06283311629956863,2736,77.22693634033203,patches/patch_000/render.png,104.58693634033203,patches/patch_000/triplet_query_render_dom.png,13
True,images/001_0001/patches/patch_001,11.0,-68.0,208,720,365.8037109375,5033,True,6541,bilinear,23.37308120727539,bilinear,True,patches/patch_001/dom.png,10,254088.69328116853,3364773.81366606,23.372329288705544,33.609375,33.279579162597656,-0.32979583740234375,0.12864493996569468,0.3353893600616808,patches/patch_001/edge_overlay_after.png,patches/patch_001/edge_overlay_before.png,False,0001.JPG,images/001_0001,1,query-DOM and render-DOM similarities are both low,0.4159867465496063,68.8839603971781,patches/patch_001/overlay_after.png,patches/patch_001/overlay_before.png,texture_mismatch,patches/patch_001,0.3082295638439594,12,-52.72599007062658,43.82812325934917,0.02793717267923057,0.6434456706047058,0.768315123067699,-0.13950732350349426,-0.11848775758778633,2594,56.81391143798828,data_caiwangcun/query/images/exif_test/0001.JPG,patches/patch_001/query.png,0.6736518144607544,0.7601905427892998,0.41598641872406006,0.4194979509352915,0.6556169390678406,0.2367480148485265,-0.2190650850534439,-0.18495993143916992,2800,55.793155670166016,patches/patch_001/render.png,81.73315567016601,patches/patch_001/triplet_query_render_dom.png,13
True,images/001_0001/patches/patch_002,-28.0,36.0,3280,3280,366.1083984375,2268,True,6060,bilinear,26.894012451171875,bilinear,True,patches/patch_002/dom.png,10,253701.42539439417,3364841.119057844,26.893436796361414,12.938705444335938,20.588102340698242,7.649396896362305,1.2887828162291168,0.7632508833922261,patches/patch_002/edge_overlay_after.png,patches/patch_002/edge_overlay_before.png,False,0001.JPG,images/001_0001,2,query-DOM and render-DOM similarities are both low,0.43335485458374023,45.60701700396552,patches/patch_002/overlay_after.png,patches/patch_002/overlay_before.png,texture_mismatch,patches/patch_002,0.3082295638439594,12,-9.375121797842183,-35.37704292475121,0.010858692927286029,0.6453588604927063,0.43769626646903287,-0.012634357437491417,0.020728706969942837,5240,113.50969696044922,data_caiwangcun/query/images/exif_test/0001.JPG,patches/patch_002/query.png,0.6679044365882874,0.43973803766061886,0.4333551228046417,0.4320362397199681,0.6490812301635742,0.13498991148059564,-0.012013474479317665,0.033280184464536934,849,66.9810791015625,patches/patch_002/render.png,75.4710791015625,patches/patch_002/triplet_query_render_dom.png,13
True,images/001_0001/patches/patch_003,-58.0,-57.0,720,1744,372.0263671875,4384,True,6088,bilinear,18.317996978759766,bilinear,True,patches/patch_003/dom.png,10,253997.78276112903,3364837.2113003084,18.318249057006653,5.194789886474609,19.89834213256836,14.70355224609375,0.6727005870841487,0.21715686274509804,patches/patch_003/edge_overlay_after.png,patches/patch_003/edge_overlay_before.png,True,0001.JPG,images/001_0001,3,high confidence with strong query-render photometric and edge agreement,0.6182056069374084,81.32035415564789,patches/patch_003/overlay_after.png,patches/patch_003/overlay_before.png,stable_match,patches/patch_003,0.3082295638439594,12,-50.31996654250233,-53.24194783459919,0.16509887611027807,0.6254411339759827,0.7076275551054616,-0.11997535824775696,-0.09736611389193307,3036,63.54896545410156,data_caiwangcun/query/images/exif_test/0001.JPG,patches/patch_003/query.png,0.7001832723617554,0.7152694165043882,0.6182055473327637,0.6140202258470051,0.6491109728813171,0.3029164781308178,-0.08353756368160248,-0.05837503011075374,2040,53.48967361450195,patches/patch_003/render.png,73.88967361450196,patches/patch_003/triplet_query_render_dom.png,13
True,images/001_0001/patches/patch_004,-80.0,80.0,208,1744,365.4755859375,4673,True,5919,bilinear,24.64334487915039,bilinear,True,patches/patch_004/dom.png,10,254038.26294775735,3364860.908599733,24.644352719329845,8.772510528564453,20.757015228271484,11.984504699707031,0.5102813852813853,0.20438737292669876,patches/patch_004/edge_overlay_after.png,patches/patch_004/edge_overlay_before.png,False,0001.JPG,images/001_0001,4,query-DOM and render-DOM similarities are both low,0.306110680103302,113.13708498984761,patches/patch_004/overlay_after.png,patches/patch_004/overlay_before.png,texture_mismatch,patches/patch_004,0.3082295638439594,12,-93.84769798772916,-12.160493997516227,0.006918027065694332,0.6597866415977478,0.5942683723922999,0.023657068610191345,0.036153069431787796,3201,80.2721176147461,data_caiwangcun/query/images/exif_test/0001.JPG,patches/patch_004/query.png,0.6602162718772888,0.686614275558262,0.30611100792884827,0.3134369806280011,0.6258590221405029,0.452085192649022,-0.14426155388355255,-0.12694353864689534,1869,54.960697174072266,patches/patch_004/render.png,73.65069717407226,patches/patch_004/triplet_query_render_dom.png,13
True,images/001_0001/patches/patch_005,-52.0,2.0,1744,3280,367.2177734375,3203,True,5518,bilinear,25.051225662231445,bilinear,True,patches/patch_005/dom.png,10,253832.34925727034,3364917.0302866283,25.051985535617064,13.272445678710938,16.159687042236328,2.8872413635253906,0.734,0.2892561983471074,patches/patch_005/edge_overlay_after.png,patches/patch_005/edge_overlay_before.png,True,0001.JPG,images/001_0001,5,high confidence with strong query-render photometric and edge agreement,0.5472025275230408,52.03844732503075,patches/patch_005/overlay_after.png,patches/patch_005/overlay_before.png,stable_match,patches/patch_005,0.3082295638439594,12,-53.633529702894975,2.1211720829022056,0.2412494223099202,0.6323108077049255,0.3979906049059831,-0.040223948657512665,-0.0020922058191248185,2248,79.49873352050781,data_caiwangcun/query/images/exif_test/0001.JPG,patches/patch_005/query.png,0.6711534261703491,0.38235288825642444,0.5472021698951721,0.554962320040209,0.6360093355178833,0.17234639743366145,-0.06182309240102768,-0.016506699608362773,847,63.87700653076172,patches/patch_005/render.png,72.34700653076172,patches/patch_005/triplet_query_render_dom.png,13
True,images/001_0001/patches/patch_006,78.0,58.0,4816,2768,367.7236328125,1506,True,6911,bilinear,25.548625946044922,bilinear,True,patches/patch_006/dom.png,10,253594.6657601567,3364721.902749373,25.548908934628685,16.614662170410156,21.86223602294922,5.2475738525390625,0.26652452025586354,0.165374677002584,patches/patch_006/edge_overlay_after.png,patches/patch_006/edge_overlay_before.png,False,0001.JPG,images/001_0001,6,edge chamfer improves but photometric agreement is weak,0.0919225811958313,97.20082304178294,patches/patch_006/overlay_after.png,patches/patch_006/overlay_before.png,edge_unreliable,patches/patch_006,0.3082295638439594,12,17.114646588273573,40.618143770641865,-0.019737393246032298,0.695209264755249,0.46836486946386524,0.012847783043980598,0.05140642957229071,2299,94.58837127685547,data_caiwangcun/query/images/exif_test/0001.JPG,patches/patch_006/query.png,0.7428550720214844,0.4256985224668333,0.09192286431789398,0.128005540170939,0.6764963865280151,0.12487623225734154,0.014584929682314396,0.05804420598266673,387,65.5089340209961,patches/patch_006/render.png,69.3789340209961,patches/patch_006/triplet_query_render_dom.png,13
True,images/001_0001/patches/patch_007,-12.0,-55.0,1232,1232,371.1240234375,4247,True,6587,bilinear,18.99287986755371,bilinear,True,patches/patch_007/dom.png,10,253978.61321328697,3364767.3026160025,18.993300215356328,7.032756328582764,12.393839836120605,5.361083507537842,0.9508426966292135,0.437046004842615,patches/patch_007/edge_overlay_after.png,patches/patch_007/edge_overlay_before.png,True,0001.JPG,images/001_0001,7,high confidence with strong query-render photometric and edge agreement,0.5628054738044739,56.293871780150276,patches/patch_007/overlay_after.png,patches/patch_007/overlay_before.png,stable_match,patches/patch_007,0.3082295638439594,12,-8.543332876707183,-49.1334020665584,0.19416909362189472,0.6365596055984497,0.4998054388143634,-0.010494725778698921,0.017939022219821278,3668,76.33804321289062,data_caiwangcun/query/images/exif_test/0001.JPG,patches/patch_007/query.png,0.7569399476051331,0.5128896165063098,0.5628048777580261,0.5691406215226482,0.6471832394599915,0.18319302924944772,-0.016475403681397438,0.01593518477380614,1652,52.65644836425781,patches/patch_007/render.png,69.17644836425781,patches/patch_007/triplet_query_render_dom.png,13
True,images/001_0001/patches/patch_008,-25.0,-3.0,2256,2768,366.9423828125,3071,True,6011,bilinear,25.100343704223633,bilinear,True,patches/patch_008/dom.png,10,253813.80771701192,3364847.9807050014,25.09935365328988,15.818899154663086,18.671764373779297,2.852865219116211,0.6875,0.24653739612188366,patches/patch_008/edge_overlay_after.png,patches/patch_008/edge_overlay_before.png,True,0001.JPG,images/001_0001,8,query-DOM and render-DOM similarities are both low,0.6855414509773254,25.179356624028344,patches/patch_008/overlay_after.png,patches/patch_008/overlay_before.png,texture_mismatch,patches/patch_008,0.3082295638439594,12,-24.92277845587671,-2.3958744444271076,0.39710793271660805,0.6451608538627625,0.37213394008259265,0.08988726139068604,0.11024864736269413,3792,103.5784912109375,data_caiwangcun/query/images/exif_test/0001.JPG,patches/patch_008/query.png,0.6880390644073486,0.37064004740033296,0.6855416893959045,0.6688999450358929,0.6390720009803772,0.12735368088192775,0.08898669481277466,0.12106017488949032,361,63.68252944946289,patches/patch_008/render.png,67.29252944946289,patches/patch_008/triplet_query_render_dom.png,13
True,images/001_0001/patches/patch_009,-34.0,-12.0,1744,2768,369.9326171875,3385,True,5825,bilinear,21.866741180419922,bilinear,True,patches/patch_009/dom.png,10,253857.81992232703,3364874.123290357,21.86642318714314,11.750092506408691,16.077556610107422,4.3274641036987305,1.0100603621730382,0.13260530421216848,patches/patch_009/edge_overlay_after.png,patches/patch_009/edge_overlay_before.png,True,0001.JPG,images/001_0001,9,high confidence with strong query-render photometric and edge agreement,0.6824522614479065,36.05551275463989,patches/patch_009/overlay_after.png,patches/patch_009/overlay_before.png,stable_match,patches/patch_009,0.3082295638439594,12,-32.92561009639974,-12.41037093716119,0.40542180847842246,0.6454864144325256,0.41578835538183734,-0.0915336161851883,-0.054191087915604626,1921,79.27971649169922,data_caiwangcun/query/images/exif_test/0001.JPG,patches/patch_009/query.png,0.7020905017852783,0.4485167064993266,0.6824520826339722,0.6815099221451787,0.6153396368026733,0.14567358438625191,-0.10210298001766205,-0.05878191836338474,641,60.2459602355957,patches/patch_009/render.png,66.6559602355957,patches/patch_009/triplet_query_render_dom.png,13
True,images/001_0001/patches/patch_010,-80.0,-28.0,720,2768,372.7548828125,4021,True,5453,bilinear,18.552108764648438,bilinear,True,patches/patch_010/dom.png,10,253946.93312198605,3364926.2117536804,18.54814260909052,6.491776466369629,36.19941711425781,29.707640647888184,0.5205110961667787,0.07204385277995301,patches/patch_010/edge_overlay_after.png,patches/patch_010/edge_overlay_before.png,False,0001.JPG,images/001_0001,10,query-DOM and render-DOM similarities are both low,0.385324627161026,84.75848040166836,patches/patch_010/overlay_after.png,patches/patch_010/overlay_before.png,texture_mismatch,patches/patch_010,0.3082295638439594,12,-111.72148795959643,171.66168468503966,-0.0007076272158883512,0.6463241577148438,0.5158615340322706,-0.20686587691307068,-0.14281382139983373,2540,93.4100112915039,data_caiwangcun/query/images/exif_test/0001.JPG,patches/patch_010/query.png,0.6486524343490601,0.61637930713284,0.3853239417076111,0.40441831978102954,0.6317206025123596,0.33935305014012895,-0.21498386561870575,-0.1469554394926696,1277,52.53048324584961,patches/patch_010/render.png,65.3004832458496,patches/patch_010/triplet_query_render_dom.png,13
True,images/001_0001/patches/patch_011,-24.0,80.0,4816,3280,369.7822265625,1315,True,6598,bilinear,23.97623062133789,bilinear,True,patches/patch_011/dom.png,10,253567.9953284727,3364765.7710821074,23.97690373150442,47.472137451171875,34.21172332763672,-13.260414123535156,0.0,0.0875,patches/patch_011/edge_overlay_after.png,patches/patch_011/edge_overlay_before.png,False,0001.JPG,images/001_0001,11,query-DOM and render-DOM similarities are both low,0.126979261636734,83.5224520712844,patches/patch_011/overlay_after.png,patches/patch_011/overlay_before.png,texture_mismatch,patches/patch_011,0.3082295638439594,12,-6.254460240544006,24.250926672497386,-0.004315092053730041,0.6166386604309082,0.3802320062678667,0.0860031396150589,0.12612592923194088,423,69.63092803955078,data_caiwangcun/query/images/exif_test/0001.JPG,patches/patch_011/query.png,0.6359719038009644,0.37032238488825414,0.1269787698984146,0.16612357336869865,0.6571581363677979,0.15670369242592105,0.006038700230419636,0.05678117819932018,240,59.4361686706543,patches/patch_011/render.png,61.836168670654295,patches/patch_011/triplet_query_render_dom.png,13
True,images/001_0001/patches/patch_012,-80.0,80.0,208,208,366.2119140625,5215,True,6852,bilinear,22.48906135559082,bilinear,True,patches/patch_012/dom.png,10,254114.1362836864,3364730.189296908,22.489700304879136,32.200504302978516,44.99425506591797,12.793750762939453,0.0808448652585579,0.027123483226266953,patches/patch_012/edge_overlay_after.png,patches/patch_012/edge_overlay_before.png,False,0001.JPG,images/001_0001,12,edge chamfer improves but photometric agreement is weak,0.009801355190575123,113.13708498984761,patches/patch_012/overlay_after.png,patches/patch_012/overlay_before.png,edge_unreliable,patches/patch_012,0.3082295638439594,12,-36.83688784921176,-60.35526059267218,0.08505451446399093,0.74998939037323,0.6246667038509075,0.27973657846450806,0.28799386520696696,2581,65.0740966796875,data_caiwangcun/query/images/exif_test/0001.JPG,patches/patch_012/query.png,0.6300064921379089,0.6392298787306246,0.009801261126995087,0.02586808860254996,0.6110429167747498,0.3290828649870066,0.0638253390789032,0.07678904041239289,1401,45.867366790771484,patches/patch_012/render.png,59.87736679077148,patches/patch_012/triplet_query_render_dom.png,13
True,images/001_0001/patches/patch_013,-11.0,-7.0,2256,2256,373.6240234375,3253,True,6317,bilinear,17.947298049926758,bilinear,True,patches/patch_013/dom.png,10,253839.29456586236,3364805.101223827,17.94678614818838,14.972074508666992,14.516539573669434,-0.4555349349975586,1.3045977011494252,0.8830845771144279,patches/patch_013/edge_overlay_after.png,patches/patch_013/edge_overlay_before.png,False,0001.JPG,images/001_0001,13,query-DOM and render-DOM similarities are both low,0.5621229410171509,13.038404810405298,patches/patch_013/overlay_after.png,patches/patch_013/overlay_before.png,texture_mismatch,patches/patch_013,0.3082295638439594,12,-11.212064257775921,-7.401271842915321,0.5422847291920334,0.6355748176574707,0.4946160688145305,-0.0020685705821961164,0.04199272053103163,3455,106.14236450195312,data_caiwangcun/query/images/exif_test/0001.JPG,patches/patch_013/query.png,0.7229905724525452,0.5073924787229981,0.5621236562728882,0.5516336654625894,0.6340141892433167,0.2060092618922135,0.002344445325434208,0.06350305729153193,402,53.82909393310547,patches/patch_013/render.png,57.84909393310547,patches/patch_013/triplet_query_render_dom.png,13
True,images/001_0001/patches/patch_014,-23.0,11.0,2768,2768,373.0927734375,2752,True,6183,bilinear,19.208940505981445,bilinear,True,patches/patch_014/dom.png,10,253769.18809078244,3364823.873322216,19.208129800518975,9.56459903717041,13.121728897094727,3.5571298599243164,1.0443298969072166,0.36332958380202474,patches/patch_014/edge_overlay_after.png,patches/patch_014/edge_overlay_before.png,True,0001.JPG,images/001_0001,14,high confidence with strong query-render photometric and edge agreement,0.7982931733131409,25.495097567963924,patches/patch_014/overlay_after.png,patches/patch_014/overlay_before.png,stable_match,patches/patch_014,0.3082295638439594,12,-21.19191526779653,10.089698972125802,0.43954582896549255,0.6535188555717468,0.5062498003088776,0.058464422821998596,0.07402013464698039,2037,86.97288513183594,data_caiwangcun/query/images/exif_test/0001.JPG,patches/patch_014/query.png,0.7096592783927917,0.4853648373955404,0.7982929348945618,0.7896206812205899,0.6464956998825073,0.15901363415678738,0.020076682791113853,0.03859137958544456,889,48.38790512084961,patches/patch_014/render.png,57.27790512084961,patches/patch_014/triplet_query_render_dom.png,13
True,images/001_0001/patches/patch_015,-70.0,-42.0,720,2256,369.1142578125,4193,True,5778,bilinear,21.713768005371094,bilinear,True,patches/patch_015/dom.png,10,253971.06929611624,3364880.576249842,21.714742307876747,8.423645973205566,15.815150260925293,7.391504287719727,0.5865556216537775,0.3291828793774319,patches/patch_015/edge_overlay_after.png,patches/patch_015/edge_overlay_before.png,False,0001.JPG,images/001_0001,15,query-DOM and render-DOM similarities are both low,0.6148310303688049,81.6333265278342,patches/patch_015/overlay_after.png,patches/patch_015/overlay_before.png,texture_mismatch,patches/patch_015,0.3082295638439594,12,-48.46868591705024,-15.9701964587492,0.012797625036910176,0.6490609049797058,0.5963454373662452,0.035449765622615814,0.04834504052954613,3260,71.7978286743164,data_caiwangcun/query/images/exif_test/0001.JPG,patches/patch_015/query.png,0.702888548374176,0.643272386878468,0.6148314476013184,0.6163634550832606,0.6466009616851807,0.37916852441776117,0.0017870599403977394,0.018609779082351077,1285,43.17033767700195,patches/patch_015/render.png,56.020337677001955,patches/patch_015/triplet_query_render_dom.png,13
True,images/001_0001/patches/patch_016,80.0,74.0,4816,2256,369.6474609375,1678,True,7227,bilinear,23.158266067504883,bilinear,True,patches/patch_016/dom.png,10,253618.85330050264,3364677.664239349,23.158237442532993,17.48719596862793,26.89472007751465,9.407524108886719,0.5815602836879432,0.15938303341902313,patches/patch_016/edge_overlay_after.png,patches/patch_016/edge_overlay_before.png,False,0001.JPG,images/001_0001,16,query-DOM and render-DOM similarities are both low,0.42447859048843384,108.97706180660222,patches/patch_016/overlay_after.png,patches/patch_016/overlay_before.png,texture_mismatch,patches/patch_016,0.3082295638439594,12,65.84354716724971,-3.9363141267218964,0.026152862119488418,0.6805427670478821,0.464389339862129,-0.05734753608703613,-0.019762814683379048,2235,93.55835723876953,data_caiwangcun/query/images/exif_test/0001.JPG,patches/patch_016/query.png,0.7000283002853394,0.3842574800404582,0.4244786202907562,0.42983807392603485,0.6560472249984741,0.23181374035730815,-0.05415954813361168,-0.00822056433727303,389,51.949031829833984,patches/patch_016/render.png,55.839031829833985,patches/patch_016/triplet_query_render_dom.png,13
True,images/001_0001/patches/patch_017,-9.0,8.0,2768,2256,369.8154296875,2937,True,6502,bilinear,22.001480102539062,bilinear,True,patches/patch_017/dom.png,10,253795.05546895892,3364779.2189266966,22.001619642965693,12.99329948425293,14.237220764160156,1.2439212799072266,0.9806598407281001,0.36226851851851855,patches/patch_017/edge_overlay_after.png,patches/patch_017/edge_overlay_before.png,True,0001.JPG,images/001_0001,17,high confidence with strong query-render photometric and edge agreement,0.8530002236366272,12.041594578792296,patches/patch_017/overlay_after.png,patches/patch_017/overlay_before.png,stable_match,patches/patch_017,0.3082295638439594,12,-8.630120125414209,7.602182098324903,0.29572499918867834,0.6317384243011475,0.4777166242142347,-0.3188314735889435,-0.2998939989107134,3228,87.80345916748047,data_caiwangcun/query/images/exif_test/0001.JPG,patches/patch_017/query.png,0.7586439251899719,0.5193063040402587,0.8530004620552063,0.8432360758273102,0.6409832835197449,0.1707009524772833,-0.3614662289619446,-0.34179248882446345,864,46.798561096191406,patches/patch_017/render.png,55.43856109619141,patches/patch_017/triplet_query_render_dom.png,13
True,images/001_0001/patches/patch_018,-52.0,-78.0,720,1232,364.2802734375,4537,True,6410,bilinear,25.617549896240234,bilinear,True,patches/patch_018/dom.png,10,254019.15902728075,3364792.140690609,25.618296231158297,13.330583572387695,25.570789337158203,12.240205764770508,0.5560407569141194,0.04265041888804265,patches/patch_018/edge_overlay_after.png,patches/patch_018/edge_overlay_before.png,False,0001.JPG,images/001_0001,18,large color distribution difference against render and DOM,0.8789132833480835,93.74433316206373,patches/patch_018/overlay_after.png,patches/patch_018/overlay_before.png,occlusion_or_change,patches/patch_018,0.3082295638439594,12,65.67085949535692,73.08387339309556,0.010599178611300886,0.6619832515716553,0.5672090769156226,0.2454998642206192,0.24870134705926994,1333,45.97467803955078,data_caiwangcun/query/images/exif_test/0001.JPG,patches/patch_018/query.png,0.7356610298156738,0.5104225396120667,0.8789134621620178,0.8790967326220338,0.6253665089607239,0.29982193124894474,0.23241287469863892,0.23726948466180528,1313,41.06053924560547,patches/patch_018/render.png,54.19053924560547,patches/patch_018/triplet_query_render_dom.png,13
True,images/001_0001/patches/patch_019,-34.0,20.0,2768,3280,366.8798828125,2578,True,5879,bilinear,25.88026237487793,bilinear,True,patches/patch_019/dom.png,10,253744.89294081138,3364866.491268189,25.879838769831224,14.083008766174316,32.249900817871094,18.166892051696777,1.060377358490566,0.09466019417475728,patches/patch_019/edge_overlay_after.png,patches/patch_019/edge_overlay_before.png,True,0001.JPG,images/001_0001,19,high confidence with strong query-render photometric and edge agreement,0.6581525206565857,39.44616584663204,patches/patch_019/overlay_after.png,patches/patch_019/overlay_before.png,stable_match,patches/patch_019,0.3082295638439594,12,-34.75404519140491,20.01139376634373,0.26677300955634564,0.6495335698127747,0.4901311863270536,-0.04470524936914444,-0.02154730172557075,1471,90.32676696777344,data_caiwangcun/query/images/exif_test/0001.JPG,patches/patch_019/query.png,0.6783528923988342,0.5830413558190853,0.6581523418426514,0.655788835809306,0.633063018321991,0.32239596646257945,-0.0838494598865509,-0.04860364793722718,412,46.57798767089844,patches/patch_019/render.png,50.697987670898435,patches/patch_019/triplet_query_render_dom.png,13
True,images/001_0001/patches/patch_020,29.0,74.0,4304,2768,368.2626953125,1817,True,6731,bilinear,24.76606559753418,bilinear,True,patches/patch_020/dom.png,10,253638.21961974903,3364747.141580726,24.76621950177247,13.283425331115723,23.014999389648438,9.731574058532715,0.9036827195467422,0.3628691983122363,patches/patch_020/edge_overlay_after.png,patches/patch_020/edge_overlay_before.png,True,0001.JPG,images/001_0001,20,high confidence with strong query-render photometric and edge agreement,0.673229992389679,79.47955712005447,patches/patch_020/overlay_after.png,patches/patch_020/overlay_before.png,stable_match,patches/patch_020,0.3082295638439594,12,24.252114301003175,68.36032805311409,0.15511568926740438,0.6439801454544067,0.5836998188786371,-0.07582293450832367,-0.04209827667884552,2024,80.46513366699219,data_caiwangcun/query/images/exif_test/0001.JPG,patches/patch_020/query.png,0.7150741815567017,0.5862464328966528,0.6732300519943237,0.670254922975654,0.64402174949646,0.14795121796006228,-0.09117577224969864,-0.05302033675736559,237,47.571720123291016,patches/patch_020/render.png,49.94172012329101,patches/patch_020/triplet_query_render_dom.png,13
True,images/001_0001/patches/patch_021,76.0,28.0,4816,208,343.7138671875,2455,True,8357,bilinear,47.17779541015625,bilinear,True,patches/patch_021/dom.png,10,253727.58779260478,3364519.424633491,47.22626904835357,67.95726776123047,89.84979248046875,21.89252471923828,0.0,0.0,patches/patch_021/edge_overlay_after.png,patches/patch_021/edge_overlay_before.png,False,0001.JPG,images/001_0001,21,edge chamfer improves but photometric agreement is weak,0.06767221540212631,80.99382692526635,patches/patch_021/overlay_after.png,patches/patch_021/overlay_before.png,edge_unreliable,patches/patch_021,0.3082295638439594,12,-2.8383179842419395,-15.964096036691501,0.004340816754847765,0.6472883820533752,0.6777051630141414,-0.07454311847686768,-0.02434282326029887,225,55.36531448364258,data_caiwangcun/query/images/exif_test/0001.JPG,patches/patch_021/query.png,0.6242234706878662,0.5735915156390796,0.06767085194587708,0.10564894389994663,0.6432881355285645,0.2970614496429105,0.012136741541326046,0.05910481296133165,1745,47.34456253051758,patches/patch_021/render.png,49.59456253051758,patches/patch_021/triplet_query_render_dom.png,13
True,images/001_0001/patches/patch_022,23.0,80.0,4304,3280,367.7451171875,1638,True,6418,bilinear,25.756166458129883,bilinear,True,patches/patch_022/dom.png,10,253613.22754592594,3364790.981452976,25.75544692153028,21.569583892822266,37.977256774902344,16.407672882080078,0.5263157894736842,0.11441647597254005,patches/patch_022/edge_overlay_after.png,patches/patch_022/edge_overlay_before.png,True,0001.JPG,images/001_0001,22,query-DOM and render-DOM similarities are both low,0.7494996786117554,83.24061508662703,patches/patch_022/overlay_after.png,patches/patch_022/overlay_before.png,texture_mismatch,patches/patch_022,0.3082295638439594,12,-31.220695235252037,-69.42534534529742,0.038800093228928745,0.6449408531188965,0.5851878488261085,-0.17295439541339874,-0.15086565498578378,856,78.547607421875,data_caiwangcun/query/images/exif_test/0001.JPG,patches/patch_022/query.png,0.6813603639602661,0.601278684603747,0.7494994401931763,0.750595246904643,0.6380906105041504,0.18095574594263625,-0.2208460420370102,-0.19785097263244902,437,45.0617561340332,patches/patch_022/render.png,49.4317561340332,patches/patch_022/triplet_query_render_dom.png,13
True,images/001_0001/patches/patch_023,-28.0,-80.0,720,720,361.7001953125,4704,True,6719,bilinear,27.74321937561035,bilinear,True,patches/patch_023/dom.png,10,254042.60700725007,3364748.7909860075,27.743413730324164,19.43107795715332,24.859172821044922,5.428094863891602,0.35106382978723405,0.03125,patches/patch_023/edge_overlay_after.png,patches/patch_023/edge_overlay_before.png,False,0001.JPG,images/001_0001,23,query-DOM and render-DOM similarities are both low,0.826526403427124,84.75848040166836,patches/patch_023/overlay_after.png,patches/patch_023/overlay_before.png,texture_mismatch,patches/patch_023,0.3082295638439594,12,42.330146085558084,-11.820151414777797,0.017568617477081716,0.6410228610038757,0.5019165431044884,-0.3809816837310791,-0.3625605580804268,742,56.72224807739258,data_caiwangcun/query/images/exif_test/0001.JPG,patches/patch_023/query.png,0.641028642654419,0.484071346256201,0.8265264630317688,0.8188373401574778,0.6283136010169983,0.31960802445688163,-0.4321881830692291,-0.41123312643036186,736,41.614192962646484,patches/patch_023/render.png,48.974192962646484,patches/patch_023/triplet_query_render_dom.png,13
True,images/001_0001/patches/patch_024,18.0,-80.0,1744,208,367.3349609375,4284,True,7393,bilinear,22.095867156982422,bilinear,True,patches/patch_024/dom.png,10,253983.69449432124,3364654.4231418013,22.095145076307006,14.354326248168945,52.3253173828125,37.970991134643555,0.3940809968847352,0.0,patches/patch_024/edge_overlay_after.png,patches/patch_024/edge_overlay_before.png,True,0001.JPG,images/001_0001,24,high confidence with strong query-render photometric and edge agreement,0.6984029412269592,82.0,patches/patch_024/overlay_after.png,patches/patch_024/overlay_before.png,stable_match,patches/patch_024,0.3082295638439594,12,18.57841376544185,-69.87661397076857,0.15958083351142704,0.6518518924713135,0.5751071058814995,0.08484489470720291,0.11775359373423076,642,44.27964782714844,data_caiwangcun/query/images/exif_test/0001.JPG,patches/patch_024/query.png,0.6837807893753052,0.5210176511459628,0.6984025239944458,0.7040993915437078,0.66115802526474,0.21840541346534983,0.0952458307147026,0.13129150149860264,850,42.47441101074219,patches/patch_024/render.png,48.89441101074219,patches/patch_024/triplet_query_render_dom.png,13
True,images/001_0001/patches/patch_025,-41.0,10.0,2256,3280,371.9580078125,2887,True,5686,bilinear,20.571630477905273,bilinear,True,patches/patch_025/dom.png,10,253788.13990761107,3364893.543826349,20.57088196101148,20.810260772705078,35.23060607910156,14.420345306396484,0.8696883852691218,0.5798319327731093,patches/patch_025/edge_overlay_after.png,patches/patch_025/edge_overlay_before.png,False,0001.JPG,images/001_0001,25,query-DOM and render-DOM similarities are both low,0.5377874374389648,42.20189569201838,patches/patch_025/overlay_after.png,patches/patch_025/overlay_before.png,texture_mismatch,patches/patch_025,0.3082295638439594,12,-4.36321856296442,-48.12203554724107,-0.014478559256531298,0.643656313419342,0.45750730837327036,-0.08207918703556061,-0.04546209943082123,2402,91.68103790283203,data_caiwangcun/query/images/exif_test/0001.JPG,patches/patch_025/query.png,0.652874231338501,0.4044837162967741,0.5377879738807678,0.5267390996410783,0.6265695691108704,0.25999617244143663,-0.10627145320177078,-0.05633026630211685,238,46.274452209472656,patches/patch_025/render.png,48.65445220947266,patches/patch_025/triplet_query_render_dom.png,13
True,images/001_0001/patches/patch_026,80.0,53.0,4816,1744,368.4990234375,1864,True,7539,bilinear,23.83185577392578,bilinear,True,patches/patch_026/dom.png,10,253644.79142465699,3364633.997421817,23.82769257643497,14.482778549194336,27.17072868347168,12.687950134277344,0.49130434782608695,0.08294930875576037,patches/patch_026/edge_overlay_after.png,patches/patch_026/edge_overlay_before.png,False,0001.JPG,images/001_0001,26,query-DOM and render-DOM similarities are both low,0.38364145159721375,95.96353474106714,patches/patch_026/overlay_after.png,patches/patch_026/overlay_before.png,texture_mismatch,patches/patch_026,0.3082295638439594,12,25.741995913435133,10.88740287615613,0.007529984723078087,0.6372962594032288,0.465050443934463,-0.010521192103624344,0.020547677719306625,1267,74.37289428710938,data_caiwangcun/query/images/exif_test/0001.JPG,patches/patch_026/query.png,0.6762797236442566,0.5062481119318994,0.3836415112018585,0.40100030728951325,0.6267721056938171,0.18091311489216214,0.014332889579236507,0.04820701615113957,434,42.4094123840332,patches/patch_026/render.png,46.74941238403321,patches/patch_026/triplet_query_render_dom.png,13
True,images/001_0001/patches/patch_027,-6.0,21.0,3280,2256,364.1630859375,2630,True,6683,bilinear,27.89278221130371,bilinear,True,patches/patch_027/dom.png,10,253752.0835891569,3364753.878428337,27.89212281234029,9.886930465698242,11.429021835327148,1.5420913696289062,1.1112877583465819,0.7131474103585658,patches/patch_027/edge_overlay_after.png,patches/patch_027/edge_overlay_before.png,True,0001.JPG,images/001_0001,27,high confidence with strong query-render photometric and edge agreement,0.8831882476806641,21.840329667841555,patches/patch_027/overlay_after.png,patches/patch_027/overlay_before.png,stable_match,patches/patch_027,0.3082295638439594,12,-5.945235036865711,20.176221521945905,0.47501702420413494,0.6476914882659912,0.6289026869891245,-0.4408959150314331,-0.4217667202134345,1769,77.97673034667969,data_caiwangcun/query/images/exif_test/0001.JPG,patches/patch_027/query.png,0.7099243998527527,0.6703977025893106,0.8831878304481506,0.8805712808044364,0.6349275708198547,0.22814947022150867,-0.4487021565437317,-0.42574786493197164,502,41.38961410522461,patches/patch_027/render.png,46.40961410522461,patches/patch_027/triplet_query_render_dom.png,13
True,images/001_0001/patches/patch_028,65.0,24.0,1232,208,367.9462890625,4599,True,7214,bilinear,21.234994888305664,bilinear,True,patches/patch_028/dom.png,10,254027.81278805612,3364679.520870604,21.23436526322621,89.85926818847656,63.21316146850586,-26.646106719970703,0.0,0.0,patches/patch_028/edge_overlay_after.png,patches/patch_028/edge_overlay_before.png,False,0001.JPG,images/001_0001,28,query-DOM and render-DOM similarities are both low,0.23118257522583008,69.28924880528002,patches/patch_028/overlay_after.png,patches/patch_028/overlay_before.png,texture_mismatch,patches/patch_028,0.3082295638439594,12,-27.198973172336764,-2.784532271512006,0.05660640023415908,0.6531018614768982,0.3252221625460723,-0.13221313059329987,-0.08612751078653415,472,62.35869598388672,data_caiwangcun/query/images/exif_test/0001.JPG,patches/patch_028/query.png,0.6564869284629822,0.40219478636951445,0.2311827540397644,0.24673715921633202,0.6417571306228638,0.21903516074337726,-0.047160640358924866,0.012482714778643765,235,36.63166046142578,patches/patch_028/render.png,38.98166046142578,patches/patch_028/triplet_query_render_dom.png,13
True,images/001_0001/patches/patch_029,-44.0,-78.0,208,1232,368.6884765625,4868,True,6226,bilinear,20.94460678100586,bilinear,True,patches/patch_029/dom.png,10,254065.47133381147,3364817.8794326168,20.944572068821003,22.87253189086914,39.3787727355957,16.506240844726562,0.3485309017223911,0.0835214446952596,patches/patch_029/edge_overlay_after.png,patches/patch_029/edge_overlay_before.png,False,0001.JPG,images/001_0001,29,query-DOM and render-DOM similarities are both low,0.5039021372795105,89.55445270895244,patches/patch_029/overlay_after.png,patches/patch_029/overlay_before.png,texture_mismatch,patches/patch_029,0.3082295638439594,12,89.12575286295879,-62.733510456654386,0.018565733305877075,0.6308019161224365,0.772891242022654,-0.10366424173116684,-0.08134367230485746,2427,57.54695129394531,data_caiwangcun/query/images/exif_test/0001.JPG,patches/patch_029/query.png,0.6725369095802307,0.762900678212335,0.5039021372795105,0.5068405789692523,0.6109403371810913,0.15341579882294445,-0.022501224651932716,-0.001940229850358725,443,32.08211135864258,patches/patch_029/render.png,36.51211135864258,patches/patch_029/triplet_query_render_dom.png,13
True,images/001_0001/patches/patch_030,7.0,18.0,3280,1744,364.4228515625,2808,True,6993,bilinear,27.162580490112305,bilinear,True,patches/patch_030/dom.png,10,253777.05669790032,3364710.4465034525,27.163211971916894,84.78324890136719,68.97732543945312,-15.805923461914062,0.0,0.0,patches/patch_030/edge_overlay_after.png,patches/patch_030/edge_overlay_before.png,False,0001.JPG,images/001_0001,30,query-DOM and render-DOM similarities are both low,0.8728296160697937,19.313207915827967,patches/patch_030/overlay_after.png,patches/patch_030/overlay_before.png,texture_mismatch,patches/patch_030,0.3082295638439594,12,7.07271451249099,17.73016880039468,0.33900532458210364,0.6357883214950562,0.5366111893005711,0.05230780318379402,0.06709223817474237,313,67.27198791503906,data_caiwangcun/query/images/exif_test/0001.JPG,patches/patch_030/query.png,0.6946510672569275,0.5186900959941455,0.8728299736976624,0.8734503858070619,0.6463004946708679,0.22490978053606026,0.02213611826300621,0.03760984963429078,264,31.665416717529297,patches/patch_030/render.png,34.3054167175293,patches/patch_030/triplet_query_render_dom.png,13
True,images/002_0002/patches/patch_000,-80.0,-24.0,720,2768,363.1533203125,4459,True,6354,bilinear,28.258514404296875,bilinear,True,patches/patch_000/dom.png,10,254008.24397550334,3364799.945963234,28.258728591609895,7.303378105163574,11.498750686645508,4.195372581481934,0.5365426695842451,0.2777777777777778,patches/patch_000/edge_overlay_after.png,patches/patch_000/edge_overlay_before.png,False,0002.JPG,images/002_0002,0,large color distribution difference against render and DOM,0.6506196856498718,83.5224520712844,patches/patch_000/overlay_after.png,patches/patch_000/overlay_before.png,occlusion_or_change,patches/patch_000,0.34208303482919145,10,12.831760509242017,-92.18932850377101,0.027291059959679842,0.6488593220710754,0.4717907196089287,0.19055859744548798,0.19894664060829795,3240,67.39694213867188,data_caiwangcun/query/images/exif_test/0002.JPG,patches/patch_000/query.png,0.6626031994819641,0.5047267666846411,0.6506197452545166,0.6536405150454465,0.6527047157287598,0.2810466719294036,0.1648966521024704,0.17365003286301764,2916,63.49230194091797,patches/patch_000/render.png,92.65230194091797,patches/patch_000/triplet_query_render_dom.png,17
True,images/002_0002/patches/patch_001,80.0,-80.0,208,3280,369.5517578125,4606,True,5837,bilinear,22.13203239440918,bilinear,True,patches/patch_001/dom.png,10,254028.87666836515,3364872.3105996274,22.13218359527457,12.927995681762695,10.957388877868652,-1.970606803894043,0.2771908017402113,0.30241648898365314,patches/patch_001/edge_overlay_after.png,patches/patch_001/edge_overlay_before.png,False,0002.JPG,images/002_0002,1,large color distribution difference against render and DOM,0.1522206962108612,113.13708498984761,patches/patch_001/overlay_after.png,patches/patch_001/overlay_before.png,occlusion_or_change,patches/patch_001,0.34208303482919145,10,17.31766270578595,45.2328901060295,0.02492515539051965,0.6252177953720093,0.5619669622122735,0.10585564374923706,0.11498885976313239,3640,89.08988952636719,data_caiwangcun/query/images/exif_test/0002.JPG,patches/patch_001/query.png,0.6139769554138184,0.5632154855750867,0.15222056210041046,0.15936528414631443,0.6280325055122375,0.36852647323883697,0.2760235369205475,0.28281124186510864,2814,64.50995635986328,patches/patch_001/render.png,92.64995635986328,patches/patch_001/triplet_query_render_dom.png,17
True,images/002_0002/patches/patch_002,-77.0,-14.0,208,2256,365.4560546875,4955,True,6477,bilinear,25.291057586669922,bilinear,True,patches/patch_002/dom.png,10,254077.70001428894,3364782.693158793,25.29016827059297,4.9163641929626465,8.753555297851562,3.837191104888916,0.6295537340619308,0.5655172413793104,patches/patch_002/edge_overlay_after.png,patches/patch_002/edge_overlay_before.png,False,0002.JPG,images/002_0002,2,query-DOM and render-DOM similarities are both low,0.5713720321655273,78.26237921249263,patches/patch_002/overlay_after.png,patches/patch_002/overlay_before.png,texture_mismatch,patches/patch_002,0.34208303482919145,10,-51.86249315376304,-15.28009577539325,0.015918768127448857,0.6414799094200134,0.5780309894609144,-0.2633768320083618,-0.24423009432928142,4946,77.2560043334961,data_caiwangcun/query/images/exif_test/0002.JPG,patches/patch_002/query.png,0.6864404082298279,0.5949761608444396,0.5713722109794617,0.5732824747436408,0.6420946717262268,0.17986296703340154,-0.23662278056144714,-0.21639481423412552,2755,60.25039291381836,patches/patch_002/render.png,87.80039291381836,patches/patch_002/triplet_query_render_dom.png,17
True,images/002_0002/patches/patch_003,-50.0,-20.0,1232,2768,372.4931640625,4164,True,6507,bilinear,19.12198257446289,bilinear,True,patches/patch_003/dom.png,10,253967.01088413762,3364778.4994902937,19.12141912297801,6.204794406890869,17.740398406982422,11.535604000091553,0.7620173364854216,0.17638588912886968,patches/patch_003/edge_overlay_after.png,patches/patch_003/edge_overlay_before.png,True,0002.JPG,images/002_0002,3,high confidence with strong query-render photometric and edge agreement,0.5997005105018616,53.85164807134504,patches/patch_003/overlay_after.png,patches/patch_003/overlay_before.png,stable_match,patches/patch_003,0.34208303482919145,10,-48.49279739417429,-20.12580678033683,0.18634155445033684,0.6436476111412048,0.515297967512694,0.06897635757923126,0.09453667609424853,2457,67.28489685058594,data_caiwangcun/query/images/exif_test/0002.JPG,patches/patch_003/query.png,0.7194327712059021,0.5548818077305028,0.599699854850769,0.6082986154718159,0.6435558795928955,0.2508024411603574,0.05344819650053978,0.08246137405086584,1389,53.13739013671875,patches/patch_003/render.png,67.02739013671875,patches/patch_003/triplet_query_render_dom.png,17
True,images/002_0002/patches/patch_004,37.0,-63.0,2256,208,376.3408203125,4457,True,8466,bilinear,13.279390335083008,bilinear,True,patches/patch_004/dom.png,10,254007.9687787583,3364504.131206978,13.278663878042664,8.54798698425293,23.047290802001953,14.499303817749023,0.5201793721973094,0.017482517482517484,patches/patch_004/edge_overlay_after.png,patches/patch_004/edge_overlay_before.png,True,0002.JPG,images/002_0002,4,high confidence with strong query-render photometric and edge agreement,0.5759571194648743,73.06161783043132,patches/patch_004/overlay_after.png,patches/patch_004/overlay_before.png,stable_match,patches/patch_004,0.34208303482919145,10,35.34567138822962,-55.28149253984756,0.23439720377791673,0.6362135410308838,0.4204493237931793,0.02630000375211239,0.05943712329209028,572,58.54920196533203,data_caiwangcun/query/images/exif_test/0002.JPG,patches/patch_004/query.png,0.6804903745651245,0.4316105117261241,0.5759570002555847,0.5963132308334613,0.6503582000732422,0.18926113192653346,0.030468115583062172,0.06275718035402043,692,54.75575256347656,patches/patch_004/render.png,60.47575256347656,patches/patch_004/triplet_query_render_dom.png,17
True,images/002_0002/patches/patch_005,80.0,-12.0,4816,3280,370.1689453125,1777,True,7475,bilinear,23.325021743774414,bilinear,True,patches/patch_005/dom.png,10,253632.59048462115,3364643.0032081716,23.325441437765676,35.02141571044922,31.557580947875977,-3.463834762573242,0.06818181818181818,0.04905660377358491,patches/patch_005/edge_overlay_after.png,patches/patch_005/edge_overlay_before.png,False,0002.JPG,images/002_0002,5,query-DOM and render-DOM similarities are both low,0.09713726490736008,80.89499366462674,patches/patch_005/overlay_after.png,patches/patch_005/overlay_before.png,texture_mismatch,patches/patch_005,0.34208303482919145,10,8.013021762955844,-42.511565046830015,0.01935646025231108,0.6314417123794556,0.4653179146584234,-0.0049485075287520885,0.026306634367034933,1213,74.02964782714844,data_caiwangcun/query/images/exif_test/0002.JPG,patches/patch_005/query.png,0.6367159485816956,0.36443173192877326,0.0971369817852974,0.1325085272165359,0.6364655494689941,0.28810329790129097,-0.012008809484541416,0.021473299403768246,530,52.49330520629883,patches/patch_005/render.png,57.793305206298825,patches/patch_005/triplet_query_render_dom.png,17
True,images/002_0002/patches/patch_006,63.0,-71.0,1744,208,372.7685546875,4766,True,8274,bilinear,16.691585540771484,bilinear,True,patches/patch_006/dom.png,10,254051.19411123535,3364531.077413784,16.66536337657601,16.846221923828125,19.193431854248047,2.347209930419922,0.4253393665158371,0.39932030586236195,patches/patch_006/edge_overlay_after.png,patches/patch_006/edge_overlay_before.png,True,0002.JPG,images/002_0002,6,query-DOM and render-DOM similarities are both low,0.7329763174057007,94.92101980067429,patches/patch_006/overlay_after.png,patches/patch_006/overlay_before.png,texture_mismatch,patches/patch_006,0.34208303482919145,10,19.809563558411284,75.05032941080832,0.07037651352584362,0.6591563820838928,0.577970850945834,-0.2265181988477707,-0.20389658930942456,3327,65.1060562133789,data_caiwangcun/query/images/exif_test/0002.JPG,patches/patch_006/query.png,0.6523598432540894,0.5883727069943844,0.7329765558242798,0.7248405575089887,0.6437362432479858,0.27598342128931586,-0.19217675924301147,-0.17186332577819244,1177,45.282684326171875,patches/patch_006/render.png,57.05268432617187,patches/patch_006/triplet_query_render_dom.png,17
True,images/002_0002/patches/patch_007,28.0,51.0,4304,2256,369.5166015625,2458,True,7921,bilinear,22.828853607177734,bilinear,True,patches/patch_007/dom.png,10,253727.96874905613,3364580.5107177505,22.82833015759934,10.180503845214844,33.1395263671875,22.959022521972656,0.9608433734939759,0.04406779661016949,patches/patch_007/edge_overlay_after.png,patches/patch_007/edge_overlay_before.png,True,0002.JPG,images/002_0002,7,high confidence with strong query-render photometric and edge agreement,0.8414139151573181,58.180752831155424,patches/patch_007/overlay_after.png,patches/patch_007/overlay_before.png,stable_match,patches/patch_007,0.34208303482919145,10,28.242072940522903,51.39846596361717,0.31583858479280025,0.63468337059021,0.632398608574037,-0.2560270130634308,-0.21884261599074278,727,69.24263763427734,data_caiwangcun/query/images/exif_test/0002.JPG,patches/patch_007/query.png,0.6900039911270142,0.6787703999257506,0.8414146900177002,0.8421799402204093,0.6356126070022583,0.15882918388420297,-0.2603168189525604,-0.2242988789168601,295,50.36137390136719,patches/patch_007/render.png,53.31137390136719,patches/patch_007/triplet_query_render_dom.png,17
True,images/002_0002/patches/patch_008,-56.0,-79.0,720,720,365.1259765625,5183,True,7589,bilinear,24.418535232543945,bilinear,True,patches/patch_008/dom.png,10,254109.58512886343,3364627.0181253958,24.41852498202678,42.673336029052734,61.35235595703125,18.679019927978516,1.6571428571428573,0.0,patches/patch_008/edge_overlay_after.png,patches/patch_008/edge_overlay_before.png,False,0002.JPG,images/002_0002,8,edge chamfer improves but photometric agreement is weak,0.2460213601589203,96.83491106000976,patches/patch_008/overlay_after.png,patches/patch_008/overlay_before.png,edge_unreliable,patches/patch_008,0.34208303482919145,10,-6.279189474278638,64.3017165746165,0.003242824343033135,0.6315788626670837,0.48829313231395316,0.14831994473934174,0.14214797731686377,208,61.69114303588867,data_caiwangcun/query/images/exif_test/0002.JPG,patches/patch_008/query.png,0.6487927436828613,0.4009776266368435,0.24602192640304565,0.2885387393745241,0.6080222129821777,0.3268120822191885,0.18120309710502625,0.15095835559512677,365,51.106163024902344,patches/patch_008/render.png,53.18616302490234,patches/patch_008/triplet_query_render_dom.png,17
True,images/002_0002/patches/patch_009,80.0,-30.0,3792,208,374.6103515625,3498,True,9015,bilinear,15.628007888793945,bilinear,True,patches/patch_009/dom.png,10,253873.65565801604,3364427.2475407273,15.627911799550134,9.376933097839355,29.00200653076172,19.625073432922363,0.42338072669826227,0.26582278481012656,patches/patch_009/edge_overlay_after.png,patches/patch_009/edge_overlay_before.png,False,0002.JPG,images/002_0002,9,query-DOM and render-DOM similarities are both low,0.5131957530975342,85.44003745317531,patches/patch_009/overlay_after.png,patches/patch_009/overlay_before.png,texture_mismatch,patches/patch_009,0.34208303482919145,10,-35.146169247408096,1.6667676596044174,0.005572188296355307,0.6438208222389221,0.4089475864827821,-0.10100343078374863,-0.05901703795959198,1291,69.2116928100586,data_caiwangcun/query/images/exif_test/0002.JPG,patches/patch_009/query.png,0.6530780792236328,0.4103752021841954,0.5131961703300476,0.5305653752469732,0.6393503546714783,0.2641875044781343,-0.07200892269611359,-0.031191662720169138,316,49.399662017822266,patches/patch_009/render.png,52.55966201782226,patches/patch_009/triplet_query_render_dom.png,17
True,images/002_0002/patches/patch_010,-7.0,-51.0,1232,1232,370.1552734375,4708,True,7457,bilinear,20.03813934326172,bilinear,True,patches/patch_010/dom.png,10,254043.0674947492,3364645.4376254478,20.03801936819542,20.54193878173828,49.49750518798828,28.95556640625,0.5177304964539007,0.064,patches/patch_010/edge_overlay_after.png,patches/patch_010/edge_overlay_before.png,True,0002.JPG,images/002_0002,10,query-DOM and render-DOM similarities are both low,0.46798574924468994,51.478150704935004,patches/patch_010/overlay_after.png,patches/patch_010/overlay_before.png,texture_mismatch,patches/patch_010,0.34208303482919145,10,-9.613836372085757,-50.37504160024952,0.2711551240645349,0.6387247443199158,0.3752411635651656,0.10647322237491608,0.1364651738956128,1408,72.87252807617188,data_caiwangcun/query/images/exif_test/0002.JPG,patches/patch_010/query.png,0.6975498795509338,0.40713625274311294,0.4679861068725586,0.4832426401304702,0.6629320383071899,0.23001512190982598,0.13073934614658356,0.1640730427398175,250,49.32070541381836,patches/patch_010/render.png,51.82070541381836,patches/patch_010/triplet_query_render_dom.png,17
True,images/002_0002/patches/patch_011,15.0,29.0,3792,1744,367.2255859375,2958,True,8050,bilinear,24.44399642944336,bilinear,True,patches/patch_011/dom.png,10,253797.98272425926,3364562.4640800823,24.444432561823703,22.284025192260742,20.597339630126953,-1.686685562133789,1.4203821656050954,0.5794392523364486,patches/patch_011/edge_overlay_after.png,patches/patch_011/edge_overlay_before.png,False,0002.JPG,images/002_0002,11,query-DOM and render-DOM similarities are both low,0.5964559316635132,32.64965543462902,patches/patch_011/overlay_after.png,patches/patch_011/overlay_before.png,texture_mismatch,patches/patch_011,0.34208303482919145,10,16.587663043931315,29.283387052860235,0.4799583374406211,0.639079749584198,0.4850986754949796,-0.10376843810081482,-0.044030986689991225,1107,78.94789123535156,data_caiwangcun/query/images/exif_test/0002.JPG,patches/patch_011/query.png,0.7097979784011841,0.493803940525347,0.5964562296867371,0.6045966308597952,0.6543864011764526,0.17916470509893215,-0.0700807273387909,-7.202822796910304e-05,214,49.095558166503906,patches/patch_011/render.png,51.23555816650391,patches/patch_011/triplet_query_render_dom.png,17
True,images/002_0002/patches/patch_012,-80.0,-80.0,208,1232,361.4677734375,5296,True,7103,bilinear,28.36180305480957,bilinear,True,patches/patch_012/dom.png,10,254125.464615454,3364695.0433029006,28.361211590358266,22.041851043701172,72.65794372558594,50.616092681884766,0.15497076023391812,0.0,patches/patch_012/edge_overlay_after.png,patches/patch_012/edge_overlay_before.png,False,0002.JPG,images/002_0002,12,edge chamfer improves but photometric agreement is weak,0.1759183555841446,113.13708498984761,patches/patch_012/overlay_after.png,patches/patch_012/overlay_before.png,edge_unreliable,patches/patch_012,0.34208303482919145,10,133.38121282615236,-13.62241583167048,-0.0009450132492929697,0.6680278182029724,0.7025212735124553,0.3173428475856781,0.26076313928792066,545,62.9918212890625,data_caiwangcun/query/images/exif_test/0002.JPG,patches/patch_012/query.png,0.6509493589401245,0.42766843210922606,0.17591886222362518,0.21046122554605987,0.612372875213623,0.46842243026690106,0.26663973927497864,0.22196959998005905,900,45.5988883972168,patches/patch_012/render.png,51.0488883972168,patches/patch_012/triplet_query_render_dom.png,17
True,images/002_0002/patches/patch_013,-70.0,-11.0,208,2768,364.3603515625,4771,True,6171,bilinear,26.85317611694336,bilinear,True,patches/patch_013/dom.png,10,254052.01147049837,3364825.6155546466,26.853765094337916,35.006004333496094,26.51451873779297,-8.491485595703125,0.1207115628970775,0.04895833333333333,patches/patch_013/edge_overlay_after.png,patches/patch_013/edge_overlay_before.png,False,0002.JPG,images/002_0002,13,query-DOM and render-DOM similarities are both low,0.2325531244277954,70.8590149522275,patches/patch_013/overlay_after.png,patches/patch_013/overlay_before.png,texture_mismatch,patches/patch_013,0.34208303482919145,10,-40.672345489689974,-35.638531673631974,0.0501509151654318,0.6414294838905334,0.6610598853975522,-0.04398893937468529,-0.021296778788669233,1829,51.270164489746094,data_caiwangcun/query/images/exif_test/0002.JPG,patches/patch_013/query.png,0.7174177765846252,0.6930098381344456,0.2325523942708969,0.23610120293085718,0.6547232866287231,0.28052705925882654,-0.2650138735771179,-0.22228771323021157,960,40.181915283203125,patches/patch_013/render.png,49.781915283203126,patches/patch_013/triplet_query_render_dom.png,17
True,images/002_0002/patches/patch_014,41.0,1.0,3280,720,371.9169921875,3632,True,8506,bilinear,18.603836059570312,bilinear,True,patches/patch_014/dom.png,10,253892.38264081074,3364498.649860693,18.603185529436587,21.588037490844727,21.123111724853516,-0.46492576599121094,1.1917293233082706,0.2545824847250509,patches/patch_014/edge_overlay_after.png,patches/patch_014/edge_overlay_before.png,False,0002.JPG,images/002_0002,14,query-DOM and render-DOM similarities are both low,0.8115290403366089,41.012193308819754,patches/patch_014/overlay_after.png,patches/patch_014/overlay_before.png,texture_mismatch,patches/patch_014,0.34208303482919145,10,42.38801089972816,-0.02299733731419451,0.23535082791931927,0.6609202027320862,0.5306081607860659,0.08173239231109619,0.09743119444691785,2152,73.06240844726562,data_caiwangcun/query/images/exif_test/0002.JPG,patches/patch_014/query.png,0.742169976234436,0.5384449590785102,0.8115285038948059,0.8133870050095398,0.6653852462768555,0.18923003488319431,0.08315696567296982,0.09952640068104386,491,43.3310546875,patches/patch_014/render.png,48.2410546875,patches/patch_014/triplet_query_render_dom.png,17
True,images/002_0002/patches/patch_015,80.0,-71.0,4304,208,375.3603515625,3179,True,9203,bilinear,15.080005645751953,bilinear,True,patches/patch_015/dom.png,10,253828.9517467645,3364400.9506153394,15.079503855047676,26.541034698486328,105.90333557128906,79.36230087280273,0.0410958904109589,0.0,patches/patch_015/edge_overlay_after.png,patches/patch_015/edge_overlay_before.png,False,0002.JPG,images/002_0002,15,query-DOM and render-DOM similarities are both low,0.395174503326416,106.96261028976434,patches/patch_015/overlay_after.png,patches/patch_015/overlay_before.png,texture_mismatch,patches/patch_015,0.34208303482919145,10,77.34416380533315,-9.027213895725737,0.011884221574291587,0.6407679915428162,0.4821890564706266,-0.14914099872112274,-0.09400580596864996,245,52.16926574707031,data_caiwangcun/query/images/exif_test/0002.JPG,patches/patch_015/query.png,0.6469581127166748,0.48598227337545813,0.39517518877983093,0.426546817364798,0.6608887910842896,0.30523639990675977,-0.20595240592956543,-0.1430299232510481,244,45.18718719482422,patches/patch_015/render.png,47.62718719482422,patches/patch_015/triplet_query_render_dom.png,17
True,images/002_0002/patches/patch_016,-31.0,-29.0,1232,2256,366.6220703125,4336,True,6835,bilinear,24.52068519592285,bilinear,True,patches/patch_016/dom.png,10,253991.03468015575,3364732.607575963,24.520412432711964,15.913662910461426,23.911895751953125,7.998232841491699,0.41798941798941797,0.39763779527559057,patches/patch_016/edge_overlay_after.png,patches/patch_016/edge_overlay_before.png,True,0002.JPG,images/002_0002,16,query-DOM and render-DOM similarities are both low,0.7060714364051819,42.44997055358225,patches/patch_016/overlay_after.png,patches/patch_016/overlay_before.png,texture_mismatch,patches/patch_016,0.34208303482919145,10,-30.07247447595492,-30.693970132879173,0.25793800014071167,0.6400097608566284,0.4225799687113343,-0.07440625876188278,-0.05105955512487417,1048,80.12966918945312,data_caiwangcun/query/images/exif_test/0002.JPG,patches/patch_016/query.png,0.675335705280304,0.33481562400792875,0.7060717940330505,0.7053945925209273,0.6375297904014587,0.20470374260478694,-0.09316051751375198,-0.06482681317885028,254,44.480995178222656,patches/patch_016/render.png,47.020995178222655,patches/patch_016/triplet_query_render_dom.png,17
True,images/002_0002/patches/patch_017,80.0,38.0,4816,1232,368.4677734375,2510,True,8728,bilinear,23.132190704345703,bilinear,True,patches/patch_017/dom.png,10,253735.37025606656,3364467.553972692,23.132339873832166,23.04351806640625,54.197296142578125,31.153778076171875,0.7976878612716763,0.0,patches/patch_017/edge_overlay_after.png,patches/patch_017/edge_overlay_before.png,False,0002.JPG,images/002_0002,17,edge chamfer improves but photometric agreement is weak,0.20734906196594238,88.56635930193812,patches/patch_017/overlay_after.png,patches/patch_017/overlay_before.png,edge_unreliable,patches/patch_017,0.34208303482919145,10,101.30740717103077,23.32959776499318,0.010189262917265296,0.6436228156089783,0.68507762124781,0.00039706187089905143,0.04866325180746298,328,55.201934814453125,data_caiwangcun/query/images/exif_test/0002.JPG,patches/patch_017/query.png,0.6464865207672119,0.6480808838345364,0.20734864473342896,0.25714456966450283,0.6401934027671814,0.21945888399830063,-0.040014445781707764,0.023190787923206165,486,43.18202590942383,patches/patch_017/render.png,46.46202590942383,patches/patch_017/triplet_query_render_dom.png,17
True,images/002_0002/patches/patch_018,-80.0,27.0,208,208,342.0830078125,5542,True,7708,bilinear,46.957698822021484,bilinear,True,patches/patch_018/dom.png,10,254159.87699408463,3364610.409115462,46.955674903777265,36.249393463134766,36.69908905029297,0.4496955871582031,0.15658362989323843,0.13840155945419103,patches/patch_018/edge_overlay_after.png,patches/patch_018/edge_overlay_before.png,False,0002.JPG,images/002_0002,18,large color distribution difference against render and DOM,0.354374498128891,84.43340571124678,patches/patch_018/overlay_after.png,patches/patch_018/overlay_before.png,occlusion_or_change,patches/patch_018,0.34208303482919145,10,-4.063264471108965,11.015986836097952,0.05109160183928907,0.6460288763046265,0.5966445742857414,0.18506154417991638,0.13691166061910948,1378,54.24770736694336,data_caiwangcun/query/images/exif_test/0002.JPG,patches/patch_018/query.png,0.7226871252059937,0.5775739801919508,0.3543750047683716,0.30644553525793694,0.6458058953285217,0.6524544046033409,0.26968276500701904,0.28638223810805236,513,40.22683334350586,patches/patch_018/render.png,45.35683334350586,patches/patch_018/triplet_query_render_dom.png,17
True,images/002_0002/patches/patch_019,-80.0,-80.0,208,1744,367.6669921875,5144,True,6783,bilinear,22.604278564453125,bilinear,True,patches/patch_019/dom.png,10,254104.19647810725,3364739.8272331967,22.605096236943325,10.475608825683594,65.33145904541016,54.85585021972656,0.5564142194744977,0.07228915662650602,patches/patch_019/edge_overlay_after.png,patches/patch_019/edge_overlay_before.png,False,0002.JPG,images/002_0002,19,query-DOM and render-DOM similarities are both low,0.37664446234703064,113.13708498984761,patches/patch_019/overlay_after.png,patches/patch_019/overlay_before.png,texture_mismatch,patches/patch_019,0.34208303482919145,10,-18.422143291983673,8.642946215555583,0.015504395356401801,0.6305186152458191,0.5002655629235642,0.1335257738828659,0.1431969641598896,2057,58.8806037902832,data_caiwangcun/query/images/exif_test/0002.JPG,patches/patch_019/query.png,0.7078522443771362,0.5190234215761783,0.3766442537307739,0.3794619819072112,0.6389239430427551,0.31125414033110543,0.055059388279914856,0.06650297733959698,415,41.08475112915039,patches/patch_019/render.png,45.23475112915039,patches/patch_019/triplet_query_render_dom.png,17
True,images/002_0002/patches/patch_020,58.0,-36.0,4816,720,368.4892578125,2692,True,9041,bilinear,22.63910675048828,bilinear,True,patches/patch_020/dom.png,10,253760.76476037476,3364423.688263494,22.639670684011833,70.8548583984375,47.31206130981445,-23.542797088623047,0.15048543689320387,0.059233449477351915,patches/patch_020/edge_overlay_after.png,patches/patch_020/edge_overlay_before.png,False,0002.JPG,images/002_0002,20,query-DOM and render-DOM similarities are both low,0.26836374402046204,68.26419266350405,patches/patch_020/overlay_after.png,patches/patch_020/overlay_before.png,texture_mismatch,patches/patch_020,0.34208303482919145,10,-22.490145645332376,16.601007221154077,0.03149974448024295,0.6442521810531616,0.3866997659971404,0.06652171164751053,0.11321133669029926,287,70.69041442871094,data_caiwangcun/query/images/exif_test/0002.JPG,patches/patch_020/query.png,0.6341949701309204,0.5166802089217558,0.26836296916007996,0.3009966393798885,0.6328197121620178,0.3122610255291947,0.10362549871206284,0.15897323142695588,497,42.135108947753906,patches/patch_020/render.png,45.005108947753904,patches/patch_020/triplet_query_render_dom.png,17
True,images/002_0002/patches/patch_021,-4.0,-51.0,1232,720,370.3037109375,4890,True,7772,bilinear,19.415119171142578,bilinear,True,patches/patch_021/dom.png,10,254068.65828995244,3364601.3698394345,19.415579331276376,13.866849899291992,12.9545316696167,-0.912318229675293,0.18847352024922118,0.4986449864498645,patches/patch_021/edge_overlay_after.png,patches/patch_021/edge_overlay_before.png,False,0002.JPG,images/002_0002,21,query-DOM and render-DOM similarities are both low,0.7711970806121826,51.15662224971465,patches/patch_021/overlay_after.png,patches/patch_021/overlay_before.png,texture_mismatch,patches/patch_021,0.34208303482919145,10,-8.531165490764977,-74.06640238270319,0.24360769742634147,0.613572359085083,0.5676520250088933,-0.07668657600879669,-0.062133340464838406,1912,54.43019104003906,data_caiwangcun/query/images/exif_test/0002.JPG,patches/patch_021/query.png,0.6533661484718323,0.5917868499080975,0.7711968421936035,0.7735299752350873,0.6331256031990051,0.288708735632963,-0.1742626130580902,-0.15768100977978303,738,37.0914421081543,patches/patch_021/render.png,44.4714421081543,patches/patch_021/triplet_query_render_dom.png,17
True,images/002_0002/patches/patch_022,-55.0,43.0,720,3280,369.0185546875,4291,True,6022,bilinear,22.864965438842773,bilinear,True,patches/patch_022/dom.png,10,253984.75180578852,3364846.5252440493,22.865469318921384,9.447189331054688,29.63287353515625,20.185684204101562,0.5027533039647577,0.3080568720379147,patches/patch_022/edge_overlay_after.png,patches/patch_022/edge_overlay_before.png,False,0002.JPG,images/002_0002,22,query-DOM and render-DOM similarities are both low,0.38617926836013794,69.81403870282824,patches/patch_022/overlay_after.png,patches/patch_022/overlay_before.png,texture_mismatch,patches/patch_022,0.34208303482919145,10,34.504395940823485,-99.4533934698947,-0.04220848437398672,0.6591293215751648,0.5440471964137307,-0.16322319209575653,-0.1377531972518235,3737,69.49698638916016,data_caiwangcun/query/images/exif_test/0002.JPG,patches/patch_022/query.png,0.6478734612464905,0.5879630515352089,0.3861789405345917,0.39122320872651206,0.6329226493835449,0.279932103666983,-0.37261196970939636,-0.34792650244394796,844,35.43346405029297,patches/patch_022/render.png,43.87346405029297,patches/patch_022/triplet_query_render_dom.png,17
True,images/002_0002/patches/patch_023,-71.0,-41.0,720,2256,361.5380859375,4633,True,6667,bilinear,29.41211700439453,bilinear,True,patches/patch_023/dom.png,10,254032.63176829513,3364756.184691927,29.411627349323737,10.093866348266602,15.550430297851562,5.456563949584961,0.40655105973025046,0.38324175824175827,patches/patch_023/edge_overlay_after.png,patches/patch_023/edge_overlay_before.png,False,0002.JPG,images/002_0002,23,no stable high-confidence match and weak auxiliary evidence,0.8728843927383423,81.98780397107853,patches/patch_023/overlay_after.png,patches/patch_023/overlay_before.png,texture_mismatch,patches/patch_023,0.34208303482919145,10,-24.100702718682584,-27.991169462815776,-0.01722398994024843,0.6262070536613464,0.38764495705360164,0.2059033066034317,0.21446266925972063,1631,51.717464447021484,data_caiwangcun/query/images/exif_test/0002.JPG,patches/patch_023/query.png,0.7106964588165283,0.365506136381425,0.8728846907615662,0.8721691473843365,0.6518595814704895,0.26897367982736636,0.22667746245861053,0.23575786432910023,728,36.36008071899414,patches/patch_023/render.png,43.64008071899414,patches/patch_023/triplet_query_render_dom.png,17
True,images/002_0002/patches/patch_024,-46.0,-77.0,720,1232,365.9951171875,5006,True,7278,bilinear,24.01141357421875,bilinear,True,patches/patch_024/dom.png,10,254084.88198216012,3364670.5576767377,24.012960757268786,15.323503494262695,23.682079315185547,8.358575820922852,0.07502206531332745,0.06430868167202572,patches/patch_024/edge_overlay_after.png,patches/patch_024/edge_overlay_before.png,False,0002.JPG,images/002_0002,24,query-DOM and render-DOM similarities are both low,0.7696084976196289,89.69392398596462,patches/patch_024/overlay_after.png,patches/patch_024/overlay_before.png,texture_mismatch,patches/patch_024,0.34208303482919145,10,-62.75456611490986,34.85526605813345,0.02013755915686488,0.6624792218208313,0.46472896927912877,0.09868539124727249,0.1127684618937151,1720,64.57404327392578,data_caiwangcun/query/images/exif_test/0002.JPG,patches/patch_024/query.png,0.745479941368103,0.5488086206795202,0.7696080207824707,0.7711429171498272,0.6518312096595764,0.3211571348149825,0.05175254866480827,0.06977598999497438,311,40.25269317626953,patches/patch_024/render.png,43.36269317626953,patches/patch_024/triplet_query_render_dom.png,17
True,images/002_0002/patches/patch_025,-41.0,-80.0,1232,208,367.7919921875,5063,True,8083,bilinear,21.469284057617188,bilinear,True,patches/patch_025/dom.png,10,254092.7858440742,3364557.826544301,21.46843245001037,34.878997802734375,28.913501739501953,-5.965496063232422,0.0,0.137524557956778,patches/patch_025/edge_overlay_after.png,patches/patch_025/edge_overlay_before.png,False,0002.JPG,images/002_0002,25,query-DOM and render-DOM similarities are both low,0.5249461531639099,89.89438247187641,patches/patch_025/overlay_after.png,patches/patch_025/overlay_before.png,texture_mismatch,patches/patch_025,0.34208303482919145,10,-82.35555215834071,26.153809112281024,-0.003134367987513542,0.6336644887924194,0.5342664064985841,-0.03305397555232048,-0.014264525495084746,698,56.814327239990234,data_caiwangcun/query/images/exif_test/0002.JPG,patches/patch_025/query.png,0.6320900321006775,0.5030085993169862,0.5249462127685547,0.5046336812050419,0.6294811964035034,0.35310138420657866,-0.1640978455543518,-0.14805252530970328,509,37.18656539916992,patches/patch_025/render.png,42.276565399169925,patches/patch_025/triplet_query_render_dom.png,17
True,images/002_0002/patches/patch_026,-80.0,80.0,720,208,367.5830078125,5374,True,7902,bilinear,21.480133056640625,bilinear,True,patches/patch_026/dom.png,10,254136.41949786857,3364583.2148166294,21.478931799436793,96.66265106201172,43.82841491699219,-52.83423614501953,0.0,0.011844331641285956,patches/patch_026/edge_overlay_after.png,patches/patch_026/edge_overlay_before.png,False,0002.JPG,images/002_0002,26,query-DOM and render-DOM similarities are both low,0.061754949390888214,113.13708498984761,patches/patch_026/overlay_after.png,patches/patch_026/overlay_before.png,texture_mismatch,patches/patch_026,0.34208303482919145,10,-85.8948206531787,-51.79445385065961,-0.034817669831682,0.6408518552780151,0.5701137976145606,0.1098995953798294,0.12001775793697483,591,52.882694244384766,data_caiwangcun/query/images/exif_test/0002.JPG,patches/patch_026/query.png,0.6549476385116577,0.5313241539096301,0.06175452470779419,0.06342095482381421,0.6352225542068481,0.24349394106660463,7.783391629345715e-05,0.029968755458555152,592,35.250572204589844,patches/patch_026/render.png,41.16057220458984,patches/patch_026/triplet_query_render_dom.png,17
True,images/002_0002/patches/patch_027,-28.0,41.0,3280,3280,371.1533203125,2718,True,6926,bilinear,21.741601943969727,bilinear,True,patches/patch_027/dom.png,10,253764.4377156087,3364719.795281652,21.741689435166506,6.716742992401123,19.418193817138672,12.701450824737549,0.9538784067085954,0.23444976076555024,patches/patch_027/edge_overlay_after.png,patches/patch_027/edge_overlay_before.png,True,0002.JPG,images/002_0002,27,high confidence with strong query-render photometric and edge agreement,0.7788669466972351,49.64876634922564,patches/patch_027/overlay_after.png,patches/patch_027/overlay_before.png,stable_match,patches/patch_027,0.34208303482919145,10,-26.51368031811441,39.78479525766525,0.3398796401452273,0.6404011249542236,0.4132716485918056,0.05779768526554108,0.0859173694944748,1032,76.64222717285156,data_caiwangcun/query/images/exif_test/0002.JPG,patches/patch_027/query.png,0.7194892764091492,0.44817871761850914,0.7788671851158142,0.7785158382881827,0.6241284608840942,0.17549286806633538,0.1018713116645813,0.13404400121113952,209,38.90818405151367,patches/patch_027/render.png,40.998184051513675,patches/patch_027/triplet_query_render_dom.png,17
True,images/002_0002/patches/patch_028,80.0,80.0,4816,1744,369.1201171875,2327,True,8416,bilinear,22.95302963256836,bilinear,True,patches/patch_028/dom.png,10,253709.65378310133,3364511.1881355047,22.952343116701286,21.20621681213379,65.45654296875,44.25032615661621,0.07079646017699115,0.0,patches/patch_028/edge_overlay_after.png,patches/patch_028/edge_overlay_before.png,True,0002.JPG,images/002_0002,28,query-DOM and render-DOM similarities are both low,0.4606455862522125,113.13708498984761,patches/patch_028/overlay_after.png,patches/patch_028/overlay_before.png,texture_mismatch,patches/patch_028,0.34208303482919145,10,12.585215749784894,-14.550692451824403,0.032534604892134666,0.6373717188835144,0.5209043628407004,-0.10951761156320572,-0.036099950252793785,374,55.087894439697266,data_caiwangcun/query/images/exif_test/0002.JPG,patches/patch_028/query.png,0.6490103006362915,0.5484715279615245,0.460645467042923,0.4520626168283413,0.6332116723060608,0.1853660686306544,-0.014364826492965221,0.04821454060638714,310,36.510765075683594,patches/patch_028/render.png,39.610765075683595,patches/patch_028/triplet_query_render_dom.png,17
True,images/002_0002/patches/patch_029,67.0,-31.0,3280,208,375.1298828125,3817,True,8833,bilinear,14.903190612792969,bilinear,True,patches/patch_029/dom.png,10,253918.28470942372,3364452.8237438877,14.902957270675074,19.423465728759766,40.58060836791992,21.157142639160156,0.3684210526315789,0.0,patches/patch_029/edge_overlay_after.png,patches/patch_029/edge_overlay_before.png,True,0002.JPG,images/002_0002,29,query-DOM and render-DOM similarities are both low,0.37129417061805725,73.824115301167,patches/patch_029/overlay_after.png,patches/patch_029/overlay_before.png,texture_mismatch,patches/patch_029,0.34208303482919145,10,61.36634397111095,-29.988020304870815,0.27118964958935976,0.6413267254829407,0.4686081955625815,-0.021878547966480255,0.020778594096171863,656,51.505615234375,data_caiwangcun/query/images/exif_test/0002.JPG,patches/patch_029/query.png,0.6821765899658203,0.5290908559454338,0.3712936341762543,0.39308567939172173,0.6316916942596436,0.23815856904989924,-0.2779308557510376,-0.23077970163182704,199,37.51182174682617,patches/patch_029/render.png,39.501821746826174,patches/patch_029/triplet_query_render_dom.png,17
True,images/002_0002/patches/patch_030,38.0,-10.0,2768,720,374.2275390625,3950,True,8327,bilinear,16.0836124420166,bilinear,True,patches/patch_030/dom.png,10,253936.95310867752,3364523.6037985994,16.0838232069421,22.227712631225586,39.188873291015625,16.96116065979004,0.66,0.046153846153846156,patches/patch_030/edge_overlay_after.png,patches/patch_030/edge_overlay_before.png,True,0002.JPG,images/002_0002,30,query-DOM and render-DOM similarities are both low,0.8689823150634766,39.293765408777,patches/patch_030/overlay_after.png,patches/patch_030/overlay_before.png,texture_mismatch,patches/patch_030,0.34208303482919145,10,35.78405176056589,-10.176293911281476,0.5129250864265487,0.684903621673584,0.6817646762029733,-0.28369468450546265,-0.2455621899293623,1076,41.97224044799805,data_caiwangcun/query/images/exif_test/0002.JPG,patches/patch_030/query.png,0.7780175805091858,0.7010189817173617,0.8689829707145691,0.8483347722471964,0.6680305600166321,0.21489304439784843,-0.22204357385635376,-0.1893324462474251,260,23.810604095458984,patches/patch_030/render.png,26.410604095458986,patches/patch_030/triplet_query_render_dom.png,17
True,images/003_0003/patches/patch_000,3.0,32.0,3792,2256,372.4892578125,7696,True,11856,bilinear,20.90682029724121,bilinear,True,patches/patch_000/dom.png,10,254461.57920168855,3364029.445517797,20.90626024327878,2.3251445293426514,3.847846508026123,1.5227019786834717,1.2210462039487076,0.9152471083070453,patches/patch_000/edge_overlay_after.png,patches/patch_000/edge_overlay_before.png,True,0003.JPG,images/003_0003,0,high confidence with strong query-render photometric and edge agreement,0.6739374399185181,32.14031735997639,patches/patch_000/overlay_after.png,patches/patch_000/overlay_before.png,stable_match,patches/patch_000,0.23448978223960462,25,2.051820839083234,32.128705994169096,0.5434265406802297,0.6514098644256592,0.6795964465180996,0.13250058889389038,0.1455064311262205,7859,117.74190521240234,data_caiwangcun/query/images/exif_test/0003.JPG,patches/patch_000/query.png,0.8179430365562439,0.6458705439551449,0.6739369630813599,0.6735151604072768,0.6500096917152405,0.23091782276306896,0.11806967109441757,0.13211381737750563,4755,95.26531982421875,patches/patch_000/render.png,142.81531982421876,patches/patch_000/triplet_query_render_dom.png,69
True,images/003_0003/patches/patch_001,27.0,49.0,4304,2256,375.5380859375,8023,True,11671,bilinear,18.446361541748047,bilinear,True,patches/patch_001/dom.png,10,254507.3911514162,3364055.336073384,18.443381424561835,4.912489891052246,6.4956746101379395,1.5831847190856934,0.9110334110334111,0.6391643059490085,patches/patch_001/edge_overlay_after.png,patches/patch_001/edge_overlay_before.png,False,0003.JPG,images/003_0003,1,query-DOM and render-DOM similarities are both low,0.5542058944702148,55.94640292279746,patches/patch_001/overlay_after.png,patches/patch_001/overlay_before.png,texture_mismatch,patches/patch_001,0.23448978223960462,25,-14.208521838911935,34.865564352834625,0.01942620618501678,0.6345641613006592,0.549293085093468,0.10844673961400986,0.12115182110315637,6536,113.28850555419922,data_caiwangcun/query/images/exif_test/0003.JPG,patches/patch_001/query.png,0.725892186164856,0.511970609664249,0.554205596446991,0.5527056145701464,0.6441431641578674,0.22645867446742377,0.1497102826833725,0.16187781978330976,2824,73.73945617675781,patches/patch_001/render.png,101.97945617675782,patches/patch_001/triplet_query_render_dom.png,69
True,images/003_0003/patches/patch_002,77.0,66.0,4816,2256,376.0751953125,8345,True,11487,bilinear,18.480243682861328,bilinear,True,patches/patch_002/dom.png,10,254552.51396134417,3364081.1218093764,18.48047468533889,3.9745612144470215,15.318483352661133,11.343922138214111,0.8162635100360268,0.3517294986397202,patches/patch_002/edge_overlay_after.png,patches/patch_002/edge_overlay_before.png,False,0003.JPG,images/003_0003,2,query-DOM and render-DOM similarities are both low,0.6606447696685791,101.41498903022176,patches/patch_002/overlay_after.png,patches/patch_002/overlay_before.png,texture_mismatch,patches/patch_002,0.23448978223960462,25,52.5955985966704,-21.868505839299218,0.013609462941531092,0.6482479572296143,0.547302562439808,0.13863863050937653,0.1511852078720714,2573,74.35171508789062,data_caiwangcun/query/images/exif_test/0003.JPG,patches/patch_002/query.png,0.6988541483879089,0.46982340514604454,0.6606449484825134,0.6592529637977445,0.630861222743988,0.2680496599151144,0.13498929142951965,0.1459493994594254,3226,73.59693145751953,patches/patch_002/render.png,99.32693145751954,patches/patch_002/triplet_query_render_dom.png,69
True,images/003_0003/patches/patch_003,-39.0,6.0,1232,208,374.9111328125,5372,True,11492,bilinear,11.323999404907227,bilinear,True,patches/patch_003/dom.png,10,254136.1784767616,3364080.429733549,11.323643507904137,12.897856712341309,10.992732048034668,-1.9051246643066406,0.2066182405165456,0.24446142093200918,patches/patch_003/edge_overlay_after.png,patches/patch_003/edge_overlay_before.png,False,0003.JPG,images/003_0003,3,query-DOM and render-DOM similarities are both low,0.16113798320293427,39.45883931389772,patches/patch_003/overlay_after.png,patches/patch_003/overlay_before.png,texture_mismatch,patches/patch_003,0.23448978223960462,25,-15.631779660049745,-11.17724493198898,0.01611632015556097,0.6480875015258789,0.752998607376193,-0.009097198024392128,0.027266104720674634,1922,86.85246276855469,data_caiwangcun/query/images/exif_test/0003.JPG,patches/patch_003/query.png,0.646113932132721,0.7948763410241104,0.16113701462745667,0.19131231156838613,0.6422295570373535,0.11713071962414895,0.03514532372355461,0.07275076323901844,1309,84.68592071533203,patches/patch_003/render.png,97.77592071533203,patches/patch_003/triplet_query_render_dom.png,69
True,images/003_0003/patches/patch_004,3.0,2.0,2768,1744,373.2744140625,6879,True,11902,bilinear,17.91545867919922,bilinear,True,patches/patch_004/dom.png,10,254347.23126017489,3364023.0093068862,17.91499607349715,6.079557418823242,6.911067962646484,0.8315105438232422,1.1634223630602083,0.7845584835876098,patches/patch_004/edge_overlay_after.png,patches/patch_004/edge_overlay_before.png,False,0003.JPG,images/003_0003,4,large color distribution difference against render and DOM,0.8019479513168335,3.605551275463989,patches/patch_004/overlay_after.png,patches/patch_004/overlay_before.png,occlusion_or_change,patches/patch_004,0.23448978223960462,25,3.745674164332357,1.3272764194412616,0.686978419078514,0.6523754596710205,0.5250703961511641,0.25417470932006836,0.260557268517983,4779,116.37642669677734,data_caiwangcun/query/images/exif_test/0003.JPG,patches/patch_004/query.png,0.8170520067214966,0.5351412172673601,0.8019478917121887,0.7906739189024795,0.6520079374313354,0.126893346909879,0.246660515666008,0.2581774297621697,2163,67.39812469482422,patches/patch_004/render.png,89.02812469482421,patches/patch_004/triplet_query_render_dom.png,69
True,images/003_0003/patches/patch_005,15.0,27.0,3792,1744,365.4033203125,7501,True,11548,bilinear,26.898387908935547,bilinear,True,patches/patch_005/dom.png,10,254434.30700470533,3364072.550171792,26.89945435181204,7.75694465637207,10.582742691040039,2.8257980346679688,0.886908077994429,0.6050463439752832,patches/patch_005/edge_overlay_after.png,patches/patch_005/edge_overlay_before.png,True,0003.JPG,images/003_0003,5,high confidence with strong query-render photometric and edge agreement,0.7059990167617798,30.886890422961002,patches/patch_005/overlay_after.png,patches/patch_005/overlay_before.png,stable_match,patches/patch_005,0.23448978223960462,25,15.824687820605774,26.478608217449192,0.25097880186513066,0.6414526700973511,0.47995762911264966,0.09543818980455399,0.10485528971078253,6233,124.3945541381836,data_caiwangcun/query/images/exif_test/0003.JPG,patches/patch_005/query.png,0.7300074100494385,0.5324360144602845,0.7059991359710693,0.6988078948014472,0.6465853452682495,0.16343441597570643,0.10934519022703171,0.12297347527791594,1942,67.01974487304688,patches/patch_005/render.png,86.43974487304688,patches/patch_005/triplet_query_render_dom.png,69
True,images/003_0003/patches/patch_006,33.0,23.0,3792,1232,365.7333984375,7323,True,11236,bilinear,25.512277603149414,bilinear,True,patches/patch_006/dom.png,10,254409.4029688484,3364116.2599363043,25.51422122185869,5.017022132873535,8.690019607543945,3.67299747467041,0.8785425101214575,0.526595744680851,patches/patch_006/edge_overlay_after.png,patches/patch_006/edge_overlay_before.png,True,0003.JPG,images/003_0003,6,high confidence with strong query-render photometric and edge agreement,0.641208291053772,40.22437072223753,patches/patch_006/overlay_after.png,patches/patch_006/overlay_before.png,stable_match,patches/patch_006,0.23448978223960462,25,33.53674476831321,21.378769552164655,0.1558374788146466,0.6295431852340698,0.3304381753082464,0.12023617327213287,0.1286618094512687,5537,123.86734771728516,data_caiwangcun/query/images/exif_test/0003.JPG,patches/patch_006/query.png,0.7861230373382568,0.3201818353660337,0.6412085890769958,0.6260115240826598,0.6536940932273865,0.18917055460851573,0.12488947063684464,0.13910902414690113,1880,63.71332931518555,patches/patch_006/render.png,82.51332931518554,patches/patch_006/triplet_query_render_dom.png,69
True,images/003_0003/patches/patch_007,17.0,0.0,2768,1232,372.6533203125,6698,True,11585,bilinear,17.460628509521484,bilinear,True,patches/patch_007/dom.png,10,254321.75813607214,3364067.4488052055,17.460520549954936,6.308403968811035,8.868972778320312,2.5605688095092773,1.0637184973846885,0.5846560846560847,patches/patch_007/edge_overlay_after.png,patches/patch_007/edge_overlay_before.png,True,0003.JPG,images/003_0003,7,high confidence with strong query-render photometric and edge agreement,0.8100524544715881,17.0,patches/patch_007/overlay_after.png,patches/patch_007/overlay_before.png,stable_match,patches/patch_007,0.23448978223960462,25,17.92328994855565,-0.9831336181524648,0.5995660088374279,0.6606121063232422,0.44167187438947325,0.2847946882247925,0.2914291200207998,3985,106.60676574707031,data_caiwangcun/query/images/exif_test/0003.JPG,patches/patch_007/query.png,0.7856475710868835,0.46050403613125684,0.8100523352622986,0.7996207067012604,0.6622858047485352,0.15094082980001422,0.3080863356590271,0.31958635963950305,1890,58.9527587890625,patches/patch_007/render.png,77.8527587890625,patches/patch_007/triplet_query_render_dom.png,69
True,images/003_0003/patches/patch_008,6.0,15.0,3280,1744,370.3291015625,7195,True,11722,bilinear,21.423728942871094,bilinear,True,patches/patch_008/dom.png,10,254391.37522851527,3364048.1695540296,21.423873572606055,5.986519813537598,6.548926830291748,0.5624070167541504,0.7879098360655737,0.5969173283512378,patches/patch_008/edge_overlay_after.png,patches/patch_008/edge_overlay_before.png,False,0003.JPG,images/003_0003,8,query-DOM and render-DOM similarities are both low,0.7021341323852539,16.15549442140351,patches/patch_008/overlay_after.png,patches/patch_008/overlay_before.png,texture_mismatch,patches/patch_008,0.23448978223960462,25,6.178778246582652,14.933579603166663,0.49783190432935953,0.6480177044868469,0.7204839668155125,-0.028279922902584076,-0.009689613619515135,3952,90.76692199707031,data_caiwangcun/query/images/exif_test/0003.JPG,patches/patch_008/query.png,0.7616744041442871,0.7225483565000811,0.7021334767341614,0.6958881287043299,0.6539002060890198,0.176348072768738,-0.04837982356548309,-0.026947969381547487,2141,54.977027893066406,patches/patch_008/render.png,76.3870278930664,patches/patch_008/triplet_query_render_dom.png,69
True,images/003_0003/patches/patch_009,20.0,11.0,3280,1232,372.1748046875,7015,True,11403,bilinear,18.504850387573242,bilinear,True,patches/patch_009/dom.png,10,254366.200447649,3364092.8102995832,18.505313112841577,5.422728538513184,8.243537902832031,2.8208093643188477,0.9512508017960231,0.48660714285714285,patches/patch_009/edge_overlay_after.png,patches/patch_009/edge_overlay_before.png,True,0003.JPG,images/003_0003,9,high confidence with strong query-render photometric and edge agreement,0.7907828688621521,22.825424421026653,patches/patch_009/overlay_after.png,patches/patch_009/overlay_before.png,stable_match,patches/patch_009,0.23448978223960462,25,20.81529274271037,9.869701172325463,0.3641473581083119,0.6360583901405334,0.5012916034479006,0.10499647259712219,0.10940672109540545,5495,116.1366195678711,data_caiwangcun/query/images/exif_test/0003.JPG,patches/patch_009/query.png,0.7479718923568726,0.49473242002300266,0.7907827496528625,0.7768734997009281,0.644102931022644,0.18975540220610174,0.0627368837594986,0.07286937810408009,1568,56.27773666381836,patches/patch_009/render.png,71.95773666381837,patches/patch_009/triplet_query_render_dom.png,69
True,images/003_0003/patches/patch_010,27.0,40.0,4816,1232,368.6923828125,7956,True,10870,bilinear,23.672740936279297,bilinear,True,patches/patch_010/dom.png,10,254497.96711018344,3364167.5885155792,23.672563027308456,12.931719779968262,20.381999969482422,7.45028018951416,0.26903553299492383,0.2756981580510992,patches/patch_010/edge_overlay_after.png,patches/patch_010/edge_overlay_before.png,False,0003.JPG,images/003_0003,10,edge chamfer improves but photometric agreement is weak,0.15570347011089325,48.25971404805462,patches/patch_010/overlay_after.png,patches/patch_010/overlay_before.png,edge_unreliable,patches/patch_010,0.23448978223960462,25,54.98508324491577,-2.498365372629479,0.02865335054229945,0.6508912444114685,0.6340498389553825,-0.033693283796310425,-0.017647495915931077,3400,81.86114501953125,data_caiwangcun/query/images/exif_test/0003.JPG,patches/patch_010/query.png,0.648208498954773,0.653314830846596,0.15570366382598877,0.16662707185928188,0.6475939154624939,0.25486260507686564,0.003666308242827654,0.017906272276290765,1683,52.694366455078125,patches/patch_010/render.png,69.52436645507812,patches/patch_010/triplet_query_render_dom.png,69
True,images/003_0003/patches/patch_011,-9.0,-77.0,1232,720,375.2451171875,5554,True,11811,bilinear,12.068257331848145,bilinear,True,patches/patch_011/dom.png,10,254161.63536324687,3364035.7166236513,12.068469585003015,15.281896591186523,33.3995246887207,18.11762809753418,0.1871345029239766,0.022321428571428572,patches/patch_011/edge_overlay_after.png,patches/patch_011/edge_overlay_before.png,False,0003.JPG,images/003_0003,11,query-DOM and render-DOM similarities are both low,0.41872361302375793,77.52418977325722,patches/patch_011/overlay_after.png,patches/patch_011/overlay_before.png,texture_mismatch,patches/patch_011,0.23448978223960462,25,-12.71399424117763,15.226017594270346,0.012608477554749697,0.633609414100647,0.7406498457397872,0.08586186170578003,0.12195018693613477,789,78.68650817871094,data_caiwangcun/query/images/exif_test/0003.JPG,patches/patch_011/query.png,0.7020714282989502,0.8570260884659694,0.41872385144233704,0.4331842548586509,0.6490444540977478,0.2824091783394326,0.09222310781478882,0.1380278838773314,224,65.6651611328125,patches/patch_011/render.png,67.9051611328125,patches/patch_011/triplet_query_render_dom.png,69
True,images/003_0003/patches/patch_012,80.0,-30.0,3792,208,359.4736328125,6964,True,10637,bilinear,29.700223922729492,bilinear,True,patches/patch_012/dom.png,10,254359.09897757735,3364200.121377182,29.701024249573152,7.374007225036621,10.388059616088867,3.014052391052246,0.7864911276473955,0.2970200293111871,patches/patch_012/edge_overlay_after.png,patches/patch_012/edge_overlay_before.png,True,0003.JPG,images/003_0003,12,high confidence with strong query-render photometric and edge agreement,0.48412787914276123,85.44003745317531,patches/patch_012/overlay_after.png,patches/patch_012/overlay_before.png,stable_match,patches/patch_012,0.23448978223960462,25,36.25520356210242,33.726298733099455,0.046091860451269895,0.6402835249900818,0.6301964416060396,-0.03219449520111084,-0.016655401625676153,4226,68.92588806152344,data_caiwangcun/query/images/exif_test/0003.JPG,patches/patch_012/query.png,0.697444498538971,0.6670038212731383,0.4841274321079254,0.4899412384860027,0.6250274777412415,0.2903568217772314,-0.04779663681983948,-0.030578639185824565,2047,47.42026901245117,patches/patch_012/render.png,67.89026901245117,patches/patch_012/triplet_query_render_dom.png,69
True,images/003_0003/patches/patch_013,62.0,-32.0,3280,208,366.2490234375,6655,True,10790,bilinear,22.32828712463379,bilinear,True,patches/patch_013/dom.png,10,254315.7408686319,3364178.7974459818,22.32784723458809,9.444515228271484,19.41155242919922,9.967037200927734,0.7153954802259888,0.1713197969543147,patches/patch_013/edge_overlay_after.png,patches/patch_013/edge_overlay_before.png,True,0003.JPG,images/003_0003,13,high confidence with strong query-render photometric and edge agreement,0.6624017953872681,69.77105417004964,patches/patch_013/overlay_after.png,patches/patch_013/overlay_before.png,stable_match,patches/patch_013,0.23448978223960462,25,61.13240920325072,-31.74773983680575,0.19883860659319907,0.6558943390846252,0.6288597456872815,0.10555171221494675,0.11751304580496064,3867,68.21630859375,data_caiwangcun/query/images/exif_test/0003.JPG,patches/patch_013/query.png,0.7136473655700684,0.7081326171377846,0.6624020338058472,0.6636439699234102,0.6456431746482849,0.19308837865866607,0.11393684893846512,0.12640520361411592,1576,47.912986755371094,patches/patch_013/render.png,63.67298675537109,patches/patch_013/triplet_query_render_dom.png,69
True,images/003_0003/patches/patch_014,59.0,2.0,3792,720,361.7255859375,7142,True,10937,bilinear,28.47998809814453,bilinear,True,patches/patch_014/dom.png,10,254383.93138631684,3364158.187555497,28.479444553936105,10.112085342407227,15.236101150512695,5.124015808105469,0.7471698113207547,0.3153203342618384,patches/patch_014/edge_overlay_after.png,patches/patch_014/edge_overlay_before.png,True,0003.JPG,images/003_0003,14,high confidence with strong query-render photometric and edge agreement,0.6003584861755371,59.033888572581766,patches/patch_014/overlay_after.png,patches/patch_014/overlay_before.png,stable_match,patches/patch_014,0.23448978223960462,25,54.99931787287147,1.920992084296273,0.18134664435638115,0.6525228023529053,0.6340575544305708,0.1898118555545807,0.19061151192939607,3842,69.58262634277344,data_caiwangcun/query/images/exif_test/0003.JPG,patches/patch_014/query.png,0.7065430879592896,0.6685764736783546,0.600358247756958,0.6057254519357741,0.6334906220436096,0.283223196219081,0.1982177346944809,0.2014886963220485,1795,44.83707046508789,patches/patch_014/render.png,62.78707046508789,patches/patch_014/triplet_query_render_dom.png,69
True,images/003_0003/patches/patch_015,-2.0,-27.0,1744,1744,373.7802734375,6242,True,12267,bilinear,16.27402114868164,bilinear,True,patches/patch_015/dom.png,10,254258.02050684145,3363971.9284101054,16.27474359874543,15.503866195678711,20.48946189880371,4.985595703125,0.9830508474576272,0.4041916167664671,patches/patch_015/edge_overlay_after.png,patches/patch_015/edge_overlay_before.png,True,0003.JPG,images/003_0003,15,query-DOM and render-DOM similarities are both low,0.612922728061676,27.073972741361768,patches/patch_015/overlay_after.png,patches/patch_015/overlay_before.png,texture_mismatch,patches/patch_015,0.23448978223960462,25,-3.0379462872242584,-26.648421964384397,0.5232569685904309,0.6349925398826599,0.39701193608105584,0.07194922119379044,0.10755047989636217,1990,95.94520568847656,data_caiwangcun/query/images/exif_test/0003.JPG,patches/patch_015/query.png,0.7078737020492554,0.38274980169777173,0.6129229664802551,0.612040648621468,0.6397625803947449,0.1600771546668079,0.07076076418161392,0.11583507928470434,334,59.347904205322266,patches/patch_015/render.png,62.68790420532227,patches/patch_015/triplet_query_render_dom.png,69
True,images/003_0003/patches/patch_016,-23.0,7.0,2768,2768,364.1064453125,7234,True,12526,bilinear,29.191713333129883,bilinear,True,patches/patch_016/dom.png,10,254396.8181140314,3363935.6125274138,29.190951749798273,18.112424850463867,20.99139976501465,2.8789749145507812,0.9163498098859315,0.3041825095057034,patches/patch_016/edge_overlay_after.png,patches/patch_016/edge_overlay_before.png,True,0003.JPG,images/003_0003,16,query-DOM and render-DOM similarities are both low,0.6569368839263916,24.041630560342615,patches/patch_016/overlay_after.png,patches/patch_016/overlay_before.png,texture_mismatch,patches/patch_016,0.23448978223960462,25,-23.718814650130156,8.29231132563288,0.2943738482426852,0.6337341666221619,0.41753149512774174,0.08558458089828491,0.11140949122887608,2328,91.54607391357422,data_caiwangcun/query/images/exif_test/0003.JPG,patches/patch_016/query.png,0.7012863159179688,0.380050438411656,0.656936764717102,0.6375886487770459,0.641221821308136,0.1449525545635555,0.06591133028268814,0.10974374105940918,263,58.15746307373047,patches/patch_016/render.png,60.78746307373047,patches/patch_016/triplet_query_render_dom.png,69
True,images/003_0003/patches/patch_017,-50.0,78.0,4304,208,360.2705078125,7272,True,10458,bilinear,29.44646644592285,bilinear,True,patches/patch_017/dom.png,10,254402.1381660833,3364225.188718785,29.445740776494006,13.462509155273438,11.87936019897461,-1.5831489562988281,0.43444576877234803,0.35710337202874515,patches/patch_017/edge_overlay_after.png,patches/patch_017/edge_overlay_before.png,False,0003.JPG,images/003_0003,17,query-DOM and render-DOM similarities are both low,0.21026812493801117,92.64987857520376,patches/patch_017/overlay_after.png,patches/patch_017/overlay_before.png,texture_mismatch,patches/patch_017,0.23448978223960462,25,65.15250571332498,-54.4100453479258,0.0014459649682976305,0.6535482406616211,0.5891998752133096,-0.1120200902223587,-0.09479253865511661,3297,65.49122619628906,data_caiwangcun/query/images/exif_test/0003.JPG,patches/patch_017/query.png,0.5899279117584229,0.7150064524596155,0.21026840806007385,0.22088698891074524,0.6454174518585205,0.36670765100496705,-0.07143998891115189,-0.05752277859666671,1809,41.990299224853516,patches/patch_017/render.png,60.08029922485352,patches/patch_017/triplet_query_render_dom.png,69
True,images/003_0003/patches/patch_018,40.0,39.0,4304,1744,374.4970703125,7837,True,11353,bilinear,18.395320892333984,bilinear,True,patches/patch_018/dom.png,10,254481.34047279746,3364099.8838291857,18.396011171249768,6.602558612823486,12.585620880126953,5.983062267303467,0.7985739750445633,0.2827298050139276,patches/patch_018/edge_overlay_after.png,patches/patch_018/edge_overlay_before.png,True,0003.JPG,images/003_0003,18,high confidence with strong query-render photometric and edge agreement,0.7990812659263611,55.86591089385369,patches/patch_018/overlay_after.png,patches/patch_018/overlay_before.png,stable_match,patches/patch_018,0.23448978223960462,25,38.85426639833835,37.045339839224965,0.46825649187667295,0.6498092412948608,0.6597036888068456,0.11532298475503922,0.13023893240659898,2566,62.25817108154297,data_caiwangcun/query/images/exif_test/0003.JPG,patches/patch_018/query.png,0.7442841529846191,0.6346747833613954,0.7990809679031372,0.7971075105169302,0.6448444128036499,0.22060759639181182,0.11184310913085938,0.12887723781300273,1436,45.41265106201172,patches/patch_018/render.png,59.77265106201172,patches/patch_018/triplet_query_render_dom.png,69
True,images/003_0003/patches/patch_019,40.0,-2.0,3280,720,361.1396484375,6833,True,11115,bilinear,28.51895523071289,bilinear,True,patches/patch_019/dom.png,10,254340.7594298363,3364133.246387251,28.519467562437455,6.445494651794434,14.89096450805664,8.445469856262207,0.8438071995118975,0.2507462686567164,patches/patch_019/edge_overlay_after.png,patches/patch_019/edge_overlay_before.png,False,0003.JPG,images/003_0003,19,query-DOM and render-DOM similarities are both low,0.7345883250236511,40.049968789001575,patches/patch_019/overlay_after.png,patches/patch_019/overlay_before.png,texture_mismatch,patches/patch_019,0.23448978223960462,25,31.859123175586433,0.4892584243397664,0.010215170681476593,0.6453782916069031,0.6368169229223247,0.08896631002426147,0.1016643258729141,3873,65.446533203125,data_caiwangcun/query/images/exif_test/0003.JPG,patches/patch_019/query.png,0.7425255179405212,0.7192030640088478,0.7345888018608093,0.7311432483161502,0.6157656311988831,0.259166642559183,0.11014419794082642,0.12377544907031392,1675,42.38885498046875,patches/patch_019/render.png,59.13885498046875,patches/patch_019/triplet_query_render_dom.png,69
True,images/003_0003/patches/patch_020,35.0,-55.0,2256,208,374.4111328125,6013,True,11127,bilinear,12.966141700744629,bilinear,True,patches/patch_020/dom.png,10,254225.82143478122,3364131.520743026,12.966553690156388,5.28042459487915,14.097249984741211,8.81682538986206,0.8008474576271186,0.3587487781036168,patches/patch_020/edge_overlay_after.png,patches/patch_020/edge_overlay_before.png,True,0003.JPG,images/003_0003,20,high confidence with strong query-render photometric and edge agreement,0.5821408629417419,65.19202405202648,patches/patch_020/overlay_after.png,patches/patch_020/overlay_before.png,stable_match,patches/patch_020,0.23448978223960462,25,35.62105743090882,-51.00542252904259,0.19423621200257912,0.6307196021080017,0.39577110376072117,0.08499020338058472,0.10728974020713501,2665,75.78536987304688,data_caiwangcun/query/images/exif_test/0003.JPG,patches/patch_020/query.png,0.7167921662330627,0.45287742557961946,0.5821414589881897,0.5838129347593999,0.6379367709159851,0.1942851267921271,0.06464497745037079,0.0939492541621135,1023,48.49821472167969,patches/patch_020/render.png,58.72821472167969,patches/patch_020/triplet_query_render_dom.png,69
True,images/003_0003/patches/patch_021,54.0,80.0,4816,2768,370.9501953125,8506,True,11811,bilinear,24.63302993774414,bilinear,True,patches/patch_021/dom.png,10,254574.9682333047,3364035.7878046203,24.633653259722223,52.59528350830078,29.943222045898438,-22.652061462402344,0.0,0.05865921787709497,patches/patch_021/edge_overlay_after.png,patches/patch_021/edge_overlay_before.png,False,0003.JPG,images/003_0003,21,query-DOM and render-DOM similarities are both low,0.21187813580036163,96.51942809610924,patches/patch_021/overlay_after.png,patches/patch_021/overlay_before.png,texture_mismatch,patches/patch_021,0.23448978223960462,25,-5.836364397997841,8.8645777476044,-0.008251087972894311,0.6430333852767944,0.362188815141055,-0.010905414819717407,0.03696801313721461,433,68.85889434814453,data_caiwangcun/query/images/exif_test/0003.JPG,patches/patch_021/query.png,0.6576234698295593,0.3319521266907663,0.2118774652481079,0.24392263810379713,0.643359363079071,0.31609901046553535,0.05601552128791809,0.11116777731004673,358,52.58342742919922,patches/patch_021/render.png,56.16342742919922,patches/patch_021/triplet_query_render_dom.png,69
True,images/003_0003/patches/patch_022,80.0,3.0,4304,720,372.3212890625,7468,True,10722,bilinear,18.4129695892334,bilinear,True,patches/patch_022/dom.png,10,254429.64340003437,3364188.1873037703,18.413225054796897,18.93090057373047,25.746482849121094,6.815582275390625,0.4962162162162162,0.09523809523809523,patches/patch_022/edge_overlay_after.png,patches/patch_022/edge_overlay_before.png,False,0003.JPG,images/003_0003,22,query-DOM and render-DOM similarities are both low,0.7038279175758362,80.05623023850174,patches/patch_022/overlay_after.png,patches/patch_022/overlay_before.png,texture_mismatch,patches/patch_022,0.23448978223960462,25,72.09977813810951,-34.9503984213579,0.014934862905647606,0.6398751735687256,0.5469848177956661,0.00431432481855154,0.01673905909433788,2261,59.78139114379883,data_caiwangcun/query/images/exif_test/0003.JPG,patches/patch_022/query.png,0.675256073474884,0.5461434198299192,0.7038282752037048,0.70012077183788,0.6341508030891418,0.21340670439752402,0.04538058117032051,0.05716654151718186,945,45.873260498046875,patches/patch_022/render.png,55.32326049804688,patches/patch_022/triplet_query_render_dom.png,69
True,images/003_0003/patches/patch_023,50.0,-40.0,2768,208,364.5263671875,6345,True,10973,bilinear,23.510028839111328,bilinear,True,patches/patch_023/dom.png,10,254272.3511054153,3364153.0492816917,23.510830473996577,9.226560592651367,14.24319839477539,5.016637802124023,0.3827252419955324,0.18811881188118812,patches/patch_023/edge_overlay_after.png,patches/patch_023/edge_overlay_before.png,True,0003.JPG,images/003_0003,23,high confidence with strong query-render photometric and edge agreement,0.7408080101013184,64.03124237432849,patches/patch_023/overlay_after.png,patches/patch_023/overlay_before.png,stable_match,patches/patch_023,0.23448978223960462,25,35.03351222052707,-20.02776978757595,0.06914686609525234,0.6380304098129272,0.5627461262180246,0.3396018445491791,0.3443322385584756,2824,64.17851257324219,data_caiwangcun/query/images/exif_test/0003.JPG,patches/patch_023/query.png,0.700295627117157,0.6084266690825703,0.7408082485198975,0.7306550041296449,0.6055606603622437,0.3084434661513446,0.2854718267917633,0.29315318422487247,1212,43.177433013916016,patches/patch_023/render.png,55.29743301391602,patches/patch_023/triplet_query_render_dom.png,69
True,images/003_0003/patches/patch_024,-58.0,-60.0,720,1744,371.8974609375,5612,True,12629,bilinear,17.036212921142578,bilinear,True,patches/patch_024/dom.png,10,254169.66467218476,3363921.2344178795,17.03601156434729,24.251962661743164,42.800472259521484,18.54850959777832,0.30158730158730157,0.0,patches/patch_024/edge_overlay_after.png,patches/patch_024/edge_overlay_before.png,True,0003.JPG,images/003_0003,24,query-DOM and render-DOM similarities are both low,0.5663303732872009,83.45058418010026,patches/patch_024/overlay_after.png,patches/patch_024/overlay_before.png,texture_mismatch,patches/patch_024,0.23448978223960462,25,24.14632400565307,-1.7070128535497702,0.039844172657467425,0.6393078565597534,0.4790237837282111,0.03242991119623184,0.06997116591426529,312,72.90618133544922,data_caiwangcun/query/images/exif_test/0003.JPG,patches/patch_024/query.png,0.6435015797615051,0.4176547385520106,0.5663299560546875,0.5762198111377906,0.6446099281311035,0.238199588810919,0.029457595199346542,0.07183797836724982,211,52.70708465576172,patches/patch_024/render.png,54.81708465576172,patches/patch_024/triplet_query_render_dom.png,69
True,images/003_0003/patches/patch_025,25.0,-75.0,208,208,372.8212890625,4745,True,11859,bilinear,12.310262680053711,bilinear,True,patches/patch_025/dom.png,10,254048.32551572492,3364029.021297251,12.311163152720667,51.481788635253906,51.078941345214844,-0.4028472900390625,0.0,0.11212121212121212,patches/patch_025/edge_overlay_after.png,patches/patch_025/edge_overlay_before.png,False,0003.JPG,images/003_0003,25,query-DOM and render-DOM similarities are both low,0.1775517761707306,79.05694150420949,patches/patch_025/overlay_after.png,patches/patch_025/overlay_before.png,texture_mismatch,patches/patch_025,0.23448978223960462,25,17.037063710502323,50.967499650667165,-0.01268142886692658,0.6447569131851196,0.6239823796299391,0.06383921205997467,0.09027692945588539,330,51.0634651184082,data_caiwangcun/query/images/exif_test/0003.JPG,patches/patch_025/query.png,0.6442087888717651,0.6097141866129013,0.1775512993335724,0.20780382544539336,0.6338186264038086,0.19963561170221883,0.11396230757236481,0.1376867747308869,1579,62.21272659301758,patches/patch_025/render.png,54.3634651184082,patches/patch_025/triplet_query_render_dom.png,69
True,images/003_0003/patches/patch_026,80.0,-80.0,4816,720,372.4384765625,7786,True,10540,bilinear,18.860994338989258,bilinear,True,patches/patch_026/dom.png,10,254474.12138821455,3364213.7078553266,18.860834670424993,18.13062286376953,18.838539123535156,0.707916259765625,0.1090617481956696,0.13205645161290322,patches/patch_026/edge_overlay_after.png,patches/patch_026/edge_overlay_before.png,False,0003.JPG,images/003_0003,26,query-DOM and render-DOM similarities are both low,0.15177084505558014,113.13708498984761,patches/patch_026/overlay_after.png,patches/patch_026/overlay_before.png,texture_mismatch,patches/patch_026,0.23448978223960462,25,-102.92859872698497,-115.27137277672179,0.0019339713035151362,0.64768385887146,0.4669962681079727,-0.0313015952706337,-0.01653797475741951,1934,58.05730438232422,data_caiwangcun/query/images/exif_test/0003.JPG,patches/patch_026/query.png,0.6608988046646118,0.5448275103208676,0.15177127718925476,0.16299938263657104,0.6487717628479004,0.2921099995477101,0.003016155445948243,0.01631143879283673,992,44.102813720703125,patches/patch_026/render.png,54.02281372070313,patches/patch_026/triplet_query_render_dom.png,69
True,images/003_0003/patches/patch_027,-75.0,-80.0,720,3280,376.5869140625,6147,True,13599,bilinear,15.57705307006836,bilinear,True,patches/patch_027/dom.png,10,254244.70359917823,3363785.376633472,15.577197360582375,40.356285095214844,43.602867126464844,3.24658203125,0.0,0.02390438247011952,patches/patch_027/edge_overlay_after.png,patches/patch_027/edge_overlay_before.png,False,0003.JPG,images/003_0003,27,edge chamfer improves but photometric agreement is weak,0.10847006738185883,109.65856099730654,patches/patch_027/overlay_after.png,patches/patch_027/overlay_before.png,edge_unreliable,patches/patch_027,0.23448978223960462,25,-31.845068058371368,-28.09430229510349,0.00824936298886314,0.6425638794898987,0.5692039905632152,-0.030597636476159096,0.021026042309236378,688,62.342559814453125,data_caiwangcun/query/images/exif_test/0003.JPG,patches/patch_027/query.png,0.6461700201034546,0.5140809940190461,0.10846953839063644,0.15127570402539525,0.6380112767219543,0.17914666710633678,-0.00940659362822771,0.05359232572448936,251,50.79788589477539,patches/patch_027/render.png,53.30788589477539,patches/patch_027/triplet_query_render_dom.png,69
True,images/003_0003/patches/patch_028,-8.0,16.0,3280,2256,375.0478515625,7382,True,12038,bilinear,17.793079376220703,bilinear,True,patches/patch_028/dom.png,10,254417.65049344779,3364003.986446748,17.79232365122897,4.456019401550293,7.119594097137451,2.663574695587158,1.1440677966101696,0.5693430656934306,patches/patch_028/edge_overlay_after.png,patches/patch_028/edge_overlay_before.png,True,0003.JPG,images/003_0003,28,high confidence with strong query-render photometric and edge agreement,0.8907732963562012,17.88854381999832,patches/patch_028/overlay_after.png,patches/patch_028/overlay_before.png,stable_match,patches/patch_028,0.23448978223960462,25,-8.183335566094229,15.228240430233186,0.4152034947182983,0.6337475776672363,0.6447476712621926,0.24396584928035736,0.2511922813939149,3032,71.65342712402344,data_caiwangcun/query/images/exif_test/0003.JPG,patches/patch_028/query.png,0.7730632424354553,0.6619595473886004,0.8907734751701355,0.8864292163960505,0.6411120891571045,0.20367284877500205,0.2806524932384491,0.28969278275753846,1370,39.574951171875,patches/patch_028/render.png,53.274951171875,patches/patch_028/triplet_query_render_dom.png,69
True,images/003_0003/patches/patch_029,33.0,-12.0,2768,720,369.8056640625,6518,True,11273,bilinear,19.24982452392578,bilinear,True,patches/patch_029/dom.png,10,254296.63319787467,3364111.0893218433,19.250377814406306,6.540205955505371,12.707954406738281,6.16774845123291,0.7826725403817915,0.35600335852225024,patches/patch_029/edge_overlay_after.png,patches/patch_029/edge_overlay_before.png,True,0003.JPG,images/003_0003,29,high confidence with strong query-render photometric and edge agreement,0.8747575283050537,35.11409973215888,patches/patch_029/overlay_after.png,patches/patch_029/overlay_before.png,stable_match,patches/patch_029,0.23448978223960462,25,32.585594906202644,-12.58330426281654,0.40545276761986315,0.6623293161392212,0.6360076784965755,0.3615782856941223,0.3621059731771815,3149,64.76681518554688,data_caiwangcun/query/images/exif_test/0003.JPG,patches/patch_029/query.png,0.7459086775779724,0.6937439755284125,0.8747575283050537,0.8701140104608833,0.6580570936203003,0.2820850760940667,0.3410363793373108,0.34782838594521137,1191,41.340576171875,patches/patch_029/render.png,53.250576171875,patches/patch_029/triplet_query_render_dom.png,69
True,images/003_0003/patches/patch_030,31.0,73.0,4304,2768,380.8271484375,8226,True,11990,bilinear,14.290168762207031,bilinear,True,patches/patch_030/dom.png,10,254535.76370213326,3364010.624793618,14.29004902970405,46.48004913330078,49.09035873413086,2.610309600830078,0.0,0.0,patches/patch_030/edge_overlay_after.png,patches/patch_030/edge_overlay_before.png,False,0003.JPG,images/003_0003,30,query-DOM and render-DOM similarities are both low,0.5197810530662537,79.30952023559341,patches/patch_030/overlay_after.png,patches/patch_030/overlay_before.png,texture_mismatch,patches/patch_030,0.23448978223960462,25,15.709705709908846,15.82874230533497,0.028929700900334865,0.625638484954834,0.5987009821646361,-0.04739530012011528,-0.002072275052772824,252,73.11504364013672,data_caiwangcun/query/images/exif_test/0003.JPG,patches/patch_030/query.png,0.6626821160316467,0.6466747138242759,0.5197811126708984,0.5350907796572619,0.6374220252037048,0.3399961788112798,-0.059569042176008224,-0.010069772496962484,234,50.6711311340332,patches/patch_030/render.png,53.01113113403321,patches/patch_030/triplet_query_render_dom.png,69
True,images/003_0003/patches/patch_031,15.0,-14.0,2256,1232,369.5810546875,6384,True,11769,bilinear,19.98360252380371,bilinear,True,patches/patch_031/dom.png,10,254277.80269015333,3364041.650633713,19.98281156863402,16.78187370300293,29.85660743713379,13.07473373413086,0.7824267782426778,0.4587628865979381,patches/patch_031/edge_overlay_after.png,patches/patch_031/edge_overlay_before.png,True,0003.JPG,images/003_0003,31,query-DOM and render-DOM similarities are both low,0.551779568195343,20.518284528683193,patches/patch_031/overlay_after.png,patches/patch_031/overlay_before.png,texture_mismatch,patches/patch_031,0.23448978223960462,25,14.89075093847805,-14.500540186655257,0.4439050448127091,0.6388185024261475,0.2743580314912516,0.07140801101922989,0.11961517817580644,1593,81.42778015136719,data_caiwangcun/query/images/exif_test/0003.JPG,patches/patch_031/query.png,0.694805920124054,0.32596917853508667,0.5517797470092773,0.5591564452763402,0.6304486989974976,0.1333677044757735,0.09308883547782898,0.15300448676698097,194,50.966827392578125,patches/patch_031/render.png,52.90682739257812,patches/patch_031/triplet_query_render_dom.png,69
True,images/003_0003/patches/patch_032,-33.0,-35.0,1232,2256,373.2763671875,6107,True,12767,bilinear,17.292749404907227,bilinear,True,patches/patch_032/dom.png,10,254239.0859010834,3363901.90363212,17.291935700289287,8.232879638671875,24.42193031311035,16.189050674438477,0.7260579064587973,0.2127659574468085,patches/patch_032/edge_overlay_after.png,patches/patch_032/edge_overlay_before.png,True,0003.JPG,images/003_0003,32,high confidence with strong query-render photometric and edge agreement,0.48162081837654114,48.104053883222775,patches/patch_032/overlay_after.png,patches/patch_032/overlay_before.png,stable_match,patches/patch_032,0.23448978223960462,25,-33.84053691102153,-34.46729013680624,0.2463854881352745,0.638881504535675,0.49146142549307853,0.023591408506035805,0.07951670565953105,1030,72.20755004882812,data_caiwangcun/query/images/exif_test/0003.JPG,patches/patch_032/query.png,0.6867625713348389,0.4472723029460067,0.48162081837654114,0.49870060927960524,0.6283449530601501,0.10146361046445788,0.034058671444654465,0.10383491052921393,282,49.44618606567383,patches/patch_032/render.png,52.26618606567383,patches/patch_032/triplet_query_render_dom.png,69
True,images/003_0003/patches/patch_033,-7.0,39.0,3792,2768,373.0751953125,7879,True,12174,bilinear,21.398412704467773,bilinear,True,patches/patch_033/dom.png,10,254487.2603983233,3363984.963981841,21.40060050058537,16.628583908081055,19.567726135253906,2.9391422271728516,0.8251748251748252,0.3516624040920716,patches/patch_033/edge_overlay_after.png,patches/patch_033/edge_overlay_before.png,True,0003.JPG,images/003_0003,33,large color distribution difference against render and DOM,0.8501647114753723,39.6232255123179,patches/patch_033/overlay_after.png,patches/patch_033/overlay_before.png,occlusion_or_change,patches/patch_033,0.23448978223960462,25,-5.695604409814365,43.49292059820729,0.2431016763439402,0.6136185526847839,0.6017154698173501,0.42603933811187744,0.4323897364805721,2771,86.56993103027344,data_caiwangcun/query/images/exif_test/0003.JPG,patches/patch_033/query.png,0.7878848314285278,0.599759368345612,0.8501647710800171,0.8370396045823908,0.6408702731132507,0.2891551975856992,0.4400044083595276,0.44257925662875286,782,44.37680435180664,patches/patch_033/render.png,52.19680435180664,patches/patch_033/triplet_query_render_dom.png,69
True,images/003_0003/patches/patch_034,-80.0,-28.0,720,2768,376.5732421875,5964,True,13278,bilinear,14.502646446228027,bilinear,True,patches/patch_034/dom.png,10,254218.97754026714,3363830.3251177026,14.5035848573429,30.496265411376953,43.60721206665039,13.110946655273438,0.15584415584415584,0.0,patches/patch_034/edge_overlay_after.png,patches/patch_034/edge_overlay_before.png,False,0003.JPG,images/003_0003,34,edge chamfer improves but photometric agreement is weak,0.10596826672554016,84.75848040166836,patches/patch_034/overlay_after.png,patches/patch_034/overlay_before.png,edge_unreliable,patches/patch_034,0.23448978223960462,25,3.7067099512863564,0.9401880784920849,0.06646114133764058,0.6424903273582458,0.5538197320427994,0.011458901688456535,0.08035013529025592,363,61.455055236816406,data_caiwangcun/query/images/exif_test/0003.JPG,patches/patch_034/query.png,0.6474848389625549,0.5838666749258413,0.10596919804811478,0.1667057317950261,0.6406111717224121,0.12163849804516783,-0.0009311213507317007,0.08098486981475739,245,48.53322982788086,patches/patch_034/render.png,50.98322982788086,patches/patch_034/triplet_query_render_dom.png,69
True,images/003_0003/patches/patch_035,62.0,22.0,4304,1232,374.1689453125,7654,True,11035,bilinear,17.642038345336914,bilinear,True,patches/patch_035/dom.png,10,254455.6516975061,3364144.4526025006,17.642523025924845,inf,37.501312255859375,-inf,0.0,0.06621392190152801,patches/patch_035/edge_overlay_after.png,patches/patch_035/edge_overlay_before.png,False,0003.JPG,images/003_0003,35,no stable high-confidence match and weak auxiliary evidence,0.7357928156852722,65.7875368135941,patches/patch_035/overlay_after.png,patches/patch_035/overlay_before.png,texture_mismatch,patches/patch_035,0.23448978223960462,25,-83.42349611796712,7.973741491623258,0.02059365704189986,0.6334025263786316,0.445996215684195,0.21220099925994873,0.22876862215642602,764,63.379966735839844,data_caiwangcun/query/images/exif_test/0003.JPG,patches/patch_035/query.png,0.6845569610595703,0.5021310587917432,0.7357935905456543,0.7173900953133571,0.6391845941543579,0.31026303715633413,0.16129404306411743,0.1881846706625692,589,45.05329132080078,patches/patch_035/render.png,50.94329132080078,patches/patch_035/triplet_query_render_dom.png,69
True,images/003_0003/patches/patch_036,-50.0,-23.0,1232,2768,373.1962890625,6289,True,13085,bilinear,18.450275421142578,bilinear,True,patches/patch_036/dom.png,10,254264.6064272811,3363857.3877499653,18.449701715019785,8.65475845336914,23.618389129638672,14.963630676269531,0.46568627450980393,0.027210884353741496,patches/patch_036/edge_overlay_after.png,patches/patch_036/edge_overlay_before.png,True,0003.JPG,images/003_0003,36,query-DOM and render-DOM similarities are both low,0.4164559245109558,55.036351623268054,patches/patch_036/overlay_after.png,patches/patch_036/overlay_before.png,texture_mismatch,patches/patch_036,0.23448978223960462,25,-52.82914258730287,-21.38616100435374,0.15055818541441113,0.6309984922409058,0.589893720893594,0.008454700000584126,0.06437315471049582,506,65.0335693359375,data_caiwangcun/query/images/exif_test/0003.JPG,patches/patch_036/query.png,0.678006112575531,0.6107852853920828,0.41645488142967224,0.44366910105351154,0.6464004516601562,0.12376314356516849,0.030200699344277382,0.09472325550023171,294,47.909664154052734,patches/patch_036/render.png,50.84966415405273,patches/patch_036/triplet_query_render_dom.png,69
True,images/003_0003/patches/patch_037,-31.0,-26.0,4816,208,370.0283203125,7599,True,10235,bilinear,20.20680809020996,bilinear,True,patches/patch_037/dom.png,10,254447.97347647505,3364256.5038671372,20.203358688134358,13.492060661315918,21.7098445892334,8.21778392791748,0.4853683148335015,0.26356589147286824,patches/patch_037/edge_overlay_after.png,patches/patch_037/edge_overlay_before.png,True,0003.JPG,images/003_0003,37,query-DOM and render-DOM similarities are both low,0.36554861068725586,40.45985664828782,patches/patch_037/overlay_after.png,patches/patch_037/overlay_before.png,texture_mismatch,patches/patch_037,0.23448978223960462,25,-44.71409076082037,-17.11567069796692,0.037948852113913745,0.6501511335372925,0.49617461605421587,-0.04375917464494705,-0.025597418092645943,4068,69.81654357910156,data_caiwangcun/query/images/exif_test/0003.JPG,patches/patch_037/query.png,0.633711040019989,0.5296343105577213,0.36554795503616333,0.3676158688197065,0.6522325277328491,0.2837661962706898,-0.02604294940829277,-0.004578068579984689,1032,40.360435485839844,patches/patch_037/render.png,50.680435485839844,patches/patch_037/triplet_query_render_dom.png,69
True,images/003_0003/patches/patch_038,-8.0,5.0,2768,2256,365.9365234375,7057,True,12217,bilinear,26.31310272216797,bilinear,True,patches/patch_038/dom.png,10,254372.09908076338,3363978.944961159,26.313804777510086,19.822660446166992,36.923728942871094,17.1010684967041,1.408450704225352,0.7711069418386491,patches/patch_038/edge_overlay_after.png,patches/patch_038/edge_overlay_before.png,True,0003.JPG,images/003_0003,38,query-DOM and render-DOM similarities are both low,0.7287034392356873,9.433981132056603,patches/patch_038/overlay_after.png,patches/patch_038/overlay_before.png,texture_mismatch,patches/patch_038,0.23448978223960462,25,-9.108289036401828,4.778536224114006,0.393698513507843,0.6377549171447754,0.4374740383198586,0.13005264103412628,0.14941990888721499,2412,90.80936431884766,data_caiwangcun/query/images/exif_test/0003.JPG,patches/patch_038/query.png,0.6961288452148438,0.38815907923264065,0.7287037968635559,0.7082731930707297,0.6244837641716003,0.17611780816214562,0.14047889411449432,0.1599084417694748,533,45.12065887451172,patches/patch_038/render.png,50.45065887451172,patches/patch_038/triplet_query_render_dom.png,69
True,images/003_0003/patches/patch_039,19.0,-80.0,1744,208,375.6201171875,5690,True,11307,bilinear,11.175056457519531,bilinear,True,patches/patch_039/dom.png,10,254180.62195424185,3364106.2559253173,11.174706018269035,12.11025619506836,66.91082763671875,54.80057144165039,0.4095238095238095,0.0,patches/patch_039/edge_overlay_after.png,patches/patch_039/edge_overlay_before.png,True,0003.JPG,images/003_0003,39,high confidence with strong query-render photometric and edge agreement,0.4831262528896332,82.22530024268686,patches/patch_039/overlay_after.png,patches/patch_039/overlay_before.png,stable_match,patches/patch_039,0.23448978223960462,25,8.940881539759545,17.576358660957737,0.04609293086105026,0.6513808965682983,0.3209314581210346,-0.008271481841802597,0.03661325707095614,590,65.11289978027344,data_caiwangcun/query/images/exif_test/0003.JPG,patches/patch_039/query.png,0.6463056206703186,0.3638136046550362,0.4831256866455078,0.48530061196255747,0.6379920840263367,0.1657201553601553,0.03486237674951553,0.08954566382250981,211,48.31101608276367,patches/patch_039/render.png,50.42101608276367,patches/patch_039/triplet_query_render_dom.png,69
True,images/003_0003/patches/patch_040,-80.0,0.0,1232,3280,372.7568359375,6472,True,13401,bilinear,19.96430015563965,bilinear,True,patches/patch_040/dom.png,10,254290.1644118232,3363813.0740953367,19.965117261783632,34.31816101074219,49.77406311035156,15.455902099609375,0.08333333333333333,0.0,patches/patch_040/edge_overlay_after.png,patches/patch_040/edge_overlay_before.png,True,0003.JPG,images/003_0003,40,query-DOM and render-DOM similarities are both low,0.4337785542011261,80.0,patches/patch_040/overlay_after.png,patches/patch_040/overlay_before.png,texture_mismatch,patches/patch_040,0.23448978223960462,25,-79.21016378108112,1.7701352678938491,0.16074983263388276,0.6452319025993347,0.5429905999339193,-0.00346643035300076,0.04900923026087096,328,62.73722839355469,data_caiwangcun/query/images/exif_test/0003.JPG,patches/patch_040/query.png,0.6697363257408142,0.5577269503264587,0.4337787330150604,0.4565994931261319,0.6407062411308289,0.12002463494988042,0.01986083574593067,0.07649344674478538,192,47.964622497558594,patches/patch_040/render.png,49.884622497558595,patches/patch_040/triplet_query_render_dom.png,69
True,images/003_0003/patches/patch_041,-64.0,-44.0,720,2256,375.9150390625,5782,True,12955,bilinear,14.076428413391113,bilinear,True,patches/patch_041/dom.png,10,254193.50515428136,3363875.4889785857,14.07701686026121,30.20163345336914,33.0347785949707,2.8331451416015625,0.32142857142857145,0.07723577235772358,patches/patch_041/edge_overlay_after.png,patches/patch_041/edge_overlay_before.png,False,0003.JPG,images/003_0003,41,query-DOM and render-DOM similarities are both low,0.2807859182357788,77.6659513557904,patches/patch_041/overlay_after.png,patches/patch_041/overlay_before.png,texture_mismatch,patches/patch_041,0.23448978223960462,25,8.033263650286926,52.312704603844395,0.008498966053593904,0.6210379600524902,0.53281853655951,0.01578402705490589,0.0770892401206349,1081,70.13018035888672,data_caiwangcun/query/images/exif_test/0003.JPG,patches/patch_041/query.png,0.6701393723487854,0.4710306957672848,0.28078600764274597,0.3132804988390269,0.6430014371871948,0.18370510629005782,0.028591375797986984,0.11270164391024783,246,47.104209899902344,patches/patch_041/render.png,49.564209899902345,patches/patch_041/triplet_query_render_dom.png,69
True,images/003_0003/patches/patch_042,80.0,52.0,4816,1744,376.1650390625,8162,True,11166,bilinear,17.304489135742188,bilinear,True,patches/patch_042/dom.png,10,254526.8630031926,3364126.032335673,17.30530357324443,9.226921081542969,17.687522888183594,8.460601806640625,0.6138613861386139,0.2646048109965636,patches/patch_042/edge_overlay_after.png,patches/patch_042/edge_overlay_before.png,False,0003.JPG,images/003_0003,42,query-DOM and render-DOM similarities are both low,0.6626505851745605,95.4148835350125,patches/patch_042/overlay_after.png,patches/patch_042/overlay_before.png,texture_mismatch,patches/patch_042,0.23448978223960462,25,1.383557584574902,-88.65210412691263,0.003705084207467735,0.6662144660949707,0.6478606000498192,0.04006240516901016,0.05422768090206495,2026,62.330013275146484,data_caiwangcun/query/images/exif_test/0003.JPG,patches/patch_042/query.png,0.7228977680206299,0.6848175549081938,0.6626501083374023,0.6610802997442724,0.6524617075920105,0.2230656272778744,0.05254233628511429,0.06806226840999327,873,39.85977554321289,patches/patch_042/render.png,48.589775543212895,patches/patch_042/triplet_query_render_dom.png,69
True,images/003_0003/patches/patch_043,-19.0,22.0,3280,2768,375.4072265625,7566,True,12358,bilinear,18.5179386138916,bilinear,True,patches/patch_043/dom.png,10,254443.37440996701,3363959.185955534,18.518207774955272,51.38724136352539,56.685401916503906,5.298160552978516,1.2264150943396226,0.08189655172413793,patches/patch_043/edge_overlay_after.png,patches/patch_043/edge_overlay_before.png,True,0003.JPG,images/003_0003,43,large color distribution difference against render and DOM,0.8771899938583374,29.068883707497267,patches/patch_043/overlay_after.png,patches/patch_043/overlay_before.png,occlusion_or_change,patches/patch_043,0.23448978223960462,25,-17.406508453670966,23.50122930450921,0.25974518223665655,0.6367166042327881,0.5726768643336985,0.4644489586353302,0.45457141655704353,507,59.62574005126953,data_caiwangcun/query/images/exif_test/0003.JPG,patches/patch_043/query.png,0.7026656866073608,0.555061460143167,0.8771904110908508,0.864665816772159,0.6418153643608093,0.2377454438251337,0.4739946722984314,0.436492350825252,232,32.98236846923828,patches/patch_043/render.png,35.30236846923828,patches/patch_043/triplet_query_render_dom.png,69
True,images/004_0004/patches/patch_000,-7.0,42.0,3792,2768,374.1201171875,7409,True,11284,bilinear,19.448270797729492,bilinear,True,patches/patch_000/dom.png,10,254421.32649161023,3364109.542067087,19.44740400014649,3.751711845397949,6.753660202026367,3.001948356628418,1.0593391773432232,0.48746786632390743,patches/patch_000/edge_overlay_after.png,patches/patch_000/edge_overlay_before.png,True,0004.JPG,images/004_0004,0,high confidence with strong query-render photometric and edge agreement,0.5779231786727905,42.579337712087536,patches/patch_000/overlay_after.png,patches/patch_000/overlay_before.png,stable_match,patches/patch_000,0.3415318805711017,28,-5.444600161324217,41.68270416969351,0.34341604879591614,0.6710906624794006,0.33877882869887044,0.06215326115489006,0.07801469188055885,5832,120.85342407226562,data_caiwangcun/query/images/exif_test/0004.JPG,patches/patch_000/query.png,0.8260579705238342,0.28470561525733723,0.5779231786727905,0.5782288090242065,0.6551312804222107,0.2050940758977769,0.0528377965092659,0.07039772131042088,3112,82.68966674804688,patches/patch_000/render.png,113.80966674804688,patches/patch_000/triplet_query_render_dom.png,73
True,images/004_0004/patches/patch_001,-18.0,-45.0,1232,1744,379.1142578125,5440,True,11587,bilinear,10.935406684875488,bilinear,True,patches/patch_001/dom.png,10,254145.650079022,3364067.174978417,10.936115458341646,3.8688790798187256,10.023824691772461,6.154945611953735,0.8015308911973756,0.27865511971472234,patches/patch_001/edge_overlay_after.png,patches/patch_001/edge_overlay_before.png,True,0004.JPG,images/004_0004,1,query-DOM and render-DOM similarities are both low,0.42892780900001526,48.46648326421054,patches/patch_001/overlay_after.png,patches/patch_001/overlay_before.png,texture_mismatch,patches/patch_001,0.3415318805711017,28,-17.790186343887115,-43.81187968428651,0.39017247478477657,0.6250297427177429,0.7201834471381071,0.02504386194050312,0.06088459567991081,2965,104.21607971191406,data_caiwangcun/query/images/exif_test/0004.JPG,patches/patch_001/query.png,0.6872111558914185,0.740820402917662,0.4289279878139496,0.45009963697975663,0.6339431405067444,0.08621954876469344,0.03411247953772545,0.07157121056826604,1963,88.93659973144531,patches/patch_001/render.png,108.56659973144531,patches/patch_001/triplet_query_render_dom.png,73
True,images/004_0004/patches/patch_002,-21.0,5.0,2768,2768,375.0673828125,6776,True,11658,bilinear,17.762365341186523,bilinear,True,patches/patch_002/dom.png,10,254332.73267285698,3364057.236728646,17.76158273274899,3.5001425743103027,7.527037620544434,4.026895046234131,1.1143489487274068,0.5528711484593838,patches/patch_002/edge_overlay_after.png,patches/patch_002/edge_overlay_before.png,True,0004.JPG,images/004_0004,2,high confidence with strong query-render photometric and edge agreement,0.8213544487953186,21.587033144922902,patches/patch_002/overlay_after.png,patches/patch_002/overlay_before.png,stable_match,patches/patch_002,0.3415318805711017,28,-21.65765355268303,5.043208080275804,0.5877820125315338,0.6630332469940186,0.5061807532895927,0.39576780796051025,0.40460395034855906,4117,96.01586151123047,data_caiwangcun/query/images/exif_test/0004.JPG,patches/patch_002/query.png,0.8469319939613342,0.4476514020861503,0.8213546276092529,0.8236653713494453,0.6530239582061768,0.19926053332506166,0.4158594608306885,0.42497625588126275,2856,72.84672546386719,patches/patch_002/render.png,101.40672546386719,patches/patch_002/triplet_query_render_dom.png,73
True,images/004_0004/patches/patch_003,67.0,80.0,4816,2768,376.1982421875,8051,True,10910,bilinear,18.127735137939453,bilinear,True,patches/patch_003/dom.png,10,254511.36377281832,3364161.8789919354,18.12770774279585,5.6419172286987305,13.919710159301758,8.277792930603027,0.46533949520085316,0.359254498714653,patches/patch_003/edge_overlay_after.png,patches/patch_003/edge_overlay_before.png,True,0004.JPG,images/004_0004,3,high confidence with strong query-render photometric and edge agreement,0.4662846624851227,104.35037134576953,patches/patch_003/overlay_after.png,patches/patch_003/overlay_before.png,stable_match,patches/patch_003,0.3415318805711017,28,-119.27756848776542,-39.49931943306629,0.04264247603714466,0.6475225687026978,0.6753002790678994,0.019980095326900482,0.031322220070825156,3112,77.4924087524414,data_caiwangcun/query/images/exif_test/0004.JPG,patches/patch_003/query.png,0.7514349222183228,0.6421036812167082,0.4662843942642212,0.4710287853630385,0.6590263247489929,0.3720177447760889,0.0620226189494133,0.07367922903118515,3293,68.58517456054688,patches/patch_003/render.png,99.70517456054688,patches/patch_003/triplet_query_render_dom.png,73
True,images/004_0004/patches/patch_004,25.0,-79.0,4816,208,371.4267578125,7106,True,9341,bilinear,18.78055191040039,bilinear,True,patches/patch_004/dom.png,10,254379.0251586526,3364381.6433224995,18.78140231600935,8.781280517578125,10.239442825317383,1.4581623077392578,0.4111638088288946,0.3272528274352426,patches/patch_004/edge_overlay_after.png,patches/patch_004/edge_overlay_before.png,False,0004.JPG,images/004_0004,4,edge chamfer improves but photometric agreement is weak,0.16046597063541412,82.86132994346639,patches/patch_004/overlay_after.png,patches/patch_004/overlay_before.png,edge_unreliable,patches/patch_004,0.3415318805711017,28,8.853219123712833,-55.2401368578785,0.016018472611904144,0.6277162432670593,0.48851929144783396,0.007355098612606525,0.0206489950838534,2741,69.73419189453125,data_caiwangcun/query/images/exif_test/0004.JPG,patches/patch_004/query.png,0.622943103313446,0.5199276601534486,0.1604660004377365,0.16923023714120752,0.652551531791687,0.1793367228457584,0.08748295903205872,0.09799547039083163,3954,97.3794937133789,patches/patch_004/render.png,97.14419189453125,patches/patch_004/triplet_query_render_dom.png,73
True,images/004_0004/patches/patch_005,-35.0,19.0,2768,3280,375.8525390625,6964,True,11977,bilinear,17.805435180664062,bilinear,True,patches/patch_005/dom.png,10,254359.03037964928,3364012.5236743996,17.80527244158793,3.9194493293762207,9.43103313446045,5.5115838050842285,1.0192096597145994,0.3434637801831807,patches/patch_005/edge_overlay_after.png,patches/patch_005/edge_overlay_before.png,True,0004.JPG,images/004_0004,5,high confidence with strong query-render photometric and edge agreement,0.819704532623291,39.824615503479755,patches/patch_005/overlay_after.png,patches/patch_005/overlay_before.png,stable_match,patches/patch_005,0.3415318805711017,28,-35.18244795284389,19.814641957444508,0.41431967879179865,0.6412962079048157,0.594958154987423,0.2254861444234848,0.2347282602565216,3321,86.67212677001953,data_caiwangcun/query/images/exif_test/0004.JPG,patches/patch_005/query.png,0.7545651197433472,0.5886859883237874,0.8197047114372253,0.8208940822796182,0.6382895112037659,0.20614895425270197,0.2530907988548279,0.263211620179346,2402,65.29388427734375,patches/patch_005/render.png,89.31388427734375,patches/patch_005/triplet_query_render_dom.png,73
True,images/004_0004/patches/patch_006,-18.0,23.0,3280,2768,375.3955078125,7094,True,11471,bilinear,17.807706832885742,bilinear,True,patches/patch_006/dom.png,10,254377.3021164516,3364083.333144118,17.80708210149521,3.41548490524292,10.134297370910645,6.718812465667725,0.9498817966903074,0.4076492537313433,patches/patch_006/edge_overlay_after.png,patches/patch_006/edge_overlay_before.png,True,0004.JPG,images/004_0004,6,high confidence with strong query-render photometric and edge agreement,0.8284440040588379,29.206163733020468,patches/patch_006/overlay_after.png,patches/patch_006/overlay_before.png,stable_match,patches/patch_006,0.3415318805711017,28,-17.119468047386505,19.48264571414039,0.37720052688382566,0.6436140537261963,0.4985174728745646,0.3112426996231079,0.3164413674265435,3558,80.7698745727539,data_caiwangcun/query/images/exif_test/0004.JPG,patches/patch_006/query.png,0.7680817246437073,0.5427200427199097,0.8284436464309692,0.8288676271655451,0.643313467502594,0.19735110649557067,0.3366934359073639,0.3417535744025909,2144,62.229434967041016,patches/patch_006/render.png,83.66943496704101,patches/patch_006/triplet_query_render_dom.png,73
True,images/004_0004/patches/patch_007,33.0,-72.0,4304,208,370.6474609375,6791,True,9529,bilinear,19.196969985961914,bilinear,True,patches/patch_007/dom.png,10,254334.85227496971,3364355.280128717,19.195519877933975,14.228147506713867,12.241424560546875,-1.9867229461669922,0.21741198858230257,0.29214717188358047,patches/patch_007/edge_overlay_after.png,patches/patch_007/edge_overlay_before.png,False,0004.JPG,images/004_0004,7,no stable high-confidence match and weak auxiliary evidence,0.20880688726902008,79.20227269466452,patches/patch_007/overlay_after.png,patches/patch_007/overlay_before.png,texture_mismatch,patches/patch_007,0.3415318805711017,28,-56.80503465456323,51.91262170420842,0.017124782025348395,0.6314442157745361,0.4308457498254146,0.1178419440984726,0.12610522045833503,2932,74.93765258789062,data_caiwangcun/query/images/exif_test/0004.JPG,patches/patch_007/query.png,0.64519202709198,0.4133629811118748,0.20880739390850067,0.21660674939559998,0.6360023617744446,0.20556508822247177,0.18551616370677948,0.19550590909414844,1821,63.8648567199707,patches/patch_007/render.png,82.07485671997071,patches/patch_007/triplet_query_render_dom.png,73
True,images/004_0004/patches/patch_008,-14.0,-56.0,1232,1232,378.0771484375,5255,True,11265,bilinear,11.146628379821777,bilinear,True,patches/patch_008/dom.png,10,254119.67277135397,3364112.168253133,11.146166282425384,4.878061294555664,19.076616287231445,14.198554992675781,0.7315914489311164,0.22787028921998248,patches/patch_008/edge_overlay_after.png,patches/patch_008/edge_overlay_before.png,True,0004.JPG,images/004_0004,8,query-DOM and render-DOM similarities are both low,0.3346812427043915,57.723478758647246,patches/patch_008/overlay_after.png,patches/patch_008/overlay_before.png,texture_mismatch,patches/patch_008,0.3415318805711017,28,-8.360239473456517,-52.889048157542135,0.2298397104605101,0.6449564099311829,0.5477807605710207,0.10636626183986664,0.15368521616621308,1321,79.46216583251953,data_caiwangcun/query/images/exif_test/0004.JPG,patches/patch_008/query.png,0.6817262768745422,0.5365367601991557,0.334680438041687,0.37520438074345847,0.6385048627853394,0.18550172248670366,0.12773966789245605,0.17489466594899636,1141,70.08179473876953,patches/patch_008/render.png,81.49179473876953,patches/patch_008/triplet_query_render_dom.png,73
True,images/004_0004/patches/patch_009,-10.0,61.0,3792,3280,371.9052734375,7587,True,11598,bilinear,22.466550827026367,bilinear,True,patches/patch_009/dom.png,10,254446.37012823485,3364065.5314626475,22.466496718185624,6.760395050048828,15.629549026489258,8.86915397644043,0.5987170349251604,0.2110042735042735,patches/patch_009/edge_overlay_after.png,patches/patch_009/edge_overlay_before.png,True,0004.JPG,images/004_0004,9,high confidence with strong query-render photometric and edge agreement,0.6534907221794128,61.814237842102365,patches/patch_009/overlay_after.png,patches/patch_009/overlay_before.png,stable_match,patches/patch_009,0.3415318805711017,28,47.180683798566676,-72.7796389359531,0.030722421943210065,0.6455430388450623,0.5864521885218451,-0.008329423144459724,0.007751614842590193,2489,82.44271850585938,data_caiwangcun/query/images/exif_test/0004.JPG,patches/patch_009/query.png,0.6907960772514343,0.606409403215186,0.6534908413887024,0.6554057736815536,0.6583539843559265,0.29695384572140665,-0.01189100369811058,0.006155233116261233,1872,57.65271759033203,patches/patch_009/render.png,76.37271759033203,patches/patch_009/triplet_query_render_dom.png,73
True,images/004_0004/patches/patch_010,80.0,67.0,4816,3280,377.8251953125,8247,True,11229,bilinear,17.34443473815918,bilinear,True,patches/patch_010/dom.png,10,254538.6980049445,3364117.233077016,17.343625503341627,8.845111846923828,18.30159568786621,9.456483840942383,0.42302158273381296,0.20491803278688525,patches/patch_010/edge_overlay_after.png,patches/patch_010/edge_overlay_before.png,False,0004.JPG,images/004_0004,10,query-DOM and render-DOM similarities are both low,0.5223755240440369,104.35037134576953,patches/patch_010/overlay_after.png,patches/patch_010/overlay_before.png,texture_mismatch,patches/patch_010,0.3415318805711017,28,-22.679282156472567,-15.915897404945866,0.004332142096245661,0.6337766647338867,0.6538404032457305,0.14712797105312347,0.1548348734925154,3046,67.38362121582031,data_caiwangcun/query/images/exif_test/0004.JPG,patches/patch_010/query.png,0.6543279886245728,0.7454564425350058,0.5223754644393921,0.5271842389847966,0.6430090665817261,0.26407008409481114,0.132033571600914,0.14026609858343658,1952,55.91035079956055,patches/patch_010/render.png,75.43035079956054,patches/patch_010/triplet_query_render_dom.png,73
True,images/004_0004/patches/patch_011,6.0,13.0,3280,1744,373.2275390625,6719,True,10837,bilinear,18.324636459350586,bilinear,True,patches/patch_011/dom.png,10,254324.72486535908,3364172.0937915375,18.32444692530663,5.6783246994018555,7.243722915649414,1.5653982162475586,1.0241523455643289,0.7157991708889913,patches/patch_011/edge_overlay_after.png,patches/patch_011/edge_overlay_before.png,True,0004.JPG,images/004_0004,11,high confidence with strong query-render photometric and edge agreement,0.7659037709236145,14.317821063276353,patches/patch_011/overlay_after.png,patches/patch_011/overlay_before.png,stable_match,patches/patch_011,0.3415318805711017,28,8.367186511393456,15.777906287010552,0.29924992844462395,0.6521247625350952,0.6266348997360269,-0.043557774275541306,-0.03078746776306855,4863,81.26788330078125,data_caiwangcun/query/images/exif_test/0004.JPG,patches/patch_011/query.png,0.759246289730072,0.6395866853844121,0.7659037709236145,0.7682258573719748,0.6459746360778809,0.1935983529981541,-0.0724286288022995,-0.05875402936408788,2171,52.32263946533203,patches/patch_011/render.png,74.03263946533204,patches/patch_011/triplet_query_render_dom.png,73
True,images/004_0004/patches/patch_012,80.0,-3.0,4816,1232,362.7900390625,7450,True,9998,bilinear,29.040180206298828,bilinear,True,patches/patch_012/dom.png,10,254427.1676925157,3364289.6347063216,29.039797085472685,18.927824020385742,11.742961883544922,-7.18486213684082,0.11967418546365914,0.2739105829088851,patches/patch_012/edge_overlay_after.png,patches/patch_012/edge_overlay_before.png,False,0004.JPG,images/004_0004,12,query-DOM and render-DOM similarities are both low,0.26054641604423523,80.05623023850174,patches/patch_012/overlay_after.png,patches/patch_012/overlay_before.png,texture_mismatch,patches/patch_012,0.3415318805711017,28,81.13134616761832,37.79433685933117,-0.03851451084483415,0.6585381031036377,0.40036891107212913,-0.11647520959377289,-0.09726597010833322,3002,67.90475463867188,data_caiwangcun/query/images/exif_test/0004.JPG,patches/patch_012/query.png,0.659280002117157,0.35576287424674713,0.2605464458465576,0.27432986200844567,0.6575694680213928,0.2994539754586166,-0.08551151305437088,-0.0661847984597942,1767,56.163204193115234,patches/patch_012/render.png,73.83320419311524,patches/patch_012/triplet_query_render_dom.png,73
True,images/004_0004/patches/patch_013,17.0,27.0,3792,1744,362.0166015625,7015,True,10667,bilinear,29.890209197998047,bilinear,True,patches/patch_013/dom.png,10,254366.19435086873,3364195.9065382183,29.889534359181425,6.183577537536621,8.867433547973633,2.6838560104370117,1.1229105211406096,0.4609127880704925,patches/patch_013/edge_overlay_after.png,patches/patch_013/edge_overlay_before.png,True,0004.JPG,images/004_0004,13,high confidence with strong query-render photometric and edge agreement,0.7908871173858643,31.906112267087632,patches/patch_013/overlay_after.png,patches/patch_013/overlay_before.png,stable_match,patches/patch_013,0.3415318805711017,28,16.903343908287397,26.496280566100822,0.41059695393778384,0.6537277102470398,0.5680261949756354,0.0711798220872879,0.08190180876531312,4209,75.2636489868164,data_caiwangcun/query/images/exif_test/0004.JPG,patches/patch_013/query.png,0.7804411053657532,0.5781454213878465,0.7908872365951538,0.7926070315041835,0.645616352558136,0.2308130560834137,0.07777775824069977,0.08891642122314898,2213,49.78610610961914,patches/patch_013/render.png,71.91610610961914,patches/patch_013/triplet_query_render_dom.png,73
True,images/004_0004/patches/patch_014,-17.0,67.0,208,1744,376.9013671875,4807,True,11959,bilinear,12.409476280212402,bilinear,True,patches/patch_014/dom.png,10,254057.01412154437,3364014.991768134,12.409096608619393,45.9167366027832,31.506559371948242,-14.410177230834961,0.27323008849557523,0.3017094017094017,patches/patch_014/edge_overlay_after.png,patches/patch_014/edge_overlay_before.png,False,0004.JPG,images/004_0004,14,query-DOM and render-DOM similarities are both low,0.1860761195421219,69.12307863514182,patches/patch_014/overlay_after.png,patches/patch_014/overlay_before.png,texture_mismatch,patches/patch_014,0.3415318805711017,28,13.513723260349451,-37.66068648901731,0.014068049262277782,0.6851366758346558,0.6220280307034514,0.00902208499610424,0.02971487558825695,3895,82.27507019042969,data_caiwangcun/query/images/exif_test/0004.JPG,patches/patch_014/query.png,0.6129292249679565,0.6080770506182823,0.18607595562934875,0.19381002657830718,0.6218721270561218,0.277467280667797,0.10869396477937698,0.13327705070087167,1170,56.58970642089844,patches/patch_014/render.png,68.28970642089844,patches/patch_014/triplet_query_render_dom.png,73
True,images/004_0004/patches/patch_015,80.0,-21.0,4304,720,369.7958984375,6974,True,9846,bilinear,20.866086959838867,bilinear,True,patches/patch_015/dom.png,10,254360.47413490276,3364310.898642003,20.863151277239638,10.773280143737793,16.142711639404297,5.369431495666504,0.49058823529411766,0.3360995850622407,patches/patch_015/edge_overlay_after.png,patches/patch_015/edge_overlay_before.png,False,0004.JPG,images/004_0004,15,no stable high-confidence match and weak auxiliary evidence,0.509601891040802,82.71033792700887,patches/patch_015/overlay_after.png,patches/patch_015/overlay_before.png,texture_mismatch,patches/patch_015,0.3415318805711017,28,-21.78714362383127,-70.48781368970091,0.022639390197582543,0.639215350151062,0.3655082937734625,0.22731274366378784,0.23663280030691336,3729,73.3328857421875,data_caiwangcun/query/images/exif_test/0004.JPG,patches/patch_015/query.png,0.6146393418312073,0.4105902856939271,0.5096023082733154,0.5144466060477237,0.6373602151870728,0.22356621778236668,0.2602077126502991,0.2696094021117696,1687,49.269012451171875,patches/patch_015/render.png,66.13901245117188,patches/patch_015/triplet_query_render_dom.png,73
True,images/004_0004/patches/patch_016,67.0,21.0,4304,1232,362.5361328125,7142,True,10179,bilinear,28.933155059814453,bilinear,True,patches/patch_016/dom.png,10,254384.06713128847,3364264.259743755,28.933785938349274,6.548581600189209,19.338138580322266,12.789556980133057,0.6767567567567567,0.22249539028887522,patches/patch_016/edge_overlay_after.png,patches/patch_016/edge_overlay_before.png,True,0004.JPG,images/004_0004,16,high confidence with strong query-render photometric and edge agreement,0.5983254313468933,70.21395872616783,patches/patch_016/overlay_after.png,patches/patch_016/overlay_before.png,stable_match,patches/patch_016,0.3415318805711017,28,64.27958505491515,23.1373792094614,0.07695170014631003,0.6470406651496887,0.39699306383960103,0.030843660235404968,0.04331308667242702,3849,75.29327392578125,data_caiwangcun/query/images/exif_test/0004.JPG,patches/patch_016/query.png,0.7310086488723755,0.3713152444105122,0.5983259081840515,0.6029664721339627,0.6590632200241089,0.2808184253774311,0.038880862295627594,0.051538000540090466,1627,48.66897964477539,patches/patch_016/render.png,64.93897964477539,patches/patch_016/triplet_query_render_dom.png,73
True,images/004_0004/patches/patch_017,5.0,33.0,3792,2256,367.3798828125,7207,True,10971,bilinear,25.34453582763672,bilinear,True,patches/patch_017/dom.png,10,254393.11941502526,3364153.3889882173,25.341149569943468,4.231846809387207,13.353546142578125,9.121699333190918,0.9124877089478859,0.2113127001067236,patches/patch_017/edge_overlay_after.png,patches/patch_017/edge_overlay_before.png,True,0004.JPG,images/004_0004,17,high confidence with strong query-render photometric and edge agreement,0.7685219049453735,33.37663853655727,patches/patch_017/overlay_after.png,patches/patch_017/overlay_before.png,stable_match,patches/patch_017,0.3415318805711017,28,1.6362636838005642,31.72010592426267,0.28041100181872025,0.6885095238685608,0.49490821120599576,0.033537302166223526,0.04639058272143531,3155,62.629844665527344,data_caiwangcun/query/images/exif_test/0004.JPG,patches/patch_017/query.png,0.7693406343460083,0.5370254829629468,0.7685218453407288,0.7722715059784659,0.6771465539932251,0.24990517338906346,0.025686608627438545,0.03870962622923684,1874,45.97517395019531,patches/patch_017/render.png,64.71517395019532,patches/patch_017/triplet_query_render_dom.png,73
True,images/004_0004/patches/patch_018,37.0,19.0,3792,1232,372.0537109375,6848,True,10338,bilinear,19.05421257019043,bilinear,True,patches/patch_018/dom.png,10,254342.7807606517,3364241.9894835353,19.04932451608562,6.52800989151001,12.843114852905273,6.315104961395264,0.9027283511269276,0.4587096774193548,patches/patch_018/edge_overlay_after.png,patches/patch_018/edge_overlay_before.png,False,0004.JPG,images/004_0004,18,query-DOM and render-DOM similarities are both low,0.7141750454902649,41.593268686170845,patches/patch_018/overlay_after.png,patches/patch_018/overlay_before.png,texture_mismatch,patches/patch_018,0.3415318805711017,28,-80.74464552359251,33.81899562657776,0.016692899051122367,0.641227126121521,0.4047249042818258,0.0804254412651062,0.09066819557147626,3634,71.57025909423828,data_caiwangcun/query/images/exif_test/0004.JPG,patches/patch_018/query.png,0.7158798575401306,0.36699234780034673,0.7141753435134888,0.7180717123006523,0.663317084312439,0.21114898553747868,0.13086743652820587,0.1399686066562587,1550,48.17449188232422,patches/patch_018/render.png,63.67449188232422,patches/patch_018/triplet_query_render_dom.png,73
True,images/004_0004/patches/patch_019,-58.0,-22.0,1232,2768,375.6083984375,5822,True,12219,bilinear,16.105249404907227,bilinear,True,patches/patch_019/dom.png,10,254199.17933429545,3363978.6268848684,16.104923082733023,25.34669303894043,40.55099105834961,15.20429801940918,0.33035714285714285,0.16071428571428573,patches/patch_019/edge_overlay_after.png,patches/patch_019/edge_overlay_before.png,True,0004.JPG,images/004_0004,19,query-DOM and render-DOM similarities are both low,0.3689599335193634,62.03224967708329,patches/patch_019/overlay_after.png,patches/patch_019/overlay_before.png,texture_mismatch,patches/patch_019,0.3415318805711017,28,-0.6281703359490507,7.107938310430782,0.06401179195381701,0.6421176195144653,0.3788377178245849,0.0762823298573494,0.13182698770977846,224,68.89655303955078,data_caiwangcun/query/images/exif_test/0004.JPG,patches/patch_019/query.png,0.6666426062583923,0.3095470374746814,0.36896079778671265,0.4100910787439316,0.6366052627563477,0.1307942226324821,0.1178525984287262,0.16827259545391096,258,59.45460510253906,patches/patch_019/render.png,61.694605102539064,patches/patch_019/triplet_query_render_dom.png,73
True,images/004_0004/patches/patch_020,-7.0,16.0,3280,2256,363.9501953125,6891,True,11154,bilinear,28.39803695678711,bilinear,True,patches/patch_020/dom.png,10,254348.86356405125,3364127.766768183,28.397376931197584,3.279467821121216,9.792638778686523,6.513170957565308,1.1002277904328017,0.28092358438702586,patches/patch_020/edge_overlay_after.png,patches/patch_020/edge_overlay_before.png,True,0004.JPG,images/004_0004,20,high confidence with strong query-render photometric and edge agreement,0.8818569779396057,17.46424919657298,patches/patch_020/overlay_after.png,patches/patch_020/overlay_before.png,stable_match,patches/patch_020,0.3415318805711017,28,-7.343129419738318,16.17942671265625,0.4808850040426478,0.6511901021003723,0.5505064904296648,0.1955437809228897,0.20613825187105084,2665,62.18632888793945,data_caiwangcun/query/images/exif_test/0004.JPG,patches/patch_020/query.png,0.8258640170097351,0.5467972759302288,0.8818567991256714,0.8801170345833822,0.6506527662277222,0.16644271047915607,0.1685420125722885,0.18112247020152017,1819,42.91451644897461,patches/patch_020/render.png,61.10451644897461,patches/patch_020/triplet_query_render_dom.png,73
True,images/004_0004/patches/patch_021,-10.0,0.0,2768,2256,365.5087890625,6584,True,11336,bilinear,26.48028564453125,bilinear,True,patches/patch_021/dom.png,10,254305.8283078284,3364102.311141366,26.48033846350961,3.944699287414551,6.967514514923096,3.022815227508545,1.0093795093795095,0.2929078014184397,patches/patch_021/edge_overlay_after.png,patches/patch_021/edge_overlay_before.png,True,0004.JPG,images/004_0004,21,high confidence with strong query-render photometric and edge agreement,0.8564116954803467,10.0,patches/patch_021/overlay_after.png,patches/patch_021/overlay_before.png,stable_match,patches/patch_021,0.3415318805711017,28,-9.029832072471834,0.866388473386678,0.47607869328930974,0.6400036215782166,0.5324371469936567,0.1686307042837143,0.1797561984960676,2135,76.02040100097656,data_caiwangcun/query/images/exif_test/0004.JPG,patches/patch_021/query.png,0.7539268136024475,0.5053104886484951,0.8564116358757019,0.8583672568005385,0.6408541798591614,0.19953651220767848,0.16245536506175995,0.17400737466995944,1410,46.25001525878906,patches/patch_021/render.png,60.350015258789064,patches/patch_021/triplet_query_render_dom.png,73
True,images/004_0004/patches/patch_022,-80.0,15.0,208,208,374.0322265625,4261,True,11003,bilinear,12.828300476074219,bilinear,True,patches/patch_022/dom.png,10,253980.52467281625,3364148.895368769,12.828562119141338,81.85262298583984,46.88435363769531,-34.96826934814453,0.0,0.05215419501133787,patches/patch_022/edge_overlay_after.png,patches/patch_022/edge_overlay_before.png,False,0004.JPG,images/004_0004,22,large color distribution difference against render and DOM,0.4301360249519348,81.39410298049853,patches/patch_022/overlay_after.png,patches/patch_022/overlay_before.png,occlusion_or_change,patches/patch_022,0.3415318805711017,28,-21.199717659158097,1.0691810092108085,0.06250598473707214,0.6146226525306702,0.6327317831643534,0.19077067077159882,0.19978136931189672,441,54.875587463378906,data_caiwangcun/query/images/exif_test/0004.JPG,patches/patch_022/query.png,0.608944296836853,0.6003190505630872,0.4301358759403229,0.4344424988081861,0.6721266508102417,0.18732418245694998,0.3991834223270416,0.4093344717249359,535,57.080718994140625,patches/patch_022/render.png,59.2855874633789,patches/patch_022/triplet_query_render_dom.png,73
True,images/004_0004/patches/patch_023,26.0,80.0,4304,3280,377.4208984375,7925,True,11417,bilinear,17.36981201171875,bilinear,True,patches/patch_023/dom.png,10,254493.65688713852,3364090.9445934007,17.36950375096285,8.022392272949219,10.926563262939453,2.9041709899902344,0.5281456953642384,0.4662875710804224,patches/patch_023/edge_overlay_after.png,patches/patch_023/edge_overlay_before.png,False,0004.JPG,images/004_0004,23,query-DOM and render-DOM similarities are both low,0.5073027610778809,84.11896337925236,patches/patch_023/overlay_after.png,patches/patch_023/overlay_before.png,texture_mismatch,patches/patch_023,0.3415318805711017,28,10.610034943851375,-2.4586263800068195,0.0022010031971149147,0.6268385052680969,0.6499458190407472,-0.006373079027980566,0.009139536372189321,3650,76.05060577392578,data_caiwangcun/query/images/exif_test/0004.JPG,patches/patch_023/query.png,0.665637731552124,0.661540869666831,0.507302463054657,0.5124730869228864,0.6312161684036255,0.18008201120727393,0.014264271594583988,0.030857285922206074,1231,46.55671691894531,patches/patch_023/render.png,58.866716918945315,patches/patch_023/triplet_query_render_dom.png,73
True,images/004_0004/patches/patch_024,-60.0,-80.0,720,720,376.3447265625,4754,True,11133,bilinear,11.688921928405762,bilinear,True,patches/patch_024/dom.png,10,254049.54348666148,3364130.6349868313,11.688290101333678,8.022955894470215,24.676618576049805,16.65366268157959,0.2869198312236287,0.04779411764705882,patches/patch_024/edge_overlay_after.png,patches/patch_024/edge_overlay_before.png,False,0004.JPG,images/004_0004,24,large color distribution difference against render and DOM,0.8831989765167236,100.0,patches/patch_024/overlay_after.png,patches/patch_024/overlay_before.png,occlusion_or_change,patches/patch_024,0.3415318805711017,28,53.5684655077298,29.359547359178237,0.02509949286468327,0.6679288744926453,0.6399867469700405,0.437687486410141,0.4469903695803299,272,56.512184143066406,data_caiwangcun/query/images/exif_test/0004.JPG,patches/patch_024/query.png,0.7135597467422485,0.6715005775926522,0.8831984996795654,0.8840545185067896,0.6680310368537903,0.26761925778704904,0.45668336749076843,0.46455396058877035,575,56.0430908203125,patches/patch_024/render.png,58.7630908203125,patches/patch_024/triplet_query_render_dom.png,73
True,images/004_0004/patches/patch_025,-25.0,-7.0,2256,2768,376.1787109375,6459,True,11846,bilinear,16.28057861328125,bilinear,True,patches/patch_025/dom.png,10,254288.2880862773,3364030.825203025,16.281385707509287,15.839629173278809,22.726484298706055,6.886855125427246,0.7380191693290735,0.0676056338028169,patches/patch_025/edge_overlay_after.png,patches/patch_025/edge_overlay_before.png,True,0004.JPG,images/004_0004,25,query-DOM and render-DOM similarities are both low,0.6062628030776978,25.96150997149434,patches/patch_025/overlay_after.png,patches/patch_025/overlay_before.png,texture_mismatch,patches/patch_025,0.3415318805711017,28,-25.66633333627246,-6.979751860479553,0.614806144265458,0.6361705660820007,0.3309085381735463,-0.006314893253147602,0.057947815212395476,355,69.85559844970703,data_caiwangcun/query/images/exif_test/0004.JPG,patches/patch_025/query.png,0.7328711152076721,0.2775212688925162,0.6062633991241455,0.6317245746313612,0.6340185403823853,0.13544726723842695,-0.02087949961423874,0.047849520306083984,433,53.68326950073242,patches/patch_025/render.png,57.23326950073242,patches/patch_025/triplet_query_render_dom.png,73
True,images/004_0004/patches/patch_026,31.0,52.0,4304,2256,374.8681640625,7542,True,10780,bilinear,18.25170135498047,bilinear,True,patches/patch_026/dom.png,10,254439.96397193184,3364180.0841819807,18.25189096328802,4.1292243003845215,19.172548294067383,15.043323993682861,0.8182608695652174,0.08003369839932603,patches/patch_026/edge_overlay_after.png,patches/patch_026/edge_overlay_before.png,True,0004.JPG,images/004_0004,26,high confidence with strong query-render photometric and edge agreement,0.8924845457077026,60.53924347066124,patches/patch_026/overlay_after.png,patches/patch_026/overlay_before.png,stable_match,patches/patch_026,0.3415318805711017,28,24.748392957129255,46.45541652738531,0.24725600675446913,0.6461279392242432,0.4035156809662166,0.24416674673557281,0.2531547950553729,1281,57.193946838378906,data_caiwangcun/query/images/exif_test/0004.JPG,patches/patch_026/query.png,0.7222108840942383,0.3422514981628025,0.8924850225448608,0.8937736962298519,0.6367315053939819,0.2249864822334496,0.26105666160583496,0.2698804625564665,1187,44.15888595581055,patches/patch_026/render.png,56.02888595581055,patches/patch_026/triplet_query_render_dom.png,73
True,images/004_0004/patches/patch_027,80.0,-31.0,3792,208,371.4970703125,6477,True,9710,bilinear,17.97337532043457,bilinear,True,patches/patch_027/dom.png,10,254290.92970439835,3364329.923517845,17.973873900640626,9.156160354614258,17.044635772705078,7.88847541809082,0.6197440585009141,0.14756944444444445,patches/patch_027/edge_overlay_after.png,patches/patch_027/edge_overlay_before.png,True,0004.JPG,images/004_0004,27,high confidence with strong query-render photometric and edge agreement,0.8755550980567932,85.7962703152066,patches/patch_027/overlay_after.png,patches/patch_027/overlay_before.png,stable_match,patches/patch_027,0.3415318805711017,28,86.19541119549876,-35.94422455222082,0.19351596356136724,0.6503615379333496,0.49686880051031324,0.5210003852844238,0.51791931865603,1751,45.83747482299805,data_caiwangcun/query/images/exif_test/0004.JPG,patches/patch_027/query.png,0.7740048170089722,0.4552061290094276,0.8755550980567932,0.8755324742300197,0.68266361951828,0.1860944747442646,0.42740339040756226,0.42890109684862665,1728,38.302528381347656,patches/patch_027/render.png,55.58252838134766,patches/patch_027/triplet_query_render_dom.png,73
True,images/004_0004/patches/patch_028,4.0,2.0,2768,1744,361.7451171875,6402,True,11028,bilinear,29.44240379333496,bilinear,True,patches/patch_028/dom.png,10,254280.32481399094,3364145.444037073,29.44298350680498,5.752480506896973,6.769065856933594,1.016585350036621,0.9580093312597201,0.6834710743801653,patches/patch_028/edge_overlay_after.png,patches/patch_028/edge_overlay_before.png,True,0004.JPG,images/004_0004,28,high confidence with strong query-render photometric and edge agreement,0.8835551738739014,4.47213595499958,patches/patch_028/overlay_after.png,patches/patch_028/overlay_before.png,stable_match,patches/patch_028,0.3415318805711017,28,4.213033919412936,1.3986265244412976,0.4407606082968414,0.656321108341217,0.5681396900966508,0.2262297421693802,0.2340557294449914,2760,73.17083740234375,data_caiwangcun/query/images/exif_test/0004.JPG,patches/patch_028/query.png,0.7871413230895996,0.5942755110658495,0.8835554718971252,0.8843490626919853,0.6422196626663208,0.14709557216594146,0.2377718985080719,0.24577852182173762,1210,42.88857650756836,patches/patch_028/render.png,54.98857650756836,patches/patch_028/triplet_query_render_dom.png,73
True,images/004_0004/patches/patch_029,41.0,38.0,4304,1744,362.0263671875,7321,True,10487,bilinear,30.238706588745117,bilinear,True,patches/patch_029/dom.png,10,254409.13109032935,3364221.1327556237,30.23888485803343,7.749826908111572,14.41898250579834,6.669155597686768,0.5875776397515527,0.36628352490421456,patches/patch_029/edge_overlay_after.png,patches/patch_029/edge_overlay_before.png,False,0004.JPG,images/004_0004,29,query-DOM and render-DOM similarities are both low,0.6302328109741211,55.90169943749474,patches/patch_029/overlay_after.png,patches/patch_029/overlay_before.png,texture_mismatch,patches/patch_029,0.3415318805711017,28,93.43122605601062,-48.749106074972275,0.006631899741478264,0.645611047744751,0.5313237678045386,-0.027075717225670815,-0.012733612876567891,3270,66.57180786132812,data_caiwangcun/query/images/exif_test/0004.JPG,patches/patch_029/query.png,0.7345578074455261,0.6007995793308027,0.6302326321601868,0.6360325376725289,0.6524585485458374,0.247482592531464,0.0006515803397633135,0.014425675218591033,1305,41.271427154541016,patches/patch_029/render.png,54.32142715454101,patches/patch_029/triplet_query_render_dom.png,73
True,images/004_0004/patches/patch_030,80.0,48.0,4816,1744,374.4072265625,7671,True,10277,bilinear,18.258865356445312,bilinear,True,patches/patch_030/dom.png,10,254458.08669761856,3364250.5030959696,18.25942842179569,11.452278137207031,14.654343605041504,3.2020654678344727,0.40825688073394495,0.28739495798319326,patches/patch_030/edge_overlay_after.png,patches/patch_030/edge_overlay_before.png,False,0004.JPG,images/004_0004,30,query-DOM and render-DOM similarities are both low,0.37406501173973083,93.29523031752481,patches/patch_030/overlay_after.png,patches/patch_030/overlay_before.png,texture_mismatch,patches/patch_030,0.3415318805711017,28,-6.164823589504238,57.59227607709835,-0.048392885422799736,0.6475062966346741,0.39867531234227793,-0.11051765084266663,-0.0880532239291595,3427,64.02841186523438,data_caiwangcun/query/images/exif_test/0004.JPG,patches/patch_030/query.png,0.6848474144935608,0.3763030490784824,0.37406474351882935,0.38801843863261676,0.6731905937194824,0.26852445777012296,-0.04663477838039398,-0.02490190578418261,1190,42.41798400878906,patches/patch_030/render.png,54.31798400878906,patches/patch_030/triplet_query_render_dom.png,73
True,images/004_0004/patches/patch_031,20.0,-2.0,2768,1232,372.7236328125,6217,True,10708,bilinear,17.639141082763672,bilinear,True,patches/patch_031/dom.png,10,254254.4951331301,3364190.260629777,17.63946461063466,4.729648590087891,10.223493576049805,5.493844985961914,1.010543390105434,0.2648698884758364,patches/patch_031/edge_overlay_after.png,patches/patch_031/edge_overlay_before.png,True,0004.JPG,images/004_0004,31,high confidence with strong query-render photometric and edge agreement,0.8747281432151794,20.09975124224178,patches/patch_031/overlay_after.png,patches/patch_031/overlay_before.png,stable_match,patches/patch_031,0.3415318805711017,28,19.073760548710624,-1.4497008560044264,0.6923557207919657,0.6369508504867554,0.5176744552977246,0.17606882750988007,0.18344056388292154,1973,61.788997650146484,data_caiwangcun/query/images/exif_test/0004.JPG,patches/patch_031/query.png,0.7566390633583069,0.5047108256600493,0.874728262424469,0.8758414685057058,0.6444376111030579,0.2103358723455123,0.10508088022470474,0.11393127396439245,1076,43.01584243774414,patches/patch_031/render.png,53.77584243774414,patches/patch_031/triplet_query_render_dom.png,73
True,images/004_0004/patches/patch_032,-26.0,34.0,3280,3280,371.3720703125,7271,True,11782,bilinear,22.626686096191406,bilinear,True,patches/patch_032/dom.png,10,254402.0832142861,3364039.7414302905,22.627048888880722,8.080988883972168,20.635028839111328,12.55403995513916,0.934156378600823,0.17205422314911367,patches/patch_032/edge_overlay_after.png,patches/patch_032/edge_overlay_before.png,True,0004.JPG,images/004_0004,32,high confidence with strong query-render photometric and edge agreement,0.7510565519332886,42.80186911806539,patches/patch_032/overlay_after.png,patches/patch_032/overlay_before.png,stable_match,patches/patch_032,0.3415318805711017,28,-24.377121735075775,37.58374456373072,0.21761292510200292,0.6518676280975342,0.7145178470468877,0.01816590130329132,0.03835440298488591,2834,68.63911437988281,data_caiwangcun/query/images/exif_test/0004.JPG,patches/patch_032/query.png,0.7697750329971313,0.7504265463666413,0.7510561347007751,0.7527463011179123,0.662787139415741,0.18328622121209656,-0.02419300377368927,-0.0008476209115931087,959,42.83458709716797,patches/patch_032/render.png,52.42458709716797,patches/patch_032/triplet_query_render_dom.png,73
True,images/004_0004/patches/patch_033,0.0,-26.0,1744,1744,372.5927734375,5772,True,11394,bilinear,17.850046157836914,bilinear,True,patches/patch_033/dom.png,10,254192.07972807423,3364094.132332501,17.85018317990449,11.326995849609375,16.1846866607666,4.857690811157227,1.2044198895027625,0.3425414364640884,patches/patch_033/edge_overlay_after.png,patches/patch_033/edge_overlay_before.png,True,0004.JPG,images/004_0004,33,high confidence with strong query-render photometric and edge agreement,0.6436509490013123,26.0,patches/patch_033/overlay_after.png,patches/patch_033/overlay_before.png,stable_match,patches/patch_033,0.3415318805711017,28,-1.1670242816190637,-27.954864039454066,0.45274942461401224,0.643623411655426,0.45235174541592427,0.03090888448059559,0.08166946512257768,518,68.77967071533203,data_caiwangcun/query/images/exif_test/0004.JPG,patches/patch_033/query.png,0.7010310292243958,0.4726873375909299,0.6436508297920227,0.661320861722193,0.6369203329086304,0.19139151192764647,-0.0008817175403237343,0.05481340772436993,181,48.17772674560547,patches/patch_033/render.png,49.98772674560547,patches/patch_033/triplet_query_render_dom.png,73
True,images/004_0004/patches/patch_034,80.0,67.0,4816,2256,375.1376953125,7860,True,10593,bilinear,18.356281280517578,bilinear,True,patches/patch_034/dom.png,10,254484.57110083243,3364206.2615428674,18.355713019592145,8.255615234375,27.617197036743164,19.361581802368164,0.6576980568011959,0.046511627906976744,patches/patch_034/edge_overlay_after.png,patches/patch_034/edge_overlay_before.png,True,0004.JPG,images/004_0004,34,high confidence with strong query-render photometric and edge agreement,0.8424946069717407,104.35037134576953,patches/patch_034/overlay_after.png,patches/patch_034/overlay_before.png,stable_match,patches/patch_034,0.3415318805711017,28,84.08965415466022,69.5618411291666,0.161663286969997,0.6406698822975159,0.29045253930518816,0.10819849371910095,0.12005311385277449,1170,51.581939697265625,data_caiwangcun/query/images/exif_test/0004.JPG,patches/patch_034/query.png,0.7418357729911804,0.3204151697875656,0.842494547367096,0.8442811916709744,0.6514460444450378,0.18250416073261078,0.08377297222614288,0.09586619006882646,817,41.14063262939453,patches/patch_034/render.png,49.31063262939453,patches/patch_034/triplet_query_render_dom.png,73
True,images/004_0004/patches/patch_035,23.0,10.0,3280,1232,361.3486328125,6528,True,10542,bilinear,29.404916763305664,bilinear,True,patches/patch_035/dom.png,10,254298.00528891187,3364213.4498282224,29.404156085557986,12.166230201721191,18.39879035949707,6.232560157775879,0.9748995983935743,0.1001926782273603,patches/patch_035/edge_overlay_after.png,patches/patch_035/edge_overlay_before.png,True,0004.JPG,images/004_0004,35,high confidence with strong query-render photometric and edge agreement,0.7674444317817688,25.079872407968907,patches/patch_035/overlay_after.png,patches/patch_035/overlay_before.png,stable_match,patches/patch_035,0.3415318805711017,28,23.875867433361563,8.15069408231328,0.38077203463763,0.6408513784408569,0.5805160302004143,0.15797166526317596,0.16657134542115545,2686,60.793331146240234,data_caiwangcun/query/images/exif_test/0004.JPG,patches/patch_035/query.png,0.7596271634101868,0.6077284568083855,0.7674452066421509,0.7720052159021823,0.6625951528549194,0.32174519978544514,0.1576814502477646,0.16326661456150213,1038,37.76279830932617,patches/patch_035/render.png,48.142798309326174,patches/patch_035/triplet_query_render_dom.png,73
True,images/004_0004/patches/patch_036,5.0,-12.0,2256,1744,376.9345703125,6084,True,11209,bilinear,13.87136459350586,bilinear,True,patches/patch_036/dom.png,10,254235.80417428093,3364120.0342341573,13.871270173136054,5.4187116622924805,10.277202606201172,4.858490943908691,1.1986863711001643,0.31512605042016806,patches/patch_036/edge_overlay_after.png,patches/patch_036/edge_overlay_before.png,True,0004.JPG,images/004_0004,36,high confidence with strong query-render photometric and edge agreement,0.7528470754623413,13.0,patches/patch_036/overlay_after.png,patches/patch_036/overlay_before.png,stable_match,patches/patch_036,0.3415318805711017,28,3.54113358469327,-12.443195761105557,0.5228868665872142,0.6337441205978394,0.4715334322667593,0.26970914006233215,0.2971138809110497,981,70.02767181396484,data_caiwangcun/query/images/exif_test/0004.JPG,patches/patch_036/query.png,0.7504674792289734,0.4867847667342752,0.7528470158576965,0.7624430838452159,0.6431768536567688,0.14985173710555977,0.302894651889801,0.3288761906187543,476,42.29955291748047,patches/patch_036/render.png,47.05955291748047,patches/patch_036/triplet_query_render_dom.png,73
True,images/004_0004/patches/patch_037,80.0,-48.0,4816,720,372.2763671875,7293,True,9652,bilinear,18.747053146362305,bilinear,True,patches/patch_037/dom.png,10,254405.1906742303,3364338.083239016,18.747066035421597,18.968185424804688,30.06549835205078,11.097312927246094,0.34330143540669855,0.2770137524557957,patches/patch_037/edge_overlay_after.png,patches/patch_037/edge_overlay_before.png,False,0004.JPG,images/004_0004,37,edge chamfer improves but photometric agreement is weak,0.2242038995027542,93.29523031752481,patches/patch_037/overlay_after.png,patches/patch_037/overlay_before.png,edge_unreliable,patches/patch_037,0.3415318805711017,28,0.8722140573491544,-45.187472666367114,0.022414317820221186,0.6582253575325012,0.41513909950151295,0.05309539660811424,0.06312698155326754,2511,56.63809585571289,data_caiwangcun/query/images/exif_test/0004.JPG,patches/patch_037/query.png,0.625832200050354,0.43171634715153384,0.22420372068881989,0.23139486081966157,0.6544184684753418,0.25421312458360495,0.1408190131187439,0.14841302089057973,1018,35.82490539550781,patches/patch_037/render.png,46.00490539550781,patches/patch_037/triplet_query_render_dom.png,73
True,images/004_0004/patches/patch_038,59.0,1.0,3792,720,361.5341796875,6654,True,10056,bilinear,28.7827205657959,bilinear,True,patches/patch_038/dom.png,10,254315.71088584393,3364281.558175163,28.782529384238444,12.57139778137207,24.065616607666016,11.494218826293945,0.738255033557047,0.09274193548387097,patches/patch_038/edge_overlay_after.png,patches/patch_038/edge_overlay_before.png,True,0004.JPG,images/004_0004,38,high confidence with strong query-render photometric and edge agreement,0.6959668397903442,59.00847396772772,patches/patch_038/overlay_after.png,patches/patch_038/overlay_before.png,stable_match,patches/patch_038,0.3415318805711017,28,55.68740426560137,-0.4710281922830575,0.14882977958768606,0.6525046825408936,0.4448896617809298,0.08419141918420792,0.09627879148223104,2581,59.44080352783203,data_caiwangcun/query/images/exif_test/0004.JPG,patches/patch_038/query.png,0.7040380239486694,0.447353551412221,0.6959664225578308,0.6963990597127034,0.6352559924125671,0.3546502679139789,0.040659431368112564,0.0545041500189713,744,36.590797424316406,patches/patch_038/render.png,44.030797424316404,patches/patch_038/triplet_query_render_dom.png,73
True,images/004_0004/patches/patch_039,37.0,-62.0,2256,208,365.2587890625,5548,True,10280,bilinear,23.15765380859375,bilinear,True,patches/patch_039/dom.png,10,254160.7260104048,3364250.135884404,23.157412294512483,14.245295524597168,65.57125854492188,51.32596302032471,0.9497354497354498,0.22072072072072071,patches/patch_039/edge_overlay_after.png,patches/patch_039/edge_overlay_before.png,False,0004.JPG,images/004_0004,39,query-DOM and render-DOM similarities are both low,0.7064235806465149,72.20110802473879,patches/patch_039/overlay_after.png,patches/patch_039/overlay_before.png,texture_mismatch,patches/patch_039,0.3415318805711017,28,3.8708582140022116,16.261655433871567,0.004200134426355362,0.6377021074295044,0.39548671967114474,0.09852024912834167,0.13337338904232648,589,59.066551208496094,data_caiwangcun/query/images/exif_test/0004.JPG,patches/patch_039/query.png,0.7115045785903931,0.31783288358145717,0.7064237594604492,0.715325853067713,0.6464276909828186,0.2853667482409842,0.1165287122130394,0.1532888536120968,222,40.76510238647461,patches/patch_039/render.png,42.98510238647461,patches/patch_039/triplet_query_render_dom.png,73
True,images/004_0004/patches/patch_040,38.0,-3.0,3280,720,365.5888671875,6348,True,10225,bilinear,24.350793838500977,bilinear,True,patches/patch_040/dom.png,10,254272.79948421143,3364257.8400993524,24.35319753019536,5.6809163093566895,16.761310577392578,11.080394268035889,0.92,0.2119140625,patches/patch_040/edge_overlay_after.png,patches/patch_040/edge_overlay_before.png,True,0004.JPG,images/004_0004,40,high confidence with strong query-render photometric and edge agreement,0.9414671659469604,38.118237105091836,patches/patch_040/overlay_after.png,patches/patch_040/overlay_before.png,stable_match,patches/patch_040,0.3415318805711017,28,37.1814016234033,-2.687080861795664,0.5737778721377254,0.6645548939704895,0.5409093441884872,0.3178316354751587,0.3208033471940265,1509,38.89577865600586,data_caiwangcun/query/images/exif_test/0004.JPG,patches/patch_040/query.png,0.774212121963501,0.5265684748013303,0.9414669871330261,0.9411517502920884,0.6669722199440002,0.17753561141106924,0.286807119846344,0.29108698718901826,1024,27.728483200073242,patches/patch_040/render.png,37.968483200073244,patches/patch_040/triplet_query_render_dom.png,73
True,images/004_0004/patches/patch_041,16.0,63.0,4304,2768,376.3349609375,7733,True,11097,bilinear,17.617948532104492,bilinear,True,patches/patch_041/dom.png,10,254466.81808435856,3364135.6710855737,17.618761761456085,19.47859764099121,22.48450469970703,3.0059070587158203,0.5580357142857143,0.339041095890411,patches/patch_041/edge_overlay_after.png,patches/patch_041/edge_overlay_before.png,False,0004.JPG,images/004_0004,41,query-DOM and render-DOM similarities are both low,0.5133994817733765,65.0,patches/patch_041/overlay_after.png,patches/patch_041/overlay_before.png,texture_mismatch,patches/patch_041,0.3415318805711017,28,-34.949174794042904,-10.902174367947822,0.017746916506439447,0.6447921991348267,0.31956065667240613,0.07274692505598068,0.11142970251050165,1272,65.61168670654297,data_caiwangcun/query/images/exif_test/0004.JPG,patches/patch_041/query.png,0.6963739991188049,0.3512121028097509,0.5134009122848511,0.5159062661464339,0.647165060043335,0.29424246628344175,0.11667457967996597,0.16105591274205067,292,32.26161193847656,patches/patch_041/render.png,35.181611938476564,patches/patch_041/triplet_query_render_dom.png,73
True,images/004_0004/patches/patch_042,33.0,-15.0,2768,720,362.0849609375,6042,True,10414,bilinear,27.511051177978516,bilinear,True,patches/patch_042/dom.png,10,254229.88888365254,3364231.3397191395,27.511796470541526,5.441892623901367,23.672197341918945,18.230304718017578,0.5800169348010161,0.0,patches/patch_042/edge_overlay_after.png,patches/patch_042/edge_overlay_before.png,True,0004.JPG,images/004_0004,42,high confidence with strong query-render photometric and edge agreement,0.8790656924247742,36.24913792078372,patches/patch_042/overlay_after.png,patches/patch_042/overlay_before.png,stable_match,patches/patch_042,0.3415318805711017,28,14.283623738393601,-23.85266488973278,0.11788268375676125,0.6559122204780579,0.6040033786585947,0.5336810350418091,0.5389788528050714,1495,27.956911087036133,data_caiwangcun/query/images/exif_test/0004.JPG,patches/patch_042/query.png,0.7145214080810547,0.6141242347424815,0.879066526889801,0.8793194826011167,0.6350557804107666,0.21163366117833418,0.503242552280426,0.5077255954443479,823,16.900209426879883,patches/patch_042/render.png,25.130209426879883,patches/patch_042/triplet_query_render_dom.png,73
