image,candidate,stage,source,offset_east_m,offset_north_m,offset_alt_m,yaw_offset_deg,edge_chamfer,edge_overlap_ratio,unweighted_feature_loss,weighted_feature_loss_uniform,weighted_feature_loss_dom_edge,weighted_feature_loss_depth_gradient,weighted_feature_loss_combined,weighted_feature_loss_low_texture_downweight,passes_strict_visual_gate,selected_by_visual,selected_by_unweighted_feature,selected_by_weighted_uniform,selected_by_weighted_dom_edge,selected_by_weighted_depth_gradient,selected_by_weighted_combined,selected_by_weighted_low_texture_downweight,valid_depth_ratio,query_edge_count,render_edge_count
0000.jpg,initial,initial,initial,0.0,0.0,0.0,0.0,9.630294799804688,0.5285714285714286,0.23782937228679657,0.23782938718795776,0.2389969825744629,0.24350962042808533,0.24144689738750458,0.23988330364227295,True,False,False,False,False,False,False,False,1.0,734,490
0000.jpg,east_minus_1m,one_step,local_grid,-1.0,0.0,0.0,0.0,9.702973365783691,0.61875,0.23952242732048035,0.23952244222164154,0.2405005693435669,0.24538037180900574,0.24308884143829346,0.2418210804462433,False,False,False,False,False,False,False,False,0.9999728732638888,734,480
0000.jpg,east_plus_1m,one_step,local_grid,1.0,0.0,0.0,0.0,9.367851257324219,0.5247058823529411,0.23923993110656738,0.23923997581005096,0.2406650185585022,0.24491775035858154,0.2430613934993744,0.24111716449260712,False,False,False,False,False,False,False,False,1.0,734,425
0000.jpg,north_minus_1m,one_step,local_grid,0.0,-1.0,0.0,0.0,9.560669898986816,0.5698689956331878,0.2379390448331833,0.2379390448331833,0.23901371657848358,0.24374496936798096,0.24152348935604095,0.23981688916683197,True,False,False,False,False,False,False,False,1.0,734,458
0000.jpg,north_plus_1m,one_step,local_grid,0.0,1.0,0.0,0.0,9.894988059997559,0.565410199556541,0.2428925335407257,0.2428925484418869,0.24420234560966492,0.24830472469329834,0.24652688205242157,0.24539834260940552,False,False,False,False,False,False,False,False,0.9999728732638888,734,451
0000.jpg,yaw_minus_1deg,one_step,local_grid,0.0,0.0,0.0,-1.0,9.350302696228027,0.7122969837587007,0.2399282455444336,0.2399282455444336,0.24156537652015686,0.24620145559310913,0.2439012974500656,0.2419290989637375,True,False,False,False,False,False,False,False,1.0,734,431
0000.jpg,yaw_plus_1deg,one_step,local_grid,0.0,0.0,0.0,1.0,10.040475845336914,0.3895131086142322,0.24011102318763733,0.24011102318763733,0.2405962198972702,0.24513331055641174,0.24319231510162354,0.24223081767559052,False,False,False,False,False,False,False,False,1.0,734,534
0000.jpg,alt_minus_1m,one_step,local_grid,0.0,0.0,-1.0,0.0,9.730813980102539,0.5305343511450382,0.23663488030433655,0.23663489520549774,0.23780040442943573,0.2424508035182953,0.24034029245376587,0.23865488171577454,False,False,False,False,False,False,False,False,1.0,734,524
0000.jpg,alt_plus_1m,one_step,local_grid,0.0,0.0,1.0,0.0,9.739657402038574,0.5452631578947369,0.23985782265663147,0.23985779285430908,0.2411961555480957,0.24549143016338348,0.2435750961303711,0.24200300872325897,False,False,False,False,False,False,False,False,0.9999728732638888,734,475
0000.jpg,coarse_em5_nm5,coarse_translation,local_grid,-5.0,-5.0,0.0,0.0,9.441826820373535,0.7146067415730337,0.24671678245067596,0.24671678245067596,0.24673888087272644,0.2525739073753357,0.24973838031291962,0.24795672297477722,True,False,False,False,False,False,False,False,0.9999186197916666,734,445
0000.jpg,coarse_em5_nm3,coarse_translation,local_grid,-5.0,-3.0,0.0,0.0,10.03858757019043,0.6705069124423964,0.24575266242027283,0.24575266242027283,0.24589751660823822,0.2517281472682953,0.2487952709197998,0.248022198677063,False,False,False,False,False,False,False,False,0.9998914930555556,734,434
0000.jpg,coarse_em5_nm1,coarse_translation,local_grid,-5.0,-1.0,0.0,0.0,7.764274597167969,0.6763392857142857,0.24276143312454224,0.24276146292686462,0.24310795962810516,0.2484435737133026,0.245814248919487,0.2457684874534607,True,False,False,False,False,False,False,False,0.9998101128472222,734,448
0000.jpg,coarse_em5_np0,coarse_translation,local_grid,-5.0,0.0,0.0,0.0,8.035930633544922,0.6375545851528385,0.24361786246299744,0.24361786246299744,0.24419812858104706,0.24906687438488007,0.24674396216869354,0.2470523566007614,True,False,False,False,False,False,False,False,0.9997829861111112,734,458
0000.jpg,coarse_em5_np1,coarse_translation,local_grid,-5.0,1.0,0.0,0.0,7.948395729064941,0.684331797235023,0.24535149335861206,0.24535147845745087,0.24593517184257507,0.25045084953308105,0.2483331263065338,0.24937042593955994,True,False,False,False,False,False,False,False,0.9998643663194444,734,434
0000.jpg,coarse_em5_np3,coarse_translation,local_grid,-5.0,3.0,0.0,0.0,8.914979934692383,0.76010101010101,0.24885711073875427,0.24885712563991547,0.24950198829174042,0.25354328751564026,0.25162652134895325,0.25360286235809326,True,False,False,False,False,False,False,False,0.9998372395833334,734,396
0000.jpg,coarse_em5_np5,coarse_translation,local_grid,-5.0,5.0,0.0,0.0,9.66048812866211,0.6834862385321101,0.2554331421852112,0.2554331421852112,0.2563614845275879,0.25949084758758545,0.25804978609085083,0.2606673836708069,False,False,False,False,False,False,False,False,0.9999186197916666,734,436
0000.jpg,coarse_em3_nm5,coarse_translation,local_grid,-3.0,-5.0,0.0,0.0,9.575414657592773,0.6833333333333333,0.24337999522686005,0.24337999522686005,0.2434626668691635,0.24909541010856628,0.24634668231010437,0.24419260025024414,True,False,False,False,False,False,False,False,0.9999457465277778,734,420
0000.jpg,coarse_em3_nm3,coarse_translation,local_grid,-3.0,-3.0,0.0,0.0,9.676311492919922,0.6634844868735084,0.24241366982460022,0.24241366982460022,0.24274122714996338,0.24831748008728027,0.2454988658428192,0.2441834658384323,False,False,False,False,False,False,False,False,0.9999457465277778,734,419
0000.jpg,coarse_em3_nm1,coarse_translation,local_grid,-3.0,-1.0,0.0,0.0,9.719840049743652,0.6190476190476191,0.24089860916137695,0.24089860916137695,0.24161145091056824,0.24663865566253662,0.24424192309379578,0.243504136800766,False,False,False,False,False,False,False,False,0.9998914930555556,734,441
0000.jpg,coarse_em3_np0,coarse_translation,local_grid,-3.0,0.0,0.0,0.0,7.584714412689209,0.7296037296037297,0.2381581962108612,0.2381581962108612,0.23897087574005127,0.24373021721839905,0.24150985479354858,0.24109995365142822,True,True,False,False,False,False,False,False,0.9998643663194444,734,429
0000.jpg,coarse_em3_np1,coarse_translation,local_grid,-3.0,1.0,0.0,0.0,8.351807594299316,0.6474358974358975,0.2409687489271164,0.2409687489271164,0.24193212389945984,0.24635784327983856,0.24437198042869568,0.24430611729621887,True,False,False,False,False,False,False,False,0.9998643663194444,734,468
0000.jpg,coarse_em3_np3,coarse_translation,local_grid,-3.0,3.0,0.0,0.0,9.366739273071289,0.7174887892376681,0.24594470858573914,0.24594470858573914,0.24687767028808594,0.2507432997226715,0.24903669953346252,0.25013646483421326,True,False,False,False,False,False,False,False,0.9999186197916666,734,446
0000.jpg,coarse_em3_np5,coarse_translation,local_grid,-3.0,5.0,0.0,0.0,9.470069885253906,0.6745182012847966,0.24958118796348572,0.2495812028646469,0.2506781816482544,0.253781795501709,0.2524632215499878,0.2542029321193695,True,False,False,False,False,False,False,False,0.9999186197916666,734,467
0000.jpg,coarse_em1_nm5,coarse_translation,local_grid,-1.0,-5.0,0.0,0.0,10.022810935974121,0.6908713692946058,0.23978862166404724,0.23978862166404724,0.23996597528457642,0.24497418105602264,0.24250197410583496,0.2399354875087738,False,False,False,False,False,False,False,False,1.0,734,482
0000.jpg,coarse_em1_nm3,coarse_translation,local_grid,-1.0,-3.0,0.0,0.0,8.544830322265625,0.668859649122807,0.2354610413312912,0.2354610413312912,0.23617681860923767,0.24140453338623047,0.23898327350616455,0.23650704324245453,True,False,True,True,True,True,True,True,0.9999728732638888,734,456
0000.jpg,coarse_em1_nm1,coarse_translation,local_grid,-1.0,-1.0,0.0,0.0,9.602714538574219,0.6568848758465011,0.2383556216955185,0.2383556216955185,0.2392411082983017,0.24426822364330292,0.24186401069164276,0.240446075797081,True,False,False,False,False,False,False,False,0.9999728732638888,734,443
0000.jpg,coarse_em1_np1,coarse_translation,local_grid,-1.0,1.0,0.0,0.0,9.521353721618652,0.6075156576200418,0.23927967250347137,0.23927967250347137,0.24043802917003632,0.24473696947097778,0.24282199144363403,0.24201297760009766,True,False,False,False,False,False,False,False,0.9999728732638888,734,479
0000.jpg,coarse_em1_np3,coarse_translation,local_grid,-1.0,3.0,0.0,0.0,9.473640441894531,0.6276849642004774,0.24641422927379608,0.24641422927379608,0.24774841964244843,0.2510649561882019,0.24975591897964478,0.25012725591659546,True,False,False,False,False,False,False,False,0.9999457465277778,734,419
0000.jpg,coarse_em1_np5,coarse_translation,local_grid,-1.0,5.0,0.0,0.0,9.475492477416992,0.6484375,0.25130778551101685,0.25130778551101685,0.2526599168777466,0.2554227113723755,0.25437813997268677,0.2555464208126068,True,False,False,False,False,False,False,False,0.9999728732638888,734,384
0000.jpg,coarse_ep0_nm5,coarse_translation,local_grid,0.0,-5.0,0.0,0.0,8.165203094482422,0.7214912280701754,0.23735861480236053,0.23735861480236053,0.23758792877197266,0.2425309121608734,0.24009834229946136,0.23723971843719482,True,False,False,False,False,False,False,False,1.0,734,456
0000.jpg,coarse_ep0_nm3,coarse_translation,local_grid,0.0,-3.0,0.0,0.0,9.377066612243652,0.5756302521008403,0.237529918551445,0.237529918551445,0.23822960257530212,0.24349074065685272,0.24102497100830078,0.23827263712882996,True,False,False,False,False,False,False,False,1.0,734,476
0000.jpg,coarse_ep0_np3,coarse_translation,local_grid,0.0,3.0,0.0,0.0,9.409541130065918,0.5129310344827587,0.24699394404888153,0.24699394404888153,0.24846820533275604,0.2516002655029297,0.25043371319770813,0.2504926025867462,False,False,False,False,False,False,False,False,0.9999728732638888,734,464
0000.jpg,coarse_ep0_np5,coarse_translation,local_grid,0.0,5.0,0.0,0.0,9.98717975616455,0.45866141732283466,0.25359994173049927,0.25359994173049927,0.255273699760437,0.25766709446907043,0.2569325566291809,0.2577068507671356,False,False,False,False,False,False,False,False,0.9999728732638888,734,508
0000.jpg,coarse_ep1_nm5,coarse_translation,local_grid,1.0,-5.0,0.0,0.0,9.718786239624023,0.6306306306306306,0.2385697364807129,0.2385697364807129,0.23886315524578094,0.24381956458091736,0.24139396846294403,0.23820790648460388,False,False,False,False,False,False,False,False,1.0,734,444
0000.jpg,coarse_ep1_nm3,coarse_translation,local_grid,1.0,-3.0,0.0,0.0,9.861319541931152,0.5488372093023256,0.2372661679983139,0.2372661828994751,0.2380640208721161,0.24319016933441162,0.2408013641834259,0.23780354857444763,False,False,False,False,False,False,False,False,1.0,734,430
0000.jpg,coarse_ep1_nm1,coarse_translation,local_grid,1.0,-1.0,0.0,0.0,10.024210929870605,0.4793028322440087,0.24107453227043152,0.24107453227043152,0.24248801171779633,0.24712631106376648,0.24502861499786377,0.2423418015241623,False,False,False,False,False,False,False,False,1.0,734,459
0000.jpg,coarse_ep1_np1,coarse_translation,local_grid,1.0,1.0,0.0,0.0,10.819026947021484,0.48210526315789476,0.24117329716682434,0.24117326736450195,0.2427266538143158,0.2466454952955246,0.24502745270729065,0.2433176040649414,False,False,False,False,False,False,False,False,1.0,734,475
0000.jpg,coarse_ep1_np3,coarse_translation,local_grid,1.0,3.0,0.0,0.0,9.839853286743164,0.45751633986928103,0.24761395156383514,0.24761395156383514,0.2492799162864685,0.2523266077041626,0.25125324726104736,0.250511109828949,False,False,False,False,False,False,False,False,0.9999728732638888,734,459
0000.jpg,coarse_ep1_np5,coarse_translation,local_grid,1.0,5.0,0.0,0.0,9.709207534790039,0.493801652892562,0.25155365467071533,0.25155362486839294,0.25325918197631836,0.25557518005371094,0.2549210786819458,0.2553965449333191,False,False,False,False,False,False,False,False,1.0,734,484
0000.jpg,coarse_ep3_nm5,coarse_translation,local_grid,3.0,-5.0,0.0,0.0,9.608701705932617,0.4723404255319149,0.24121737480163574,0.24121737480163574,0.24152231216430664,0.24654293060302734,0.24403421580791473,0.2401132583618164,False,False,False,False,False,False,False,False,1.0,734,470
0000.jpg,coarse_ep3_nm3,coarse_translation,local_grid,3.0,-3.0,0.0,0.0,9.722278594970703,0.5180995475113123,0.23807141184806824,0.23807141184806824,0.23915551602840424,0.2432372272014618,0.24145647883415222,0.23783966898918152,False,False,False,False,False,False,False,False,1.0,734,442
0000.jpg,coarse_ep3_nm1,coarse_translation,local_grid,3.0,-1.0,0.0,0.0,9.813729286193848,0.43621399176954734,0.23966984450817108,0.23966984450817108,0.24134396016597748,0.24535004794597626,0.24384216964244843,0.24024294316768646,False,False,False,False,False,False,False,False,1.0,734,486
0000.jpg,coarse_ep3_np0,coarse_translation,local_grid,3.0,0.0,0.0,0.0,9.99071979522705,0.5091324200913242,0.24556908011436462,0.24556908011436462,0.24752849340438843,0.25115999579429626,0.24981915950775146,0.24696597456932068,False,False,False,False,False,False,False,False,1.0,734,438
0000.jpg,coarse_ep3_np1,coarse_translation,local_grid,3.0,1.0,0.0,0.0,9.909313201904297,0.46813186813186813,0.24334506690502167,0.24334506690502167,0.2453487366437912,0.24853633344173431,0.24749484658241272,0.24507316946983337,False,False,False,False,False,False,False,False,1.0,734,455
0000.jpg,coarse_ep3_np3,coarse_translation,local_grid,3.0,3.0,0.0,0.0,10.321030616760254,0.46804123711340206,0.24755308032035828,0.24755311012268066,0.24963700771331787,0.25211983919143677,0.25155478715896606,0.24993810057640076,False,False,False,False,False,False,False,False,1.0,734,485
0000.jpg,coarse_ep3_np5,coarse_translation,local_grid,3.0,5.0,0.0,0.0,9.79416275024414,0.5121951219512195,0.2557849884033203,0.2557849884033203,0.25774726271629333,0.2597443461418152,0.259451687335968,0.25905388593673706,False,False,False,False,False,False,False,False,1.0,734,451
0000.jpg,coarse_ep5_nm5,coarse_translation,local_grid,5.0,-5.0,0.0,0.0,9.620601654052734,0.5275938189845475,0.24295318126678467,0.24295318126678467,0.24362429976463318,0.2479865550994873,0.24595682322978973,0.24148496985435486,False,False,False,False,False,False,False,False,1.0,734,453
0000.jpg,coarse_ep5_nm3,coarse_translation,local_grid,5.0,-3.0,0.0,0.0,9.824384689331055,0.5,0.24379956722259521,0.24379956722259521,0.24528169631958008,0.2485547959804535,0.24738666415214539,0.24313782155513763,False,False,False,False,False,False,False,False,1.0,734,464
0000.jpg,coarse_ep5_nm1,coarse_translation,local_grid,5.0,-1.0,0.0,0.0,9.942079544067383,0.5,0.24562136828899384,0.24562136828899384,0.24755625426769257,0.25111085176467896,0.25001704692840576,0.24571804702281952,False,False,False,False,False,False,False,False,1.0,734,460
0000.jpg,coarse_ep5_np0,coarse_translation,local_grid,5.0,0.0,0.0,0.0,10.26354694366455,0.43259557344064387,0.24530725181102753,0.24530725181102753,0.24749919772148132,0.2505655884742737,0.24983547627925873,0.24569015204906464,False,False,False,False,False,False,False,False,1.0,734,497
0000.jpg,coarse_ep5_np1,coarse_translation,local_grid,5.0,1.0,0.0,0.0,10.054170608520508,0.4673913043478261,0.24987635016441345,0.24987635016441345,0.25244051218032837,0.2550138235092163,0.2547050714492798,0.2507507801055908,False,False,False,False,False,False,False,False,1.0,734,460
0000.jpg,coarse_ep5_np3,coarse_translation,local_grid,5.0,3.0,0.0,0.0,9.726546287536621,0.4359504132231405,0.25314590334892273,0.25314590334892273,0.2555367648601532,0.25789546966552734,0.2576030194759369,0.25496742129325867,False,False,False,False,False,False,False,False,1.0,734,484
0000.jpg,coarse_ep5_np5,coarse_translation,local_grid,5.0,5.0,0.0,0.0,9.94166088104248,0.36875,0.2569504976272583,0.2569504976272583,0.25937628746032715,0.26073193550109863,0.26095426082611084,0.2595618963241577,False,False,False,False,False,False,False,False,1.0,734,480
0000.jpg,coarse_em3_np0__yaw_m2,yaw_refine,local_grid,-3.0,0.0,0.0,-2.0,9.295697212219238,0.745958429561201,0.24724845588207245,0.24724844098091125,0.24865195155143738,0.25414273142814636,0.25113949179649353,0.2495240420103073,True,False,False,False,False,False,False,False,0.9999457465277778,734,433
0000.jpg,coarse_em3_np0__yaw_m1,yaw_refine,local_grid,-3.0,0.0,0.0,-1.0,9.654826164245605,0.7167070217917676,0.24055218696594238,0.24055218696594238,0.24164104461669922,0.24696043133735657,0.244248628616333,0.24325990676879883,False,False,False,False,False,False,False,False,0.9999457465277778,734,413
0000.jpg,coarse_em3_np0__yaw_m0p5,yaw_refine,local_grid,-3.0,0.0,0.0,-0.5,9.186325073242188,0.7060133630289532,0.24007843434810638,0.24007843434810638,0.24107500910758972,0.24592404067516327,0.24361149966716766,0.24298220872879028,True,False,False,False,False,False,False,False,0.9999186197916666,734,449
0000.jpg,coarse_em3_np0__yaw_p0p5,yaw_refine,local_grid,-3.0,0.0,0.0,0.5,9.816633224487305,0.7694117647058824,0.24190807342529297,0.24190810322761536,0.24244610965251923,0.24709372222423553,0.24500058591365814,0.2450633943080902,False,False,False,False,False,False,False,False,0.9999457465277778,734,425
0000.jpg,coarse_em3_np0__yaw_p1,yaw_refine,local_grid,-3.0,0.0,0.0,1.0,9.575553894042969,0.7276887871853547,0.24378913640975952,0.2437891662120819,0.2440464347600937,0.24842660129070282,0.24648869037628174,0.24719683825969696,True,False,False,False,False,False,False,False,0.9999728732638888,734,437
0000.jpg,coarse_em3_np0__yaw_p2,yaw_refine,local_grid,-3.0,0.0,0.0,2.0,9.839456558227539,0.5550660792951542,0.2503044605255127,0.2503044605255127,0.24967634677886963,0.2530786991119385,0.251558780670166,0.25344276428222656,False,False,False,False,False,False,False,False,1.0,734,454
0000.jpg,coarse_em5_nm1__yaw_m2,yaw_refine,local_grid,-5.0,-1.0,0.0,-2.0,9.35512924194336,0.6778523489932886,0.25032132863998413,0.25032132863998413,0.25103959441185,0.2575838267803192,0.2538747191429138,0.25256067514419556,True,False,False,False,False,False,False,False,0.9998914930555556,734,447
0000.jpg,coarse_em5_nm1__yaw_m1,yaw_refine,local_grid,-5.0,-1.0,0.0,-1.0,9.341248512268066,0.817258883248731,0.24477243423461914,0.24477243423461914,0.24541644752025604,0.25160133838653564,0.24834255874156952,0.24750415980815887,True,False,False,False,False,False,False,False,0.9998914930555556,734,394
0000.jpg,coarse_em5_nm1__yaw_m0p5,yaw_refine,local_grid,-5.0,-1.0,0.0,-0.5,9.295085906982422,0.7232558139534884,0.2442135065793991,0.2442135065793991,0.24477821588516235,0.25029587745666504,0.2475208044052124,0.247243732213974,True,False,False,False,False,False,False,False,0.9998643663194444,734,430
0000.jpg,coarse_em5_nm1__yaw_p0p5,yaw_refine,local_grid,-5.0,-1.0,0.0,0.5,7.999950408935547,0.6199524940617577,0.24634408950805664,0.24634408950805664,0.246391162276268,0.2515259087085724,0.2490512728691101,0.2495773285627365,True,False,False,False,False,False,False,False,0.9998643663194444,734,421
0000.jpg,coarse_em5_nm1__yaw_p1,yaw_refine,local_grid,-5.0,-1.0,0.0,1.0,9.631170272827148,0.6143187066974596,0.24899184703826904,0.24899184703826904,0.24877560138702393,0.2534105181694031,0.2511984705924988,0.25251275300979614,False,False,False,False,False,False,False,False,0.9999457465277778,734,433
0000.jpg,coarse_em5_nm1__yaw_p2,yaw_refine,local_grid,-5.0,-1.0,0.0,2.0,9.766047477722168,0.7118279569892473,0.2561146020889282,0.2561146020889282,0.255350798368454,0.25875669717788696,0.2571757435798645,0.25946295261383057,False,False,False,False,False,False,False,False,0.9999728732638888,734,465
0000.jpg,coarse_em5_np1__yaw_m2,yaw_refine,local_grid,-5.0,1.0,0.0,-2.0,9.556193351745605,0.7436440677966102,0.2505468428134918,0.2505468726158142,0.2521522641181946,0.257199764251709,0.2546237111091614,0.25355902314186096,True,False,False,False,False,False,False,False,0.9999728732638888,734,472
0000.jpg,coarse_em5_np1__yaw_m1,yaw_refine,local_grid,-5.0,1.0,0.0,-1.0,9.478228569030762,0.712742980561555,0.24552157521247864,0.24552157521247864,0.24653175473213196,0.25179538130760193,0.2491159737110138,0.24904827773571014,True,False,False,False,False,False,False,False,0.9998914930555556,734,463
0000.jpg,coarse_em5_np1__yaw_m0p5,yaw_refine,local_grid,-5.0,1.0,0.0,-0.5,7.998734474182129,0.7288557213930348,0.24425479769706726,0.24425479769706726,0.24506041407585144,0.250078409910202,0.24762234091758728,0.24794626235961914,True,False,False,False,False,False,False,False,0.9998372395833334,734,402
0000.jpg,coarse_em5_np1__yaw_p0p5,yaw_refine,local_grid,-5.0,1.0,0.0,0.5,8.425321578979492,0.6149425287356322,0.24662171304225922,0.2466217279434204,0.24691158533096313,0.2511858642101288,0.24916765093803406,0.2506834864616394,True,False,False,False,False,False,False,False,0.9998643663194444,734,522
0000.jpg,coarse_em5_np1__yaw_p1,yaw_refine,local_grid,-5.0,1.0,0.0,1.0,10.053895950317383,0.6007751937984496,0.2492825984954834,0.2492826282978058,0.2492721527814865,0.25329282879829407,0.25136706233024597,0.25347626209259033,False,False,False,False,False,False,False,False,0.9998643663194444,734,516
0000.jpg,coarse_em5_np1__yaw_p2,yaw_refine,local_grid,-5.0,1.0,0.0,2.0,10.556397438049316,0.6942528735632184,0.25689420104026794,0.25689420104026794,0.2563113868236542,0.2592185437679291,0.25786516070365906,0.26133084297180176,False,False,False,False,False,False,False,False,0.9999728732638888,734,435
0000.jpg,coarse_em5_np0__yaw_m2,yaw_refine,local_grid,-5.0,0.0,0.0,-2.0,9.679463386535645,0.7017543859649122,0.2509196400642395,0.2509196400642395,0.2520814836025238,0.2578069567680359,0.2547002136707306,0.253570020198822,False,False,False,False,False,False,False,False,0.9999186197916666,734,456
0000.jpg,coarse_em5_np0__yaw_m1,yaw_refine,local_grid,-5.0,0.0,0.0,-1.0,9.899178504943848,0.6526104417670683,0.245466947555542,0.24546697735786438,0.2462449073791504,0.2519945502281189,0.2489660233259201,0.2487953156232834,False,False,False,False,False,False,False,False,0.9998914930555556,734,498
0000.jpg,coarse_em5_np0__yaw_m0p5,yaw_refine,local_grid,-5.0,0.0,0.0,-0.5,9.44880485534668,0.8075949367088607,0.2445041835308075,0.24450421333312988,0.24519160389900208,0.2504509389400482,0.24783830344676971,0.24793580174446106,True,False,False,False,False,False,False,False,0.9998643663194444,734,395
0000.jpg,coarse_em5_np0__yaw_p0p5,yaw_refine,local_grid,-5.0,0.0,0.0,0.5,7.998011589050293,0.5609195402298851,0.24663710594177246,0.24663713574409485,0.24691562354564667,0.2515212297439575,0.2493385523557663,0.250340074300766,True,False,False,False,False,False,False,False,0.9998643663194444,734,435
0000.jpg,coarse_em5_np0__yaw_p1,yaw_refine,local_grid,-5.0,0.0,0.0,1.0,9.751029968261719,0.646551724137931,0.2491830289363861,0.2491830289363861,0.24910399317741394,0.2534831464290619,0.25137776136398315,0.2530784010887146,False,False,False,False,False,False,False,False,0.9999186197916666,734,464
0000.jpg,coarse_em5_np0__yaw_p2,yaw_refine,local_grid,-5.0,0.0,0.0,2.0,9.819106101989746,0.7194092827004219,0.25596320629119873,0.2559632360935211,0.25524112582206726,0.2585034668445587,0.25695061683654785,0.25989246368408203,False,False,False,False,False,False,False,False,1.0,734,474
0000.jpg,coarse_ep0_nm5__yaw_m2,yaw_refine,local_grid,0.0,-5.0,0.0,-2.0,9.723713874816895,0.7006237006237006,0.24679777026176453,0.24679777026176453,0.24664676189422607,0.25323471426963806,0.24925017356872559,0.24642615020275116,False,False,False,False,False,False,False,False,1.0,734,481
0000.jpg,coarse_ep0_nm5__yaw_m1,yaw_refine,local_grid,0.0,-5.0,0.0,-1.0,9.160085678100586,0.7644110275689223,0.24121789634227753,0.24121789634227753,0.24132341146469116,0.24753718078136444,0.24404513835906982,0.24078482389450073,True,False,False,False,False,False,False,False,0.9999728732638888,734,399
0000.jpg,coarse_ep0_nm5__yaw_m0p5,yaw_refine,local_grid,0.0,-5.0,0.0,-0.5,10.14546012878418,0.7307692307692307,0.24017781019210815,0.24017781019210815,0.24042385816574097,0.2458866834640503,0.24300459027290344,0.24004167318344116,False,False,False,False,False,False,False,False,1.0,734,442
0000.jpg,coarse_ep0_nm5__yaw_p0p5,yaw_refine,local_grid,0.0,-5.0,0.0,0.5,9.752005577087402,0.6498855835240275,0.23731565475463867,0.23731565475463867,0.23696336150169373,0.24214407801628113,0.23954078555107117,0.2367595136165619,False,False,False,False,False,False,False,False,1.0,734,437
0000.jpg,coarse_ep0_nm5__yaw_p1,yaw_refine,local_grid,0.0,-5.0,0.0,1.0,9.713675498962402,0.5450643776824035,0.23956744372844696,0.23956744372844696,0.23931525647640228,0.24468505382537842,0.24221716821193695,0.23916012048721313,False,False,False,False,False,False,False,False,1.0,734,466
0000.jpg,coarse_ep0_nm5__yaw_p2,yaw_refine,local_grid,0.0,-5.0,0.0,2.0,10.073780059814453,0.39314516129032256,0.2425675243139267,0.2425675094127655,0.24283330142498016,0.24697797000408173,0.24547454714775085,0.2416984736919403,False,False,False,False,False,False,False,False,1.0,734,496
0001.JPG,initial,initial,initial,0.0,0.0,0.0,0.0,4.17815637588501,0.6847222222222222,0.2715243697166443,0.2715243697166443,0.25613564252853394,0.2712886929512024,0.26324135065078735,0.260352224111557,True,False,False,False,False,False,False,False,1.0,1475,1440
0001.JPG,east_minus_1m,one_step,local_grid,-1.0,0.0,0.0,0.0,4.230487823486328,0.6512749827705031,0.27276039123535156,0.27276039123535156,0.2576228082180023,0.2728191316127777,0.2648540735244751,0.26163268089294434,False,False,False,False,False,False,False,False,1.0,1475,1451
0001.JPG,east_plus_1m,one_step,local_grid,1.0,0.0,0.0,0.0,4.257626056671143,0.6403568977350721,0.27523037791252136,0.27523040771484375,0.25952818989753723,0.2747047543525696,0.2666440010070801,0.2638913094997406,False,False,False,False,False,False,False,False,1.0,1475,1457
0001.JPG,north_minus_1m,one_step,local_grid,0.0,-1.0,0.0,0.0,4.326195240020752,0.6703146374829001,0.27293139696121216,0.27293139696121216,0.2571697235107422,0.2729463279247284,0.2645638883113861,0.2612655460834503,False,False,False,False,False,False,False,False,1.0,1475,1462
0001.JPG,north_plus_1m,one_step,local_grid,0.0,1.0,0.0,0.0,4.38344144821167,0.6414825374198146,0.27468207478523254,0.27468204498291016,0.25951525568962097,0.2739958167076111,0.26628753542900085,0.26391521096229553,False,False,False,False,False,False,False,False,1.0,1475,1403
0001.JPG,yaw_minus_1deg,one_step,local_grid,0.0,0.0,0.0,-1.0,3.9808506965637207,0.6955587392550143,0.27951961755752563,0.27951961755752563,0.2636379301548004,0.2769966423511505,0.2698151469230652,0.2692035138607025,True,False,False,False,False,False,False,False,1.0,1475,1396
0001.JPG,yaw_plus_1deg,one_step,local_grid,0.0,0.0,0.0,1.0,4.157229423522949,0.6467796610169492,0.2668754756450653,0.2668754756450653,0.25188788771629333,0.2667355537414551,0.2589051425457001,0.2551463842391968,False,False,False,False,False,False,False,False,1.0,1475,1497
0001.JPG,alt_minus_1m,one_step,local_grid,0.0,0.0,-1.0,0.0,4.102371692657471,0.6908474576271186,0.2699143588542938,0.2699143588542938,0.2545686364173889,0.2696513533592224,0.26162490248680115,0.25885099172592163,True,False,False,False,False,False,False,False,1.0,1475,1500
0001.JPG,alt_plus_1m,one_step,local_grid,0.0,0.0,1.0,0.0,4.859289169311523,0.7320916905444126,0.275950163602829,0.275950163602829,0.2602453827857971,0.2757912874221802,0.26757383346557617,0.2642796039581299,False,False,False,False,False,False,False,False,1.0,1475,1396
0001.JPG,coarse_em5_nm5,coarse_translation,local_grid,-5.0,-5.0,0.0,0.0,4.270202159881592,0.6941678520625889,0.27487266063690186,0.27487266063690186,0.259568989276886,0.2765648365020752,0.2668731212615967,0.26402777433395386,False,False,False,False,False,False,False,False,1.0,1475,1406
0001.JPG,coarse_em5_nm3,coarse_translation,local_grid,-5.0,-3.0,0.0,0.0,4.2009100914001465,0.7033356990773598,0.2733558416366577,0.2733558416366577,0.25816649198532104,0.2756739854812622,0.2660770118236542,0.2623898684978485,False,False,False,False,False,False,False,False,1.0,1475,1409
0001.JPG,coarse_em5_nm1,coarse_translation,local_grid,-5.0,-1.0,0.0,0.0,4.019493103027344,0.6992215145081387,0.26973605155944824,0.26973602175712585,0.2549667954444885,0.27132439613342285,0.26236236095428467,0.25965410470962524,True,False,False,False,False,False,False,False,1.0,1475,1413
0001.JPG,coarse_em5_np0,coarse_translation,local_grid,-5.0,0.0,0.0,0.0,4.089858531951904,0.6541459957476967,0.26974424719810486,0.26974421739578247,0.2553118169307709,0.27099019289016724,0.2624484896659851,0.26010727882385254,False,False,False,False,False,False,False,False,1.0,1475,1411
0001.JPG,coarse_em5_np1,coarse_translation,local_grid,-5.0,1.0,0.0,0.0,4.124465465545654,0.6555956678700361,0.2719060778617859,0.2719060778617859,0.2574244737625122,0.2732013463973999,0.26461061835289,0.2620278000831604,False,False,False,False,False,False,False,False,1.0,1475,1385
0001.JPG,coarse_em5_np3,coarse_translation,local_grid,-5.0,3.0,0.0,0.0,4.041631698608398,0.6413415468856948,0.2747994065284729,0.2747994065284729,0.26045557856559753,0.27517327666282654,0.26720818877220154,0.26422256231307983,False,False,False,False,False,False,False,False,1.0,1475,1461
0001.JPG,coarse_em5_np5,coarse_translation,local_grid,-5.0,5.0,0.0,0.0,4.294449329376221,0.6150598170302604,0.27649420499801636,0.27649420499801636,0.26323455572128296,0.27596551179885864,0.2694754898548126,0.2669839859008789,False,False,False,False,False,False,False,False,1.0,1475,1421
0001.JPG,coarse_em3_nm5,coarse_translation,local_grid,-3.0,-5.0,0.0,0.0,4.078908920288086,0.7032967032967034,0.27472683787345886,0.27472683787345886,0.2590174078941345,0.2753209173679352,0.26609134674072266,0.26412034034729004,True,False,False,False,False,False,False,False,1.0,1475,1456
0001.JPG,coarse_em3_nm3,coarse_translation,local_grid,-3.0,-3.0,0.0,0.0,4.158227920532227,0.6950704225352112,0.27300524711608887,0.27300524711608887,0.2573036551475525,0.2743009328842163,0.2650456428527832,0.2616446614265442,True,False,False,False,False,False,False,False,1.0,1475,1420
0001.JPG,coarse_em3_nm1,coarse_translation,local_grid,-3.0,-1.0,0.0,0.0,4.056615829467773,0.680603152844414,0.2717660665512085,0.2717660665512085,0.2566877007484436,0.2726913094520569,0.264009952545166,0.2611805200576782,False,False,False,False,False,False,False,False,1.0,1475,1459
0001.JPG,coarse_em3_np0,coarse_translation,local_grid,-3.0,0.0,0.0,0.0,4.109801769256592,0.6803685329553508,0.27174514532089233,0.2717451751232147,0.25716832280158997,0.27155789732933044,0.2638343572616577,0.26088786125183105,False,False,False,False,False,False,False,False,1.0,1475,1411
0001.JPG,coarse_em3_np1,coarse_translation,local_grid,-3.0,1.0,0.0,0.0,4.109283924102783,0.6659751037344398,0.2709065079689026,0.2709065079689026,0.256536602973938,0.27040863037109375,0.2629798948764801,0.2604801654815674,False,False,False,False,False,False,False,False,1.0,1475,1446
0001.JPG,coarse_em3_np3,coarse_translation,local_grid,-3.0,3.0,0.0,0.0,4.49990177154541,0.691904047976012,0.2731384038925171,0.2731384336948395,0.2589854598045349,0.27274808287620544,0.26563066244125366,0.26294392347335815,False,False,False,False,False,False,False,False,1.0,1475,1334
0001.JPG,coarse_em3_np5,coarse_translation,local_grid,-3.0,5.0,0.0,0.0,4.1985392570495605,0.689484827099506,0.272760272026062,0.2727603316307068,0.2588611841201782,0.2715352475643158,0.26499539613723755,0.26309734582901,False,False,False,False,False,False,False,False,1.0,1475,1417
0001.JPG,coarse_em1_nm5,coarse_translation,local_grid,-1.0,-5.0,0.0,0.0,4.196981906890869,0.7018050541516245,0.27554765343666077,0.27554765343666077,0.2590988278388977,0.2752891480922699,0.2663946747779846,0.26487910747528076,False,False,False,False,False,False,False,False,1.0,1475,1385
0001.JPG,coarse_em1_nm3,coarse_translation,local_grid,-1.0,-3.0,0.0,0.0,4.07983922958374,0.7078417765440667,0.27243465185165405,0.27243465185165405,0.2568367123603821,0.27145469188690186,0.2633243203163147,0.26118314266204834,True,False,False,False,False,False,False,False,1.0,1475,1441
0001.JPG,coarse_em1_nm1,coarse_translation,local_grid,-1.0,-1.0,0.0,0.0,4.105478286743164,0.7206506364922206,0.27359241247177124,0.27359241247177124,0.25809988379478455,0.2739580273628235,0.26564207673072815,0.2620377838611603,True,False,False,False,False,False,False,False,1.0,1475,1414
0001.JPG,coarse_em1_np1,coarse_translation,local_grid,-1.0,1.0,0.0,0.0,4.254947662353516,0.6610995128740431,0.27113044261932373,0.27113041281700134,0.25613850355148315,0.2707844376564026,0.2630125880241394,0.2604218125343323,False,False,False,False,False,False,False,False,1.0,1475,1437
0001.JPG,coarse_em1_np3,coarse_translation,local_grid,-1.0,3.0,0.0,0.0,4.5074005126953125,0.6380494505494505,0.27539920806884766,0.27539920806884766,0.26057109236717224,0.2741560935974121,0.2669740617275238,0.26490652561187744,False,False,False,False,False,False,False,False,1.0,1475,1456
0001.JPG,coarse_em1_np5,coarse_translation,local_grid,-1.0,5.0,0.0,0.0,4.354054927825928,0.6379661016949153,0.2783758342266083,0.2783758342266083,0.2640147805213928,0.2767978310585022,0.2701962888240814,0.26822397112846375,False,False,False,False,False,False,False,False,1.0,1475,1489
0001.JPG,coarse_ep0_nm5,coarse_translation,local_grid,0.0,-5.0,0.0,0.0,4.1444878578186035,0.681912681912682,0.27564167976379395,0.27564167976379395,0.25923311710357666,0.27468281984329224,0.26632413268089294,0.264382004737854,False,False,False,False,False,False,False,False,1.0,1475,1443
0001.JPG,coarse_ep0_nm3,coarse_translation,local_grid,0.0,-3.0,0.0,0.0,4.37200927734375,0.6711711711711712,0.27526864409446716,0.27526864409446716,0.25936806201934814,0.2749832272529602,0.26654309034347534,0.2639334201812744,False,False,False,False,False,False,False,False,1.0,1475,1332
0001.JPG,coarse_ep0_np3,coarse_translation,local_grid,0.0,3.0,0.0,0.0,4.254304885864258,0.6160164271047228,0.2764052748680115,0.2764052748680115,0.2614467740058899,0.2750028073787689,0.26782816648483276,0.26585352420806885,False,False,False,False,False,False,False,False,1.0,1475,1461
0001.JPG,coarse_ep0_np5,coarse_translation,local_grid,0.0,5.0,0.0,0.0,4.2475972175598145,0.6515254237288136,0.27897346019744873,0.27897346019744873,0.2643581032752991,0.2771378457546234,0.2704790532588959,0.26879680156707764,False,False,False,False,False,False,False,False,1.0,1475,1485
0001.JPG,coarse_ep1_nm5,coarse_translation,local_grid,1.0,-5.0,0.0,0.0,4.3499531745910645,0.6623093681917211,0.2791438400745392,0.2791438400745392,0.2625497877597809,0.27876710891723633,0.270264208316803,0.26794084906578064,False,False,False,False,False,False,False,False,1.0,1475,1377
0001.JPG,coarse_ep1_nm3,coarse_translation,local_grid,1.0,-3.0,0.0,0.0,4.296774387359619,0.6738983050847458,0.27591830492019653,0.27591830492019653,0.25993770360946655,0.2755585014820099,0.26707667112350464,0.26458534598350525,False,False,False,False,False,False,False,False,1.0,1475,1516
0001.JPG,coarse_ep1_nm1,coarse_translation,local_grid,1.0,-1.0,0.0,0.0,4.24639892578125,0.6613240418118467,0.27790772914886475,0.27790772914886475,0.2619829475879669,0.2778867483139038,0.2694530487060547,0.26619672775268555,False,False,False,False,False,False,False,False,1.0,1475,1435
0001.JPG,coarse_ep1_np1,coarse_translation,local_grid,1.0,1.0,0.0,0.0,4.1679534912109375,0.6311475409836066,0.27538904547691345,0.27538904547691345,0.26009291410446167,0.27469170093536377,0.2669660151004791,0.26460444927215576,False,False,False,False,False,False,False,False,1.0,1475,1464
0001.JPG,coarse_ep1_np3,coarse_translation,local_grid,1.0,3.0,0.0,0.0,4.174925327301025,0.6436541143654114,0.2777431309223175,0.2777431607246399,0.2628304958343506,0.2762753665447235,0.26919203996658325,0.2674660384654999,False,False,False,False,False,False,False,False,1.0,1475,1434
0001.JPG,coarse_ep1_np5,coarse_translation,local_grid,1.0,5.0,0.0,0.0,4.496899604797363,0.5973106864826611,0.2816360592842102,0.2816360890865326,0.26694929599761963,0.2796900272369385,0.27307355403900146,0.2715367078781128,False,False,False,False,False,False,False,False,1.0,1475,1413
0001.JPG,coarse_ep3_nm5,coarse_translation,local_grid,3.0,-5.0,0.0,0.0,4.213823318481445,0.636615811373093,0.27908432483673096,0.27908432483673096,0.2622656226158142,0.27967172861099243,0.27063074707984924,0.26687130331993103,False,False,False,False,False,False,False,False,1.0,1475,1442
0001.JPG,coarse_ep3_nm3,coarse_translation,local_grid,3.0,-3.0,0.0,0.0,4.494022846221924,0.6220640569395017,0.2778775990009308,0.2778775691986084,0.26146209239959717,0.2772156000137329,0.2689691185951233,0.2669685482978821,False,False,False,False,False,False,False,False,1.0,1475,1405
0001.JPG,coarse_ep3_nm1,coarse_translation,local_grid,3.0,-1.0,0.0,0.0,4.5131049156188965,0.6158752657689582,0.27896589040756226,0.27896586060523987,0.26300543546676636,0.2781772017478943,0.26995813846588135,0.2680715024471283,False,False,False,False,False,False,False,False,1.0,1475,1411
0001.JPG,coarse_ep3_np0,coarse_translation,local_grid,3.0,0.0,0.0,0.0,4.232822418212891,0.6142372881355932,0.28135210275650024,0.28135210275650024,0.26554280519485474,0.280180960893631,0.2722562849521637,0.27074918150901794,False,False,False,False,False,False,False,False,1.0,1475,1477
0001.JPG,coarse_ep3_np1,coarse_translation,local_grid,3.0,1.0,0.0,0.0,4.459415435791016,0.6291525423728813,0.28237223625183105,0.28237223625183105,0.2665017247200012,0.2817460298538208,0.27368125319480896,0.27107954025268555,False,False,False,False,False,False,False,False,1.0,1475,1482
0001.JPG,coarse_ep3_np3,coarse_translation,local_grid,3.0,3.0,0.0,0.0,4.323777198791504,0.6228727025187202,0.2844376564025879,0.2844376266002655,0.26923882961273193,0.28283703327178955,0.2757016122341156,0.274079293012619,False,False,False,False,False,False,False,False,1.0,1475,1469
0001.JPG,coarse_ep3_np5,coarse_translation,local_grid,3.0,5.0,0.0,0.0,4.337656021118164,0.6630508474576271,0.2897820472717285,0.2897820472717285,0.2748786211013794,0.28734830021858215,0.2808229327201843,0.2796230912208557,False,False,False,False,False,False,False,False,1.0,1475,1517
0001.JPG,coarse_ep5_nm5,coarse_translation,local_grid,5.0,-5.0,0.0,0.0,4.515644073486328,0.6114519427402862,0.28215673565864563,0.28215673565864563,0.2651374340057373,0.28323861956596375,0.27401861548423767,0.2700984477996826,False,False,False,False,False,False,False,False,1.0,1475,1467
0001.JPG,coarse_ep5_nm3,coarse_translation,local_grid,5.0,-3.0,0.0,0.0,4.38217306137085,0.594031922276197,0.28665488958358765,0.28665488958358765,0.27002930641174316,0.2863733470439911,0.27798697352409363,0.275898814201355,False,False,False,False,False,False,False,False,1.0,1475,1441
0001.JPG,coarse_ep5_nm1,coarse_translation,local_grid,5.0,-1.0,0.0,0.0,4.36879825592041,0.5972881355932204,0.2879807949066162,0.2879807949066162,0.27193522453308105,0.2872259020805359,0.27903223037719727,0.2770889103412628,False,False,False,False,False,False,False,False,1.0,1475,1528
0001.JPG,coarse_ep5_np0,coarse_translation,local_grid,5.0,0.0,0.0,0.0,4.39337158203125,0.5979661016949153,0.28658634424209595,0.28658634424209595,0.2707705497741699,0.28509649634361267,0.27739906311035156,0.2760937213897705,False,False,False,False,False,False,False,False,1.0,1475,1478
0001.JPG,coarse_ep5_np1,coarse_translation,local_grid,5.0,1.0,0.0,0.0,4.360660552978516,0.6047457627118644,0.2897750735282898,0.2897750735282898,0.27412325143814087,0.28779706358909607,0.2804672122001648,0.27943870425224304,False,False,False,False,False,False,False,False,1.0,1475,1525
0001.JPG,coarse_ep5_np3,coarse_translation,local_grid,5.0,3.0,0.0,0.0,4.474230766296387,0.6061016949152542,0.2931312024593353,0.2931312024593353,0.27783268690109253,0.2908470332622528,0.2840070426464081,0.28257668018341064,False,False,False,False,False,False,False,False,1.0,1475,1538
0001.JPG,coarse_ep5_np5,coarse_translation,local_grid,5.0,5.0,0.0,0.0,4.700002670288086,0.5606375606375607,0.29825931787490845,0.29825934767723083,0.28361669182777405,0.2953692674636841,0.28919798135757446,0.2884867489337921,False,False,False,False,False,False,False,False,1.0,1475,1443
0001.JPG,yaw_minus_1deg__yaw_m2,yaw_refine,local_grid,0.0,0.0,0.0,-3.0,4.42935848236084,0.7446043165467626,0.2902899384498596,0.2902899384498596,0.2743295133113861,0.2878584563732147,0.2808510959148407,0.281838983297348,False,False,False,False,False,False,False,False,1.0,1475,1390
0001.JPG,yaw_minus_1deg__yaw_m1,yaw_refine,local_grid,0.0,0.0,0.0,-2.0,4.122150421142578,0.7276565798733287,0.2851221561431885,0.2851221561431885,0.2693110704421997,0.28256136178970337,0.27565059065818787,0.27562785148620605,True,False,False,False,False,False,False,False,1.0,1475,1421
0001.JPG,yaw_minus_1deg__yaw_m0p5,yaw_refine,local_grid,0.0,0.0,0.0,-1.5,4.160417556762695,0.7222635889798957,0.28164780139923096,0.28164780139923096,0.265830934047699,0.2792094945907593,0.27211129665374756,0.27191993594169617,True,False,False,False,False,False,False,False,1.0,1475,1343
0001.JPG,yaw_minus_1deg__yaw_p0p5,yaw_refine,local_grid,0.0,0.0,0.0,-0.5,4.358450889587402,0.6686390532544378,0.27690792083740234,0.27690792083740234,0.2614211440086365,0.2763383090496063,0.26846569776535034,0.2661479115486145,False,False,False,False,False,False,False,False,1.0,1475,1352
0001.JPG,yaw_minus_1deg__yaw_p1,yaw_refine,local_grid,0.0,0.0,0.0,0.0,4.17815637588501,0.6847222222222222,0.2715243697166443,0.2715243697166443,0.25613564252853394,0.2712886929512024,0.26324135065078735,0.260352224111557,True,False,False,False,False,False,False,False,1.0,1475,1440
0001.JPG,yaw_minus_1deg__yaw_p2,yaw_refine,local_grid,0.0,0.0,0.0,1.0,4.157229423522949,0.6467796610169492,0.2668754756450653,0.2668754756450653,0.25188788771629333,0.2667355537414551,0.2589051425457001,0.2551463842391968,False,False,False,False,False,False,False,False,1.0,1475,1497
0001.JPG,coarse_em5_nm1__yaw_m2,yaw_refine,local_grid,-5.0,-1.0,0.0,-2.0,4.439695358276367,0.6282685512367491,0.28298646211624146,0.28298649191856384,0.26699548959732056,0.280730664730072,0.2730235755443573,0.27394750714302063,False,False,False,False,False,False,False,False,1.0,1475,1415
0001.JPG,coarse_em5_nm1__yaw_m1,yaw_refine,local_grid,-5.0,-1.0,0.0,-1.0,4.146093368530273,0.6863734679163662,0.2771800756454468,0.2771800756454468,0.26152002811431885,0.2782938480377197,0.2690286636352539,0.267255038022995,True,False,False,False,False,False,False,False,1.0,1475,1387
0001.JPG,coarse_em5_nm1__yaw_m0p5,yaw_refine,local_grid,-5.0,-1.0,0.0,-0.5,4.142972946166992,0.6916363636363636,0.2750604748725891,0.2750604748725891,0.25976651906967163,0.2762701213359833,0.2672041058540344,0.26508039236068726,True,False,False,False,False,False,False,False,1.0,1475,1375
0001.JPG,coarse_em5_nm1__yaw_p0p5,yaw_refine,local_grid,-5.0,-1.0,0.0,0.5,3.8944830894470215,0.7089297886843899,0.26687055826187134,0.26687055826187134,0.25257208943367004,0.2690936326980591,0.2601548135280609,0.25618961453437805,True,True,False,False,True,False,False,False,1.0,1475,1467
0001.JPG,coarse_em5_nm1__yaw_p1,yaw_refine,local_grid,-5.0,-1.0,0.0,1.0,4.194915771484375,0.6510020732550104,0.26730889081954956,0.26730889081954956,0.2528165578842163,0.2691837251186371,0.26019591093063354,0.25487613677978516,False,False,False,False,False,False,False,False,1.0,1475,1447
0001.JPG,coarse_em5_nm1__yaw_p2,yaw_refine,local_grid,-5.0,-1.0,0.0,2.0,4.108242034912109,0.6711456859971712,0.2664024829864502,0.2664025127887726,0.2535260319709778,0.2693822979927063,0.2611114978790283,0.254721999168396,False,False,False,False,False,False,False,False,1.0,1475,1414
0001.JPG,coarse_em5_np3__yaw_m2,yaw_refine,local_grid,-5.0,3.0,0.0,-2.0,4.060193061828613,0.7066761363636364,0.2887799143791199,0.2887799143791199,0.2740356922149658,0.2869633436203003,0.2800637483596802,0.2812269330024719,True,False,False,False,False,False,False,False,1.0,1475,1408
0001.JPG,coarse_em5_np3__yaw_m1,yaw_refine,local_grid,-5.0,3.0,0.0,-1.0,4.044374465942383,0.7084745762711865,0.2799914479255676,0.2799914479255676,0.26529383659362793,0.27893275022506714,0.2714771628379822,0.27146658301353455,True,False,False,False,False,False,False,False,1.0,1475,1479
0001.JPG,coarse_em5_np3__yaw_m0p5,yaw_refine,local_grid,-5.0,3.0,0.0,-0.5,4.0004801750183105,0.672542372881356,0.2749885022640228,0.2749885022640228,0.26079070568084717,0.2748865783214569,0.2673013210296631,0.26640909910202026,False,False,False,False,False,False,False,False,1.0,1475,1484
0001.JPG,coarse_em5_np3__yaw_p0p5,yaw_refine,local_grid,-5.0,3.0,0.0,0.5,4.1943583488464355,0.6493323963457485,0.27168577909469604,0.27168577909469604,0.2584746778011322,0.27278563380241394,0.26538652181625366,0.2612680196762085,False,False,False,False,False,False,False,False,1.0,1475,1423
0001.JPG,coarse_em5_np3__yaw_p1,yaw_refine,local_grid,-5.0,3.0,0.0,1.0,4.083475112915039,0.6163384390955506,0.2683064043521881,0.2683063745498657,0.25543007254600525,0.270030677318573,0.262468546628952,0.25784528255462646,False,False,False,False,False,False,False,False,1.0,1475,1371
0001.JPG,coarse_em5_np3__yaw_p2,yaw_refine,local_grid,-5.0,3.0,0.0,2.0,4.326807022094727,0.604982206405694,0.2627175748348236,0.2627175748348236,0.2506174147129059,0.2665523886680603,0.2583933472633362,0.2518214285373688,False,False,False,False,False,False,False,False,1.0,1475,1405
0001.JPG,coarse_em3_nm1__yaw_m2,yaw_refine,local_grid,-3.0,-1.0,0.0,-2.0,4.196664810180664,0.7115789473684211,0.280572772026062,0.280572772026062,0.2644572854042053,0.27904021739959717,0.2711046636104584,0.27135202288627625,False,False,False,False,False,False,False,False,1.0,1475,1425
0001.JPG,coarse_em3_nm1__yaw_m1,yaw_refine,local_grid,-3.0,-1.0,0.0,-1.0,4.232810020446777,0.680998613037448,0.2767084538936615,0.2767084538936615,0.26126188039779663,0.27578312158584595,0.2675744295120239,0.2676052451133728,False,False,False,False,False,False,False,False,1.0,1475,1442
0001.JPG,coarse_em3_nm1__yaw_m0p5,yaw_refine,local_grid,-3.0,-1.0,0.0,-0.5,4.1197896003723145,0.6687285223367697,0.2741379141807556,0.2741379141807556,0.2586396336555481,0.2747921645641327,0.2659909725189209,0.263843834400177,False,False,False,False,False,False,False,False,1.0,1475,1455
0001.JPG,coarse_em3_nm1__yaw_p0p5,yaw_refine,local_grid,-3.0,-1.0,0.0,0.5,3.9912047386169434,0.6876281613123718,0.26977410912513733,0.26977410912513733,0.2553849220275879,0.2701847553253174,0.2622993588447571,0.258295476436615,True,False,False,False,False,False,False,False,1.0,1475,1463
0001.JPG,coarse_em3_nm1__yaw_p1,yaw_refine,local_grid,-3.0,-1.0,0.0,1.0,4.091320991516113,0.6919263456090652,0.2667461037635803,0.2667461037635803,0.25259190797805786,0.2676807641983032,0.2596966028213501,0.25482332706451416,True,False,True,True,False,True,True,True,1.0,1475,1412
0001.JPG,coarse_em3_nm1__yaw_p2,yaw_refine,local_grid,-3.0,-1.0,0.0,2.0,4.317945957183838,0.6358620689655172,0.26337167620658875,0.26337167620658875,0.24990111589431763,0.26535579562187195,0.2572377920150757,0.25127550959587097,False,False,False,False,False,False,False,False,1.0,1475,1450
0001.JPG,coarse_em3_nm5__yaw_m2,yaw_refine,local_grid,-3.0,-5.0,0.0,-2.0,4.353825092315674,0.714902807775378,0.279613733291626,0.279613733291626,0.2627432942390442,0.2792966365814209,0.2701132297515869,0.26856979727745056,False,False,False,False,False,False,False,False,1.0,1475,1389
0001.JPG,coarse_em3_nm5__yaw_m1,yaw_refine,local_grid,-3.0,-5.0,0.0,-1.0,4.0801100730896,0.726764500349406,0.27553606033325195,0.27553606033325195,0.2590309679508209,0.2756079137325287,0.26647838950157166,0.2647734582424164,True,False,False,False,False,False,False,False,1.0,1475,1431
0001.JPG,coarse_em3_nm5__yaw_m0p5,yaw_refine,local_grid,-3.0,-5.0,0.0,-0.5,4.177572250366211,0.7240377632534495,0.27519214153289795,0.27519214153289795,0.2588285505771637,0.2750791311264038,0.26602256298065186,0.26446038484573364,True,False,False,False,False,False,False,False,1.0,1475,1377
0001.JPG,coarse_em3_nm5__yaw_p0p5,yaw_refine,local_grid,-3.0,-5.0,0.0,0.5,4.16822624206543,0.6758241758241759,0.2725164294242859,0.2725163996219635,0.2570406198501587,0.2735772132873535,0.264248251914978,0.2614479660987854,False,False,False,False,False,False,False,False,1.0,1475,1456
0001.JPG,coarse_em3_nm5__yaw_p1,yaw_refine,local_grid,-3.0,-5.0,0.0,1.0,4.123571872711182,0.6922514619883041,0.27294987440109253,0.27294987440109253,0.25761082768440247,0.27590638399124146,0.26600438356399536,0.2611681818962097,True,False,False,False,False,False,False,False,1.0,1475,1368
0001.JPG,coarse_em3_nm5__yaw_p2,yaw_refine,local_grid,-3.0,-5.0,0.0,2.0,4.0657501220703125,0.6553133514986376,0.2750244736671448,0.2750244736671448,0.26092490553855896,0.27764105796813965,0.26884767413139343,0.26266032457351685,False,False,False,False,False,False,False,False,1.0,1475,1468
0002.JPG,initial,initial,initial,0.0,0.0,0.0,0.0,4.727849006652832,0.4724550898203593,0.29817089438438416,0.29817086458206177,0.29015788435935974,0.29362425208091736,0.2907075583934784,0.2932489812374115,True,False,False,False,False,False,False,False,1.0,1773,1670
0002.JPG,east_minus_1m,one_step,local_grid,-1.0,0.0,0.0,0.0,4.590873718261719,0.4811054709531867,0.2976689040660858,0.2976689040660858,0.2895652651786804,0.293410062789917,0.2902672290802002,0.29269278049468994,True,False,False,False,False,False,False,False,1.0,1773,1775
0002.JPG,east_plus_1m,one_step,local_grid,1.0,0.0,0.0,0.0,5.112695693969727,0.4607594936708861,0.3005952835083008,0.3005952835083008,0.29262644052505493,0.2956414818763733,0.29298001527786255,0.2955969274044037,False,False,False,False,False,False,False,False,1.0,1773,1580
0002.JPG,north_minus_1m,one_step,local_grid,0.0,-1.0,0.0,0.0,4.584899425506592,0.5044669446098868,0.2996199131011963,0.2996199131011963,0.2916496694087982,0.2951311767101288,0.29222211241722107,0.2948340177536011,True,False,False,False,False,False,False,False,1.0,1773,1679
0002.JPG,north_plus_1m,one_step,local_grid,0.0,1.0,0.0,0.0,4.766199111938477,0.45539906103286387,0.30174294114112854,0.30174294114112854,0.2934374511241913,0.29652708768844604,0.2936972975730896,0.2969153821468353,False,False,False,False,False,False,False,False,1.0,1773,1704
0002.JPG,yaw_minus_1deg,one_step,local_grid,0.0,0.0,0.0,-1.0,4.835152626037598,0.4899828277046365,0.3040144443511963,0.3040144443511963,0.29545754194259644,0.29927727580070496,0.2958548665046692,0.29850125312805176,False,False,False,False,False,False,False,False,1.0,1773,1747
0002.JPG,yaw_plus_1deg,one_step,local_grid,0.0,0.0,0.0,1.0,5.102204322814941,0.4437577255871446,0.2985785901546478,0.2985785901546478,0.29045307636260986,0.293096125125885,0.29067108035087585,0.2942589521408081,False,False,False,False,False,False,False,False,1.0,1773,1618
0002.JPG,alt_minus_1m,one_step,local_grid,0.0,0.0,-1.0,0.0,4.811713218688965,0.44589000591366057,0.29645201563835144,0.29645198583602905,0.288382887840271,0.29204365611076355,0.2890147268772125,0.2915337085723877,False,False,False,False,False,False,False,False,1.0,1773,1691
0002.JPG,alt_plus_1m,one_step,local_grid,0.0,0.0,1.0,0.0,4.933568000793457,0.5296031229668184,0.30008602142333984,0.30008602142333984,0.2921386957168579,0.29532191157341003,0.2925686538219452,0.2951681315898895,False,False,False,False,False,False,False,False,1.0,1773,1537
0002.JPG,coarse_em5_nm5,coarse_translation,local_grid,-5.0,-5.0,0.0,0.0,4.568038463592529,0.5006075334143378,0.30669087171554565,0.30669087171554565,0.29901909828186035,0.3040553033351898,0.30047279596328735,0.30415916442871094,True,False,False,False,False,False,False,False,1.0,1773,1646
0002.JPG,coarse_em5_nm3,coarse_translation,local_grid,-5.0,-3.0,0.0,0.0,4.5573906898498535,0.5444234404536862,0.30075210332870483,0.3007521331310272,0.29284507036209106,0.2985685169696808,0.2946154773235321,0.2972164452075958,True,False,False,False,False,False,False,False,1.0,1773,1587
0002.JPG,coarse_em5_nm1,coarse_translation,local_grid,-5.0,-1.0,0.0,0.0,4.845108509063721,0.5220360024829298,0.2988002896308899,0.2988002896308899,0.29015403985977173,0.2961970567703247,0.29187217354774475,0.29468125104904175,False,False,False,False,False,False,False,False,1.0,1773,1611
0002.JPG,coarse_em5_np0,coarse_translation,local_grid,-5.0,0.0,0.0,0.0,4.784350395202637,0.5168608215818516,0.2976340651512146,0.2976340651512146,0.28883418440818787,0.29534897208213806,0.2907777428627014,0.29303187131881714,False,False,False,False,False,False,False,False,1.0,1773,1631
0002.JPG,coarse_em5_np1,coarse_translation,local_grid,-5.0,1.0,0.0,0.0,4.651613235473633,0.5342631898120073,0.30081623792648315,0.30081623792648315,0.29232215881347656,0.2978018820285797,0.29372233152389526,0.2959401309490204,True,False,False,False,False,False,False,False,1.0,1773,1649
0002.JPG,coarse_em5_np3,coarse_translation,local_grid,-5.0,3.0,0.0,0.0,4.663702011108398,0.5165847665847666,0.29809674620628357,0.29809674620628357,0.28946152329444885,0.29477959871292114,0.2908341884613037,0.29299044609069824,True,False,False,False,False,False,False,False,1.0,1773,1628
0002.JPG,coarse_em5_np5,coarse_translation,local_grid,-5.0,5.0,0.0,0.0,4.568511962890625,0.546064673581452,0.2967405319213867,0.2967405319213867,0.28794991970062256,0.29417240619659424,0.28972578048706055,0.29092609882354736,True,False,False,False,False,False,False,True,1.0,1773,1639
0002.JPG,coarse_em3_nm5,coarse_translation,local_grid,-3.0,-5.0,0.0,0.0,4.529477119445801,0.5116696588868941,0.3071579933166504,0.3071580231189728,0.29950204491615295,0.3038114309310913,0.30047374963760376,0.3047250509262085,True,False,False,False,False,False,False,False,1.0,1773,1671
0002.JPG,coarse_em3_nm3,coarse_translation,local_grid,-3.0,-3.0,0.0,0.0,4.607969284057617,0.5076560659599529,0.304795503616333,0.304795503616333,0.2970637083053589,0.3016701936721802,0.29829829931259155,0.30109652876853943,True,False,False,False,False,False,False,False,1.0,1773,1698
0002.JPG,coarse_em3_nm1,coarse_translation,local_grid,-3.0,-1.0,0.0,0.0,4.693571090698242,0.48132530120481926,0.29983508586883545,0.2998351454734802,0.2916065454483032,0.29642245173454285,0.29276829957962036,0.29533815383911133,True,False,False,False,False,False,False,False,1.0,1773,1660
0002.JPG,coarse_em3_np0,coarse_translation,local_grid,-3.0,0.0,0.0,0.0,5.048954963684082,0.4908759124087591,0.29728174209594727,0.29728174209594727,0.2884438633918762,0.2933802008628845,0.289492130279541,0.29256802797317505,False,False,False,False,False,False,False,False,1.0,1773,1644
0002.JPG,coarse_em3_np1,coarse_translation,local_grid,-3.0,1.0,0.0,0.0,4.617909908294678,0.5067567567567568,0.29657602310180664,0.29657599329948425,0.2876758277416229,0.29291123151779175,0.2888786792755127,0.2915850877761841,True,False,True,True,True,True,True,False,1.0,1773,1628
0002.JPG,coarse_em3_np3,coarse_translation,local_grid,-3.0,3.0,0.0,0.0,4.917951583862305,0.49506781750924783,0.2951383590698242,0.29513832926750183,0.2868431806564331,0.291182279586792,0.2876780927181244,0.2895265817642212,False,False,False,False,False,False,False,False,1.0,1773,1622
0002.JPG,coarse_em3_np5,coarse_translation,local_grid,-3.0,5.0,0.0,0.0,4.899425506591797,0.4930176077717061,0.2946467995643616,0.2946467995643616,0.28619787096977234,0.290140300989151,0.28689873218536377,0.2891162633895874,False,False,False,False,False,False,False,False,1.0,1773,1647
0002.JPG,coarse_em1_nm5,coarse_translation,local_grid,-1.0,-5.0,0.0,0.0,4.731645584106445,0.44936708860759494,0.30762603878974915,0.30762600898742676,0.29950547218322754,0.30358490347862244,0.3001517951488495,0.3043416440486908,False,False,False,False,False,False,False,False,1.0,1773,1738
0002.JPG,coarse_em1_nm3,coarse_translation,local_grid,-1.0,-3.0,0.0,0.0,4.581275463104248,0.4712847838957963,0.3027800917625427,0.3027801215648651,0.2948228716850281,0.2982892692089081,0.2953226864337921,0.29903852939605713,False,False,False,False,False,False,False,False,1.0,1773,1689
0002.JPG,coarse_em1_nm1,coarse_translation,local_grid,-1.0,-1.0,0.0,0.0,4.789459228515625,0.47117172969621823,0.29927074909210205,0.29927074909210205,0.2912798225879669,0.29498958587646484,0.29195547103881836,0.29458650946617126,False,False,False,False,False,False,False,False,1.0,1773,1613
0002.JPG,coarse_em1_np1,coarse_translation,local_grid,-1.0,1.0,0.0,0.0,4.899740219116211,0.4564820450395618,0.2967589795589447,0.2967589795589447,0.2880977392196655,0.291930615901947,0.2886313796043396,0.29168739914894104,False,False,False,False,False,False,False,False,1.0,1773,1643
0002.JPG,coarse_em1_np3,coarse_translation,local_grid,-1.0,3.0,0.0,0.0,4.857295989990234,0.4838709677419355,0.29835522174835205,0.29835519194602966,0.2902194857597351,0.29346296191215515,0.2905855178833008,0.29323577880859375,False,False,False,False,False,False,False,False,1.0,1773,1674
0002.JPG,coarse_em1_np5,coarse_translation,local_grid,-1.0,5.0,0.0,0.0,4.925848007202148,0.4678845020624632,0.2989407479763031,0.2989407777786255,0.29080861806869507,0.29323577880859375,0.2908010482788086,0.29391589760780334,False,False,False,False,False,False,False,False,1.0,1773,1697
0002.JPG,coarse_ep0_nm5,coarse_translation,local_grid,0.0,-5.0,0.0,0.0,4.5586090087890625,0.482798833819242,0.3069339990615845,0.3069339990615845,0.29877763986587524,0.30273038148880005,0.29936981201171875,0.30364781618118286,True,False,False,False,False,False,False,False,1.0,1773,1715
0002.JPG,coarse_ep0_nm3,coarse_translation,local_grid,0.0,-3.0,0.0,0.0,4.749950408935547,0.46967821782178215,0.304219514131546,0.3042195439338684,0.29642483592033386,0.2991909980773926,0.2965649366378784,0.30031514167785645,False,False,False,False,False,False,False,False,1.0,1773,1616
0002.JPG,coarse_ep0_np3,coarse_translation,local_grid,0.0,3.0,0.0,0.0,4.976343154907227,0.470516717325228,0.29860004782676697,0.29860004782676697,0.2900179326534271,0.2931743264198303,0.2902987599372864,0.2930919826030731,False,False,False,False,False,False,False,False,1.0,1773,1645
0002.JPG,coarse_ep0_np5,coarse_translation,local_grid,0.0,5.0,0.0,0.0,4.93773078918457,0.46364165212332753,0.2985325753688812,0.29853254556655884,0.2905038893222809,0.29293620586395264,0.290514200925827,0.2930602729320526,False,False,False,False,False,False,False,False,1.0,1773,1719
0002.JPG,coarse_ep1_nm5,coarse_translation,local_grid,1.0,-5.0,0.0,0.0,4.780089378356934,0.48201892744479496,0.3088497817516327,0.3088497519493103,0.30067142844200134,0.3042624592781067,0.30107998847961426,0.3052074909210205,False,False,False,False,False,False,False,False,1.0,1773,1585
0002.JPG,coarse_ep1_nm3,coarse_translation,local_grid,1.0,-3.0,0.0,0.0,4.5,0.5038438793613247,0.3045427203178406,0.3045427203178406,0.296816885471344,0.2994447946548462,0.2968769073486328,0.30066508054733276,True,False,False,False,False,False,False,False,1.0,1773,1691
0002.JPG,coarse_ep1_nm1,coarse_translation,local_grid,1.0,-1.0,0.0,0.0,4.9571380615234375,0.47555012224938875,0.3055598735809326,0.30555984377861023,0.2976464629173279,0.30086633563041687,0.2981244921684265,0.3007064759731293,False,False,False,False,False,False,False,False,1.0,1773,1636
0002.JPG,coarse_ep1_np1,coarse_translation,local_grid,1.0,1.0,0.0,0.0,5.038500785827637,0.44464609800362975,0.299221932888031,0.299221932888031,0.29120349884033203,0.29410192370414734,0.2914735972881317,0.29404428601264954,False,False,False,False,False,False,False,False,1.0,1773,1653
0002.JPG,coarse_ep1_np3,coarse_translation,local_grid,1.0,3.0,0.0,0.0,4.985133171081543,0.4796511627906977,0.29996204376220703,0.29996204376220703,0.2914915978908539,0.2940855622291565,0.29152193665504456,0.29463309049606323,False,False,False,False,False,False,False,False,1.0,1773,1720
0002.JPG,coarse_ep1_np5,coarse_translation,local_grid,1.0,5.0,0.0,0.0,5.093228816986084,0.46882217090069284,0.29857295751571655,0.29857292771339417,0.2904306650161743,0.29254695773124695,0.29026395082473755,0.29295289516448975,False,False,False,False,False,False,False,False,1.0,1773,1732
0002.JPG,coarse_ep3_nm5,coarse_translation,local_grid,3.0,-5.0,0.0,0.0,4.9622955322265625,0.4328632740649908,0.3122832179069519,0.3122832477092743,0.3026190400123596,0.3081139624118805,0.30354270339012146,0.30808812379837036,False,False,False,False,False,False,False,False,1.0,1773,1631
0002.JPG,coarse_ep3_nm3,coarse_translation,local_grid,3.0,-3.0,0.0,0.0,4.935677528381348,0.44683626875407695,0.3071197271347046,0.30711978673934937,0.29913750290870667,0.3021894693374634,0.299393892288208,0.3028103709220886,False,False,False,False,False,False,False,False,1.0,1773,1533
0002.JPG,coarse_ep3_nm1,coarse_translation,local_grid,3.0,-1.0,0.0,0.0,5.117215156555176,0.4265944645006017,0.3057071566581726,0.3057071566581726,0.2980614900588989,0.2999070882797241,0.2978617548942566,0.3011414408683777,False,False,False,False,False,False,False,False,1.0,1773,1662
0002.JPG,coarse_ep3_np0,coarse_translation,local_grid,3.0,0.0,0.0,0.0,5.099517345428467,0.4630421502748931,0.30742305517196655,0.30742305517196655,0.2996032238006592,0.30220168828964233,0.29982709884643555,0.3020300269126892,False,False,False,False,False,False,False,False,1.0,1773,1637
0002.JPG,coarse_ep3_np1,coarse_translation,local_grid,3.0,1.0,0.0,0.0,5.325423240661621,0.4362958359229335,0.30239754915237427,0.30239754915237427,0.294497013092041,0.29683950543403625,0.29455167055130005,0.296933114528656,False,False,False,False,False,False,False,False,1.0,1773,1609
0002.JPG,coarse_ep3_np3,coarse_translation,local_grid,3.0,3.0,0.0,0.0,5.280338287353516,0.4948328267477204,0.3036862313747406,0.303686261177063,0.29509368538856506,0.29700642824172974,0.294710636138916,0.2979605197906494,False,False,False,False,False,False,False,False,1.0,1773,1645
0002.JPG,coarse_ep3_np5,coarse_translation,local_grid,3.0,5.0,0.0,0.0,4.868363857269287,0.5008695652173913,0.30667421221733093,0.30667421221733093,0.29827573895454407,0.29994598031044006,0.2978149354457855,0.3008292317390442,False,False,False,False,False,False,False,False,1.0,1773,1725
0002.JPG,coarse_ep5_nm5,coarse_translation,local_grid,5.0,-5.0,0.0,0.0,5.044824600219727,0.4542314335060449,0.31288570165634155,0.31288570165634155,0.30350393056869507,0.30696386098861694,0.30319446325302124,0.3091154098510742,False,False,False,False,False,False,False,False,1.0,1773,1737
0002.JPG,coarse_ep5_nm3,coarse_translation,local_grid,5.0,-3.0,0.0,0.0,4.743259429931641,0.48186846957590657,0.3119843006134033,0.3119843006134033,0.3039027154445648,0.30689796805381775,0.30421191453933716,0.3073686361312866,False,False,False,False,False,False,False,False,1.0,1773,1627
0002.JPG,coarse_ep5_nm1,coarse_translation,local_grid,5.0,-1.0,0.0,0.0,4.948494911193848,0.4867456288776086,0.31117045879364014,0.31117045879364014,0.30363333225250244,0.30514296889305115,0.3032626807689667,0.30640366673469543,False,False,False,False,False,False,False,False,1.0,1773,1778
0002.JPG,coarse_ep5_np0,coarse_translation,local_grid,5.0,0.0,0.0,0.0,5.098474502563477,0.4720752498530276,0.30897757411003113,0.30897757411003113,0.30122339725494385,0.3028807044029236,0.30091550946235657,0.3037915825843811,False,False,False,False,False,False,False,False,1.0,1773,1701
0002.JPG,coarse_ep5_np1,coarse_translation,local_grid,5.0,1.0,0.0,0.0,5.0511064529418945,0.46651532349602726,0.310713529586792,0.310713529586792,0.3026057481765747,0.30497801303863525,0.30264517664909363,0.3047623038291931,False,False,False,False,False,False,False,False,1.0,1773,1762
0002.JPG,coarse_ep5_np3,coarse_translation,local_grid,5.0,3.0,0.0,0.0,5.1217498779296875,0.456973293768546,0.30708879232406616,0.30708879232406616,0.29867416620254517,0.30086731910705566,0.29851430654525757,0.3008473515510559,False,False,False,False,False,False,False,False,1.0,1773,1685
0002.JPG,coarse_ep5_np5,coarse_translation,local_grid,5.0,5.0,0.0,0.0,5.277788162231445,0.49430796884361894,0.3094082772731781,0.3094082772731781,0.3001505732536316,0.30227839946746826,0.29977771639823914,0.3029070496559143,False,False,False,False,False,False,False,False,1.0,1773,1669
0002.JPG,coarse_ep1_nm3__yaw_m2,yaw_refine,local_grid,1.0,-3.0,0.0,-2.0,4.678867340087891,0.5818181818181818,0.3111645579338074,0.3111645579338074,0.30247563123703003,0.3069484233856201,0.3028544783592224,0.3059142231941223,True,False,False,False,False,False,False,False,1.0,1773,1650
0002.JPG,coarse_ep1_nm3__yaw_m1,yaw_refine,local_grid,1.0,-3.0,0.0,-1.0,4.627093315124512,0.5023809523809524,0.30878835916519165,0.30878835916519165,0.29996657371520996,0.3054424226284027,0.30115923285484314,0.30360203981399536,True,False,False,False,False,False,False,False,1.0,1773,1680
0002.JPG,coarse_ep1_nm3__yaw_m0p5,yaw_refine,local_grid,1.0,-3.0,0.0,-0.5,4.669229984283447,0.49029982363315694,0.3065248131752014,0.3065248131752014,0.2981642186641693,0.30187228322029114,0.2985742688179016,0.30203038454055786,True,False,False,False,False,False,False,False,1.0,1773,1701
0002.JPG,coarse_ep1_nm3__yaw_p0p5,yaw_refine,local_grid,1.0,-3.0,0.0,0.5,4.69930362701416,0.48739495798319327,0.30403265357017517,0.30403268337249756,0.29649123549461365,0.29859837889671326,0.29649433493614197,0.30048903822898865,True,False,False,False,False,False,False,False,1.0,1773,1666
0002.JPG,coarse_ep1_nm3__yaw_p1,yaw_refine,local_grid,1.0,-3.0,0.0,1.0,4.7788286209106445,0.4754196642685851,0.30089837312698364,0.30089837312698364,0.2933278977870941,0.29561692476272583,0.29348862171173096,0.29788583517074585,False,False,False,False,False,False,False,False,1.0,1773,1668
0002.JPG,coarse_ep1_nm3__yaw_p2,yaw_refine,local_grid,1.0,-3.0,0.0,2.0,4.88834810256958,0.46354799513973266,0.29862168431282043,0.29862165451049805,0.29104816913604736,0.29216527938842773,0.2903488576412201,0.2965944707393646,False,False,False,False,False,False,False,False,1.0,1773,1646
0002.JPG,coarse_em3_nm5__yaw_m2,yaw_refine,local_grid,-3.0,-5.0,0.0,-2.0,4.539041519165039,0.5727611940298507,0.3169315457344055,0.31693151593208313,0.30922287702560425,0.31340956687927246,0.30959463119506836,0.31285855174064636,True,False,False,False,False,False,False,False,1.0,1773,1608
0002.JPG,coarse_em3_nm5__yaw_m1,yaw_refine,local_grid,-3.0,-5.0,0.0,-1.0,4.3484296798706055,0.5536585365853659,0.31399115920066833,0.31399115920066833,0.30578216910362244,0.3114077150821686,0.3071652948856354,0.3102525472640991,True,True,False,False,False,False,False,False,1.0,1773,1640
0002.JPG,coarse_em3_nm5__yaw_m0p5,yaw_refine,local_grid,-3.0,-5.0,0.0,-0.5,5.0313262939453125,0.5363864491844417,0.3112044334411621,0.3112044334411621,0.30323830246925354,0.3077036738395691,0.30412834882736206,0.30824634432792664,False,False,False,False,False,False,False,False,1.0,1773,1594
0002.JPG,coarse_em3_nm5__yaw_p0p5,yaw_refine,local_grid,-3.0,-5.0,0.0,0.5,4.565082550048828,0.49274486094316805,0.30528369545936584,0.30528369545936584,0.2976207733154297,0.3021352291107178,0.29883283376693726,0.3028731048107147,True,False,False,False,False,False,False,False,1.0,1773,1654
0002.JPG,coarse_em3_nm5__yaw_p1,yaw_refine,local_grid,-3.0,-5.0,0.0,1.0,4.59329891204834,0.5024009603841537,0.30394765734672546,0.30394765734672546,0.29671257734298706,0.30073976516723633,0.29791709780693054,0.30211102962493896,True,False,False,False,False,False,False,False,1.0,1773,1666
0002.JPG,coarse_em3_nm5__yaw_p2,yaw_refine,local_grid,-3.0,-5.0,0.0,2.0,4.660901069641113,0.48531211750305997,0.30317315459251404,0.30317315459251404,0.29590195417404175,0.29876184463500977,0.2963321805000305,0.30211347341537476,True,False,False,False,False,False,False,False,1.0,1773,1634
0002.JPG,coarse_em5_nm3__yaw_m2,yaw_refine,local_grid,-5.0,-3.0,0.0,-2.0,4.541935443878174,0.5466582597730139,0.3140212297439575,0.3140212297439575,0.30534857511520386,0.31119316816329956,0.3066461980342865,0.30878540873527527,True,False,False,False,False,False,False,False,1.0,1773,1586
0002.JPG,coarse_em5_nm3__yaw_m1,yaw_refine,local_grid,-5.0,-3.0,0.0,-1.0,4.617384910583496,0.506398537477148,0.30974435806274414,0.30974432826042175,0.3009845018386841,0.30594968795776367,0.3018081784248352,0.3053620755672455,True,False,False,False,False,False,False,False,1.0,1773,1641
0002.JPG,coarse_em5_nm3__yaw_m0p5,yaw_refine,local_grid,-5.0,-3.0,0.0,-0.5,4.663561820983887,0.5428211586901763,0.30564284324645996,0.30564284324645996,0.2974855601787567,0.3025546073913574,0.2987053394317627,0.3019734025001526,True,False,False,False,False,False,False,False,1.0,1773,1588
0002.JPG,coarse_em5_nm3__yaw_p0p5,yaw_refine,local_grid,-5.0,-3.0,0.0,0.5,4.659383773803711,0.4720423778693349,0.30002710223197937,0.30002710223197937,0.2919462323188782,0.29802942276000977,0.29396265745162964,0.29651379585266113,False,False,False,False,False,False,False,False,1.0,1773,1699
0002.JPG,coarse_em5_nm3__yaw_p1,yaw_refine,local_grid,-5.0,-3.0,0.0,1.0,4.685356140136719,0.4684466019417476,0.29949629306793213,0.29949629306793213,0.2915157079696655,0.29712316393852234,0.2934120297431946,0.2964118719100952,False,False,False,False,False,False,False,False,1.0,1773,1648
0002.JPG,coarse_em5_nm3__yaw_p2,yaw_refine,local_grid,-5.0,-3.0,0.0,2.0,4.515415191650391,0.47730061349693254,0.2977026104927063,0.2977026402950287,0.29010486602783203,0.2960357964038849,0.29248812794685364,0.2950899302959442,True,False,False,False,False,False,False,False,1.0,1773,1630
0002.JPG,coarse_ep0_nm5__yaw_m2,yaw_refine,local_grid,0.0,-5.0,0.0,-2.0,5.053191184997559,0.545915136162128,0.3134792447090149,0.3134792447090149,0.30543527007102966,0.30960214138031006,0.30607491731643677,0.3095911145210266,False,False,False,False,False,False,False,False,1.0,1773,1579
0002.JPG,coarse_ep0_nm5__yaw_m1,yaw_refine,local_grid,0.0,-5.0,0.0,-1.0,4.730289459228516,0.5211352657004831,0.3126838207244873,0.3126838207244873,0.3041146993637085,0.30927157402038574,0.30517780780792236,0.30814847350120544,False,False,False,False,False,False,False,False,1.0,1773,1656
0002.JPG,coarse_ep0_nm5__yaw_m0p5,yaw_refine,local_grid,0.0,-5.0,0.0,-0.5,4.598594665527344,0.5027289266221953,0.3102388381958008,0.3102388381958008,0.30163809657096863,0.30628570914268494,0.3023926615715027,0.3060952126979828,True,False,False,False,False,False,False,False,1.0,1773,1649
0002.JPG,coarse_ep0_nm5__yaw_p0p5,yaw_refine,local_grid,0.0,-5.0,0.0,0.5,4.906842231750488,0.4643734643734644,0.30642837285995483,0.30642837285995483,0.2987505793571472,0.30174732208251953,0.2991179823875427,0.30375969409942627,False,False,False,False,False,False,False,False,1.0,1773,1628
0002.JPG,coarse_ep0_nm5__yaw_p1,yaw_refine,local_grid,0.0,-5.0,0.0,1.0,4.865653991699219,0.41096698113207547,0.3023172616958618,0.3023172616958618,0.2952856719493866,0.2964869737625122,0.2946881651878357,0.30095231533050537,False,False,False,False,False,False,False,False,1.0,1773,1696
0002.JPG,coarse_ep0_nm5__yaw_p2,yaw_refine,local_grid,0.0,-5.0,0.0,2.0,4.808798313140869,0.4658385093167702,0.301288366317749,0.301288366317749,0.2943994700908661,0.29542455077171326,0.2939301133155823,0.3008762300014496,False,False,False,False,False,False,False,False,1.0,1773,1610
0002.JPG,coarse_em5_nm5__yaw_m2,yaw_refine,local_grid,-5.0,-5.0,0.0,-2.0,4.64145565032959,0.5721362229102167,0.3208199441432953,0.3208199441432953,0.3122231364250183,0.31906741857528687,0.3142639994621277,0.31588566303253174,True,False,False,False,False,False,False,False,1.0,1773,1615
0002.JPG,coarse_em5_nm5__yaw_m1,yaw_refine,local_grid,-5.0,-5.0,0.0,-1.0,4.739134788513184,0.5196017423771002,0.31416574120521545,0.31416571140289307,0.30615079402923584,0.3114508390426636,0.30742600560188293,0.31091544032096863,False,False,False,False,False,False,False,False,1.0,1773,1607
0002.JPG,coarse_em5_nm5__yaw_m0p5,yaw_refine,local_grid,-5.0,-5.0,0.0,-0.5,4.669727325439453,0.49747474747474746,0.30944108963012695,0.30944108963012695,0.3015945255756378,0.3073451817035675,0.3032394349575043,0.30636540055274963,True,False,False,False,False,False,False,False,1.0,1773,1584
0002.JPG,coarse_em5_nm5__yaw_p0p5,yaw_refine,local_grid,-5.0,-5.0,0.0,0.5,4.655090808868408,0.475177304964539,0.3064338266849518,0.3064337968826294,0.29904451966285706,0.3035784959793091,0.30043599009513855,0.304311066865921,True,False,False,False,False,False,False,False,1.0,1773,1692
0002.JPG,coarse_em5_nm5__yaw_p1,yaw_refine,local_grid,-5.0,-5.0,0.0,1.0,4.668728828430176,0.470991890205864,0.3048411011695862,0.3048411011695862,0.2976979613304138,0.3021916151046753,0.2992396950721741,0.3029879033565521,False,False,False,False,False,False,False,False,1.0,1773,1603
0002.JPG,coarse_em5_nm5__yaw_p2,yaw_refine,local_grid,-5.0,-5.0,0.0,2.0,4.383672714233398,0.5338345864661654,0.30175888538360596,0.30175891518592834,0.2943118214607239,0.3002491891384125,0.2967134118080139,0.2998276948928833,True,False,False,False,False,False,False,False,1.0,1773,1596
0003.JPG,initial,initial,initial,0.0,0.0,0.0,0.0,4.390451431274414,0.6980365605958023,0.2316902130842209,0.2316902130842209,0.23353120684623718,0.24256488680839539,0.23720934987068176,0.22816257178783417,True,False,False,False,False,False,False,False,1.0,1477,2134
0003.JPG,east_minus_1m,one_step,local_grid,-1.0,0.0,0.0,0.0,4.208117485046387,0.6919431279620853,0.23449596762657166,0.23449596762657166,0.2365964651107788,0.24554060399532318,0.24028953909873962,0.23096513748168945,False,False,False,False,False,False,False,False,1.0,1477,2228
0003.JPG,east_plus_1m,one_step,local_grid,1.0,0.0,0.0,0.0,4.600743293762207,0.6553825321597834,0.23097118735313416,0.23097118735313416,0.2325638234615326,0.24164021015167236,0.23619616031646729,0.22725877165794373,False,False,False,False,False,False,False,False,1.0,1477,1995
0003.JPG,north_minus_1m,one_step,local_grid,0.0,-1.0,0.0,0.0,4.3994879722595215,0.7061611374407583,0.23533785343170166,0.23533783853054047,0.23679694533348083,0.24554666876792908,0.24031725525856018,0.23105081915855408,False,False,False,False,False,False,False,False,1.0,1477,2145
0003.JPG,north_plus_1m,one_step,local_grid,0.0,1.0,0.0,0.0,4.650836944580078,0.6709546377792823,0.2314165085554123,0.2314165085554123,0.2335769534111023,0.242756649851799,0.23733317852020264,0.2283773273229599,False,False,False,False,False,False,False,False,1.0,1477,2061
0003.JPG,yaw_minus_1deg,one_step,local_grid,0.0,0.0,0.0,-1.0,4.4321441650390625,0.7420446851726472,0.23707696795463562,0.237076997756958,0.23801134526729584,0.24790030717849731,0.24218952655792236,0.2337327003479004,False,False,False,False,False,False,False,False,1.0,1477,2144
0003.JPG,yaw_plus_1deg,one_step,local_grid,0.0,0.0,0.0,1.0,4.237110137939453,0.6743398781313473,0.23193489015102386,0.23193487524986267,0.2344416230916977,0.24102783203125,0.23674194514751434,0.2277757227420807,False,False,False,False,False,False,False,False,1.0,1477,2093
0003.JPG,alt_minus_1m,one_step,local_grid,0.0,0.0,-1.0,0.0,4.2797417640686035,0.7075152335815843,0.23067480325698853,0.23067478835582733,0.23227301239967346,0.24139392375946045,0.23590609431266785,0.22670292854309082,True,False,False,False,False,False,False,False,1.0,1477,2200
0003.JPG,alt_plus_1m,one_step,local_grid,0.0,0.0,1.0,0.0,4.340024471282959,0.6655382532159784,0.23276320099830627,0.23276321589946747,0.23477905988693237,0.24378149211406708,0.2384704053401947,0.22947609424591064,False,False,False,False,False,False,False,False,1.0,1477,2107
0003.JPG,coarse_em5_nm5,coarse_translation,local_grid,-5.0,-5.0,0.0,0.0,4.697701930999756,0.6228842247799594,0.2524993419647217,0.2524993419647217,0.254256010055542,0.2605147957801819,0.2572137713432312,0.24681627750396729,False,False,False,False,False,False,False,False,1.0,1477,1924
0003.JPG,coarse_em5_nm3,coarse_translation,local_grid,-5.0,-3.0,0.0,0.0,4.458542823791504,0.5951252538930264,0.24793097376823425,0.24793097376823425,0.2503453195095062,0.2579202950000763,0.25390884280204773,0.24355626106262207,False,False,False,False,False,False,False,False,1.0,1477,1918
0003.JPG,coarse_em5_nm1,coarse_translation,local_grid,-5.0,-1.0,0.0,0.0,4.607237339019775,0.6587677725118484,0.24898241460323334,0.24898241460323334,0.2520928382873535,0.2595617175102234,0.25564509630203247,0.24544553458690643,False,False,False,False,False,False,False,False,1.0,1477,2106
0003.JPG,coarse_em5_np0,coarse_translation,local_grid,-5.0,0.0,0.0,0.0,4.044536590576172,0.7190250507786052,0.24759404361248016,0.24759408831596375,0.2512443959712982,0.2588995099067688,0.2548006772994995,0.24469970166683197,True,False,False,False,False,False,False,False,1.0,1477,2084
0003.JPG,coarse_em5_np1,coarse_translation,local_grid,-5.0,1.0,0.0,0.0,4.56179141998291,0.7109004739336493,0.24782320857048035,0.24782323837280273,0.25173071026802063,0.25942888855934143,0.2552417814731598,0.24542634189128876,False,False,False,False,False,False,False,False,1.0,1477,2191
0003.JPG,coarse_em5_np3,coarse_translation,local_grid,-5.0,3.0,0.0,0.0,4.4741315841674805,0.6628300609343263,0.2462528645992279,0.2462528645992279,0.25067850947380066,0.25810545682907104,0.2540280222892761,0.24449925124645233,False,False,False,False,False,False,False,False,1.0,1477,2081
0003.JPG,coarse_em5_np5,coarse_translation,local_grid,-5.0,5.0,0.0,0.0,3.987989902496338,0.7962085308056872,0.2466234415769577,0.2466234266757965,0.25144439935684204,0.258285790681839,0.2543172240257263,0.24506542086601257,True,False,False,False,False,False,False,False,1.0,1477,2253
0003.JPG,coarse_em3_nm5,coarse_translation,local_grid,-3.0,-5.0,0.0,0.0,4.588110446929932,0.6756939742721734,0.24610185623168945,0.24610185623168945,0.24680066108703613,0.25377875566482544,0.24975678324699402,0.23946475982666016,False,False,False,False,False,False,False,False,1.0,1477,2104
0003.JPG,coarse_em3_nm3,coarse_translation,local_grid,-3.0,-3.0,0.0,0.0,4.751697540283203,0.6296547054840894,0.24085712432861328,0.24085712432861328,0.2427363097667694,0.2505464553833008,0.24607515335083008,0.23616138100624084,False,False,False,False,False,False,False,False,1.0,1477,1987
0003.JPG,coarse_em3_nm1,coarse_translation,local_grid,-3.0,-1.0,0.0,0.0,4.534930229187012,0.6547054840893703,0.23893068730831146,0.23893070220947266,0.2414642572402954,0.2499784231185913,0.24520885944366455,0.2351628988981247,False,False,False,False,False,False,False,False,1.0,1477,2077
0003.JPG,coarse_em3_np0,coarse_translation,local_grid,-3.0,0.0,0.0,0.0,4.557786464691162,0.6865267433987813,0.24318158626556396,0.24318158626556396,0.24617215991020203,0.254214346408844,0.2495248019695282,0.24002325534820557,False,False,False,False,False,False,False,False,1.0,1477,2102
0003.JPG,coarse_em3_np1,coarse_translation,local_grid,-3.0,1.0,0.0,0.0,4.117501735687256,0.7657413676371022,0.2389938235282898,0.2389938235282898,0.2421177625656128,0.2500236928462982,0.24537168443202972,0.23613381385803223,True,False,False,False,False,False,False,False,1.0,1477,2122
0003.JPG,coarse_em3_np3,coarse_translation,local_grid,-3.0,3.0,0.0,0.0,4.454131603240967,0.7136086662153013,0.2399083822965622,0.2399083822965622,0.24355344474315643,0.2512989342212677,0.24663540720939636,0.23763267695903778,False,False,False,False,False,False,False,False,1.0,1477,2081
0003.JPG,coarse_em3_np5,coarse_translation,local_grid,-3.0,5.0,0.0,0.0,4.07510232925415,0.6926201760324983,0.24126391112804413,0.24126391112804413,0.24511902034282684,0.25214338302612305,0.2477491796016693,0.2388879358768463,False,False,False,False,False,False,False,False,1.0,1477,2093
0003.JPG,coarse_em1_nm5,coarse_translation,local_grid,-1.0,-5.0,0.0,0.0,4.620692253112793,0.6208530805687204,0.23923902213573456,0.23923906683921814,0.23933975398540497,0.24660532176494598,0.2421191930770874,0.2323005646467209,False,False,False,False,False,False,False,False,1.0,1477,2089
0003.JPG,coarse_em1_nm3,coarse_translation,local_grid,-1.0,-3.0,0.0,0.0,4.5741424560546875,0.6655382532159784,0.2360258549451828,0.2360258400440216,0.23711954057216644,0.2448371946811676,0.24016830325126648,0.231085866689682,False,False,False,False,False,False,False,False,1.0,1477,2061
0003.JPG,coarse_em1_nm1,coarse_translation,local_grid,-1.0,-1.0,0.0,0.0,4.443935394287109,0.6912660798916723,0.23622381687164307,0.23622380197048187,0.2380211353302002,0.24662768840789795,0.24154016375541687,0.2321944236755371,False,False,False,False,False,False,False,False,1.0,1477,2056
0003.JPG,coarse_em1_np1,coarse_translation,local_grid,-1.0,1.0,0.0,0.0,4.342246055603027,0.6668923493568043,0.2373824119567871,0.2373824119567871,0.23986423015594482,0.24811558425426483,0.24312743544578552,0.23400120437145233,False,False,False,False,False,False,False,False,1.0,1477,2024
0003.JPG,coarse_em1_np3,coarse_translation,local_grid,-1.0,3.0,0.0,0.0,4.426473617553711,0.6926201760324983,0.23475027084350586,0.23475027084350586,0.2378869503736496,0.24606886506080627,0.24103598296642303,0.23240195214748383,False,False,False,False,False,False,False,False,1.0,1477,1992
0003.JPG,coarse_em1_np5,coarse_translation,local_grid,-1.0,5.0,0.0,0.0,4.125998020172119,0.7366283006093433,0.23590242862701416,0.23590242862701416,0.2395893782377243,0.24718829989433289,0.24241392314434052,0.234298974275589,True,False,False,False,False,False,False,False,1.0,1477,2163
0003.JPG,coarse_ep0_nm5,coarse_translation,local_grid,0.0,-5.0,0.0,0.0,4.324621200561523,0.6696005416384563,0.23875069618225098,0.23875072598457336,0.23855285346508026,0.2458595335483551,0.24117784202098846,0.23223994672298431,False,False,False,False,False,False,False,False,1.0,1477,2054
0003.JPG,coarse_ep0_nm3,coarse_translation,local_grid,0.0,-3.0,0.0,0.0,4.4950456619262695,0.6872037914691943,0.23444777727127075,0.23444776237010956,0.23525327444076538,0.2431354820728302,0.2383258193731308,0.2293350100517273,False,False,False,False,False,False,False,False,1.0,1477,2065
0003.JPG,coarse_ep0_np3,coarse_translation,local_grid,0.0,3.0,0.0,0.0,4.12366247177124,0.7379823967501693,0.2327640950679779,0.2327640950679779,0.23553800582885742,0.2437208592891693,0.23864448070526123,0.23020073771476746,True,False,False,False,False,False,False,False,1.0,1477,2134
0003.JPG,coarse_ep0_np5,coarse_translation,local_grid,0.0,5.0,0.0,0.0,4.026272773742676,0.7366283006093433,0.23191510140895844,0.23191508650779724,0.23524275422096252,0.2430640161037445,0.23812679946422577,0.23012563586235046,True,False,False,False,False,False,False,False,1.0,1477,2161
0003.JPG,coarse_ep1_nm5,coarse_translation,local_grid,1.0,-5.0,0.0,0.0,4.444191932678223,0.6364251861882194,0.23750486969947815,0.23750483989715576,0.2367735356092453,0.2444215714931488,0.23946630954742432,0.23058435320854187,False,False,False,False,False,False,False,False,1.0,1477,2049
0003.JPG,coarse_ep1_nm3,coarse_translation,local_grid,1.0,-3.0,0.0,0.0,4.443729400634766,0.7156398104265402,0.2363366335630417,0.2363366335630417,0.23657351732254028,0.24459968507289886,0.2395901381969452,0.23069708049297333,False,False,False,False,False,False,False,False,1.0,1477,2173
0003.JPG,coarse_ep1_nm1,coarse_translation,local_grid,1.0,-1.0,0.0,0.0,4.663518905639648,0.6283006093432634,0.22951379418373108,0.2295137643814087,0.2307572066783905,0.23949310183525085,0.234244704246521,0.225345179438591,False,False,False,False,False,False,False,False,1.0,1477,1991
0003.JPG,coarse_ep1_np1,coarse_translation,local_grid,1.0,1.0,0.0,0.0,4.094266891479492,0.6756939742721734,0.23042833805084229,0.23042838275432587,0.23231808841228485,0.24146679043769836,0.2359900176525116,0.2271818369626999,False,False,False,False,False,False,False,False,1.0,1477,2095
0003.JPG,coarse_ep1_np3,coarse_translation,local_grid,1.0,3.0,0.0,0.0,4.007033348083496,0.7413676371022343,0.22973254323005676,0.22973255813121796,0.23223376274108887,0.24043969810009003,0.23534606397151947,0.22703304886817932,True,False,False,False,False,False,False,False,1.0,1477,2116
0003.JPG,coarse_ep1_np5,coarse_translation,local_grid,1.0,5.0,0.0,0.0,4.311383247375488,0.6912660798916723,0.23280088603496552,0.23280088603496552,0.2358228862285614,0.24381683766841888,0.23876738548278809,0.230857253074646,False,False,False,False,False,False,False,False,1.0,1477,2124
0003.JPG,coarse_ep3_nm5,coarse_translation,local_grid,3.0,-5.0,0.0,0.0,4.578326225280762,0.6438727149627623,0.23356950283050537,0.23356954753398895,0.23259422183036804,0.24007007479667664,0.2352619171142578,0.226674884557724,False,False,False,False,False,False,False,False,1.0,1477,2000
0003.JPG,coarse_ep3_nm3,coarse_translation,local_grid,3.0,-3.0,0.0,0.0,4.695096015930176,0.6628300609343263,0.23110900819301605,0.23110902309417725,0.23083999752998352,0.23919376730918884,0.2339153289794922,0.22542893886566162,False,False,False,False,False,False,False,False,1.0,1477,2098
0003.JPG,coarse_ep3_nm1,coarse_translation,local_grid,3.0,-1.0,0.0,0.0,4.141524314880371,0.7373053486797563,0.2283373326063156,0.2283373475074768,0.2292231172323227,0.2380443811416626,0.23270778357982635,0.224104642868042,True,False,True,True,False,True,True,True,1.0,1477,2083
0003.JPG,coarse_ep3_np0,coarse_translation,local_grid,3.0,0.0,0.0,0.0,4.513862609863281,0.6729857819905213,0.22818982601165771,0.22818982601165771,0.2293844074010849,0.2384185791015625,0.23297177255153656,0.224342942237854,False,False,False,False,False,False,False,False,1.0,1477,2060
0003.JPG,coarse_ep3_np1,coarse_translation,local_grid,3.0,1.0,0.0,0.0,4.566033363342285,0.6648612051455653,0.22925207018852234,0.22925208508968353,0.23081406950950623,0.23991833627223969,0.2344483733177185,0.22584372758865356,False,False,False,False,False,False,False,False,1.0,1477,1996
0003.JPG,coarse_ep3_np3,coarse_translation,local_grid,3.0,3.0,0.0,0.0,4.381777763366699,0.6858496953283684,0.23331813514232635,0.23331813514232635,0.23523414134979248,0.24461647868156433,0.23907820880413055,0.23065415024757385,False,False,False,False,False,False,False,False,1.0,1477,2168
0003.JPG,coarse_ep3_np5,coarse_translation,local_grid,3.0,5.0,0.0,0.0,4.5026679039001465,0.6560595802301964,0.23308789730072021,0.23308789730072021,0.23542305827140808,0.2438737154006958,0.23867681622505188,0.2308167666196823,False,False,False,False,False,False,False,False,1.0,1477,1945
0003.JPG,coarse_ep5_nm5,coarse_translation,local_grid,5.0,-5.0,0.0,0.0,4.552324295043945,0.6790792146242384,0.2353096455335617,0.2353096306324005,0.23416656255722046,0.2419200837612152,0.2369801253080368,0.22847971320152283,False,False,False,False,False,False,False,False,1.0,1477,2151
0003.JPG,coarse_ep5_nm3,coarse_translation,local_grid,5.0,-3.0,0.0,0.0,4.435731410980225,0.6594448205822614,0.23226892948150635,0.23226892948150635,0.23160982131958008,0.24042795598506927,0.23481938242912292,0.22628435492515564,False,False,False,False,False,False,False,False,1.0,1477,1969
0003.JPG,coarse_ep5_nm1,coarse_translation,local_grid,5.0,-1.0,0.0,0.0,4.348247528076172,0.6716316858496953,0.23089146614074707,0.23089146614074707,0.23129549622535706,0.24042455852031708,0.23491239547729492,0.226312518119812,False,False,False,False,False,False,False,False,1.0,1477,2003
0003.JPG,coarse_ep5_np0,coarse_translation,local_grid,5.0,0.0,0.0,0.0,4.20479154586792,0.7095463777928233,0.22838358581066132,0.22838358581066132,0.22912532091140747,0.23832730948925018,0.23283660411834717,0.22434119880199432,True,False,False,False,True,False,False,False,1.0,1477,2116
0003.JPG,coarse_ep5_np1,coarse_translation,local_grid,5.0,1.0,0.0,0.0,4.394256114959717,0.6851726472579553,0.22925858199596405,0.22925858199596405,0.2302389144897461,0.2396237552165985,0.23404476046562195,0.22564956545829773,False,False,False,False,False,False,False,False,1.0,1477,2084
0003.JPG,coarse_ep5_np3,coarse_translation,local_grid,5.0,3.0,0.0,0.0,4.072230339050293,0.7345971563981043,0.2328045666217804,0.232804536819458,0.23408016562461853,0.24369196593761444,0.23806028068065643,0.22989100217819214,True,False,False,False,False,False,False,False,1.0,1477,2167
0003.JPG,coarse_ep5_np5,coarse_translation,local_grid,5.0,5.0,0.0,0.0,4.0570573806762695,0.7027758970886933,0.23132258653640747,0.23132258653640747,0.2332732379436493,0.24157258868217468,0.23639242351055145,0.22905591130256653,True,False,False,False,False,False,False,False,1.0,1477,2148
0003.JPG,coarse_em5_np5__yaw_m2,yaw_refine,local_grid,-5.0,5.0,0.0,-2.0,4.326844215393066,0.6939742721733243,0.2506936192512512,0.25069358944892883,0.25445765256881714,0.26217085123062134,0.2580907940864563,0.2505042254924774,False,False,False,False,False,False,False,False,1.0,1477,2038
0003.JPG,coarse_em5_np5__yaw_m1,yaw_refine,local_grid,-5.0,5.0,0.0,-1.0,4.321461200714111,0.7142857142857143,0.24727480113506317,0.24727480113506317,0.2518141269683838,0.25856706500053406,0.25490137934684753,0.24699656665325165,True,False,False,False,False,False,False,False,1.0,1477,2202
0003.JPG,coarse_em5_np5__yaw_m0p5,yaw_refine,local_grid,-5.0,5.0,0.0,-0.5,4.3262939453125,0.6777251184834123,0.24604007601737976,0.24604007601737976,0.251240611076355,0.25745874643325806,0.25392672419548035,0.24561646580696106,False,False,False,False,False,False,False,False,1.0,1477,2118
0003.JPG,coarse_em5_np5__yaw_p0p5,yaw_refine,local_grid,-5.0,5.0,0.0,0.5,4.3564372062683105,0.7433987813134733,0.2470204085111618,0.2470203936100006,0.25249606370925903,0.2580743432044983,0.25468215346336365,0.24558624625205994,True,False,False,False,False,False,False,False,1.0,1477,2144
0003.JPG,coarse_em5_np5__yaw_p1,yaw_refine,local_grid,-5.0,5.0,0.0,1.0,4.273999214172363,0.7217332430602573,0.24589478969573975,0.24589478969573975,0.2521517872810364,0.25570210814476013,0.253396213054657,0.24435949325561523,True,False,False,False,False,False,False,False,1.0,1477,2056
0003.JPG,coarse_em5_np5__yaw_p2,yaw_refine,local_grid,-5.0,5.0,0.0,2.0,4.4620819091796875,0.7765741367637102,0.24789020419120789,0.24789020419120789,0.255104124546051,0.25568944215774536,0.25525912642478943,0.2468419075012207,False,False,False,False,False,False,False,False,1.0,1477,2171
0003.JPG,coarse_ep1_np3__yaw_m2,yaw_refine,local_grid,1.0,3.0,0.0,-2.0,4.002374649047852,0.7224102911306702,0.23754338920116425,0.23754338920116425,0.23922762274742126,0.2479192018508911,0.2427392452955246,0.2360946536064148,True,False,False,False,False,False,False,False,1.0,1477,2133
0003.JPG,coarse_ep1_np3__yaw_m1,yaw_refine,local_grid,1.0,3.0,0.0,-1.0,4.306785583496094,0.6939742721733243,0.2341708242893219,0.2341708391904831,0.2359655350446701,0.24539312720298767,0.23973584175109863,0.23197077214717865,False,False,False,False,False,False,False,False,1.0,1477,2047
0003.JPG,coarse_ep1_np3__yaw_m0p5,yaw_refine,local_grid,1.0,3.0,0.0,-0.5,4.516171932220459,0.6743398781313473,0.2326744794845581,0.2326745092868805,0.23494714498519897,0.24351035058498383,0.2382296770811081,0.23030170798301697,False,False,False,False,False,False,False,False,1.0,1477,2082
0003.JPG,coarse_ep1_np3__yaw_p0p5,yaw_refine,local_grid,1.0,3.0,0.0,0.5,4.135495662689209,0.7109004739336493,0.2316809594631195,0.2316809743642807,0.23460018634796143,0.24269819259643555,0.23772484064102173,0.22897885739803314,True,False,False,False,False,False,False,False,1.0,1477,2202
0003.JPG,coarse_ep1_np3__yaw_p1,yaw_refine,local_grid,1.0,3.0,0.0,1.0,4.2814836502075195,0.7176709546377793,0.23086921870708466,0.23086921870708466,0.23437313735485077,0.24001389741897583,0.23627632856369019,0.2276378571987152,True,False,False,False,False,False,False,False,1.0,1477,2161
0003.JPG,coarse_ep1_np3__yaw_p2,yaw_refine,local_grid,1.0,3.0,0.0,2.0,4.039834976196289,0.7332430602572783,0.23138388991355896,0.23138388991355896,0.23584362864494324,0.23814153671264648,0.23620128631591797,0.22771868109703064,True,False,False,False,False,False,False,False,1.0,1477,2078
0003.JPG,coarse_ep0_np5__yaw_m2,yaw_refine,local_grid,0.0,5.0,0.0,-2.0,4.177639961242676,0.7339201083276913,0.2395365685224533,0.2395365685224533,0.24197465181350708,0.2508726119995117,0.2454771250486374,0.23843786120414734,True,False,False,False,False,False,False,False,1.0,1477,2151
0003.JPG,coarse_ep0_np5__yaw_m1,yaw_refine,local_grid,0.0,5.0,0.0,-1.0,3.883826732635498,0.7352742044685172,0.2358992099761963,0.2358992099761963,0.2382884919643402,0.2465185970067978,0.2412492036819458,0.2344961166381836,True,True,False,False,False,False,False,False,1.0,1477,2142
0003.JPG,coarse_ep0_np5__yaw_m0p5,yaw_refine,local_grid,0.0,5.0,0.0,-0.5,4.408397674560547,0.6756939742721734,0.2347862422466278,0.2347862422466278,0.23731350898742676,0.2461230754852295,0.24057820439338684,0.23294274508953094,False,False,False,False,False,False,False,False,1.0,1477,2122
0003.JPG,coarse_ep0_np5__yaw_p0p5,yaw_refine,local_grid,0.0,5.0,0.0,0.5,4.098053455352783,0.7251184834123223,0.23157481849193573,0.23157481849193573,0.23511537909507751,0.24183890223503113,0.23744094371795654,0.22894804179668427,True,False,False,False,False,False,False,False,1.0,1477,2216
0003.JPG,coarse_ep0_np5__yaw_p1,yaw_refine,local_grid,0.0,5.0,0.0,1.0,4.134982585906982,0.7264725795531483,0.233066126704216,0.2330661416053772,0.2373633235692978,0.2435932159423828,0.23953798413276672,0.2308821678161621,True,False,False,False,False,False,False,False,1.0,1477,2130
0003.JPG,coarse_ep0_np5__yaw_p2,yaw_refine,local_grid,0.0,5.0,0.0,2.0,4.386144638061523,0.8185511171293162,0.23401479423046112,0.23401479423046112,0.23978647589683533,0.24105870723724365,0.23951444029808044,0.2319713532924652,True,False,False,False,False,False,False,False,1.0,1477,2096
0003.JPG,coarse_em5_np0__yaw_m2,yaw_refine,local_grid,-5.0,0.0,0.0,-2.0,4.456595420837402,0.6580907244414353,0.25533950328826904,0.25533953309059143,0.25774574279785156,0.2656554579734802,0.2616826891899109,0.2536180913448334,False,False,False,False,False,False,False,False,1.0,1477,1999
0003.JPG,coarse_em5_np0__yaw_m1,yaw_refine,local_grid,-5.0,0.0,0.0,-1.0,4.525020599365234,0.6513202437373053,0.25075170397758484,0.25075170397758484,0.2532922029495239,0.2622120976448059,0.25761526823043823,0.2478831708431244,False,False,False,False,False,False,False,False,1.0,1477,2162
0003.JPG,coarse_em5_np0__yaw_m0p5,yaw_refine,local_grid,-5.0,0.0,0.0,-0.5,4.235613822937012,0.6953283683141503,0.24899029731750488,0.24899029731750488,0.2519661784172058,0.2599278688430786,0.255792498588562,0.24602651596069336,False,False,False,False,False,False,False,False,1.0,1477,2128
0003.JPG,coarse_em5_np0__yaw_p0p5,yaw_refine,local_grid,-5.0,0.0,0.0,0.5,4.225037574768066,0.7088693297224103,0.2470499724149704,0.2470499724149704,0.25122514367103577,0.2586680054664612,0.2547054886817932,0.24427250027656555,True,False,False,False,False,False,False,False,1.0,1477,2193
0003.JPG,coarse_em5_np0__yaw_p1,yaw_refine,local_grid,-5.0,0.0,0.0,1.0,4.761898040771484,0.6668923493568043,0.24507766962051392,0.24507766962051392,0.24988041818141937,0.2548602223396301,0.2519344687461853,0.24168193340301514,False,False,False,False,False,False,False,False,1.0,1477,2090
0003.JPG,coarse_em5_np0__yaw_p2,yaw_refine,local_grid,-5.0,0.0,0.0,2.0,4.749416351318359,0.6872037914691943,0.24542628228664398,0.2454262673854828,0.25040683150291443,0.25156137347221375,0.25037819147109985,0.24114283919334412,False,False,False,False,False,False,False,False,1.0,1477,2094
0003.JPG,coarse_ep5_np5__yaw_m2,yaw_refine,local_grid,5.0,5.0,0.0,-2.0,4.419635772705078,0.6770480704129993,0.23868179321289062,0.23868177831172943,0.2405914068222046,0.24981746077537537,0.24438321590423584,0.23810671269893646,False,False,False,False,False,False,False,False,1.0,1477,2059
0003.JPG,coarse_ep5_np5__yaw_m1,yaw_refine,local_grid,5.0,5.0,0.0,-1.0,4.224000930786133,0.7413676371022343,0.23604492843151093,0.23604492843151093,0.23771309852600098,0.24760708212852478,0.2417978048324585,0.23428647220134735,True,False,False,False,False,False,False,False,1.0,1477,2199
0003.JPG,coarse_ep5_np5__yaw_m0p5,yaw_refine,local_grid,5.0,5.0,0.0,-0.5,4.1223578453063965,0.6973595125253893,0.23558413982391357,0.23558413982391357,0.23717987537384033,0.24663536250591278,0.24105799198150635,0.23339025676250458,False,False,False,False,False,False,False,False,1.0,1477,2146
0003.JPG,coarse_ep5_np5__yaw_p0p5,yaw_refine,local_grid,5.0,5.0,0.0,0.5,4.038644790649414,0.6899119837508463,0.23404118418693542,0.23404119908809662,0.23650531470775604,0.24477612972259521,0.2396291196346283,0.2320261001586914,False,False,False,False,False,False,False,False,1.0,1477,2158
0003.JPG,coarse_ep5_np5__yaw_p1,yaw_refine,local_grid,5.0,5.0,0.0,1.0,4.16576623916626,0.7413676371022343,0.23492255806922913,0.23492257297039032,0.2381453812122345,0.24517974257469177,0.24069321155548096,0.23291467130184174,True,False,False,False,False,False,False,False,1.0,1477,2247
0003.JPG,coarse_ep5_np5__yaw_p2,yaw_refine,local_grid,5.0,5.0,0.0,2.0,4.178772926330566,0.7386594448205822,0.2347221076488495,0.2347221076488495,0.23852799832820892,0.24187418818473816,0.23914913833141327,0.2319149672985077,True,False,False,False,False,False,False,False,1.0,1477,2171
0004.JPG,initial,initial,initial,0.0,0.0,0.0,0.0,2.9588804244995117,0.8932542624166049,0.22280025482177734,0.22280025482177734,0.2240196168422699,0.22481125593185425,0.22343528270721436,0.22554342448711395,True,False,False,False,False,False,False,False,1.0,2698,3654
0004.JPG,east_minus_1m,one_step,local_grid,-1.0,0.0,0.0,0.0,2.8375401496887207,0.8999258710155671,0.22328343987464905,0.22328343987464905,0.2243259847164154,0.22508125007152557,0.2237841784954071,0.22583073377609253,True,False,True,True,True,True,True,True,1.0,2698,3481
0004.JPG,east_plus_1m,one_step,local_grid,1.0,0.0,0.0,0.0,2.9211134910583496,0.8962194217939214,0.2276013344526291,0.2276013344526291,0.22863399982452393,0.22921836376190186,0.22784283757209778,0.22965851426124573,True,False,False,False,False,False,False,False,1.0,2698,3471
0004.JPG,north_minus_1m,one_step,local_grid,0.0,-1.0,0.0,0.0,3.007678985595703,0.8446997776130467,0.23048166930675507,0.23048166930675507,0.231035053730011,0.23182396590709686,0.2303975522518158,0.23284649848937988,False,False,False,False,False,False,False,False,1.0,2698,3397
0004.JPG,north_plus_1m,one_step,local_grid,0.0,1.0,0.0,0.0,2.910518169403076,0.8795404002965159,0.2242123931646347,0.2242123931646347,0.2251838892698288,0.22588741779327393,0.22441987693309784,0.22666220366954803,False,False,False,False,False,False,False,False,1.0,2698,3441
0004.JPG,yaw_minus_1deg,one_step,local_grid,0.0,0.0,0.0,-1.0,2.9684712886810303,0.8713862120088954,0.22570136189460754,0.22570136189460754,0.2270762175321579,0.22605006396770477,0.22572748363018036,0.2282678782939911,False,False,False,False,False,False,False,False,1.0,2698,3461
0004.JPG,yaw_plus_1deg,one_step,local_grid,0.0,0.0,0.0,1.0,3.0265517234802246,0.8836174944403261,0.23188208043575287,0.23188208043575287,0.2317228615283966,0.23260974884033203,0.23090653121471405,0.23407869040966034,False,False,False,False,False,False,False,False,1.0,2698,3467
0004.JPG,alt_minus_1m,one_step,local_grid,0.0,0.0,-1.0,0.0,2.9783592224121094,0.9047442550037065,0.22267568111419678,0.22267568111419678,0.2238963544368744,0.22481504082679749,0.22337496280670166,0.2254541516304016,False,False,False,False,False,False,False,False,1.0,2698,3733
0004.JPG,alt_plus_1m,one_step,local_grid,0.0,0.0,1.0,0.0,2.832399845123291,0.9047442550037065,0.2245708703994751,0.22457090020179749,0.22581443190574646,0.22620245814323425,0.22508381307125092,0.22721445560455322,True,False,False,False,False,False,False,False,1.0,2698,3693
0004.JPG,coarse_em5_nm5,coarse_translation,local_grid,-5.0,-5.0,0.0,0.0,3.1910219192504883,0.8491475166790216,0.23445120453834534,0.23445117473602295,0.23471146821975708,0.2359963357448578,0.23499731719493866,0.23622266948223114,False,False,False,False,False,False,False,False,1.0,2698,3419
0004.JPG,coarse_em5_nm3,coarse_translation,local_grid,-5.0,-3.0,0.0,0.0,3.1719484329223633,0.8302446256486287,0.22826115787029266,0.22826115787029266,0.2290036380290985,0.2302512377500534,0.2292366474866867,0.23033390939235687,False,False,False,False,False,False,False,False,1.0,2698,3380
0004.JPG,coarse_em5_nm1,coarse_translation,local_grid,-5.0,-1.0,0.0,0.0,3.0209693908691406,0.8454410674573758,0.2334919273853302,0.2334919273853302,0.23461195826530457,0.2349921464920044,0.23418667912483215,0.23569297790527344,False,False,False,False,False,False,False,False,1.0,2698,3423
0004.JPG,coarse_em5_np0,coarse_translation,local_grid,-5.0,0.0,0.0,0.0,3.0893731117248535,0.8695329873980726,0.22753974795341492,0.22753974795341492,0.22888007760047913,0.22922329604625702,0.22841183841228485,0.2299288511276245,False,False,False,False,False,False,False,False,1.0,2698,3584
0004.JPG,coarse_em5_np1,coarse_translation,local_grid,-5.0,1.0,0.0,0.0,3.0126161575317383,0.8717568569310601,0.22956106066703796,0.22956106066703796,0.23096010088920593,0.23112210631370544,0.23033371567726135,0.23204974830150604,False,False,False,False,False,False,False,False,1.0,2698,3380
0004.JPG,coarse_em5_np3,coarse_translation,local_grid,-5.0,3.0,0.0,0.0,2.9491231441497803,0.9114158636026687,0.22698259353637695,0.22698257863521576,0.22830012440681458,0.228629469871521,0.2275296449661255,0.22930733859539032,True,False,False,False,False,False,False,False,1.0,2698,3491
0004.JPG,coarse_em5_np5,coarse_translation,local_grid,-5.0,5.0,0.0,0.0,3.056972026824951,0.863232023721275,0.22558455169200897,0.22558455169200897,0.22708013653755188,0.22776536643505096,0.22627341747283936,0.22858697175979614,False,False,False,False,False,False,False,False,1.0,2698,3432
0004.JPG,coarse_em3_nm5,coarse_translation,local_grid,-3.0,-5.0,0.0,0.0,3.1243507862091064,0.8409933283914011,0.23649916052818298,0.23649916052818298,0.2374696433544159,0.23716436326503754,0.23699268698692322,0.23950748145580292,False,False,False,False,False,False,False,False,1.0,2698,3408
0004.JPG,coarse_em3_nm3,coarse_translation,local_grid,-3.0,-3.0,0.0,0.0,3.1843552589416504,0.8365455893254262,0.22970613837242126,0.22970613837242126,0.23014605045318604,0.2307998389005661,0.2299448549747467,0.2318331003189087,False,False,False,False,False,False,False,False,1.0,2698,3335
0004.JPG,coarse_em3_nm1,coarse_translation,local_grid,-3.0,-1.0,0.0,0.0,2.844968318939209,0.8925129725722758,0.2253207415342331,0.2253207415342331,0.22627007961273193,0.2268754094839096,0.22594726085662842,0.2276768982410431,False,False,False,False,False,False,False,False,1.0,2698,3461
0004.JPG,coarse_em3_np0,coarse_translation,local_grid,-3.0,0.0,0.0,0.0,3.0076732635498047,0.8825055596738325,0.22837305068969727,0.22837305068969727,0.22938334941864014,0.23006534576416016,0.22902600467205048,0.23058152198791504,False,False,False,False,False,False,False,False,1.0,2698,3506
0004.JPG,coarse_em3_np1,coarse_translation,local_grid,-3.0,1.0,0.0,0.0,2.9961605072021484,0.8650852483320979,0.2244628369808197,0.2244628369808197,0.22578364610671997,0.22647196054458618,0.22530877590179443,0.22706183791160583,False,False,False,False,False,False,False,False,1.0,2698,3515
0004.JPG,coarse_em3_np3,coarse_translation,local_grid,-3.0,3.0,0.0,0.0,3.116487741470337,0.8810229799851742,0.22304928302764893,0.22304928302764893,0.22425445914268494,0.22492659091949463,0.22360078990459442,0.22541353106498718,False,False,False,False,False,False,False,False,1.0,2698,3419
0004.JPG,coarse_em3_np5,coarse_translation,local_grid,-3.0,5.0,0.0,0.0,3.033188581466675,0.9077094143810229,0.22599689662456512,0.22599689662456512,0.22737553715705872,0.22815731167793274,0.22659026086330414,0.22902584075927734,False,False,False,False,False,False,False,False,1.0,2698,3674
0004.JPG,coarse_em1_nm5,coarse_translation,local_grid,-1.0,-5.0,0.0,0.0,2.853196144104004,0.9088213491475167,0.23193606734275818,0.23193606734275818,0.2330220639705658,0.23257720470428467,0.2324659526348114,0.2353675812482834,True,False,False,False,False,False,False,False,1.0,2698,3497
0004.JPG,coarse_em1_nm3,coarse_translation,local_grid,-1.0,-3.0,0.0,0.0,2.9327797889709473,0.8535952557449963,0.22794818878173828,0.22794818878173828,0.22876790165901184,0.22929498553276062,0.22835461795330048,0.23080775141716003,False,False,False,False,False,False,False,False,1.0,2698,3540
0004.JPG,coarse_em1_nm1,coarse_translation,local_grid,-1.0,-1.0,0.0,0.0,2.9113128185272217,0.8591549295774648,0.2237868309020996,0.2237868309020996,0.22499889135360718,0.2257097214460373,0.2245752215385437,0.22655807435512543,False,False,False,False,False,False,False,False,1.0,2698,3366
0004.JPG,coarse_em1_np1,coarse_translation,local_grid,-1.0,1.0,0.0,0.0,2.9601590633392334,0.9147516679021498,0.22661636769771576,0.22661638259887695,0.22755011916160583,0.22847363352775574,0.2268824279308319,0.22903525829315186,False,False,False,False,False,False,False,False,1.0,2698,3518
0004.JPG,coarse_em1_np3,coarse_translation,local_grid,-1.0,3.0,0.0,0.0,2.9494025707244873,0.9114158636026687,0.22504822909832,0.22504822909832,0.22599124908447266,0.2266205996274948,0.2251841127872467,0.22744670510292053,True,False,False,False,False,False,False,False,1.0,2698,3516
0004.JPG,coarse_em1_np5,coarse_translation,local_grid,-1.0,5.0,0.0,0.0,2.872617721557617,0.9236471460340994,0.22474166750907898,0.22474166750907898,0.22570137679576874,0.22615298628807068,0.22469139099121094,0.22686243057250977,True,False,False,False,False,False,False,False,1.0,2698,3794
0004.JPG,coarse_ep0_nm5,coarse_translation,local_grid,0.0,-5.0,0.0,0.0,2.9245669841766357,0.8680504077094143,0.2337111532688141,0.23371116816997528,0.23508350551128387,0.2346315085887909,0.2344195544719696,0.23751044273376465,False,False,False,False,False,False,False,False,1.0,2698,3470
0004.JPG,coarse_ep0_nm3,coarse_translation,local_grid,0.0,-3.0,0.0,0.0,2.8776535987854004,0.8739807264640475,0.23059985041618347,0.23059985041618347,0.23124569654464722,0.23162639141082764,0.23058855533599854,0.2332807034254074,False,False,False,False,False,False,False,False,1.0,2698,3408
0004.JPG,coarse_ep0_np3,coarse_translation,local_grid,0.0,3.0,0.0,0.0,2.9750101566314697,0.913639733135656,0.22491036355495453,0.22491034865379333,0.2258501499891281,0.22631464898586273,0.22493672370910645,0.2272156924009323,False,False,False,False,False,False,False,False,1.0,2698,3578
0004.JPG,coarse_ep0_np5,coarse_translation,local_grid,0.0,5.0,0.0,0.0,2.9237823486328125,0.8921423276501111,0.225203275680542,0.225203275680542,0.22612005472183228,0.22629974782466888,0.2249487042427063,0.22723257541656494,False,False,False,False,False,False,False,False,1.0,2698,3497
0004.JPG,coarse_ep1_nm5,coarse_translation,local_grid,1.0,-5.0,0.0,0.0,2.85510516166687,0.9147516679021498,0.23463046550750732,0.23463045060634613,0.23599271476268768,0.23563167452812195,0.23531022667884827,0.2384919822216034,True,False,False,False,False,False,False,False,1.0,2698,3473
0004.JPG,coarse_ep1_nm3,coarse_translation,local_grid,1.0,-3.0,0.0,0.0,2.8680710792541504,0.896590066716086,0.23371867835521698,0.2337186634540558,0.234684020280838,0.23450219631195068,0.23373079299926758,0.236995667219162,True,False,False,False,False,False,False,False,1.0,2698,3579
0004.JPG,coarse_ep1_nm1,coarse_translation,local_grid,1.0,-1.0,0.0,0.0,2.9646999835968018,0.8869532987398072,0.22823449969291687,0.22823449969291687,0.2288348525762558,0.22933948040008545,0.22802677750587463,0.2305922508239746,False,False,False,False,False,False,False,False,1.0,2698,3607
0004.JPG,coarse_ep1_np1,coarse_translation,local_grid,1.0,1.0,0.0,0.0,3.004850149154663,0.8647146034099333,0.22516664862632751,0.22516664862632751,0.22620569169521332,0.2267141342163086,0.2253173291683197,0.22762036323547363,False,False,False,False,False,False,False,False,1.0,2698,3413
0004.JPG,coarse_ep1_np3,coarse_translation,local_grid,1.0,3.0,0.0,0.0,2.9023380279541016,0.9436619718309859,0.22473332285881042,0.22473329305648804,0.22570696473121643,0.22603552043437958,0.22466307878494263,0.22692231833934784,True,False,False,False,False,False,False,False,1.0,2698,3698
0004.JPG,coarse_ep1_np5,coarse_translation,local_grid,1.0,5.0,0.0,0.0,2.9027795791625977,0.9203113417346183,0.22919784486293793,0.22919782996177673,0.22999918460845947,0.22989916801452637,0.22859618067741394,0.23093318939208984,True,False,False,False,False,False,False,False,1.0,2698,3574
0004.JPG,coarse_ep3_nm5,coarse_translation,local_grid,3.0,-5.0,0.0,0.0,2.917262554168701,0.8839881393624908,0.23527012765407562,0.23527012765407562,0.23684380948543549,0.23682758212089539,0.23640140891075134,0.2387911081314087,False,False,False,False,False,False,False,False,1.0,2698,3445
0004.JPG,coarse_ep3_nm3,coarse_translation,local_grid,3.0,-3.0,0.0,0.0,2.7806620597839355,0.9143810229799851,0.23522107303142548,0.23522105813026428,0.23617792129516602,0.23572513461112976,0.23505829274654388,0.23812246322631836,True,False,False,False,False,False,False,False,1.0,2698,3527
0004.JPG,coarse_ep3_nm1,coarse_translation,local_grid,3.0,-1.0,0.0,0.0,2.9463319778442383,0.8617494440326168,0.23178046941757202,0.23178046941757202,0.23243676126003265,0.23282520473003387,0.23146210610866547,0.23395109176635742,False,False,False,False,False,False,False,False,1.0,2698,3431
0004.JPG,coarse_ep3_np0,coarse_translation,local_grid,3.0,0.0,0.0,0.0,2.873971462249756,0.9229058561897702,0.23120105266571045,0.23120105266571045,0.2316526621580124,0.23212680220603943,0.23061883449554443,0.2330758273601532,True,False,False,False,False,False,False,False,1.0,2698,3680
0004.JPG,coarse_ep3_np1,coarse_translation,local_grid,3.0,1.0,0.0,0.0,2.9100489616394043,0.9091919940696812,0.22958672046661377,0.22958672046661377,0.23073872923851013,0.2313278317451477,0.22978191077709198,0.231749027967453,True,False,False,False,False,False,False,False,1.0,2698,3440
0004.JPG,coarse_ep3_np3,coarse_translation,local_grid,3.0,3.0,0.0,0.0,2.9425978660583496,0.9288361749444033,0.23199819028377533,0.23199817538261414,0.23298537731170654,0.2333838939666748,0.23178371787071228,0.23412834107875824,True,False,False,False,False,False,False,False,1.0,2698,3602
0004.JPG,coarse_ep3_np5,coarse_translation,local_grid,3.0,5.0,0.0,0.0,2.8697919845581055,0.9255003706449222,0.23400497436523438,0.23400497436523438,0.23466315865516663,0.23449528217315674,0.233120858669281,0.2357931137084961,True,False,False,False,False,False,False,False,1.0,2698,3639
0004.JPG,coarse_ep5_nm5,coarse_translation,local_grid,5.0,-5.0,0.0,0.0,2.8276476860046387,0.9158636026686434,0.24285951256752014,0.24285951256752014,0.24448776245117188,0.24482373893260956,0.24422279000282288,0.24603235721588135,True,False,False,False,False,False,False,False,1.0,2698,3538
0004.JPG,coarse_ep5_nm3,coarse_translation,local_grid,5.0,-3.0,0.0,0.0,2.848389148712158,0.9351371386212008,0.24314367771148682,0.24314367771148682,0.24400794506072998,0.24376444518566132,0.24289613962173462,0.24572789669036865,True,False,False,False,False,False,False,False,1.0,2698,3599
0004.JPG,coarse_ep5_nm1,coarse_translation,local_grid,5.0,-1.0,0.0,0.0,2.955385684967041,0.91882876204596,0.23733612895011902,0.23733612895011902,0.23847874999046326,0.23901259899139404,0.2375558316707611,0.23892275989055634,True,False,False,False,False,False,False,False,1.0,2698,3620
0004.JPG,coarse_ep5_np0,coarse_translation,local_grid,5.0,0.0,0.0,0.0,2.906167984008789,0.8710155670867309,0.23281753063201904,0.23281753063201904,0.2336839884519577,0.23495769500732422,0.23298875987529755,0.23387476801872253,False,False,False,False,False,False,False,False,1.0,2698,3461
0004.JPG,coarse_ep5_np1,coarse_translation,local_grid,5.0,1.0,0.0,0.0,2.776465892791748,0.9010378057820608,0.23387198150157928,0.23387198150157928,0.2345445603132248,0.23576681315898895,0.2337464988231659,0.2347218245267868,True,False,False,False,False,False,False,False,1.0,2698,3559
0004.JPG,coarse_ep5_np3,coarse_translation,local_grid,5.0,3.0,0.0,0.0,2.9147305488586426,0.9080800593031876,0.23499354720115662,0.23499354720115662,0.23587076365947723,0.2363656610250473,0.234636589884758,0.23688098788261414,True,False,False,False,False,False,False,False,1.0,2698,3634
0004.JPG,coarse_ep5_np5,coarse_translation,local_grid,5.0,5.0,0.0,0.0,2.807910919189453,0.9551519644180875,0.23737391829490662,0.23737391829490662,0.23783938586711884,0.238193079829216,0.23638269305229187,0.23877601325511932,True,False,False,False,False,False,False,False,1.0,2698,3608
0004.JPG,coarse_ep5_np1__yaw_m2,yaw_refine,local_grid,5.0,1.0,0.0,-2.0,2.9166083335876465,0.9132690882134915,0.23488613963127136,0.23488613963127136,0.23639923334121704,0.23357200622558594,0.23428891599178314,0.23643478751182556,True,False,False,False,False,False,False,False,1.0,2698,3620
0004.JPG,coarse_ep5_np1__yaw_m1,yaw_refine,local_grid,5.0,1.0,0.0,-1.0,2.9327616691589355,0.8732394366197183,0.23225152492523193,0.23225152492523193,0.23364302515983582,0.23239384591579437,0.23187470436096191,0.2336607426404953,False,False,False,False,False,False,False,False,1.0,2698,3473
0004.JPG,coarse_ep5_np1__yaw_m0p5,yaw_refine,local_grid,5.0,1.0,0.0,-0.5,2.9491610527038574,0.8939955522609341,0.23331086337566376,0.23331086337566376,0.23449978232383728,0.23444132506847382,0.23316769301891327,0.23450881242752075,True,False,False,False,False,False,False,False,1.0,2698,3534
0004.JPG,coarse_ep5_np1__yaw_p0p5,yaw_refine,local_grid,5.0,1.0,0.0,0.5,2.744269371032715,0.9558932542624166,0.23684625327587128,0.23684625327587128,0.23720324039459229,0.23908458650112152,0.2365797460079193,0.2378915399312973,True,False,False,False,False,False,False,False,1.0,2698,3571
0004.JPG,coarse_ep5_np1__yaw_p1,yaw_refine,local_grid,5.0,1.0,0.0,1.0,2.936764717102051,0.8617494440326168,0.2390410602092743,0.2390410602092743,0.23936498165130615,0.24160024523735046,0.23892387747764587,0.24023139476776123,False,False,False,False,False,False,False,False,1.0,2698,3562
0004.JPG,coarse_ep5_np1__yaw_p2,yaw_refine,local_grid,5.0,1.0,0.0,2.0,2.9035820960998535,0.8810229799851742,0.24251624941825867,0.24251624941825867,0.24259285628795624,0.24526262283325195,0.24244987964630127,0.24414703249931335,False,False,False,False,False,False,False,False,1.0,2698,3537
0004.JPG,coarse_ep3_nm3__yaw_m2,yaw_refine,local_grid,3.0,-3.0,0.0,-2.0,2.8140926361083984,0.8958487768717569,0.23240110278129578,0.2324010729789734,0.2347664088010788,0.23131786286830902,0.23308312892913818,0.23506340384483337,True,False,False,False,False,False,False,False,1.0,2698,3453
0004.JPG,coarse_ep3_nm3__yaw_m1,yaw_refine,local_grid,3.0,-3.0,0.0,-1.0,2.937047243118286,0.8917716827279466,0.23045270144939423,0.23045270144939423,0.232679545879364,0.23149125277996063,0.23166906833648682,0.23311911523342133,False,False,False,False,False,False,False,False,1.0,2698,3583
0004.JPG,coarse_ep3_nm3__yaw_m0p5,yaw_refine,local_grid,3.0,-3.0,0.0,-0.5,2.8773200511932373,0.8902891030392883,0.2321833372116089,0.2321833372116089,0.23379501700401306,0.23281113803386688,0.23262092471122742,0.2353305220603943,False,False,False,False,False,False,False,False,1.0,2698,3502
0004.JPG,coarse_ep3_nm3__yaw_p0p5,yaw_refine,local_grid,3.0,-3.0,0.0,0.5,2.992950201034546,0.9002965159377316,0.23705202341079712,0.2370520532131195,0.23743681609630585,0.2382480502128601,0.23676824569702148,0.23969769477844238,False,False,False,False,False,False,False,False,1.0,2698,3515
0004.JPG,coarse_ep3_nm3__yaw_p1,yaw_refine,local_grid,3.0,-3.0,0.0,1.0,2.8565914630889893,0.9525574499629355,0.23604127764701843,0.23604127764701843,0.23687395453453064,0.2390497773885727,0.23700594902038574,0.23834547400474548,True,False,False,False,False,False,False,False,1.0,2698,3621
0004.JPG,coarse_ep3_nm3__yaw_p2,yaw_refine,local_grid,3.0,-3.0,0.0,2.0,2.882781982421875,0.9551519644180875,0.2407766580581665,0.2407766878604889,0.2414945662021637,0.2442663162946701,0.2420026957988739,0.2429639995098114,True,False,False,False,False,False,False,False,1.0,2698,3632
0004.JPG,coarse_ep5_np5__yaw_m2,yaw_refine,local_grid,5.0,5.0,0.0,-2.0,2.9233174324035645,0.9321719792438844,0.24103757739067078,0.24103757739067078,0.24158048629760742,0.23946434259414673,0.2392527312040329,0.24211011826992035,True,False,False,False,False,False,False,False,1.0,2698,3600
0004.JPG,coarse_ep5_np5__yaw_m1,yaw_refine,local_grid,5.0,5.0,0.0,-1.0,2.9369473457336426,0.9151223128243143,0.23946329951286316,0.23946329951286316,0.2398882806301117,0.2394256293773651,0.23812243342399597,0.24017111957073212,True,False,False,False,False,False,False,False,1.0,2698,3644
0004.JPG,coarse_ep5_np5__yaw_m0p5,yaw_refine,local_grid,5.0,5.0,0.0,-0.5,2.9667673110961914,0.9507042253521126,0.23981797695159912,0.23981797695159912,0.24009239673614502,0.24016481637954712,0.23848342895507812,0.240640327334404,False,False,False,False,False,False,False,False,1.0,2698,3636
0004.JPG,coarse_ep5_np5__yaw_p0p5,yaw_refine,local_grid,5.0,5.0,0.0,0.5,2.937983512878418,0.9325426241660489,0.2387668341398239,0.2387668490409851,0.23953568935394287,0.24012264609336853,0.23824988305568695,0.24093393981456757,True,False,False,False,False,False,False,False,1.0,2698,3617
0004.JPG,coarse_ep5_np5__yaw_p1,yaw_refine,local_grid,5.0,5.0,0.0,1.0,2.693326473236084,0.9670126019273536,0.23878251016139984,0.23878249526023865,0.23927471041679382,0.24061140418052673,0.2383444756269455,0.24088387191295624,True,True,False,False,False,False,False,False,1.0,2698,3684
0004.JPG,coarse_ep5_np5__yaw_p2,yaw_refine,local_grid,5.0,5.0,0.0,2.0,2.8894805908203125,0.9266123054114158,0.2410590648651123,0.2410590648651123,0.24043723940849304,0.24385201930999756,0.2402912825345993,0.24296271800994873,True,False,False,False,False,False,False,False,1.0,2698,3659
0004.JPG,coarse_ep5_nm5__yaw_m2,yaw_refine,local_grid,5.0,-5.0,0.0,-2.0,2.855651378631592,0.9010378057820608,0.23755823075771332,0.2375582456588745,0.2401033341884613,0.23807141184806824,0.2393915355205536,0.24027740955352783,True,False,False,False,False,False,False,False,1.0,2698,3482
0004.JPG,coarse_ep5_nm5__yaw_m1,yaw_refine,local_grid,5.0,-5.0,0.0,-1.0,2.7904725074768066,0.9406968124536694,0.23981913924217224,0.23981913924217224,0.24213624000549316,0.24069643020629883,0.24138695001602173,0.2434113472700119,True,False,False,False,False,False,False,False,1.0,2698,3587
0004.JPG,coarse_ep5_nm5__yaw_m0p5,yaw_refine,local_grid,5.0,-5.0,0.0,-0.5,2.887138843536377,0.8928836174944403,0.24036221206188202,0.24036221206188202,0.24230007827281952,0.2418214976787567,0.24183052778244019,0.24373066425323486,False,False,False,False,False,False,False,False,1.0,2698,3520
0004.JPG,coarse_ep5_nm5__yaw_p0p5,yaw_refine,local_grid,5.0,-5.0,0.0,0.5,2.871407985687256,0.9180874722016308,0.2448328584432602,0.244832843542099,0.24585044384002686,0.2470373958349228,0.2458418905735016,0.24782827496528625,True,False,False,False,False,False,False,False,1.0,2698,3475
0004.JPG,coarse_ep5_nm5__yaw_p1,yaw_refine,local_grid,5.0,-5.0,0.0,1.0,2.895514488220215,0.874351371386212,0.24206134676933289,0.24206134676933289,0.243095263838768,0.24614083766937256,0.24392704665660858,0.24409699440002441,False,False,False,False,False,False,False,False,1.0,2698,3450
0004.JPG,coarse_ep5_nm5__yaw_p2,yaw_refine,local_grid,5.0,-5.0,0.0,2.0,2.826240062713623,0.9099332839140104,0.2490687370300293,0.2490687370300293,0.24943268299102783,0.25323647260665894,0.2504996061325073,0.25060123205184937,True,False,False,False,False,False,False,False,1.0,2698,3446
0004.JPG,alt_plus_1m__yaw_m2,yaw_refine,local_grid,0.0,0.0,1.0,-2.0,3.2479233741760254,0.8402520385470719,0.23094654083251953,0.23094654083251953,0.23262803256511688,0.2290029376745224,0.23040205240249634,0.23357152938842773,False,False,False,False,False,False,False,False,1.0,2698,3429
0004.JPG,alt_plus_1m__yaw_m1,yaw_refine,local_grid,0.0,0.0,1.0,-1.0,2.957834243774414,0.8921423276501111,0.22615943849086761,0.22615943849086761,0.22742533683776855,0.22617286443710327,0.22608844935894012,0.22869417071342468,False,False,False,False,False,False,False,False,1.0,2698,3442
0004.JPG,alt_plus_1m__yaw_m0p5,yaw_refine,local_grid,0.0,0.0,1.0,-0.5,3.0074591636657715,0.859896219421794,0.22518277168273926,0.22518277168273926,0.22637759149074554,0.22628645598888397,0.22547665238380432,0.22751912474632263,False,False,False,False,False,False,False,False,1.0,2698,3409
0004.JPG,alt_plus_1m__yaw_p0p5,yaw_refine,local_grid,0.0,0.0,1.0,0.5,2.947807550430298,0.8936249073387694,0.2294197529554367,0.2294197529554367,0.22995030879974365,0.2306579202413559,0.22923719882965088,0.23226818442344666,True,False,False,False,False,False,False,False,1.0,2698,3500
0004.JPG,alt_plus_1m__yaw_p1,yaw_refine,local_grid,0.0,0.0,1.0,1.0,2.950157880783081,0.8639733135656041,0.23351812362670898,0.23351812362670898,0.23332595825195312,0.23396459221839905,0.23244592547416687,0.2355295866727829,False,False,False,False,False,False,False,False,1.0,2698,3380
0004.JPG,alt_plus_1m__yaw_p2,yaw_refine,local_grid,0.0,0.0,1.0,2.0,2.9734044075012207,0.8621200889547813,0.23210015892982483,0.23210017383098602,0.23248212039470673,0.2349914014339447,0.23255543410778046,0.23374246060848236,False,False,False,False,False,False,False,False,1.0,2698,3393
